sample_id,program_name,toolchain,fold_id,binary_sha256,source_sha256,source_function_block,production_sa001_status,ungated_pattern_positive,ungated_confusion_category,probe_definition,interpretation_boundary,evidence_label
geb_ACOSH,ACOSH,GEB,fold_1,7a33e87d2ddb7143cc2a238528d643cdd0f14fa5e7c60fe31066de3cccb716c9,844ea889afdf65ecdc4b09538f5ea3ae3a3d9b77bde79082031874296ba42f56,False,False,False,TN,core_symbol_text contains dt_FB_ without toolchain gate,"Lexical transfer probe only; not runtime semantics, function-boundary correctness, or vulnerability detection.",DERIVED_EVIDENCE
geb_ACOTH,ACOTH,GEB,fold_2,1483d44249c99f4bcafcf12e1276cddc2daf7724a423925ff20874450e8f262c,3d1a9db05dd4fd00d8e22c8f4e14b442ec9b2d306693e1dcde22ad098d38f27e,False,False,False,TN,core_symbol_text contains dt_FB_ without toolchain gate,"Lexical transfer probe only; not runtime semantics, function-boundary correctness, or vulnerability detection.",DERIVED_EVIDENCE
geb_ACTUATOR_3P,ACTUATOR_3P,GEB,fold_0,10d6ef60a2948959ec1ba5c74b72062098549c276660215b9c68253db24bc7f5,9f99eda9031c274b946c5bd06e13b02b6f8bbc89aba34143ae1cd3a019c1a169,True,True,True,TP,core_symbol_text contains dt_FB_ without toolchain gate,"Lexical transfer probe only; not runtime semantics, function-boundary correctness, or vulnerability detection.",DERIVED_EVIDENCE
geb_ACTUATOR_COIL,ACTUATOR_COIL,GEB,fold_2,25f2fa68dd1098b71e5debabfd602596485391835fd9a50aa54e41684bba15c6,cb2ee0fef2dd34c669955ca8f0e595bc0b385107d795c91ff46840fc6a2cf545,True,True,True,TP,core_symbol_text contains dt_FB_ without toolchain gate,"Lexical transfer probe only; not runtime semantics, function-boundary correctness, or vulnerability detection.",DERIVED_EVIDENCE
geb_ACTUATOR_PUMP,ACTUATOR_PUMP,GEB,fold_3,af141889ee5488987870b2593004b0b8f597e77f9dafb9eb86387d6f09be135b,029634dbf3666d0c935993c46fb03dac31f8e373b0e987a4a9bf4e4c3f0bb27f,True,True,True,TP,core_symbol_text contains dt_FB_ without toolchain gate,"Lexical transfer probe only; not runtime semantics, function-boundary correctness, or vulnerability detection.",DERIVED_EVIDENCE
geb_ACTUATOR_UD,ACTUATOR_UD,GEB,fold_4,2e31ef7327519b7a7d919d08aae7f82058f42a503e92a220328acdb5a974d7d8,36d2aa634d58e27a55e22dc8d301307ffac0c0100269017d087a9cd5021155d6,True,True,True,TP,core_symbol_text contains dt_FB_ without toolchain gate,"Lexical transfer probe only; not runtime semantics, function-boundary correctness, or vulnerability detection.",DERIVED_EVIDENCE
geb_AGDF,AGDF,GEB,fold_3,0c6f25c5e2510cfd0fec5186365e0fbdab5a04070d6415c7b080acf28dd472c3,db59dfd579da49961d8f7cb7e0bc107aa8f20dbc2336d91619dc23ef8f80aadb,False,False,False,TN,core_symbol_text contains dt_FB_ without toolchain gate,"Lexical transfer probe only; not runtime semantics, function-boundary correctness, or vulnerability detection.",DERIVED_EVIDENCE
geb_AIN,AIN,GEB,fold_0,abccc083cd58dbbc53837a05b3ec474f146df458eaa5ca5f79e769b8fb406ebf,06a927068966aa1e2bacd5a2992196ab08745bd0299aa39ffbea258d45a715b2,False,False,False,TN,core_symbol_text contains dt_FB_ without toolchain gate,"Lexical transfer probe only; not runtime semantics, function-boundary correctness, or vulnerability detection.",DERIVED_EVIDENCE
geb_AIN1,AIN1,GEB,fold_1,eb0917fc95eb1561c6a848a0d74bbeddb9ae42fc1e7c28e387dc95f892d7b1aa,cd2df607c758b65d32c7405f531e7d925c3bda4a67f07896b9e34be4060d689f,True,True,True,TP,core_symbol_text contains dt_FB_ without toolchain gate,"Lexical transfer probe only; not runtime semantics, function-boundary correctness, or vulnerability detection.",DERIVED_EVIDENCE
geb_AIR_DENSITY,AIR_DENSITY,GEB,fold_5,47c3aacfc796dddefb74c9c0ec77437be3bb622f9716cd20be78bd30792ee61b,d1c9d5a104659329201f4f4dacb5abb408a266679bdedfee99ba1b3cd831f928,False,False,False,TN,core_symbol_text contains dt_FB_ without toolchain gate,"Lexical transfer probe only; not runtime semantics, function-boundary correctness, or vulnerability detection.",DERIVED_EVIDENCE
geb_AIR_ENTHALPY,AIR_ENTHALPY,GEB,fold_6,1ea337b8289537cce6e741587b96e500919232e514d18aab1bb7a3eb63828708,b57847695badb4b3b3ebc56ebbd126473ae1ceca8ea88d5c08349ad29a91a51d,False,False,False,TN,core_symbol_text contains dt_FB_ without toolchain gate,"Lexical transfer probe only; not runtime semantics, function-boundary correctness, or vulnerability detection.",DERIVED_EVIDENCE
geb_ALARM_2,ALARM_2,GEB,fold_0,8b86adf86681d9c46fe3baa46a1a4ced6af51e530651ba0a8450f41922d11636,494dd0d072316212707272f52e53b80c8241b7bd7b0d44c2224e47ca89aa5d2e,True,True,True,TP,core_symbol_text contains dt_FB_ without toolchain gate,"Lexical transfer probe only; not runtime semantics, function-boundary correctness, or vulnerability detection.",DERIVED_EVIDENCE
geb_AOUT,AOUT,GEB,fold_2,006da48598d1edbee7a422d8bf09f4b742a9d2d3e6fd2eb9b1049e2f2561fbd0,bb5aebd88d73b9faecc3fe2a72bf0b173659c896ddb65caa3044b31e54d63e87,False,False,False,TN,core_symbol_text contains dt_FB_ without toolchain gate,"Lexical transfer probe only; not runtime semantics, function-boundary correctness, or vulnerability detection.",DERIVED_EVIDENCE
geb_AOUT1,AOUT1,GEB,fold_3,011f967dda672c779e205d1b617364d80031a05095dc83330e61bfe62ab9ffe0,56c39609d6d992a43f25c050ef8c5b1a692dadc1729a0d2890998fa6744ed070,False,False,False,TN,core_symbol_text contains dt_FB_ without toolchain gate,"Lexical transfer probe only; not runtime semantics, function-boundary correctness, or vulnerability detection.",DERIVED_EVIDENCE
geb_ARRAY_AVG,ARRAY_AVG,GEB,fold_7,47bc7d0cd859e0411f153050ce7b0b1a48afacf2e50a9f6268277a0af20dbd3b,2ff403a2897c789af152323e9e569b847009efe3b1b31e3e4bacde2e02d7c1f8,True,True,True,TP,core_symbol_text contains dt_FB_ without toolchain gate,"Lexical transfer probe only; not runtime semantics, function-boundary correctness, or vulnerability detection.",DERIVED_EVIDENCE
geb_ARRAY_GAV,ARRAY_GAV,GEB,fold_8,d0adeaed86c74fb1be22f391b9ec2d818aacac349ad1bb0fbc8b9ce2c5734321,0a356d042c42b4b2309c8491aa87e9c3ffa79dfb58168e346f490afa2ac90029,True,True,True,TP,core_symbol_text contains dt_FB_ without toolchain gate,"Lexical transfer probe only; not runtime semantics, function-boundary correctness, or vulnerability detection.",DERIVED_EVIDENCE
geb_ARRAY_HAV,ARRAY_HAV,GEB,fold_9,a8f12d0f340527bc4f79c88be0b40e9d5c48737c9fab0eabec4d7d20d7a433d5,b66f0f896905e46b92c079d4a2eaf119dfbe9f6061fbffac9f6967cfec2b4b05,True,True,True,TP,core_symbol_text contains dt_FB_ without toolchain gate,"Lexical transfer probe only; not runtime semantics, function-boundary correctness, or vulnerability detection.",DERIVED_EVIDENCE
geb_ARRAY_MAX,ARRAY_MAX,GEB,fold_0,7bf424196164493b33c535bed4897b6850536249221cc0f255b068951b76ab8e,67ec29ba73f46373dd0757882acd04de2d9627510c3e3fca0843f51b9871ded6,True,True,True,TP,core_symbol_text contains dt_FB_ without toolchain gate,"Lexical transfer probe only; not runtime semantics, function-boundary correctness, or vulnerability detection.",DERIVED_EVIDENCE
geb_ARRAY_MEDIAN,ARRAY_MEDIAN,GEB,fold_1,da7045cbf7239f7315ca26e10ca95c59841789c37139ec64b8c607ef23fd4219,b00921f07024069385732b5248bac939e123a53f5dcbe569f176a06cf0e81ea7,True,True,True,TP,core_symbol_text contains dt_FB_ without toolchain gate,"Lexical transfer probe only; not runtime semantics, function-boundary correctness, or vulnerability detection.",DERIVED_EVIDENCE
geb_ARRAY_MIN,ARRAY_MIN,GEB,fold_2,827ff424c06ec4917a2501a6241cf724c01c215cf0d2daff4ba6ae124961a436,77d39bbefe5665bd0f27d9ed68d766e334afa4505544f6ef7afb21a6fd844b09,True,True,True,TP,core_symbol_text contains dt_FB_ without toolchain gate,"Lexical transfer probe only; not runtime semantics, function-boundary correctness, or vulnerability detection.",DERIVED_EVIDENCE
geb_ARRAY_SDV,ARRAY_SDV,GEB,fold_3,bc3c1914151ec4f7636eeae0d6de93330800c42b288f4e7fca944bd4c1b5d85d,b8652315bff4e5b80bcb3e21f73d994be2221eb98d253ec4b5a6cebd31b5e3bb,True,True,True,TP,core_symbol_text contains dt_FB_ without toolchain gate,"Lexical transfer probe only; not runtime semantics, function-boundary correctness, or vulnerability detection.",DERIVED_EVIDENCE
geb_ARRAY_SPR,ARRAY_SPR,GEB,fold_4,7d5f0a81557dd18e4cfb4398b750884b084649d0fb3f3e4c513a161d27d66e2e,cfd10d6191153061c575ae5674c5fbd8e56526e133afa0eb5c12e78a8881b1eb,True,True,True,TP,core_symbol_text contains dt_FB_ without toolchain gate,"Lexical transfer probe only; not runtime semantics, function-boundary correctness, or vulnerability detection.",DERIVED_EVIDENCE
geb_ARRAY_SUM,ARRAY_SUM,GEB,fold_5,7e472f3c2361bc0a48a0040dadb098a1d9177b639ee91db3abdf24389bceacfd,cb1708a2dfd076298cae5a023825516eb259509f521f07090794d8de290f0113,True,True,True,TP,core_symbol_text contains dt_FB_ without toolchain gate,"Lexical transfer probe only; not runtime semantics, function-boundary correctness, or vulnerability detection.",DERIVED_EVIDENCE
geb_ARRAY_TREND,ARRAY_TREND,GEB,fold_6,9099dba4be95a77d90b52de17bf104971387af4425649a80ca5bce1cc7795319,f6cff1d075a709952cad08f59a9ec76d302fb8e050dcc05f4b8bbcbc2fb98f14,True,True,True,TP,core_symbol_text contains dt_FB_ without toolchain gate,"Lexical transfer probe only; not runtime semantics, function-boundary correctness, or vulnerability detection.",DERIVED_EVIDENCE
geb_ARRAY_VAR,ARRAY_VAR,GEB,fold_7,5688dce8137d84801ab1d323be11c1de88cee8c5608ef9e1d478a77c76090878,c05bca0aed41a8b0f1b574aad1de78855d39791283e22df156fb21e24df66a65,True,True,True,TP,core_symbol_text contains dt_FB_ without toolchain gate,"Lexical transfer probe only; not runtime semantics, function-boundary correctness, or vulnerability detection.",DERIVED_EVIDENCE
geb_ASINH,ASINH,GEB,fold_4,fefe5d4319c873575d6ff4a008c34dbbb2851609068a7d12a116e82b41e7609b,15165d406da823291a578386bb366dbe56ae4d1fc8dd5df68e56fc94bda1ce99,False,False,False,TN,core_symbol_text contains dt_FB_ without toolchain gate,"Lexical transfer probe only; not runtime semantics, function-boundary correctness, or vulnerability detection.",DERIVED_EVIDENCE
geb_ASTRO,ASTRO,GEB,fold_0,45eb5ff94a83388d309eeca1a877b0cedfd7458f0f3555e7dc5612cebe49de60,78d08cdb3faf553edde3075a39cb17a48fc12d64cacb1b6753d93d3f9ba5d1ed,True,True,True,TP,core_symbol_text contains dt_FB_ without toolchain gate,"Lexical transfer probe only; not runtime semantics, function-boundary correctness, or vulnerability detection.",DERIVED_EVIDENCE
geb_ATAN2,ATAN2,GEB,fold_5,5d5f8c9181768735ae40fbf7fd5fe4a3500d6b3d79326dfbd518979ff1217732,9c67ac998d469cb1f17756e4e1445d067ef302764382f12c968dec5722e1b496,False,False,False,TN,core_symbol_text contains dt_FB_ without toolchain gate,"Lexical transfer probe only; not runtime semantics, function-boundary correctness, or vulnerability detection.",DERIVED_EVIDENCE
geb_ATANH,ATANH,GEB,fold_6,c7897f2565fef43e603a61de9b564fe4ab9281397cd5434f23d8e3408294ce03,c7af4b8a357a3458f5201f39b21f3ab49a9d2931f0946e35b16ccf4c5c5a9cf4,False,False,False,TN,core_symbol_text contains dt_FB_ without toolchain gate,"Lexical transfer probe only; not runtime semantics, function-boundary correctness, or vulnerability detection.",DERIVED_EVIDENCE
geb_A_TRIG,A_TRIG,GEB,fold_0,39e19c9c219568b35692970f3c5cd097af2a58ab647b449dec72904741c5c1d2,17be02c0538ee20a345f9975b9f780c22938e79f1fb5bd4a17f85706e9b30539,True,True,True,TP,core_symbol_text contains dt_FB_ without toolchain gate,"Lexical transfer probe only; not runtime semantics, function-boundary correctness, or vulnerability detection.",DERIVED_EVIDENCE
geb_BAND_B,BAND_B,GEB,fold_0,d0313863ed90eafd22856ac235cd4dc926bc44d1718f5d13c52495ac07e14fd1,3ce81085a7a3df49190e4079ca0787bb17a830585e285329dec56975de80890b,False,False,False,TN,core_symbol_text contains dt_FB_ without toolchain gate,"Lexical transfer probe only; not runtime semantics, function-boundary correctness, or vulnerability detection.",DERIVED_EVIDENCE
geb_BAR_GRAPH,BAR_GRAPH,GEB,fold_1,603a47e5dd18c122411f3f4051dea29367773b2b0718017a86e51f66208247bf,ef8dca485c1a1ded52d53d5b041b80ba74717f070f7b5abe5b6105626cd0f8c2,True,True,True,TP,core_symbol_text contains dt_FB_ without toolchain gate,"Lexical transfer probe only; not runtime semantics, function-boundary correctness, or vulnerability detection.",DERIVED_EVIDENCE
geb_BASE64_DECODE_STREAM,BASE64_DECODE_STREAM,GEB,fold_0,3e310f62ed8a1e087dcc3e2894c7fdeac5fa9e4b1ef971a0524cece4a54332f3,1a2554c1f63d6afc55de6936afdd91572ede7d4d940931c141ac86f0291459b8;f03d313fa70e2f7028354e9bbf012e808cfcf81800997e76f001899425056e5d,True,True,True,TP,core_symbol_text contains dt_FB_ without toolchain gate,"Lexical transfer probe only; not runtime semantics, function-boundary correctness, or vulnerability detection.",DERIVED_EVIDENCE
geb_BCDC_TO_INT,BCDC_TO_INT,GEB,fold_0,5310e3243701f341aa5265118707e607bc38191c40f8b325bbe70d1cd230412c,e2c94f9073198f967cea282d9765df1c4ceca4364b913da7ed307ec48cf68a89,False,False,False,TN,core_symbol_text contains dt_FB_ without toolchain gate,"Lexical transfer probe only; not runtime semantics, function-boundary correctness, or vulnerability detection.",DERIVED_EVIDENCE
geb_BETA,BETA,GEB,fold_7,9c510975090d827bbaf00b040122865c467b78668c7c6c31826745fb1df66ea7,428424b8e1a9c4c4ec450a13ef6e2202510e066ec8af9977be55c94240930bdf,False,False,False,TN,core_symbol_text contains dt_FB_ without toolchain gate,"Lexical transfer probe only; not runtime semantics, function-boundary correctness, or vulnerability detection.",DERIVED_EVIDENCE
geb_BFT_TO_MS,BFT_TO_MS,GEB,fold_1,71263008c2f2d1f4fe129ca3e7d36fff8eb15b3a6eba84210c339d18a2146335,2801f28cdb6fcfe41e668080915bbdf8cd1c15a0b5d6245a7591d6c3a21f3070,False,False,False,TN,core_symbol_text contains dt_FB_ without toolchain gate,"Lexical transfer probe only; not runtime semantics, function-boundary correctness, or vulnerability detection.",DERIVED_EVIDENCE
geb_BINOM,BINOM,GEB,fold_8,8f58785ceafd7f39d20e45a80715d34dee170671b3970213c9087b2e47f04cd0,30013d7ffe743a9fb660db76d035cc678ae84aa549afe5fb39d1f92fe5e86184,False,False,False,TN,core_symbol_text contains dt_FB_ without toolchain gate,"Lexical transfer probe only; not runtime semantics, function-boundary correctness, or vulnerability detection.",DERIVED_EVIDENCE
geb_BIT_COUNT,BIT_COUNT,GEB,fold_1,b1b133293df50c4ccba3054d7f3a04fee0227a5603d936bf0abc159551deaf0a,ede4b5647c15d24c21c34a4308a6d2eb5fe64ecf376446f8c135916442bb1a28,False,False,False,TN,core_symbol_text contains dt_FB_ without toolchain gate,"Lexical transfer probe only; not runtime semantics, function-boundary correctness, or vulnerability detection.",DERIVED_EVIDENCE
geb_BIT_LOAD_B,BIT_LOAD_B,GEB,fold_2,9f09fa5cda9aa9b25b3b983bc7652b9f65b450cc94a2ca0947bdc036de0d595b,9f06bf850ac7bc3b5b4439d39c2dd80e4823345f9e7653c0bb316a20f5ac2f2b,False,False,False,TN,core_symbol_text contains dt_FB_ without toolchain gate,"Lexical transfer probe only; not runtime semantics, function-boundary correctness, or vulnerability detection.",DERIVED_EVIDENCE
geb_BIT_LOAD_B2,BIT_LOAD_B2,GEB,fold_3,12aa93df891418cdce6cbe3c843ea3c9a0b311d2bdf0ea9fbd31dbd0b3a8fdba,bec4c2e5d3f0fe6b558db3bd2a4b9ac16d41814494abca567b2a2ec54d20fe8e,False,False,False,TN,core_symbol_text contains dt_FB_ without toolchain gate,"Lexical transfer probe only; not runtime semantics, function-boundary correctness, or vulnerability detection.",DERIVED_EVIDENCE
geb_BIT_LOAD_DW,BIT_LOAD_DW,GEB,fold_4,05979937f2591ca43d170c0878bb7e38cfdf1a755ffe5c35cb3a7888524bf741,f1292d122ceb5b67a04cb694d50cce219209dfcd238cf4ccb25d151502710859,False,False,False,TN,core_symbol_text contains dt_FB_ without toolchain gate,"Lexical transfer probe only; not runtime semantics, function-boundary correctness, or vulnerability detection.",DERIVED_EVIDENCE
geb_BIT_LOAD_DW2,BIT_LOAD_DW2,GEB,fold_5,125f81d37bf131b4cbc1be2c3ddfaad72f4aebfa0263324f93d012297495829c,b0bb225cbcc88bb789557fb54d5642227938b54194b77a76261dba7326f18a6d,False,False,False,TN,core_symbol_text contains dt_FB_ without toolchain gate,"Lexical transfer probe only; not runtime semantics, function-boundary correctness, or vulnerability detection.",DERIVED_EVIDENCE
geb_BIT_LOAD_W,BIT_LOAD_W,GEB,fold_6,fecadd6fba4f1f758bdf3165a25460b64b20f42b3bb1d3efa8b280b47a01f4ab,2f87a4322a3dfe61bca8a57ec24ff1b5e99efa188d9dfa1b9e9e53ef6f456f6d,False,False,False,TN,core_symbol_text contains dt_FB_ without toolchain gate,"Lexical transfer probe only; not runtime semantics, function-boundary correctness, or vulnerability detection.",DERIVED_EVIDENCE
geb_BIT_LOAD_W2,BIT_LOAD_W2,GEB,fold_7,56d76525a0cfb5a72dc0e455da1c81f1746113c21fac7642afd60fc0f32ba2a9,b2d89ab027d8c91babf1fa52c04a83e87a782e0b5acff44d728b23d7a56d1dfe,False,False,False,TN,core_symbol_text contains dt_FB_ without toolchain gate,"Lexical transfer probe only; not runtime semantics, function-boundary correctness, or vulnerability detection.",DERIVED_EVIDENCE
geb_BIT_OF_DWORD,BIT_OF_DWORD,GEB,fold_8,c07e983816b9e0d46d217cfcbb9b4a2818faa65950f337f51bd617464b256d84,dae30ba8ff5fac6f8d68a98606c67e3b62d38bfa73c05ddb7d253ab68b2c84b5,False,False,False,TN,core_symbol_text contains dt_FB_ without toolchain gate,"Lexical transfer probe only; not runtime semantics, function-boundary correctness, or vulnerability detection.",DERIVED_EVIDENCE
geb_BIT_TOGGLE_B,BIT_TOGGLE_B,GEB,fold_9,3d2501f7cd1296bf6e2327c0732a999dae8bb471d6f39b6f0c1c57a8027277fa,258367138c1f591d6e240d09edd7bb59598c4744a73eef1d5ac74986fdad88f5,False,False,False,TN,core_symbol_text contains dt_FB_ without toolchain gate,"Lexical transfer probe only; not runtime semantics, function-boundary correctness, or vulnerability detection.",DERIVED_EVIDENCE
geb_BIT_TOGGLE_DW,BIT_TOGGLE_DW,GEB,fold_0,8f1521f22fe2358ef44c5edbe72b7c3f8686928a4a2a2653a96be7c07c40901e,6b34b663327033576aad3e176885cc01bd9183ea3b349d80dc0ec9e1ded785c5,False,False,False,TN,core_symbol_text contains dt_FB_ without toolchain gate,"Lexical transfer probe only; not runtime semantics, function-boundary correctness, or vulnerability detection.",DERIVED_EVIDENCE
geb_BIT_TOGGLE_W,BIT_TOGGLE_W,GEB,fold_1,697faf1e9282058591c29f9dfbaeb90a0dd8dc578ffaa7d5295c7b98ae252599,d82e08d85a47e484205d12d534aae7b6d0e771f104720414a9ec449d1ccc8e07,False,False,False,TN,core_symbol_text contains dt_FB_ without toolchain gate,"Lexical transfer probe only; not runtime semantics, function-boundary correctness, or vulnerability detection.",DERIVED_EVIDENCE
geb_BLIND_ACTUATOR,BLIND_ACTUATOR,GEB,fold_0,587cbcd65df3744693d458dd6a599cec17228d9ca273abed17654ee734432953,c4b65dfb8455bf706e97d23409bf5846584a8d788f534b7e92384c589f0457b8,True,True,True,TP,core_symbol_text contains dt_FB_ without toolchain gate,"Lexical transfer probe only; not runtime semantics, function-boundary correctness, or vulnerability detection.",DERIVED_EVIDENCE
geb_BLIND_CONTROL,BLIND_CONTROL,GEB,fold_1,4feb5226bdbbcda662510971d669b35d4567f885bc055daab85a6c305bfea02f,9db4b24d737274b59a5a6cf00d5c8280b3d40a3043005b804226c7a598817f56,True,True,True,TP,core_symbol_text contains dt_FB_ without toolchain gate,"Lexical transfer probe only; not runtime semantics, function-boundary correctness, or vulnerability detection.",DERIVED_EVIDENCE
geb_BLIND_CONTROL_S,BLIND_CONTROL_S,GEB,fold_2,29fe3bce3b9b7b6d757033545487626b8cd151b76b3ea62f33c2e32614ac7c5a,60d731b5abcd02d7e5d03d05f759534e1cca456c37e9fa88734dd79c553ec208,True,True,True,TP,core_symbol_text contains dt_FB_ without toolchain gate,"Lexical transfer probe only; not runtime semantics, function-boundary correctness, or vulnerability detection.",DERIVED_EVIDENCE
geb_BLIND_NIGHT,BLIND_NIGHT,GEB,fold_4,7776d6ddf7f8b4999484137f0618f0d297ebc9115872299610c5017079d67a3e,154fd5bf4f8266c3d891348a16319e55c71c8f559d1be683d3756c8b35ec34d0,True,True,True,TP,core_symbol_text contains dt_FB_ without toolchain gate,"Lexical transfer probe only; not runtime semantics, function-boundary correctness, or vulnerability detection.",DERIVED_EVIDENCE
geb_BLIND_SCENE,BLIND_SCENE,GEB,fold_5,dac0396d4ad2eb55dd5a006aa896f53a61fb45d06297c270f280602adf436dd9,44fa9922eeadc078be92a34e5490aa10233debd5e1e221f9790a63a1e9e6f376,True,True,True,TP,core_symbol_text contains dt_FB_ without toolchain gate,"Lexical transfer probe only; not runtime semantics, function-boundary correctness, or vulnerability detection.",DERIVED_EVIDENCE
geb_BLIND_SECURITY,BLIND_SECURITY,GEB,fold_6,0fbbb9e47cb49cb3487cffb28f3308e4886c2d10d997ae32ee758b8fba154bad,d64c77afde0d7ae0195fdda2cc1176e267baafed3c51bbbcf9ec77a4c043e592,True,True,True,TP,core_symbol_text contains dt_FB_ without toolchain gate,"Lexical transfer probe only; not runtime semantics, function-boundary correctness, or vulnerability detection.",DERIVED_EVIDENCE
geb_BLIND_SET,BLIND_SET,GEB,fold_7,14dd79e0bb9a458c9603d0c42547c52cda7118b9d563d605e8aafbeb330688ab,c617101580b4864a0272142ffdc7b4f58742dd6c19879d4809a2e8a3cf58c260,True,True,True,TP,core_symbol_text contains dt_FB_ without toolchain gate,"Lexical transfer probe only; not runtime semantics, function-boundary correctness, or vulnerability detection.",DERIVED_EVIDENCE
geb_BLIND_SHADE_S,BLIND_SHADE_S,GEB,fold_8,abdf90236aa8a02a35b7f49b5cbbea974d5e0f44e97b037aa4d9e0242c24e0b5,2faf1f272633655bf73c5a4fafae124ce9bc3cfb8c0126321cf964984969d3f9,True,True,True,TP,core_symbol_text contains dt_FB_ without toolchain gate,"Lexical transfer probe only; not runtime semantics, function-boundary correctness, or vulnerability detection.",DERIVED_EVIDENCE
geb_BOILER,BOILER,GEB,fold_8,9e5238d231431a537acb53e7b1492e5be50f93795edf309b6bc767a683dc3497,3e1f43daaa4ef6db6cc5232cc16553c002d47234c38ebc736fdeb350301b3bc6,True,True,True,TP,core_symbol_text contains dt_FB_ without toolchain gate,"Lexical transfer probe only; not runtime semantics, function-boundary correctness, or vulnerability detection.",DERIVED_EVIDENCE
geb_BUFFER_COMP,BUFFER_COMP,GEB,fold_8,416b275bbcb21b99c23c115437efd8b87933d8d2c557c05dcb2f15427772f349,a9bca2903097cc9ba8876b33b77ac1f8d9c71313ec6c4fda1776cf603243b1a4,True,True,True,TP,core_symbol_text contains dt_FB_ without toolchain gate,"Lexical transfer probe only; not runtime semantics, function-boundary correctness, or vulnerability detection.",DERIVED_EVIDENCE
geb_BUFFER_COMP_NW,BUFFER_COMP_NW,GEB,fold_9,3671dbf4f0523deeb98e29c4e02088a13291d4ef4d783211e6912fbefc97f008,11f6270d3ba7a3e60a1fabe469470f58fe5135e33ed4b7be1eff23e06f690558;0767687dd60a7eb60500666b457de3f3bc7fab9aeace023850fb18907a7f118f,True,True,True,TP,core_symbol_text contains dt_FB_ without toolchain gate,"Lexical transfer probe only; not runtime semantics, function-boundary correctness, or vulnerability detection.",DERIVED_EVIDENCE
geb_BUILDING_VERSION,BUILDING_VERSION,GEB,fold_9,f292b1853c57c53fb437c4ca9f8471ebeefde4ae8a186436a5d08a4dc8b3e062,be6bc7265e0649d84bc70c731781eef00ea0c12743ad04b02f62a82811749bc0,False,False,False,TN,core_symbol_text contains dt_FB_ without toolchain gate,"Lexical transfer probe only; not runtime semantics, function-boundary correctness, or vulnerability detection.",DERIVED_EVIDENCE
geb_BURNER,BURNER,GEB,fold_9,dc5fbc812985d59d00a520c7a962e5986bd8bc52cc17d1617891fe3d30e21ce9,01b31a2531e48a9f8ccd40892997780f99aa10e46e314eda0f6016bec684a92e,True,True,True,TP,core_symbol_text contains dt_FB_ without toolchain gate,"Lexical transfer probe only; not runtime semantics, function-boundary correctness, or vulnerability detection.",DERIVED_EVIDENCE
geb_BYTE_OF_BIT,BYTE_OF_BIT,GEB,fold_2,eee64291143f16c46d2eac2c247d102f882dcd80a15002cc6c42c576ec42a603,e630d99de77c09627d894552c2ddf704084168b207844201231d1759f7d960a1,False,False,False,TN,core_symbol_text contains dt_FB_ without toolchain gate,"Lexical transfer probe only; not runtime semantics, function-boundary correctness, or vulnerability detection.",DERIVED_EVIDENCE
geb_BYTE_OF_DWORD,BYTE_OF_DWORD,GEB,fold_3,4b148c326980156846b044686620401e5180b782597183726cc1cbff2a1bb33d,00386ca9bd3214380e96e00ae6d7cacc11879c7d092ec41c4b54cef07a1e1a70,False,False,False,TN,core_symbol_text contains dt_FB_ without toolchain gate,"Lexical transfer probe only; not runtime semantics, function-boundary correctness, or vulnerability detection.",DERIVED_EVIDENCE
geb_BYTE_TO_BITS,BYTE_TO_BITS,GEB,fold_4,a9b87ccbbd04ff7f8d71a56447b37db9e3e303cb3cc94139506fef8709f421fc,d37deb72cb5878719baff2b94489f237188953ddd8f60bbdf98341248b9bbfa2,True,True,True,TP,core_symbol_text contains dt_FB_ without toolchain gate,"Lexical transfer probe only; not runtime semantics, function-boundary correctness, or vulnerability detection.",DERIVED_EVIDENCE
geb_BYTE_TO_GRAY,BYTE_TO_GRAY,GEB,fold_5,666f464811978b1654b2fdc90d5f31b733cdce87fa2b6febac827f700744fd1d,ef054dabc2289358678584d8372a8511726823da8d4d40600a5248485b716205,False,False,False,TN,core_symbol_text contains dt_FB_ without toolchain gate,"Lexical transfer probe only; not runtime semantics, function-boundary correctness, or vulnerability detection.",DERIVED_EVIDENCE
geb_BYTE_TO_RANGE,BYTE_TO_RANGE,GEB,fold_4,39d4481dedecb46a4c1f374dfa9fbdb85f32b85ec6fefbc0e129536b689882c1,b1ae75388838e4c0998eac4e3f426103635352a714e0bdfb460df85ffdad8f1a,False,False,False,TN,core_symbol_text contains dt_FB_ without toolchain gate,"Lexical transfer probe only; not runtime semantics, function-boundary correctness, or vulnerability detection.",DERIVED_EVIDENCE
geb_BYTE_TO_STRB,BYTE_TO_STRB,GEB,fold_1,6b1027019f7b2aff4fa5f85299381d1084becf85d616e177dfe8edc6fbebe637,f1e3a9a0f5d607598e4518d239711bcfb1633d092c726fb4b215c675a8f0b377,True,True,True,TP,core_symbol_text contains dt_FB_ without toolchain gate,"Lexical transfer probe only; not runtime semantics, function-boundary correctness, or vulnerability detection.",DERIVED_EVIDENCE
geb_BYTE_TO_STRH,BYTE_TO_STRH,GEB,fold_2,766311e786884810960766ef2647b9f36567f23c0bca99210a1e6f19157411dd,58a906736e8f949591e6e7490a497c622d8f0a46568b901dac7938ea3de141a0,True,True,True,TP,core_symbol_text contains dt_FB_ without toolchain gate,"Lexical transfer probe only; not runtime semantics, function-boundary correctness, or vulnerability detection.",DERIVED_EVIDENCE
geb_BYTE_TO_TIME,BYTE_TO_TIME,GEB,fold_6,5bb62f6d8e680672941587cb3401dd763237817bac3145bba3e0c158e702384f,ae62ff7880ff4ae54244a2bfcedb09c06e0be95a9ba54159872b9585389274a5,False,False,False,TN,core_symbol_text contains dt_FB_ without toolchain gate,"Lexical transfer probe only; not runtime semantics, function-boundary correctness, or vulnerability detection.",DERIVED_EVIDENCE
geb_B_TRIG,B_TRIG,GEB,fold_1,2ac2e696689604c3fc6e07b849a552287bce53514cc9d1affbfc299bdb46deaa,fffc99a849d2746becc902f2b74f61568d3e15cd35857e7641f338a05fb71dd5,True,True,True,TP,core_symbol_text contains dt_FB_ without toolchain gate,"Lexical transfer probe only; not runtime semantics, function-boundary correctness, or vulnerability detection.",DERIVED_EVIDENCE
geb_CABS,CABS,GEB,fold_0,4270882097329eb31ccdf694c97858f4dee33e9ae6f0b0ebf4f094fafec2a392,ea3cc6b18dd0363eed87b9afc47057a073c9dd5a7b9809dbd7b5e5b0d737de8b,True,True,True,TP,core_symbol_text contains dt_FB_ without toolchain gate,"Lexical transfer probe only; not runtime semantics, function-boundary correctness, or vulnerability detection.",DERIVED_EVIDENCE
geb_CACOS,CACOS,GEB,fold_1,6958acfb69904b483a982da7b6cbecfe26f3b912c9e1138074ec18596f57da63,9d38b1b7b71d2ef741ad5fca3073cc2096f5a4f5bc37e7532567c2c96a849eaa,True,True,True,TP,core_symbol_text contains dt_FB_ without toolchain gate,"Lexical transfer probe only; not runtime semantics, function-boundary correctness, or vulnerability detection.",DERIVED_EVIDENCE
geb_CACOSH,CACOSH,GEB,fold_2,70e16e7607ce237feaba6d7a81b628fc729a7ae8c658e01e5f8c857af9735512,ecee2f6957a4c532fbed4f9b0b87ba22438581c861dce8c9338e43bb5fc6c0b9,True,True,True,TP,core_symbol_text contains dt_FB_ without toolchain gate,"Lexical transfer probe only; not runtime semantics, function-boundary correctness, or vulnerability detection.",DERIVED_EVIDENCE
geb_CADD,CADD,GEB,fold_3,5a70d4f4d476051e17793286b87c1f38a929f795d290f8dee98edcf022825dc9,43c981d9162ded748e2e461cf3a184ff8c8a561b8ddf252c5e101c3334c4e032,True,True,True,TP,core_symbol_text contains dt_FB_ without toolchain gate,"Lexical transfer probe only; not runtime semantics, function-boundary correctness, or vulnerability detection.",DERIVED_EVIDENCE
geb_CALENDAR_CALC,CALENDAR_CALC,GEB,fold_0,728c5285e8eca39c722f44533bc4a3cc8306a87ed82c6e9faf6e15d1508a0e9a,fb86749e395670ae2b8a2fdecf9dfbf38b079eabad420f029cdc4d4fdba9ee20,True,True,True,TP,core_symbol_text contains dt_FB_ without toolchain gate,"Lexical transfer probe only; not runtime semantics, function-boundary correctness, or vulnerability detection.",DERIVED_EVIDENCE
geb_CALIBRATE,CALIBRATE,GEB,fold_2,79a17b66f3108920d2776c07758da728c15196037aad40c119c96d8fe957743f,cde469523d98989e814a771f7ec73195c22bc1bcab12bde76a9d30e661d84c9f,True,True,True,TP,core_symbol_text contains dt_FB_ without toolchain gate,"Lexical transfer probe only; not runtime semantics, function-boundary correctness, or vulnerability detection.",DERIVED_EVIDENCE
geb_CARG,CARG,GEB,fold_4,cf2f920d4512bbc4fbdf740ee4207bc14619399255dd71091734e4534c7bb6e8,a155bcb05158ba79e5e362d752bd0f7c48e5a47ba6e3a4cb041e03d0061ed1ca,True,True,True,TP,core_symbol_text contains dt_FB_ without toolchain gate,"Lexical transfer probe only; not runtime semantics, function-boundary correctness, or vulnerability detection.",DERIVED_EVIDENCE
geb_CASIN,CASIN,GEB,fold_5,166ad4e05ae86a0ee75bfabbc020940ba9d1b70e3c5c0e78fd832817cd9a5dde,9e6d7bdfd767a57ed0e22d8c2c9fc2c00168c671a69f791c00aa6aa4ebd174f8,True,True,True,TP,core_symbol_text contains dt_FB_ without toolchain gate,"Lexical transfer probe only; not runtime semantics, function-boundary correctness, or vulnerability detection.",DERIVED_EVIDENCE
geb_CASINH,CASINH,GEB,fold_6,52d6119690ac368084bad302ce459b7e04d4ef924bbb3446e2e4a6c4fe858401,41b31af69cbdd0396ca94a56073fa3939c756ae05932a6e70dcbc5f04bfa37e0,True,True,True,TP,core_symbol_text contains dt_FB_ without toolchain gate,"Lexical transfer probe only; not runtime semantics, function-boundary correctness, or vulnerability detection.",DERIVED_EVIDENCE
geb_CATAN,CATAN,GEB,fold_7,3c538085c4e2de712f36d0a2d6614777327e33e610ffa106b0c2eea32de13cb0,fc5dd50cf45d93f2c38fef930c0e69e8a68240516cc77b9c745489de91598719,True,True,True,TP,core_symbol_text contains dt_FB_ without toolchain gate,"Lexical transfer probe only; not runtime semantics, function-boundary correctness, or vulnerability detection.",DERIVED_EVIDENCE
geb_CATANH,CATANH,GEB,fold_8,8cb9cf9bf2836cbbdc01cadb6e073188d9c1e5903b0f9d8b699620714df38c95,19866bef81a38979bae15b04bd14b9d6bdb6bbee564fe7879401708ac098c97e,True,True,True,TP,core_symbol_text contains dt_FB_ without toolchain gate,"Lexical transfer probe only; not runtime semantics, function-boundary correctness, or vulnerability detection.",DERIVED_EVIDENCE
geb_CAUCHY,CAUCHY,GEB,fold_9,4fb8a3d262483c9d9e05c3e88d05f73e099839eb4cb69bf8abac2910151e485d,13a491985f51e7e9d2971da20c2203418bc0b2146f87a4f3fe144fd98a63ebcb,False,False,False,TN,core_symbol_text contains dt_FB_ without toolchain gate,"Lexical transfer probe only; not runtime semantics, function-boundary correctness, or vulnerability detection.",DERIVED_EVIDENCE
geb_CAUCHYCD,CAUCHYCD,GEB,fold_0,a696c5f2135de6f06fe7d733cc5d576d894a9bad3fd7c600f7e14c758b55a573,018eb52c72e10da99647fe1673156b1a035f3ba8b8e05165ab8a30c76f978d9b,False,False,False,TN,core_symbol_text contains dt_FB_ without toolchain gate,"Lexical transfer probe only; not runtime semantics, function-boundary correctness, or vulnerability detection.",DERIVED_EVIDENCE
geb_CCON,CCON,GEB,fold_9,641e1922c5c888d6e2804cada0cbff89a2795c422642be07dd218d44aac03bf2,cc119e442567a5a2f4dac281f8c824f6ca4c5b0b2df3c3adec95abaf36eefb0a,True,True,True,TP,core_symbol_text contains dt_FB_ without toolchain gate,"Lexical transfer probe only; not runtime semantics, function-boundary correctness, or vulnerability detection.",DERIVED_EVIDENCE
geb_CCOS,CCOS,GEB,fold_0,94b9e08f79a39c0106371f8ae609a39cf21e2f4dc1e4b3b29465a75040552704,c4d7d7bea03080845d0dd595a70e09d55484991e8f41e91b3c248166a607c1fb,True,True,True,TP,core_symbol_text contains dt_FB_ without toolchain gate,"Lexical transfer probe only; not runtime semantics, function-boundary correctness, or vulnerability detection.",DERIVED_EVIDENCE
geb_CCOSH,CCOSH,GEB,fold_1,f88f467af21205c9ded8ee78673f34161cc7ce78368bcb4195ba83df5bcf75ba,7e5aa379627d5b41cba764da04abd0a79dc0fd0fbedac6132e0e7d783c02d90c,True,True,True,TP,core_symbol_text contains dt_FB_ without toolchain gate,"Lexical transfer probe only; not runtime semantics, function-boundary correctness, or vulnerability detection.",DERIVED_EVIDENCE
geb_CDIV,CDIV,GEB,fold_2,5528e061b9b51ac6f56a36cf1cb295e103bf7ecad39bf13083690b33e002879b,c9c1a8e61b86d2e17e41f6dd38e6edc57969c3eb43609e0ca1a9c494e63803e5,True,True,True,TP,core_symbol_text contains dt_FB_ without toolchain gate,"Lexical transfer probe only; not runtime semantics, function-boundary correctness, or vulnerability detection.",DERIVED_EVIDENCE
geb_CEIL,CEIL,GEB,fold_1,6a7f493c5c941ebd0b5daa0c3e40f8197ac06238fa918db7544f0479a2932b1f,12df5a64740d8d4af088b5b43bd3d28099a21061f8b4fe40fdeb85aabf5755ba,False,False,False,TN,core_symbol_text contains dt_FB_ without toolchain gate,"Lexical transfer probe only; not runtime semantics, function-boundary correctness, or vulnerability detection.",DERIVED_EVIDENCE
geb_CEIL2,CEIL2,GEB,fold_2,b8e1a388bb57d635de5f5f37be4d5176421aa9a83c5421be0f89337beb7cc746,372cd418a00f663ecbb6cba8a436d9be0c411022701dbb082dc8aacc27e6fbe2,False,False,False,TN,core_symbol_text contains dt_FB_ without toolchain gate,"Lexical transfer probe only; not runtime semantics, function-boundary correctness, or vulnerability detection.",DERIVED_EVIDENCE
geb_CEXP,CEXP,GEB,fold_3,6d6aa231f0e8461242ae8828533d1aad8e0951054bbff45bdc29d2b0cd57568b,263694f75034131afe6e170cdf927f50c46adf376b9dd39bf989672122051333,True,True,True,TP,core_symbol_text contains dt_FB_ without toolchain gate,"Lexical transfer probe only; not runtime semantics, function-boundary correctness, or vulnerability detection.",DERIVED_EVIDENCE
geb_CHARNAME,CHARNAME,GEB,fold_3,bd74c1ac93817aca0377c7bd5f0dfb02fd8f48fd4bf898c5b86bf5ae21d3fca4,c62e0b40c81e2f7bf57fa727b1cb46f46c5f2fb1abab91d9900dd2559534f312,True,True,True,TP,core_symbol_text contains dt_FB_ without toolchain gate,"Lexical transfer probe only; not runtime semantics, function-boundary correctness, or vulnerability detection.",DERIVED_EVIDENCE
geb_CHECK_PARITY,CHECK_PARITY,GEB,fold_7,6c2f92a76440e3f3ff188f782661c186ffafefd504195f2d592d2843fbccf780,fac31591996dc0d11f84d680dc211533862ba176ebfda4b7c8a24b7015ffc911,False,False,False,TN,core_symbol_text contains dt_FB_ without toolchain gate,"Lexical transfer probe only; not runtime semantics, function-boundary correctness, or vulnerability detection.",DERIVED_EVIDENCE
geb_CHR_TO_STRING,CHR_TO_STRING,GEB,fold_4,fff71803e0705ac7641cdc0a0c518db721d4ed3dea50f83a77df2d3690675793,5acd974153aea80b5e7b91d3840eb8c5976c9ca44ef48d9893f4ed5aa70bf1af,True,True,True,TP,core_symbol_text contains dt_FB_ without toolchain gate,"Lexical transfer probe only; not runtime semantics, function-boundary correctness, or vulnerability detection.",DERIVED_EVIDENCE
geb_CINV,CINV,GEB,fold_4,80d72c4ac157f386a577965a5e0933158fa33170bbc6f6cb2a059efb99924b73,5900928b05bc7b9a777b60d17b4405dea1bbfef9d4fd243dbfafc01d51298eb7,True,True,True,TP,core_symbol_text contains dt_FB_ without toolchain gate,"Lexical transfer probe only; not runtime semantics, function-boundary correctness, or vulnerability detection.",DERIVED_EVIDENCE
geb_CIRCLE_A,CIRCLE_A,GEB,fold_0,6dc098c9771a718154e95bb6ebfd64eb07d302d4ddf872a340a0528205aed21a,005f0ffaa8280acd918668d7b68e4b482a6263b3b4c6e168968805e28938c713,False,False,False,TN,core_symbol_text contains dt_FB_ without toolchain gate,"Lexical transfer probe only; not runtime semantics, function-boundary correctness, or vulnerability detection.",DERIVED_EVIDENCE
geb_CIRCLE_C,CIRCLE_C,GEB,fold_1,e5a748e892c70a0918f6b783d9e8008a1f51940b57f915beeb0a12cccd9ddf33,eaf9377bfaaa69bda9aa9f2fb2d1c2a2e536593b8cd05ee9234af4a26e9f091a,False,False,False,TN,core_symbol_text contains dt_FB_ without toolchain gate,"Lexical transfer probe only; not runtime semantics, function-boundary correctness, or vulnerability detection.",DERIVED_EVIDENCE
geb_CIRCLE_SEG,CIRCLE_SEG,GEB,fold_2,61ada1da8d337ce45b04ab4a94e4744d97e9a3f7e16626ced2021841e5095541,86600a69a9fe8274e3bb8194887deb6fc81ca1aef76e2ef82a07e627f41dfb3d,False,False,False,TN,core_symbol_text contains dt_FB_ without toolchain gate,"Lexical transfer probe only; not runtime semantics, function-boundary correctness, or vulnerability detection.",DERIVED_EVIDENCE
geb_CLEAN,CLEAN,GEB,fold_5,2187b087d2e1f6109229fde854b0dc49006e867f021d18b3330d51ffecc6a717,c105c5a9870e1572f0f2e681723a8be156f95a9c39fa771c1e4bdb45510cd7c1,True,True,True,TP,core_symbol_text contains dt_FB_ without toolchain gate,"Lexical transfer probe only; not runtime semantics, function-boundary correctness, or vulnerability detection.",DERIVED_EVIDENCE
geb_CLICK_CNT,CLICK_CNT,GEB,fold_2,9b305edd35c15b6cc26c0eea26583b7607faafe7f69efb5f4558cac7824150d8,c1635891f2e4e09b20f74b1341858055909adf9998b989016462bb647f21e633,True,True,True,TP,core_symbol_text contains dt_FB_ without toolchain gate,"Lexical transfer probe only; not runtime semantics, function-boundary correctness, or vulnerability detection.",DERIVED_EVIDENCE
geb_CLICK_DEC,CLICK_DEC,GEB,fold_3,017b6d14bdcea658bb8a95d21cc84b8c110a2bfcdeffa669eb206d41b0b1435c,00d4c7be09ac637fe373116376cb0ae569771b24c10bd250736590c11431c036,True,True,True,TP,core_symbol_text contains dt_FB_ without toolchain gate,"Lexical transfer probe only; not runtime semantics, function-boundary correctness, or vulnerability detection.",DERIVED_EVIDENCE
geb_CLK_DIV,CLK_DIV,GEB,fold_4,d21b73c616608cf04137231ffbf84d03320b5fa842519af830e2418715ae53e3,6376fa6c85485f61813a5364a603771146266e46babb56e22a36aa315fb22b96,True,True,True,TP,core_symbol_text contains dt_FB_ without toolchain gate,"Lexical transfer probe only; not runtime semantics, function-boundary correctness, or vulnerability detection.",DERIVED_EVIDENCE
geb_CLK_N,CLK_N,GEB,fold_5,00a5ad6937707b88c66a965dc0ba59224f970c163a2d4dff8ae04d4f2b24f9e7,67a9b38d33c9f3c011fa0c570a78fd41adc10c87cd2b8e34e2f1c86a8fe46e1b,True,True,True,TP,core_symbol_text contains dt_FB_ without toolchain gate,"Lexical transfer probe only; not runtime semantics, function-boundary correctness, or vulnerability detection.",DERIVED_EVIDENCE
geb_CLK_PRG,CLK_PRG,GEB,fold_6,24c5f06922a77b7c6ff762dbdd061abe17554f12f503117c8bb8ef176d396ab2,f6b352341e8949ec54a2385f5e57a3b919b15da7c299f505d845182fc13d15d5,True,True,True,TP,core_symbol_text contains dt_FB_ without toolchain gate,"Lexical transfer probe only; not runtime semantics, function-boundary correctness, or vulnerability detection.",DERIVED_EVIDENCE
geb_CLK_PULSE,CLK_PULSE,GEB,fold_7,2699054f3104c281078edbe34bca4b58e7e65f12233260b38408224fcd6ee5c5,fc44360c05daa7f295d9b0a05ae8f18768460db1a240c4faf14b9639e7595b18,True,True,True,TP,core_symbol_text contains dt_FB_ without toolchain gate,"Lexical transfer probe only; not runtime semantics, function-boundary correctness, or vulnerability detection.",DERIVED_EVIDENCE
geb_CLOG,CLOG,GEB,fold_5,dc48ca84f9f278c500a96bc06d86d031d99095eaa0ec7ab0c86327ba6cb634f7,f7040a318dfd0ab37f6f476e9d041da0fec3309b420fb2e0e2cebbffac05bfee,True,True,True,TP,core_symbol_text contains dt_FB_ without toolchain gate,"Lexical transfer probe only; not runtime semantics, function-boundary correctness, or vulnerability detection.",DERIVED_EVIDENCE
geb_CMP,CMP,GEB,fold_3,b15f993508f485b658ff23e31a6a0117a9da06c8a72803f44f700ceea2d55a08,6404bb3f2f8d9546c3cbe80411d0cda1d0262c9876bf9c489ad28d2affc488e1,False,False,False,TN,core_symbol_text contains dt_FB_ without toolchain gate,"Lexical transfer probe only; not runtime semantics, function-boundary correctness, or vulnerability detection.",DERIVED_EVIDENCE
geb_CMUL,CMUL,GEB,fold_6,a53ac3e93d43b95a7b101fbab78ab015d0070cf5f63a8fca2eb9e60fd0a3b0bf,37b90fd1b0beac065e40e2d750f79c4fe896e10e60a82310c224fcd292190d9d,True,True,True,TP,core_symbol_text contains dt_FB_ without toolchain gate,"Lexical transfer probe only; not runtime semantics, function-boundary correctness, or vulnerability detection.",DERIVED_EVIDENCE
geb_CONE_V,CONE_V,GEB,fold_3,91ad2e62250d70ae18bb4dec658558542ef174b33a225fa47db9a062696631f3,ad8a21857465c387d31c5cc02c4998ee2a56996bb79fa571d884d764d290fd09,False,False,False,TN,core_symbol_text contains dt_FB_ without toolchain gate,"Lexical transfer probe only; not runtime semantics, function-boundary correctness, or vulnerability detection.",DERIVED_EVIDENCE
geb_CONTROL_SET1,CONTROL_SET1,GEB,fold_1,931ea24fabfa135e493e47373a15ff7e3668e6d7544da5a423dccd12cd659e28,200b6723837f822ceef191eaf64168c688788fc49fd43e52952c31e26105bf04,True,True,True,TP,core_symbol_text contains dt_FB_ without toolchain gate,"Lexical transfer probe only; not runtime semantics, function-boundary correctness, or vulnerability detection.",DERIVED_EVIDENCE
geb_CONTROL_SET2,CONTROL_SET2,GEB,fold_2,ff9a4d3509dfd244963fad965551aa192fd4c33e7ef72602e2aa28ab607af79c,9761c4d9a58bd66d15567cd39d45a8f87a29ef8e5e67ceed65c7a9bee4648571,True,True,True,TP,core_symbol_text contains dt_FB_ without toolchain gate,"Lexical transfer probe only; not runtime semantics, function-boundary correctness, or vulnerability detection.",DERIVED_EVIDENCE
geb_COSH,COSH,GEB,fold_4,f4df0c1f5f86e7cbb06382655a7def5529f6f302187fed60a59335fcd291e5e7,ffd922b5ede017853294afeb1260e97fceb58c8e107cc9682aa20b819105d5d4,False,False,False,TN,core_symbol_text contains dt_FB_ without toolchain gate,"Lexical transfer probe only; not runtime semantics, function-boundary correctness, or vulnerability detection.",DERIVED_EVIDENCE
geb_COTH,COTH,GEB,fold_5,44a9fdc93c55d007ae55ead9061b87e4dc520443dc9cf711d70013daf9a6f70e,b1e5024e84d96a14de3fa65314df1fab84beb40dad2fb087a9dc9cc3327c10e9,False,False,False,TN,core_symbol_text contains dt_FB_ without toolchain gate,"Lexical transfer probe only; not runtime semantics, function-boundary correctness, or vulnerability detection.",DERIVED_EVIDENCE
geb_COUNT_BR,COUNT_BR,GEB,fold_0,b69f0646d1e43c30977f24f88a0dc74e8309315f3a926d4fbc473b7d94237944,c2ef8751726deef549019c986a6891a0b6e26c92aa385bac68365f5e76038837,True,True,True,TP,core_symbol_text contains dt_FB_ without toolchain gate,"Lexical transfer probe only; not runtime semantics, function-boundary correctness, or vulnerability detection.",DERIVED_EVIDENCE
geb_COUNT_DR,COUNT_DR,GEB,fold_1,f43dfc21f84b222c3b5cd36407266c53fae91bcf1a16d63a6a5f78f00ba0a25a,2d131a70c471652912bcbaaa4e78de485f233204a3ded2a9205848f8455a68a4,True,True,True,TP,core_symbol_text contains dt_FB_ without toolchain gate,"Lexical transfer probe only; not runtime semantics, function-boundary correctness, or vulnerability detection.",DERIVED_EVIDENCE
geb_COUNT_SUBSTRING,COUNT_SUBSTRING,GEB,fold_6,c7dd58989bdf21a8b12e4c94fd0fac1fa8686f243e6f42814085432da75fc76e,afa542b9a13f60227099126a96c7321a1e6164a8b59173e40ca235e4abd8ed17,True,True,True,TP,core_symbol_text contains dt_FB_ without toolchain gate,"Lexical transfer probe only; not runtime semantics, function-boundary correctness, or vulnerability detection.",DERIVED_EVIDENCE
geb_CPOL,CPOL,GEB,fold_7,3a0050d31a84be257100a95391ca1c378bbd24bd95340be97ac4a22858a5b7be,3834ce445e9a88a7acfa8d8781eccadf9b9695aca9e7279887de4de23126baa0,True,True,True,TP,core_symbol_text contains dt_FB_ without toolchain gate,"Lexical transfer probe only; not runtime semantics, function-boundary correctness, or vulnerability detection.",DERIVED_EVIDENCE
geb_CPOW,CPOW,GEB,fold_8,9fe80262a5738674b090804757c41ebd80957429fa225206452ea29b5dacb07f,e2597615852432f8b96bbb07cb733f4fdb313956b570ae003de41783f0a9c63e,True,True,True,TP,core_symbol_text contains dt_FB_ without toolchain gate,"Lexical transfer probe only; not runtime semantics, function-boundary correctness, or vulnerability detection.",DERIVED_EVIDENCE
geb_CRC_GEN,CRC_GEN,GEB,fold_8,17ed0b31c4bb8b49fd3ed6d33d87181bba409754a030ee940a23000df66be679,0b909506e3209f7c33ae87c0b1f3cc7e7ed51cd04229789188b60a1c301a81b4,True,True,True,TP,core_symbol_text contains dt_FB_ without toolchain gate,"Lexical transfer probe only; not runtime semantics, function-boundary correctness, or vulnerability detection.",DERIVED_EVIDENCE
geb_CSET,CSET,GEB,fold_9,d02ea60fdae4b33a6f5fe022cb5127089e2b857bebb1e480bfa847792b85b8b0,4b922a0fb046a981c7d71c61f2d12d9f350322121a3863937765b767a77892e4,True,True,True,TP,core_symbol_text contains dt_FB_ without toolchain gate,"Lexical transfer probe only; not runtime semantics, function-boundary correctness, or vulnerability detection.",DERIVED_EVIDENCE
geb_CSIN,CSIN,GEB,fold_0,83b43956c710e50cfdfc7bf98f7e8324db7c07a06a49fbb2735f94d691300b07,93c4ca9c10bb51f8525e19076652bf107a1e91ce787f39390103cfcff150193e,True,True,True,TP,core_symbol_text contains dt_FB_ without toolchain gate,"Lexical transfer probe only; not runtime semantics, function-boundary correctness, or vulnerability detection.",DERIVED_EVIDENCE
geb_CSINH,CSINH,GEB,fold_1,cf3e7d28036b74f997413edce0cb027e4d7eb067804344014a2eb4bc05f34620,cdfb28e49fe59a03a53a98c8aa6ae428aa34bbc3c169b296d25cb92f5be618f4,True,True,True,TP,core_symbol_text contains dt_FB_ without toolchain gate,"Lexical transfer probe only; not runtime semantics, function-boundary correctness, or vulnerability detection.",DERIVED_EVIDENCE
geb_CSQRT,CSQRT,GEB,fold_2,04ffb0baa6dc6d3412898249c503cb7f2bcd260031d4c06d1bc331d4bab4e242,66a11bf33e9dc06ca9c1336d4c9f46b512f2af9673f2fd160922f2c5505f4d6c,True,True,True,TP,core_symbol_text contains dt_FB_ without toolchain gate,"Lexical transfer probe only; not runtime semantics, function-boundary correctness, or vulnerability detection.",DERIVED_EVIDENCE
geb_CSUB,CSUB,GEB,fold_3,2f5682854b95891cb35d46e21e9696e2f6003eb72ff817642bf0f67020e49bc9,a12509ae43944e28becf24ec92d49b88e2da906147eb9ff145e78156d1d3b20d,True,True,True,TP,core_symbol_text contains dt_FB_ without toolchain gate,"Lexical transfer probe only; not runtime semantics, function-boundary correctness, or vulnerability detection.",DERIVED_EVIDENCE
geb_CTAN,CTAN,GEB,fold_4,6de2cb77f7cb057cbc2415d7e0ad7b32b965af3e081a18cebead7eeddd746e16,082b1027e596f9c4f9f1a23cdfe8d52afa9b50c8b75e1b35bc8b4058bf7a8507,True,True,True,TP,core_symbol_text contains dt_FB_ without toolchain gate,"Lexical transfer probe only; not runtime semantics, function-boundary correctness, or vulnerability detection.",DERIVED_EVIDENCE
geb_CTANH,CTANH,GEB,fold_5,9c2c02f04abd664f63c4374f0f93600e5139531188a760f1f170c2f40d90ba20,86ae2c6bec85d42261af739a2a5287388877c003312cd310bc41579cdf03046a,True,True,True,TP,core_symbol_text contains dt_FB_ without toolchain gate,"Lexical transfer probe only; not runtime semantics, function-boundary correctness, or vulnerability detection.",DERIVED_EVIDENCE
geb_CTRL_IN,CTRL_IN,GEB,fold_3,bc32a1b7df23f9c45847d6fa69e15ae1b58a71a8d28f54d5fd80ca450fb5567f,f80b5e24c72429c3a34cf37a20d1ecd6ca70a22a0b78787780d9e6517927ed03,False,False,False,TN,core_symbol_text contains dt_FB_ without toolchain gate,"Lexical transfer probe only; not runtime semantics, function-boundary correctness, or vulnerability detection.",DERIVED_EVIDENCE
geb_CTRL_OUT,CTRL_OUT,GEB,fold_4,a321935a0948affb832842bdb3521ab5a84ca13865f01f8204c56e6f4af46ea5,62a792ca336325fdf14f4d32e6d1a0689754076c62e070813849cdff2fd040dc,True,True,True,TP,core_symbol_text contains dt_FB_ without toolchain gate,"Lexical transfer probe only; not runtime semantics, function-boundary correctness, or vulnerability detection.",DERIVED_EVIDENCE
geb_CTRL_PI,CTRL_PI,GEB,fold_5,ee7426b1d25570dba493e1b205710c93adb04db575bacf69be09b12d2edef8e4,598c383be5244248ab19b23f2c773ef55c0a8b5a7ea1c9cd601807bb869a3c37,True,True,True,TP,core_symbol_text contains dt_FB_ without toolchain gate,"Lexical transfer probe only; not runtime semantics, function-boundary correctness, or vulnerability detection.",DERIVED_EVIDENCE
geb_CTRL_PID,CTRL_PID,GEB,fold_6,91a9961d60bd256b8bbdd64385abface091cab362a41b70e36f182d1858a0295,ba68fb0791a9240765adbb32ab1fe6ff676a9b5dae4519fa73020961833b7d0f,True,True,True,TP,core_symbol_text contains dt_FB_ without toolchain gate,"Lexical transfer probe only; not runtime semantics, function-boundary correctness, or vulnerability detection.",DERIVED_EVIDENCE
geb_CTRL_PWM,CTRL_PWM,GEB,fold_7,2b36b9a41a8824816226050e6c06f034d151d00ea211dda3f9c47f1b20ae5601,c5f4e4d7ac36100f93c34361a91928666f495cd3080b71c65a83974cd8adfa45,True,True,True,TP,core_symbol_text contains dt_FB_ without toolchain gate,"Lexical transfer probe only; not runtime semantics, function-boundary correctness, or vulnerability detection.",DERIVED_EVIDENCE
geb_CYCLE_4,CYCLE_4,GEB,fold_8,256b2d447501fad671a7e6bab6a3f4b5976ea64169344f508b48be454dfe7bce,d2d5cc77b2989fc533312e3a16f57c62a80970c3fc6edd37ac4d53326cbf13f0,True,True,True,TP,core_symbol_text contains dt_FB_ without toolchain gate,"Lexical transfer probe only; not runtime semantics, function-boundary correctness, or vulnerability detection.",DERIVED_EVIDENCE
geb_CYCLE_TIME,CYCLE_TIME,GEB,fold_3,e8227686f369cec0d250c37b1409738ba857e8da20a8dde05e4f88ac8bb70127,9f43e04fafbed41ba701e51c7fff73962882c5c6840416faa5426c77310aaecf,True,True,True,TP,core_symbol_text contains dt_FB_ without toolchain gate,"Lexical transfer probe only; not runtime semantics, function-boundary correctness, or vulnerability detection.",DERIVED_EVIDENCE
geb_C_TO_F,C_TO_F,GEB,fold_2,d3ce92ff942f4371f95b2972bcc106ebfec830269c47e228c09393a3dcec71c1,498f91d7927a9a830215da939628c1821ca157904ca9d6ab36c79600be923b89,False,False,False,TN,core_symbol_text contains dt_FB_ without toolchain gate,"Lexical transfer probe only; not runtime semantics, function-boundary correctness, or vulnerability detection.",DERIVED_EVIDENCE
geb_C_TO_K,C_TO_K,GEB,fold_3,cd722dfdc79cb0f7f5978cbc9e0e9438d75c2575de64ac7fd5b4528a7b11fa9f,92a8bf15cdb877a6b382faf5b94277ee8c6fb8ae421310884a23651bcbd33b56,False,False,False,TN,core_symbol_text contains dt_FB_ without toolchain gate,"Lexical transfer probe only; not runtime semantics, function-boundary correctness, or vulnerability detection.",DERIVED_EVIDENCE
geb_DATE_ADD,DATE_ADD,GEB,fold_1,6b262a394ad31259cb8678b913b7500f22f21022256fec39cdacb31599575f58,f811d58ca5515efb96efe9649ceea11d7648332c68f7b67cdbe6aad92f381882,False,False,False,TN,core_symbol_text contains dt_FB_ without toolchain gate,"Lexical transfer probe only; not runtime semantics, function-boundary correctness, or vulnerability detection.",DERIVED_EVIDENCE
geb_DATE_TO_DT,DATE_TO_DT,GEB,fold_2,1abfacc4aaecf5a5b3186a779c7b53073c86ebf7e5500cec75f4b127580a0e81,5154c4218b387e76aa0f9c5d5ab8b6bd2c4eafde8791f0542c886b27f5df9cc9,False,False,False,TN,core_symbol_text contains dt_FB_ without toolchain gate,"Lexical transfer probe only; not runtime semantics, function-boundary correctness, or vulnerability detection.",DERIVED_EVIDENCE
geb_DATE_TO_DWORD,DATE_TO_DWORD,GEB,fold_3,da21b1f61a0219f500da0d615b80796519818eb20dd011b9316828e3974c6977,5bc7560d6475232bd8eae42f6f281b88a9f3ba4fd19c19da18d6d969a4ead766,False,False,False,TN,core_symbol_text contains dt_FB_ without toolchain gate,"Lexical transfer probe only; not runtime semantics, function-boundary correctness, or vulnerability detection.",DERIVED_EVIDENCE
geb_DATE_TO_REAL,DATE_TO_REAL,GEB,fold_4,0c26a1abb6bfb00c86407fbfafe0af84917e8d3f1b7c5e04bfc49ba40ab2ab79,afa5c1d7abaf39cf4d34ef79af2e90b4b073a778f4d5d9e302a898b96492e567,False,False,False,TN,core_symbol_text contains dt_FB_ without toolchain gate,"Lexical transfer probe only; not runtime semantics, function-boundary correctness, or vulnerability detection.",DERIVED_EVIDENCE
geb_DATE_TO_STRING,DATE_TO_STRING,GEB,fold_7,caafc5e75628fb810197212d6cf6bb4457ae42b53b362d0103da97e22eda3f20,e076ee3c763e53eea2475822ff68b36ba329dfe4a87cea47914d588a25bcffe0,True,True,True,TP,core_symbol_text contains dt_FB_ without toolchain gate,"Lexical transfer probe only; not runtime semantics, function-boundary correctness, or vulnerability detection.",DERIVED_EVIDENCE
geb_DATE_TO_UDINT,DATE_TO_UDINT,GEB,fold_5,18e70038f10013774425dcb87303057e5871cdd86cabeb08d10c34f3b7fe1d92,2e0d2cb8ee9d8fb9166366a22dfdfbab46578f14be1a4070235c4a34fb620955,False,False,False,TN,core_symbol_text contains dt_FB_ without toolchain gate,"Lexical transfer probe only; not runtime semantics, function-boundary correctness, or vulnerability detection.",DERIVED_EVIDENCE
geb_DAYS_DELTA,DAYS_DELTA,GEB,fold_1,a1a8391030f23f58657e6b6e21e9a9b6c35be3f2c65e079ab6aa35ef1cec6bfe,e68a782779a6607dfe28140f3bab558c9562575bdba59a4ca01f1b3d48bb8bbc,False,False,False,TN,core_symbol_text contains dt_FB_ without toolchain gate,"Lexical transfer probe only; not runtime semantics, function-boundary correctness, or vulnerability detection.",DERIVED_EVIDENCE
geb_DAYS_IN_MONTH,DAYS_IN_MONTH,GEB,fold_2,d55d33d1286f237db594c2c1c8d158f359f859f9c81aed3049dbb3df314c55d7,8c91e28020fcb8c7a66f203b3885aa4c2f0d4132e02743d98ea0d91fc0596c7a,False,False,False,TN,core_symbol_text contains dt_FB_ without toolchain gate,"Lexical transfer probe only; not runtime semantics, function-boundary correctness, or vulnerability detection.",DERIVED_EVIDENCE
geb_DAYS_IN_YEAR,DAYS_IN_YEAR,GEB,fold_3,072ef99d2afc02825d0498ae7d67fbb89591c9bf85c4ecb6bd95b8f0645a76f8,97b9fa29cb57969a0666a3c5c51b11efe4056b364d65942dd8d21d633b49ebda,False,False,False,TN,core_symbol_text contains dt_FB_ without toolchain gate,"Lexical transfer probe only; not runtime semantics, function-boundary correctness, or vulnerability detection.",DERIVED_EVIDENCE
geb_DAY_OF_DATE,DAY_OF_DATE,GEB,fold_6,79683bea5be4e3de4931f66c26ca20fdab0e745a7b13618a6e5f20f37db105bb,7fcc1416c002020d3c8b1822bba195e1ce68059a915369d995524cc4e6ae1ec7,False,False,False,TN,core_symbol_text contains dt_FB_ without toolchain gate,"Lexical transfer probe only; not runtime semantics, function-boundary correctness, or vulnerability detection.",DERIVED_EVIDENCE
geb_DAY_OF_MONTH,DAY_OF_MONTH,GEB,fold_7,77952157c1bb7ef668adf4ffbc60255e12267e2c4b77f88169552fb2d03731e7,36b386c8b3afb5fb6456265daed1c56e603e0d6d9999aeab4bdb7df5a9962a35,False,False,False,TN,core_symbol_text contains dt_FB_ without toolchain gate,"Lexical transfer probe only; not runtime semantics, function-boundary correctness, or vulnerability detection.",DERIVED_EVIDENCE
geb_DAY_OF_WEEK,DAY_OF_WEEK,GEB,fold_8,f79af411cd0efaa79a87b54ca41e7dbd649c28ad33467e65b38452092b45e280,9ce22ac8508f08787947061387a4be26fe59a430025f885acd29d42738e558fd,False,False,False,TN,core_symbol_text contains dt_FB_ without toolchain gate,"Lexical transfer probe only; not runtime semantics, function-boundary correctness, or vulnerability detection.",DERIVED_EVIDENCE
geb_DAY_OF_YEAR,DAY_OF_YEAR,GEB,fold_9,1d3ce69174f56f11aaf9043bea3d471c182f9e636da1c7d2048bba3c092c21e4,2965ee97b1a708ae584d93119bb87513524efe0b3b748587e7755b8ed28d55d8,False,False,False,TN,core_symbol_text contains dt_FB_ without toolchain gate,"Lexical transfer probe only; not runtime semantics, function-boundary correctness, or vulnerability detection.",DERIVED_EVIDENCE
geb_DAY_TO_TIME,DAY_TO_TIME,GEB,fold_0,163641c32af51663d1282e6a42a03c00d0838700fdfe1e1f4af616f9d994b8e5,4e5f391081e15a010e623bbb59e49d937a6cde3f5f5a9a8f4bcff14ca2264d35,False,False,False,TN,core_symbol_text contains dt_FB_ without toolchain gate,"Lexical transfer probe only; not runtime semantics, function-boundary correctness, or vulnerability detection.",DERIVED_EVIDENCE
geb_DCF77,DCF77,GEB,fold_4,748b8814d8d77abe568c6f526a301264df400fd65db9c3dc0251cf556e2b0549,28492c487921092d9146b56e401b12eff53c3799bf321565fb8a0dc0d651dfba,True,True,True,TP,core_symbol_text contains dt_FB_ without toolchain gate,"Lexical transfer probe only; not runtime semantics, function-boundary correctness, or vulnerability detection.",DERIVED_EVIDENCE
geb_DEAD_BAND,DEAD_BAND,GEB,fold_8,9886d537718df8c0b55832837e4ccd789a0334f5c0a3ed715cc107f679f11855,bcb7a97a21a0e7adc810e34deabd3f78538cbcfcb5f613e8c902f3f81401276d,False,False,False,TN,core_symbol_text contains dt_FB_ without toolchain gate,"Lexical transfer probe only; not runtime semantics, function-boundary correctness, or vulnerability detection.",DERIVED_EVIDENCE
geb_DEAD_BAND_A,DEAD_BAND_A,GEB,fold_9,d3cb4fb978175246709759e1aab8a3154d72eeb15343875ca9c21499a378334e,52db89f5db274b7a60958bc74a429c414597bf5cfc6a51b9d5a61fcfa14f4134,True,True,True,TP,core_symbol_text contains dt_FB_ without toolchain gate,"Lexical transfer probe only; not runtime semantics, function-boundary correctness, or vulnerability detection.",DERIVED_EVIDENCE
geb_DEAD_ZONE,DEAD_ZONE,GEB,fold_0,6730851a1c5402d2d76ada612528020adecbdb661be4bc8d846a4e6302f73313,1a643cca75ab93e84aea50ba070ab115070528096feccef52da622058e373dbf,False,False,False,TN,core_symbol_text contains dt_FB_ without toolchain gate,"Lexical transfer probe only; not runtime semantics, function-boundary correctness, or vulnerability detection.",DERIVED_EVIDENCE
geb_DEAD_ZONE2,DEAD_ZONE2,GEB,fold_1,b4718ca84ecb1d3997cbbf5034d488643a9775c69a6468642edb74fc01aee068,59252c4edb8d633743ba8301a8ef6ed97441019e101b8560098c204325dbef16,True,True,True,TP,core_symbol_text contains dt_FB_ without toolchain gate,"Lexical transfer probe only; not runtime semantics, function-boundary correctness, or vulnerability detection.",DERIVED_EVIDENCE
geb_DEBOUNCE,DEBOUNCE,GEB,fold_2,f66f7f03f99e71344d3f83ea8b5632bd5315e875a30a5f691b32bfc9ccfa0196,0934ed791f360b131d8c7c2728ffc1635c8bb37fdf9b00d23ff8c30cbfe0ac73,True,True,True,TP,core_symbol_text contains dt_FB_ without toolchain gate,"Lexical transfer probe only; not runtime semantics, function-boundary correctness, or vulnerability detection.",DERIVED_EVIDENCE
geb_DEC_2,DEC_2,GEB,fold_9,aa49fe9f316b48519fdfdcf0da168526e46bebf2e09c869555d5a4dcf830eaa8,ad72f0e37910ec48e4fe886019be1ca054a4885c309d0308941d5f8172114430,True,True,True,TP,core_symbol_text contains dt_FB_ without toolchain gate,"Lexical transfer probe only; not runtime semantics, function-boundary correctness, or vulnerability detection.",DERIVED_EVIDENCE
geb_DEC_4,DEC_4,GEB,fold_0,82f5cf7458a87ff2036570532049a1b94bbd9b17b4216d1fe0ad6de46ba08cfa,ad095695b97ae694853bd0a4109d0f21f88e5c88008af71fd9c99f99a1a20497,True,True,True,TP,core_symbol_text contains dt_FB_ without toolchain gate,"Lexical transfer probe only; not runtime semantics, function-boundary correctness, or vulnerability detection.",DERIVED_EVIDENCE
geb_DEC_8,DEC_8,GEB,fold_1,a37b40bf8b1898659cb1abc933746170880e70f7343692c27f4d2217225609d8,0853e43834ba499ad3ae904b1fe386fdd72ddb8fcf5401bc5c3a0d57a15cab72,True,True,True,TP,core_symbol_text contains dt_FB_ without toolchain gate,"Lexical transfer probe only; not runtime semantics, function-boundary correctness, or vulnerability detection.",DERIVED_EVIDENCE
geb_DEG,DEG,GEB,fold_7,28ede0ea086f3bab3920f3b8ff84a2b0f770a5eeaca0273762a4fc021ecb7cbf,502fbe6ed8e1e8e04b3dba44827926ee707108138358b0dfd10c364d57a620d0,False,False,False,TN,core_symbol_text contains dt_FB_ without toolchain gate,"Lexical transfer probe only; not runtime semantics, function-boundary correctness, or vulnerability detection.",DERIVED_EVIDENCE
geb_DEG_TO_DIR,DEG_TO_DIR,GEB,fold_4,e104e9ccd253003b5c9993dec968d0f34c32e420323896eeff971bf747d5ce1b,a4da2b9df0874e6d10bf553dbf5f419561181b8a52b457dc93fa4b9cdce70f06,True,True,True,TP,core_symbol_text contains dt_FB_ without toolchain gate,"Lexical transfer probe only; not runtime semantics, function-boundary correctness, or vulnerability detection.",DERIVED_EVIDENCE
geb_DELAY,DELAY,GEB,fold_5,9875f60584007b5ec1da25aa6a2a802d54edb9098688d76fbe54209edb919c3f,305437746f40a4037058093f5993eb894bcb6129cf2dc782462ae27642c21ca0,True,True,True,TP,core_symbol_text contains dt_FB_ without toolchain gate,"Lexical transfer probe only; not runtime semantics, function-boundary correctness, or vulnerability detection.",DERIVED_EVIDENCE
geb_DELAY_4,DELAY_4,GEB,fold_6,b379bd4a51b4a8a93cb62c9ad4b2aa6946f906550a2360a6849cdd137419bed6,fcb151bb83dee31384f0573d93286674cf46400df158f80cd0c8fb3300aba9f1,True,True,True,TP,core_symbol_text contains dt_FB_ without toolchain gate,"Lexical transfer probe only; not runtime semantics, function-boundary correctness, or vulnerability detection.",DERIVED_EVIDENCE
geb_DEL_CHARS,DEL_CHARS,GEB,fold_8,51bdef75b7e7dc8bd9836b42d3fa550b584f493d8fb18123e056b601e2d379fd,daee4dbbeb6d11156660a856a9d677824518abc56f417213316b16e23054fa9e,True,True,True,TP,core_symbol_text contains dt_FB_ without toolchain gate,"Lexical transfer probe only; not runtime semantics, function-boundary correctness, or vulnerability detection.",DERIVED_EVIDENCE
geb_DEW_CON,DEW_CON,GEB,fold_0,2716f5f53b6c3762a5de13c532d2f307e32db67e000673a6992e5e370379c77e,1f67c9e19ba27bb2e11402a164869c26bff13313689f5c99aeaedc442b3bc39f,False,False,False,TN,core_symbol_text contains dt_FB_ without toolchain gate,"Lexical transfer probe only; not runtime semantics, function-boundary correctness, or vulnerability detection.",DERIVED_EVIDENCE
geb_DEW_RH,DEW_RH,GEB,fold_1,838c4f82f9b67d138afa2c895c76a9f64ebc49fc67fecdc1d007f69af065e5ed,5e0e9947c2f65c8f760c9a4370074a9591ba1b236fe967eef4d331a4cf298960,False,False,False,TN,core_symbol_text contains dt_FB_ without toolchain gate,"Lexical transfer probe only; not runtime semantics, function-boundary correctness, or vulnerability detection.",DERIVED_EVIDENCE
geb_DEW_TEMP,DEW_TEMP,GEB,fold_2,ce25558d6a46f0b44eb201e32414dbbb90602c2f07dfebc323c79e265768259f,94b98cb178b3038ca8e9a6bd61d9f801cde3b318bacccedc3b979526f6be4a1a,False,False,False,TN,core_symbol_text contains dt_FB_ without toolchain gate,"Lexical transfer probe only; not runtime semantics, function-boundary correctness, or vulnerability detection.",DERIVED_EVIDENCE
geb_DIFFER,DIFFER,GEB,fold_8,34b21740ca0d82fca429eaa0a817b1b5a3b13e4f0129b7126bf01f8194bbc3eb,8998687c63e961cd59402e936da845a21a7deba1cec8b8599eaab221c9a97b10,False,False,False,TN,core_symbol_text contains dt_FB_ without toolchain gate,"Lexical transfer probe only; not runtime semantics, function-boundary correctness, or vulnerability detection.",DERIVED_EVIDENCE
geb_DIR_TO_DEG,DIR_TO_DEG,GEB,fold_5,e1c04b797223ba105be15f677e9c6b43e6495ca616e9a8a1f2f9a18a833ca9e0,a8781d398708cb4119da262699915ff40437b20a5770f13f506a45396dca6bd0,True,True,True,TP,core_symbol_text contains dt_FB_ without toolchain gate,"Lexical transfer probe only; not runtime semantics, function-boundary correctness, or vulnerability detection.",DERIVED_EVIDENCE
geb_DRIVER_1,DRIVER_1,GEB,fold_0,d72cd4c30cb73173f778d7eb2863e2049077c3f01d2be493905cccde88eaa5dd,0f512a49599188aa781a0ee6dd8ad638d5c0d7d4ced35d45ffd967cc011a2253,True,True,True,TP,core_symbol_text contains dt_FB_ without toolchain gate,"Lexical transfer probe only; not runtime semantics, function-boundary correctness, or vulnerability detection.",DERIVED_EVIDENCE
geb_DRIVER_4,DRIVER_4,GEB,fold_1,621339977f599884752cd26e464c60ac04d09944a748eb8aaf0c8ae9693b8797,e6bd316211d2eb3171f9bfa6f509bde3405ddcb3b651cc6be6b06693e96660e7,True,True,True,TP,core_symbol_text contains dt_FB_ without toolchain gate,"Lexical transfer probe only; not runtime semantics, function-boundary correctness, or vulnerability detection.",DERIVED_EVIDENCE
geb_DRIVER_4C,DRIVER_4C,GEB,fold_2,afa96d3ff960527065bf14a7821ac45ea51c388ec13ec68b8b4cfaf5ea61bb7e,e125979cdeaba9713236b604388247fd9bc07afcef898b4a1166912645c1105a,True,True,True,TP,core_symbol_text contains dt_FB_ without toolchain gate,"Lexical transfer probe only; not runtime semantics, function-boundary correctness, or vulnerability detection.",DERIVED_EVIDENCE
geb_DST,DST,GEB,fold_5,59fcb90d175fec5dcfb02f9ae9d1d03a5a19a0c12af593d2c68b5d197ce8e35b,de345ca3b3a83a3ba10dacb6bbddf72f5682435be6fb26223da9c26f8fd45cc3,False,False,False,TN,core_symbol_text contains dt_FB_ without toolchain gate,"Lexical transfer probe only; not runtime semantics, function-boundary correctness, or vulnerability detection.",DERIVED_EVIDENCE
geb_DT2_TO_SDT,DT2_TO_SDT,GEB,fold_8,726ac9fa9f13631d217b5fe388bcc43a1ec2e3ce87b0b58396c45d5d731059e6,d7a75ed5fc2fa79b813887fb9abc8649ee4d917aa432c34d7aaded723d0c2cc6,True,True,True,TP,core_symbol_text contains dt_FB_ without toolchain gate,"Lexical transfer probe only; not runtime semantics, function-boundary correctness, or vulnerability detection.",DERIVED_EVIDENCE
geb_DT_SIMU,DT_SIMU,GEB,fold_4,5219e5d828229e9e663814268a1326eca6c6381d8e50c8edd9201d5c892ecc46,a9c864e3ab2c94c8b47891e1f316913c5132503a24cbd110c206febbe15883e6,True,True,True,TP,core_symbol_text contains dt_FB_ without toolchain gate,"Lexical transfer probe only; not runtime semantics, function-boundary correctness, or vulnerability detection.",DERIVED_EVIDENCE
geb_DT_TO_SDT,DT_TO_SDT,GEB,fold_6,c40b7148155c84e09bad711b50eb304a666b225e76c6d310c0d6138cd0bf85d6,b3f8726346ad3a5f01fd9fdad83337d254ed08f620870400c4bbd2f4f81b0037,True,True,True,TP,core_symbol_text contains dt_FB_ without toolchain gate,"Lexical transfer probe only; not runtime semantics, function-boundary correctness, or vulnerability detection.",DERIVED_EVIDENCE
geb_DT_TO_STRING,DT_TO_STRING,GEB,fold_9,68cc03075ca4943fe67fd7eafecb315b2d7fc35246bf632274a0d514b250065d,6f4ad832e39cac30715e3dcd48f343e5cd1717207946d6dfe94d8141deab81df,True,True,True,TP,core_symbol_text contains dt_FB_ without toolchain gate,"Lexical transfer probe only; not runtime semantics, function-boundary correctness, or vulnerability detection.",DERIVED_EVIDENCE
geb_DT_TO_TOD,DT_TO_TOD,GEB,fold_7,5005715796a3d2c1423d0add4217df21556f93af9dda640f01ace7e7dec47d6d,23a188f4aef6d3044b0f3ca17f987d382f6f95185d16c60c0feea31c8e1ad8f3,False,False,False,TN,core_symbol_text contains dt_FB_ without toolchain gate,"Lexical transfer probe only; not runtime semantics, function-boundary correctness, or vulnerability detection.",DERIVED_EVIDENCE
geb_DWORD_OF_BYTE,DWORD_OF_BYTE,GEB,fold_2,a715584ca37e2bbe065ec66df6b916a721080274d71d2e20994bd76865817e0c,98efc7613e4ab45e6fff1bfdfad0a32cff6ff840791614efd49b5c5ac1e3034e,False,False,False,TN,core_symbol_text contains dt_FB_ without toolchain gate,"Lexical transfer probe only; not runtime semantics, function-boundary correctness, or vulnerability detection.",DERIVED_EVIDENCE
geb_DWORD_OF_WORD,DWORD_OF_WORD,GEB,fold_3,f4c8706db0a27fb44da7452400cd4612c9937e8574d5c654cd38402f4ae6b44c,fb96b61c66811a5ff54add1d6b58f891a38938d0860778527571c34e33aef274,False,False,False,TN,core_symbol_text contains dt_FB_ without toolchain gate,"Lexical transfer probe only; not runtime semantics, function-boundary correctness, or vulnerability detection.",DERIVED_EVIDENCE
geb_DWORD_TO_DATE,DWORD_TO_DATE,GEB,fold_9,bb2e0853073b30a585f8f13e1dd1624220abea3271fcaabd4379bb80f421c2a7,c4df72b2f1fde578b37e991d2230780640f74f59b324b33f178a7af7d45e8ad9,False,False,False,TN,core_symbol_text contains dt_FB_ without toolchain gate,"Lexical transfer probe only; not runtime semantics, function-boundary correctness, or vulnerability detection.",DERIVED_EVIDENCE
geb_DWORD_TO_DT,DWORD_TO_DT,GEB,fold_0,f123e558b2e02e486d6bbc9b8fb28b29099c51cf0c916de855b37f231c7d34d8,0b77a186b91543e68140d6d5be57fa0a97bcfccb0289df6875d1ebf7caf845ab,False,False,False,TN,core_symbol_text contains dt_FB_ without toolchain gate,"Lexical transfer probe only; not runtime semantics, function-boundary correctness, or vulnerability detection.",DERIVED_EVIDENCE
geb_DWORD_TO_STRB,DWORD_TO_STRB,GEB,fold_0,b4374cd29332e6f2b8eb2c96eeef5179285c788e29c252f25bfab4637323675b,74ab11dd8e2ac590a77d063ecf5d3f4bc16d177ce38345766c8d864fdc1475c1,True,True,True,TP,core_symbol_text contains dt_FB_ without toolchain gate,"Lexical transfer probe only; not runtime semantics, function-boundary correctness, or vulnerability detection.",DERIVED_EVIDENCE
geb_DWORD_TO_STRF,DWORD_TO_STRF,GEB,fold_1,4fa66fa3e43ba3b93894e6e225a2773022aa87a24ff5ad24e4df5748a82265de,c9df6522e98c5ce3f95e2e32c72c182089dcc25f806f0a646a39027eddf25ae2,True,True,True,TP,core_symbol_text contains dt_FB_ without toolchain gate,"Lexical transfer probe only; not runtime semantics, function-boundary correctness, or vulnerability detection.",DERIVED_EVIDENCE
geb_DWORD_TO_STRH,DWORD_TO_STRH,GEB,fold_2,463bd1b0c77b79d3aa16ab17c78ae904bb0b92f3102cd65e31aafd9c942fbcf6,bb68ec804994def25882f59d2cc8c71d5fa8b96e986cc41370750b189f66fed6,True,True,True,TP,core_symbol_text contains dt_FB_ without toolchain gate,"Lexical transfer probe only; not runtime semantics, function-boundary correctness, or vulnerability detection.",DERIVED_EVIDENCE
geb_DWORD_TO_TIME,DWORD_TO_TIME,GEB,fold_1,e178e7f04503148d66be326384d46e940cf8e9c775c6244f726ea0876870c7a9,220874e9b374f627a3ed4f5d00399a3af1991c697f16ee346475b4b9ff8dcec9,False,False,False,TN,core_symbol_text contains dt_FB_ without toolchain gate,"Lexical transfer probe only; not runtime semantics, function-boundary correctness, or vulnerability detection.",DERIVED_EVIDENCE
geb_DWORD_TO_TOD,DWORD_TO_TOD,GEB,fold_2,508ac47bd3bbfe41106afa619b316f2ca38bf9487469808b0ced3c9302ce4a17,5514cb2645fc0d449f4d33b37d7e63a23ce5da75a083a2dbedb77f0ea8ad6ea4,False,False,False,TN,core_symbol_text contains dt_FB_ without toolchain gate,"Lexical transfer probe only; not runtime semantics, function-boundary correctness, or vulnerability detection.",DERIVED_EVIDENCE
geb_D_TRIG,D_TRIG,GEB,fold_9,6d893daef7288fb740f9d52165d7ded76cee59244afe1e87bbf68a231e478497,8dd640245ffa9ddb71a18414b1ed0666344f777f80ba716f88b0c34329c604bb,True,True,True,TP,core_symbol_text contains dt_FB_ without toolchain gate,"Lexical transfer probe only; not runtime semantics, function-boundary correctness, or vulnerability detection.",DERIVED_EVIDENCE
geb_D_TRUNC,D_TRUNC,GEB,fold_6,d6050d84c5d2ac4585c0a4aecbb3a190d49f19dcb81e9434ca10220c8ee3480f,57dd421a7143f79649ccd6e3e5045889737efb798ffead0431b5c9aeb4af02e0,False,False,False,TN,core_symbol_text contains dt_FB_ without toolchain gate,"Lexical transfer probe only; not runtime semantics, function-boundary correctness, or vulnerability detection.",DERIVED_EVIDENCE
geb_EASTER,EASTER,GEB,fold_3,27d047e22c1238a71f8c0934718012ee53cf845159af93e52dfe2ec7733d324e,b74bb689364cb62bb85f485a8dfe89b9152d8ddff841094e37cc25a738e6fa3a,False,False,False,TN,core_symbol_text contains dt_FB_ without toolchain gate,"Lexical transfer probe only; not runtime semantics, function-boundary correctness, or vulnerability detection.",DERIVED_EVIDENCE
geb_ELLIPSE_A,ELLIPSE_A,GEB,fold_4,1318852abfe5e6d4784fa1f3857ab5cd39bf3411d4b250c18e397285e13c66ca,3195a8b8750f94c3c654cb1f6d7a490dd43ca7a1332b6a4a7cb6d27715af89c4,False,False,False,TN,core_symbol_text contains dt_FB_ without toolchain gate,"Lexical transfer probe only; not runtime semantics, function-boundary correctness, or vulnerability detection.",DERIVED_EVIDENCE
geb_ELLIPSE_C,ELLIPSE_C,GEB,fold_5,c6f843725027d8a19efbab0917e7ec60903b6f0bd7176d066e774ab889efe2d1,781bc1e21985504ec9ccb8772612e86b3cd4644a96a8278e6b64a85835b0f4eb,False,False,False,TN,core_symbol_text contains dt_FB_ without toolchain gate,"Lexical transfer probe only; not runtime semantics, function-boundary correctness, or vulnerability detection.",DERIVED_EVIDENCE
geb_ENERGY,ENERGY,GEB,fold_6,ec2579161be480dc9e91cec22b5992bd7fad10745c7f93ed02b854052518c6ea,c31562b4530ae6a962c56941b71a425905eb76103a1f1534b67217cff2de88e0,True,True,True,TP,core_symbol_text contains dt_FB_ without toolchain gate,"Lexical transfer probe only; not runtime semantics, function-boundary correctness, or vulnerability detection.",DERIVED_EVIDENCE
geb_ERF,ERF,GEB,fold_9,96802a50b96955bd9735f1df2b00ae6270b5eae3c9edf68ce99478650ea8a756,1ef7b987ffc968a595115da5f07043bd19f64a5a45a5d677c8eb38dd7dcca7e9,False,False,False,TN,core_symbol_text contains dt_FB_ without toolchain gate,"Lexical transfer probe only; not runtime semantics, function-boundary correctness, or vulnerability detection.",DERIVED_EVIDENCE
geb_ERFC,ERFC,GEB,fold_0,bc40ba20d1c417cf74f07c1b4653da71819cc7b6dd5236b394fd106b3fbb33a5,736c61759c9b4dea47935e9af9782c224c1b4ab32dbb3a72bb4ce5b1bcf1f9bf,False,False,False,TN,core_symbol_text contains dt_FB_ without toolchain gate,"Lexical transfer probe only; not runtime semantics, function-boundary correctness, or vulnerability detection.",DERIVED_EVIDENCE
geb_ESR_COLLECT,ESR_COLLECT,GEB,fold_6,bc8ef75eaf18603bb8f84059f5a6ebffcc5d47201e91b856d1f8b5ff9ed6c30d,9b05e550910a803be0b9f362d74f76b9b4154d7eaf4d022297517fec3e1f4dcd,True,True,True,TP,core_symbol_text contains dt_FB_ without toolchain gate,"Lexical transfer probe only; not runtime semantics, function-boundary correctness, or vulnerability detection.",DERIVED_EVIDENCE
geb_ESR_MON_B8,ESR_MON_B8,GEB,fold_7,db115569093e352ba5de7847eb0b1384d28f6c285aa3d92c7698a105babfee3d,2e6863244c564750d122073f337dbb7e1cab523dbf99f10cfd97d02680c11dd3,True,True,True,TP,core_symbol_text contains dt_FB_ without toolchain gate,"Lexical transfer probe only; not runtime semantics, function-boundary correctness, or vulnerability detection.",DERIVED_EVIDENCE
geb_ESR_MON_X8,ESR_MON_X8,GEB,fold_8,ccf7169c90d50f8f2189c19043402dd4cdc3473f0b944b54c63c6bcea5a28b25,be6cdf1eb31ea8588fcd268485a36f73f30df0df0ed474e4c3be49a124c5d5db,True,True,True,TP,core_symbol_text contains dt_FB_ without toolchain gate,"Lexical transfer probe only; not runtime semantics, function-boundary correctness, or vulnerability detection.",DERIVED_EVIDENCE
geb_EVEN,EVEN,GEB,fold_1,96eb899e74e91a7ba65a4150e81a8506b073c3dd2533d40e299af21f6de2a8e4,a23c7f33bea0e536f91717b43b4d7afa66ffd4cf32e305355cfe62a6aa3d9fd9,False,False,False,TN,core_symbol_text contains dt_FB_ without toolchain gate,"Lexical transfer probe only; not runtime semantics, function-boundary correctness, or vulnerability detection.",DERIVED_EVIDENCE
geb_EVENTS,EVENTS,GEB,fold_4,ba869759cab1f3e954bb0a6f1634d2bd4ffba67c09546aca59943e38a4f2512e,2dbbdcb5bd989f0dff165e2d254770e13e299168d442bab8d35591d92c9f1956,True,True,True,TP,core_symbol_text contains dt_FB_ without toolchain gate,"Lexical transfer probe only; not runtime semantics, function-boundary correctness, or vulnerability detection.",DERIVED_EVIDENCE
geb_EXP10,EXP10,GEB,fold_2,ed3e43018d49a9c4ee442293273b23f42e863d9119d168fe330028467f296ecc,30fe7714a406004682d78c4b5bd8e693b4c9085b2089824c8ccfc5db5ddda6bc,False,False,False,TN,core_symbol_text contains dt_FB_ without toolchain gate,"Lexical transfer probe only; not runtime semantics, function-boundary correctness, or vulnerability detection.",DERIVED_EVIDENCE
geb_EXPN,EXPN,GEB,fold_3,b06ba25607e78dcf43126037ae47ed39d8aea94cd337f71c16baff29d87c1c31,af0fc2d06370367e2c78b5ae431d1f1a476fae3ddb6a72e6c86997f19c0e7aac,False,False,False,TN,core_symbol_text contains dt_FB_ without toolchain gate,"Lexical transfer probe only; not runtime semantics, function-boundary correctness, or vulnerability detection.",DERIVED_EVIDENCE
geb_FACT,FACT,GEB,fold_4,c4c596e35135f25ee204a8b8eec730b406e42586bf4695a1fecbafd2e5bf6006,e338ba491024952e8ac45457326a825660f5b656a64d06ecd95898928f15684e,False,False,False,TN,core_symbol_text contains dt_FB_ without toolchain gate,"Lexical transfer probe only; not runtime semantics, function-boundary correctness, or vulnerability detection.",DERIVED_EVIDENCE
geb_FADE,FADE,GEB,fold_7,198445ead5bf0b9274ed3f3122a44591c2570b636c478b82ffde3edc8083dbd3,62cd6bcd6c80f707a946fca6ffec1fdf9ab2f6497b45468ae946a627746e81ed,True,True,True,TP,core_symbol_text contains dt_FB_ without toolchain gate,"Lexical transfer probe only; not runtime semantics, function-boundary correctness, or vulnerability detection.",DERIVED_EVIDENCE
geb_FF_D2E,FF_D2E,GEB,fold_2,20fc924f358a75a63fb070ed6b4c465e8f3ed4d796bdfa7cb59e061acfa9c7f6,e1769dc695535074a00081b1200fa001cadac963082ab39f98be9527527c724f,True,True,True,TP,core_symbol_text contains dt_FB_ without toolchain gate,"Lexical transfer probe only; not runtime semantics, function-boundary correctness, or vulnerability detection.",DERIVED_EVIDENCE
geb_FF_D4E,FF_D4E,GEB,fold_3,f74999754f95e96509b1c3a45911ea17c0898815f3729dd24adeb4808fa71927,c97daa6143e75565e3d299b4872d0751044c7ea5551601d9cf14abdeb5d44c51,True,True,True,TP,core_symbol_text contains dt_FB_ without toolchain gate,"Lexical transfer probe only; not runtime semantics, function-boundary correctness, or vulnerability detection.",DERIVED_EVIDENCE
geb_FF_DRE,FF_DRE,GEB,fold_4,3fff2367e912f7938ea5db4c47d22b02a4489c9857f8753738626dc4fe10203d,1474dfe1c66ddf2edf27a6dd9b346d2675f3cffe5c4fc538bce3c6cae41f19cc,True,True,True,TP,core_symbol_text contains dt_FB_ without toolchain gate,"Lexical transfer probe only; not runtime semantics, function-boundary correctness, or vulnerability detection.",DERIVED_EVIDENCE
geb_FF_JKE,FF_JKE,GEB,fold_5,945a2b46ffd2d3c3e4a3b297d76ab1b6788f8bd0fb600065291ba3664bc3f8b9,dbaddb6a014b7bd5f7d6b37fffd29a3dc4b5dc4eaeb8a5aa77ea7cfc3f1a2252,True,True,True,TP,core_symbol_text contains dt_FB_ without toolchain gate,"Lexical transfer probe only; not runtime semantics, function-boundary correctness, or vulnerability detection.",DERIVED_EVIDENCE
geb_FF_RSE,FF_RSE,GEB,fold_6,e56d3820a3dd51f81a9a2f013cb6e46b112a7c92e76de3ef1d161d56d876fc6a,f1ef71bbf02d14083a0a516cef1a6a554fa3165011ada12680bb82908c59fe9a,True,True,True,TP,core_symbol_text contains dt_FB_ without toolchain gate,"Lexical transfer probe only; not runtime semantics, function-boundary correctness, or vulnerability detection.",DERIVED_EVIDENCE
geb_FIB,FIB,GEB,fold_5,c15d2190be5443171f80fb8c1a930a19a7d92fd7930bdaea0fb56a749c37a2d4,e0642296394062c6f4fa932a3cb2ffd1f5d1bb7e05d4daa200a7b31c7d9191a1,False,False,False,TN,core_symbol_text contains dt_FB_ without toolchain gate,"Lexical transfer probe only; not runtime semantics, function-boundary correctness, or vulnerability detection.",DERIVED_EVIDENCE
geb_FIFO_16,FIFO_16,GEB,fold_0,d79780dafbdfab4e2d221145fa46b4f218fc96ad5c221724f1cee54c3d8b71d8,1fda3b4c999f3d0a8bd5e242188e1937c66519a3233861ff6784199cd31b00a2,True,True,True,TP,core_symbol_text contains dt_FB_ without toolchain gate,"Lexical transfer probe only; not runtime semantics, function-boundary correctness, or vulnerability detection.",DERIVED_EVIDENCE
geb_FIFO_32,FIFO_32,GEB,fold_1,24ac0a898e08c2574d6d7c0861d9bc760903cd1e8ad06c6379ee84057d51bd56,cd75bd81976b3a4f9a097d4d11d479bbb2ffae8e14b8bb8b816755b8726d8a20,True,True,True,TP,core_symbol_text contains dt_FB_ without toolchain gate,"Lexical transfer probe only; not runtime semantics, function-boundary correctness, or vulnerability detection.",DERIVED_EVIDENCE
geb_FILE_BLOCK,FILE_BLOCK,GEB,fold_1,a1fbcb409aa0e389b3d85f94203b24b144133903df66a7aba984ee216c214ed6,c31928a6bf2ab5b0c51c52460c46da6045ae2f923a07fb725d27417cdd7ecb8d;3386513850299d493ccc14258473d28e8bfb16a161a771b38cfdeaf25ad7ae08,True,True,True,TP,core_symbol_text contains dt_FB_ without toolchain gate,"Lexical transfer probe only; not runtime semantics, function-boundary correctness, or vulnerability detection.",DERIVED_EVIDENCE
geb_FILE_PATH_SPLIT,FILE_PATH_SPLIT,GEB,fold_2,7fa494dc25f8e013082da56180bf5e56ce9ad7b3b1143e12f3ff87aaf3a729a5,b33f2ccbf7f0ee6297a686bc12a2ee7455a42f1595e9497d7fa4275c70370932;e776627bbd302a93e8608549b4c931246d1b9d2b3756cbbec2687f98a9a34af6,True,True,True,TP,core_symbol_text contains dt_FB_ without toolchain gate,"Lexical transfer probe only; not runtime semantics, function-boundary correctness, or vulnerability detection.",DERIVED_EVIDENCE
geb_FILL,FILL,GEB,fold_3,39d0f958620c3d2065194af8808d11040c3b2af6d6d71cd35744e9923aa13ff2,2c905f7be968adf15a3b9f04500bf23291b52a372f92b23553a479af609e2192,True,True,True,TP,core_symbol_text contains dt_FB_ without toolchain gate,"Lexical transfer probe only; not runtime semantics, function-boundary correctness, or vulnerability detection.",DERIVED_EVIDENCE
geb_FILTER_DW,FILTER_DW,GEB,fold_8,f2b9f8076f743acf977b76d2722b23b40fea54ead3b3e7a9c5490ceb76d047e7,b71d872b4884bb899ec48082cefaf9cdc99c6c9a3dda86f3148dec15f21ab43a,True,True,True,TP,core_symbol_text contains dt_FB_ without toolchain gate,"Lexical transfer probe only; not runtime semantics, function-boundary correctness, or vulnerability detection.",DERIVED_EVIDENCE
geb_FILTER_I,FILTER_I,GEB,fold_9,f527f3a9f1ce359c2a8595d107837f8a6052b2771e5ca39463a5fb8a5b8e77ac,fee82c4550f478c99335a0b82718bf10b3480e218e29ff38b7282510dfb9fa75,True,True,True,TP,core_symbol_text contains dt_FB_ without toolchain gate,"Lexical transfer probe only; not runtime semantics, function-boundary correctness, or vulnerability detection.",DERIVED_EVIDENCE
geb_FILTER_MAV_DW,FILTER_MAV_DW,GEB,fold_0,b59e3ecd60c0d06ae111179345f88e6a926c7012a7dfd0f58bad67484861a28f,2fc6bfb83e085c0bfad8ffb7c9e84eb011153b5052b5b5030fa1907d4872e448,True,True,True,TP,core_symbol_text contains dt_FB_ without toolchain gate,"Lexical transfer probe only; not runtime semantics, function-boundary correctness, or vulnerability detection.",DERIVED_EVIDENCE
geb_FILTER_MAV_W,FILTER_MAV_W,GEB,fold_1,39f291e12f929f73bed8a2baa183a0aebfe8cfd5d000b21b7980285599d94726,082c2cde3e53aaa7614a6942d13eb3453c64861a8f0236a4ac82fe03d6d621f5,True,True,True,TP,core_symbol_text contains dt_FB_ without toolchain gate,"Lexical transfer probe only; not runtime semantics, function-boundary correctness, or vulnerability detection.",DERIVED_EVIDENCE
geb_FILTER_W,FILTER_W,GEB,fold_2,bae8b4ae4410d3853ed6cd0a17937a1ddde5ba57b1720d26b0bf1e88b97b62d6,70de0cec069796a5a447bf4e922115db08771643064fe92a9f21490d7d74a0c6,True,True,True,TP,core_symbol_text contains dt_FB_ without toolchain gate,"Lexical transfer probe only; not runtime semantics, function-boundary correctness, or vulnerability detection.",DERIVED_EVIDENCE
geb_FILTER_WAV,FILTER_WAV,GEB,fold_3,cb847007925bc69234c6f37ec47a3a604b3ca5c7e37f8cb69899d67d7b9cfda7,164a757d678d5853cacd99581f0c423a6384f12290718f15ab2bd19fa5e9072f,True,True,True,TP,core_symbol_text contains dt_FB_ without toolchain gate,"Lexical transfer probe only; not runtime semantics, function-boundary correctness, or vulnerability detection.",DERIVED_EVIDENCE
geb_FINDB,FINDB,GEB,fold_4,c4c6daaf6cb869e6abfb05338e560a86484653225332acf92e4f067934542e44,0d177891eb453840450897097627b4ebc0c4792457428336dcb66d545dee3de5,True,True,True,TP,core_symbol_text contains dt_FB_ without toolchain gate,"Lexical transfer probe only; not runtime semantics, function-boundary correctness, or vulnerability detection.",DERIVED_EVIDENCE
geb_FINDP,FINDP,GEB,fold_5,fa3e3a3a32ebafb2aca7f0b648e688af6b7a6e0fdd2ff161dc3ab57d9c3673ee,4f315c1a78237478054afe12d1c7111a1365bb2a74f3176504655b5174bf41e9,True,True,True,TP,core_symbol_text contains dt_FB_ without toolchain gate,"Lexical transfer probe only; not runtime semantics, function-boundary correctness, or vulnerability detection.",DERIVED_EVIDENCE
geb_FIX,FIX,GEB,fold_6,eb9a33180c8585a5d9fb2f7db275f8b5b910a165ab0e99a7ad5428e658d45e73,c5ae0f22af91b61c790303713ef23685a36b53e2b03d5ad5416193738a506859,True,True,True,TP,core_symbol_text contains dt_FB_ without toolchain gate,"Lexical transfer probe only; not runtime semantics, function-boundary correctness, or vulnerability detection.",DERIVED_EVIDENCE
geb_FLOOR,FLOOR,GEB,fold_6,885c2b5970938c542774ffe4a828e3c1a044b054ed43ed74099eb413faeae4d4,d7d0a04758a1c6b137e8ee23821b80ab2630979787039b3c49ba7bf26c3c820c,False,False,False,TN,core_symbol_text contains dt_FB_ without toolchain gate,"Lexical transfer probe only; not runtime semantics, function-boundary correctness, or vulnerability detection.",DERIVED_EVIDENCE
geb_FLOOR2,FLOOR2,GEB,fold_7,5bca33a5a865798d48ee1f7ffad5dfc08db3cadae0b9527638e3278e4830d9c5,a55a12a4323be882f3e6ca3ab8b1474a3a8000f2f41cf8a58fb234ea7a225495,False,False,False,TN,core_symbol_text contains dt_FB_ without toolchain gate,"Lexical transfer probe only; not runtime semantics, function-boundary correctness, or vulnerability detection.",DERIVED_EVIDENCE
geb_FLOW_CONTROL,FLOW_CONTROL,GEB,fold_3,712c4b052d16cc41dba63ee58b271f2b14205e9aa9946ae9be07cdc38e39895e,535355ff2c0e68504b1cfcb413d18e24a209ffd0bf220ef1039eb320ca811a28,True,True,True,TP,core_symbol_text contains dt_FB_ without toolchain gate,"Lexical transfer probe only; not runtime semantics, function-boundary correctness, or vulnerability detection.",DERIVED_EVIDENCE
geb_FLOW_CONTROL_4,FLOW_CONTROL_4,GEB,fold_4,a3ad655d44f7308656107bb4ef9d1581a3005e3085b88a597f095f8221cfd558,ff473cb10243f64fb6a037d065bb1ffde390c7a8ec666aee181922484a3d6a2e,True,True,True,TP,core_symbol_text contains dt_FB_ without toolchain gate,"Lexical transfer probe only; not runtime semantics, function-boundary correctness, or vulnerability detection.",DERIVED_EVIDENCE
geb_FRACT,FRACT,GEB,fold_8,01f50aef3350f492e73106497bf9f8ecba68db37809196dafae1942196bec7ff,812fa4055dedc174e256280aba6c8f044b13d1937516785f1d7409af229435c4,False,False,False,TN,core_symbol_text contains dt_FB_ without toolchain gate,"Lexical transfer probe only; not runtime semantics, function-boundary correctness, or vulnerability detection.",DERIVED_EVIDENCE
geb_FRMP_B,FRMP_B,GEB,fold_5,b77c02beafbc2473047edd62ee52a229320b8cde7aa114b9e7b10585b0750e96,3f9ed05e5e5ccd53881034ad0b24cfd6152bd1ac41bdcb6264f2be5fdb1ca551,False,False,False,TN,core_symbol_text contains dt_FB_ without toolchain gate,"Lexical transfer probe only; not runtime semantics, function-boundary correctness, or vulnerability detection.",DERIVED_EVIDENCE
geb_FT_AVG,FT_AVG,GEB,fold_6,9078c684f8873adff5a2630a54e4eb7e33ba215699d1cd209416f5ae379e4f7f,6a9f809e553ce2764bbf8e9586852d570fc5946ae1d81dfec3329d3fffd1fe94,True,True,True,TP,core_symbol_text contains dt_FB_ without toolchain gate,"Lexical transfer probe only; not runtime semantics, function-boundary correctness, or vulnerability detection.",DERIVED_EVIDENCE
geb_FT_DERIV,FT_DERIV,GEB,fold_2,f9d446204eafd6af4e1f56fa7e278362de5f2036b4bf706dfc78013cf44f8b9f,d1dca8a09958a3757e7b2a20f88bab1230a4d88420b15937a4533e7da75c1e79,True,True,True,TP,core_symbol_text contains dt_FB_ without toolchain gate,"Lexical transfer probe only; not runtime semantics, function-boundary correctness, or vulnerability detection.",DERIVED_EVIDENCE
geb_FT_IMP,FT_IMP,GEB,fold_3,5a9f5652e3edc768492f08ad39e2dd4f363eaeb64d905d523c794f31f1330a36,f02844b6474c98a2c67b8c6efff58e1bbd7e36c2d890d3ae476ff5113bd41624,True,True,True,TP,core_symbol_text contains dt_FB_ without toolchain gate,"Lexical transfer probe only; not runtime semantics, function-boundary correctness, or vulnerability detection.",DERIVED_EVIDENCE
geb_FT_MIN_MAX,FT_MIN_MAX,GEB,fold_7,e6d6fe246acaa90d4295d8ec6f0cdb473525a64e45a26c054bfce23d09db1c45,160f76cb6f114ffad8c5ce080454fa9c40d7e9dd864d401b54cfd83b63482d0b,True,True,True,TP,core_symbol_text contains dt_FB_ without toolchain gate,"Lexical transfer probe only; not runtime semantics, function-boundary correctness, or vulnerability detection.",DERIVED_EVIDENCE
geb_FT_PD,FT_PD,GEB,fold_6,85f23b2252d57b54874319efd234dec907605812e98065e50a0c769def694dc4,c890521f58bc59ee6765bff37778921a77f8b5e373dee30e14c659160631bee8,True,True,True,TP,core_symbol_text contains dt_FB_ without toolchain gate,"Lexical transfer probe only; not runtime semantics, function-boundary correctness, or vulnerability detection.",DERIVED_EVIDENCE
geb_FT_PDT1,FT_PDT1,GEB,fold_7,3d6f0770963ca9191102474dbfd0ef00b6c29825c7bb9d2156cab277cda7bf3f,0b781e39bfe02cc2170205740d4055c7d6d640f5ff9ef36ceb183c784d59e2d6,True,True,True,TP,core_symbol_text contains dt_FB_ without toolchain gate,"Lexical transfer probe only; not runtime semantics, function-boundary correctness, or vulnerability detection.",DERIVED_EVIDENCE
geb_FT_PIDWL,FT_PIDWL,GEB,fold_1,574a8129f7fa01da62ecf423388c4ac2a046fecf66d74a9d45e993d65fec733e,471e4ece33d8870a486c399eda739af2bcac5aebca646d6d63c30c3d920e5d7f,True,True,True,TP,core_symbol_text contains dt_FB_ without toolchain gate,"Lexical transfer probe only; not runtime semantics, function-boundary correctness, or vulnerability detection.",DERIVED_EVIDENCE
geb_FT_PIWL,FT_PIWL,GEB,fold_3,2f2ca167cc15fafb95570f76ed75d52a5a2da6e0fcb29f2c2f24010f83e6c335,649baf8360223ea50e2e37daeb39daf9cf7e0b749e0a7b927a29523636e7d1c6,True,True,True,TP,core_symbol_text contains dt_FB_ without toolchain gate,"Lexical transfer probe only; not runtime semantics, function-boundary correctness, or vulnerability detection.",DERIVED_EVIDENCE
geb_FT_PROFILE,FT_PROFILE,GEB,fold_5,7b6d0340a6eb70756662b86766361e66209acfe9ff649bd6832d9e7c1019ade6,6f690928f897378444616ffc51755547946e62fb4b7d4990d53baf02e209bc21,True,True,True,TP,core_symbol_text contains dt_FB_ without toolchain gate,"Lexical transfer probe only; not runtime semantics, function-boundary correctness, or vulnerability detection.",DERIVED_EVIDENCE
geb_FT_PT1,FT_PT1,GEB,fold_4,2e134006cabf9ff0be7f9d872f5f997f66fab55f70d8e95d5e4a6c5adbd172ed,ef0f5ad51cb1fc8e030f890955bd774866e0e3c531a489351f04b6db3a3e79f3,True,True,True,TP,core_symbol_text contains dt_FB_ without toolchain gate,"Lexical transfer probe only; not runtime semantics, function-boundary correctness, or vulnerability detection.",DERIVED_EVIDENCE
geb_FT_RMP,FT_RMP,GEB,fold_8,0f16ea64354afab8cdd40940743b69e42fbf7281b1954e042b44f4005393f031,eeb8815ee1de266f474ad611be525c1b365087a72934ddcadf44e452ab35219d,True,True,True,TP,core_symbol_text contains dt_FB_ without toolchain gate,"Lexical transfer probe only; not runtime semantics, function-boundary correctness, or vulnerability detection.",DERIVED_EVIDENCE
geb_FT_TN16,FT_TN16,GEB,fold_6,35a985a851e9279b83be0a05721c5cb917116721f3e937d8dd50440f686f929e,2e4d0d190f01c6479a5eaacf3ac99a74dbc632d0ee9e2113cdc0b02a356cea3f,True,True,True,TP,core_symbol_text contains dt_FB_ without toolchain gate,"Lexical transfer probe only; not runtime semantics, function-boundary correctness, or vulnerability detection.",DERIVED_EVIDENCE
geb_FT_TN64,FT_TN64,GEB,fold_7,81f46627430b6ff3af0c805b1251a32550c07e48e5d6afd37ff91d52dac5f461,56dac3d324d95306fc38c0b0e03a1f281aac50ef64ef50ce4d2459348f5e85fe,True,True,True,TP,core_symbol_text contains dt_FB_ without toolchain gate,"Lexical transfer probe only; not runtime semantics, function-boundary correctness, or vulnerability detection.",DERIVED_EVIDENCE
geb_FT_TN8,FT_TN8,GEB,fold_8,407b64a1da96390b46af95581a2786aeed435c8182b81fcf19700b9af2c7b000,5a3f2015dbe9e94d2c78609fd379ae8853f49e78dd5104562a5eced9feb3c65e,True,True,True,TP,core_symbol_text contains dt_FB_ without toolchain gate,"Lexical transfer probe only; not runtime semantics, function-boundary correctness, or vulnerability detection.",DERIVED_EVIDENCE
geb_F_LAMP,F_LAMP,GEB,fold_5,ef61f3b698028cef7270aff46a77425285e035e328528a2b40303537b8f136e4,540b3beafdf9f3541932fbe0141cea96ab45c65b166ab5425f0c02d6d4ae1396,True,True,True,TP,core_symbol_text contains dt_FB_ without toolchain gate,"Lexical transfer probe only; not runtime semantics, function-boundary correctness, or vulnerability detection.",DERIVED_EVIDENCE
geb_F_LIN,F_LIN,GEB,fold_0,4a4667cf7ad21806cdb55cdd939ac2dbde01c3bf13bd582bb1c917afd80400f6,c6fb46c16ede5ac4e55e57c59da9aaa7e0470cc06518e650a8770ef13c691b44,False,False,False,TN,core_symbol_text contains dt_FB_ without toolchain gate,"Lexical transfer probe only; not runtime semantics, function-boundary correctness, or vulnerability detection.",DERIVED_EVIDENCE
geb_F_LIN2,F_LIN2,GEB,fold_1,a731afbc824703b8419586f205efb4f878ba8b204730895318fa2ee3514d9383,eb44fc174bd7c52aac4aa3894a722a7b988a8b48c686d33c03e8ad81a2dcd8ef,False,False,False,TN,core_symbol_text contains dt_FB_ without toolchain gate,"Lexical transfer probe only; not runtime semantics, function-boundary correctness, or vulnerability detection.",DERIVED_EVIDENCE
geb_F_POLY,F_POLY,GEB,fold_2,5dfa483594de52d8cafe1c8974f887a964a219a16d42707a2fbcf46b8f757f5f,79e3ef9269323ea6821e57d32431d5e517a3e963bf1f4391b2c9acf185e34ab4,True,True,True,TP,core_symbol_text contains dt_FB_ without toolchain gate,"Lexical transfer probe only; not runtime semantics, function-boundary correctness, or vulnerability detection.",DERIVED_EVIDENCE
geb_F_POWER,F_POWER,GEB,fold_3,5add07c0975f9def2e6717559c1531c68c7a92b234b5b41f05dd109939bd4704,9c7c8c0969ff0073eb6d9144d4f4eb62e4b4250e68f67b389e6ed0b02cda2959,False,False,False,TN,core_symbol_text contains dt_FB_ without toolchain gate,"Lexical transfer probe only; not runtime semantics, function-boundary correctness, or vulnerability detection.",DERIVED_EVIDENCE
geb_F_QUAD,F_QUAD,GEB,fold_4,e25de33207098b88a8f926cad60198348f6385e103b12d9a5ec1fab8182bc3ef,82fff1429d49c5fa72b5e70cd1d7de66b67a208035af34f5db0e31ab71d47f1c,False,False,False,TN,core_symbol_text contains dt_FB_ without toolchain gate,"Lexical transfer probe only; not runtime semantics, function-boundary correctness, or vulnerability detection.",DERIVED_EVIDENCE
geb_F_TO_C,F_TO_C,GEB,fold_7,c234c2dea10b8d9be482656b290e074d9e562786c54c857397d3c80ea3762b9d,3eb6199d0132d9ddb9d8884a178e6707f668ffe357207ecedb5c943bfdd0c980,False,False,False,TN,core_symbol_text contains dt_FB_ without toolchain gate,"Lexical transfer probe only; not runtime semantics, function-boundary correctness, or vulnerability detection.",DERIVED_EVIDENCE
geb_F_TO_OM,F_TO_OM,GEB,fold_8,3006aae3b5251ef561151cf30bb4078ef5a95e9404eea153af510c032f22fb9c,b5fd0c9b7b3adaac273712c2c433095253f543007921093da661f301aad1944b,False,False,False,TN,core_symbol_text contains dt_FB_ without toolchain gate,"Lexical transfer probe only; not runtime semantics, function-boundary correctness, or vulnerability detection.",DERIVED_EVIDENCE
geb_F_TO_PT,F_TO_PT,GEB,fold_9,1e265adeb64f7dd27aa184afb8db2e17cb2ff13cae9f5fe9b237bf15ea4649b0,ddd705e5ac4e2bd8bbc5cb0442d182346bd0c4d5d2ba9dc5f0131d4407bd0258,False,False,False,TN,core_symbol_text contains dt_FB_ without toolchain gate,"Lexical transfer probe only; not runtime semantics, function-boundary correctness, or vulnerability detection.",DERIVED_EVIDENCE
geb_GAMMA,GAMMA,GEB,fold_9,c4b55e3305fc36c031def720c33538aa33e355ce2dc79e2302cc7adbb9de5c54,fcdf363e20e59da5dd7b05f39bf5b9aeb04ea200c998783535b545c90103584f,False,False,False,TN,core_symbol_text contains dt_FB_ without toolchain gate,"Lexical transfer probe only; not runtime semantics, function-boundary correctness, or vulnerability detection.",DERIVED_EVIDENCE
geb_GAUSS,GAUSS,GEB,fold_0,ea541c90c75344b0fe7de3916d7cf5e3e050987460cceb05f06263646c121ca6,40a8fca0fc656dec65c91fe689e090be8e12a9c35de8edbfda83c5a2ad348eb3,False,False,False,TN,core_symbol_text contains dt_FB_ without toolchain gate,"Lexical transfer probe only; not runtime semantics, function-boundary correctness, or vulnerability detection.",DERIVED_EVIDENCE
geb_GAUSSCD,GAUSSCD,GEB,fold_1,7cbf39ec373159c8ac47df7e0a8cdd04ba3b388f39fef43c4e358086d176f55a,f4f3f7a05f74f111f49ed021f93d6b5d731d10900a654481f7ba8f0510fcf3ca,False,False,False,TN,core_symbol_text contains dt_FB_ without toolchain gate,"Lexical transfer probe only; not runtime semantics, function-boundary correctness, or vulnerability detection.",DERIVED_EVIDENCE
geb_GCD,GCD,GEB,fold_2,7ab7c8fd4eda9e1e3186c130980e8681b8c5639de4dc5a8097231ccd9938e4a3,9165b3c0c783dfb7b59b12613ea5640f30b774f08215ce3075fa9896b4dc8217,False,False,False,TN,core_symbol_text contains dt_FB_ without toolchain gate,"Lexical transfer probe only; not runtime semantics, function-boundary correctness, or vulnerability detection.",DERIVED_EVIDENCE
geb_GDF,GDF,GEB,fold_3,76db8ae78611da740fe6f3547ca21d00ba1b75b68ba33e7254c3861864982150,2a37e352fb522945ca3070f791a5d1e5ec3cf96e656e21642a7bd40a34a20a10,False,False,False,TN,core_symbol_text contains dt_FB_ without toolchain gate,"Lexical transfer probe only; not runtime semantics, function-boundary correctness, or vulnerability detection.",DERIVED_EVIDENCE
geb_GEN_BIT,GEN_BIT,GEB,fold_0,dac5f03a18a4a62f6eeb0c6d3693af82b13d3c2fc7cda9544be5c8bf45c02148,675405eed535f168bad24464496550277857a5a6ba73f99c40d7c5c2269b77b3,True,True,True,TP,core_symbol_text contains dt_FB_ without toolchain gate,"Lexical transfer probe only; not runtime semantics, function-boundary correctness, or vulnerability detection.",DERIVED_EVIDENCE
geb_GEN_PULSE,GEN_PULSE,GEB,fold_3,98bba5c6d2ef48dd3e5d5460e496d3c89e760f0681a738d8d2b2628fac0591a4,c202a93575abf2f975c899b0f1dcceb2fe5bf052f6f126cbf2a3bd6afb9e2b44,True,True,True,TP,core_symbol_text contains dt_FB_ without toolchain gate,"Lexical transfer probe only; not runtime semantics, function-boundary correctness, or vulnerability detection.",DERIVED_EVIDENCE
geb_GEN_PW2,GEN_PW2,GEB,fold_4,eb77574f47b83e8bd0ccb7b1f57602fa52ce4cd491ab01fe60f47ee3a52bc454,55502bc88384f0064e8d1cc10a08d6392ad482b5e5b4ea6ac47f4ad66878ced1,True,True,True,TP,core_symbol_text contains dt_FB_ without toolchain gate,"Lexical transfer probe only; not runtime semantics, function-boundary correctness, or vulnerability detection.",DERIVED_EVIDENCE
geb_GEN_RDM,GEN_RDM,GEB,fold_5,1b7e16ace6b5d277276c9403ffcec434f126358adcbf2962b49952c658e5337a,9068028a678aeb0382918a041b93911c72b84a6024ad36c2ee1e82175ee9785d,True,True,True,TP,core_symbol_text contains dt_FB_ without toolchain gate,"Lexical transfer probe only; not runtime semantics, function-boundary correctness, or vulnerability detection.",DERIVED_EVIDENCE
geb_GEN_RDT,GEN_RDT,GEB,fold_6,2e2e84fdc902342de4c748fee1fe838a0a4c304632b270d7a751fb87fef2855e,21eda30cb9da7207040e95e80eefb07cafc1124fc85c0ed1d5c94bc4b6c81e24,True,True,True,TP,core_symbol_text contains dt_FB_ without toolchain gate,"Lexical transfer probe only; not runtime semantics, function-boundary correctness, or vulnerability detection.",DERIVED_EVIDENCE
geb_GEN_RMP,GEN_RMP,GEB,fold_7,777567ba69908602db277299a772f665a4ae551ea7a34151dad92d902e65bb56,e236c84ccafecda50a17e3ee757c9a0d9488a76393eb7eafa2aa380660898eea,True,True,True,TP,core_symbol_text contains dt_FB_ without toolchain gate,"Lexical transfer probe only; not runtime semantics, function-boundary correctness, or vulnerability detection.",DERIVED_EVIDENCE
geb_GEN_SIN,GEN_SIN,GEB,fold_8,0ea1cfee8f86771fd9c97206556471fedc11fbe8ad6bd623b8c5146350a253cd,40e7fcdc33e75d5074f153edd7e4c84f3a704d7fe818f1ffcb271c924fa29404,True,True,True,TP,core_symbol_text contains dt_FB_ without toolchain gate,"Lexical transfer probe only; not runtime semantics, function-boundary correctness, or vulnerability detection.",DERIVED_EVIDENCE
geb_GEN_SQ,GEN_SQ,GEB,fold_1,33b6be627aaf1e99e6ada1c463de9d672e089fee2c49f231a42682b65cf3fcde,b4caf4144d6ab859a1e9abf33e13370ed8a3069f4c94c22ee2a4076a03707599,True,True,True,TP,core_symbol_text contains dt_FB_ without toolchain gate,"Lexical transfer probe only; not runtime semantics, function-boundary correctness, or vulnerability detection.",DERIVED_EVIDENCE
geb_GEN_SQR,GEN_SQR,GEB,fold_9,b04ba0f6bba0134769fb5565209e023e7ea2d59b917fd6e824b674b9c4c373fe,de5e664bb748191436b1ce60732343fc534109506aa4b4a5d3c3b930c4ba8311,True,True,True,TP,core_symbol_text contains dt_FB_ without toolchain gate,"Lexical transfer probe only; not runtime semantics, function-boundary correctness, or vulnerability detection.",DERIVED_EVIDENCE
geb_GEO_TO_DEG,GEO_TO_DEG,GEB,fold_0,11d0bdc27d139f432c5453f5fa698b2d4f0e0276a05d6c03a427ef4ddb0fba5d,22a110dfd801c77067b133e486624b6932842f9e51b82493c674a26e0466f09c,False,False,False,TN,core_symbol_text contains dt_FB_ without toolchain gate,"Lexical transfer probe only; not runtime semantics, function-boundary correctness, or vulnerability detection.",DERIVED_EVIDENCE
geb_GOLD,GOLD,GEB,fold_4,8dd4644565ade6fd249c15aed1d047005827665cd3fde6d1e12c8e4b162eb27e,189e81272d8693ee78b950800999d63f1c0b3d53edde809e11dcf25ddd1b1f6a,False,False,False,TN,core_symbol_text contains dt_FB_ without toolchain gate,"Lexical transfer probe only; not runtime semantics, function-boundary correctness, or vulnerability detection.",DERIVED_EVIDENCE
geb_GRAY_TO_BYTE,GRAY_TO_BYTE,GEB,fold_4,820db9f464d9861a93655f7ff301182556f791f58cc1e7a52a5a37b51e449c4b,4ce2adcc6bff1966be0dd017b9e15205d1f54783949a33921ce616cc12faf5af,False,False,False,TN,core_symbol_text contains dt_FB_ without toolchain gate,"Lexical transfer probe only; not runtime semantics, function-boundary correctness, or vulnerability detection.",DERIVED_EVIDENCE
geb_HEAT_INDEX,HEAT_INDEX,GEB,fold_3,2f00f0fdb0db8a38dfbbfbb36472580c4f1038ab8efb3ae06a8e2a5acfc5d968,f78ab27744d8dceab2181cd62f9cbf7ce6bdfc8c01f51be96410c6e08cbe501b,False,False,False,TN,core_symbol_text contains dt_FB_ without toolchain gate,"Lexical transfer probe only; not runtime semantics, function-boundary correctness, or vulnerability detection.",DERIVED_EVIDENCE
geb_HEAT_TEMP,HEAT_TEMP,GEB,fold_5,1604d95dc9be41b617c2e3db0444dada12ea5735d9a22c81e17839acdcc557e0,ed26d383e404e275e63ab87dfcd155901dd4b8fc491ba79978f4d1e22f96580e,True,True,True,TP,core_symbol_text contains dt_FB_ without toolchain gate,"Lexical transfer probe only; not runtime semantics, function-boundary correctness, or vulnerability detection.",DERIVED_EVIDENCE
geb_HOLIDAY,HOLIDAY,GEB,fold_5,9233a0d9a033dfec510e66fbeb14e21238a55321f26f9bbde29b8c17f58f3b8e,8d2effa26ae85af9328eec6888fd67e471002158c3cee1fb63ef225f3dc176d8,True,True,True,TP,core_symbol_text contains dt_FB_ without toolchain gate,"Lexical transfer probe only; not runtime semantics, function-boundary correctness, or vulnerability detection.",DERIVED_EVIDENCE
geb_HOUR,HOUR,GEB,fold_6,b4254fdb14f7129b34b6548be0f32f137062a8c8e2030d2d4120ac52feef0e13,f47c746a3abc863c6c6e3bc947b524540bdd72256a269419a5c40852b0c709e6,False,False,False,TN,core_symbol_text contains dt_FB_ without toolchain gate,"Lexical transfer probe only; not runtime semantics, function-boundary correctness, or vulnerability detection.",DERIVED_EVIDENCE
geb_HOUR_OF_DT,HOUR_OF_DT,GEB,fold_7,3123218d728b7b078dc6bac0c1eec2e206a6f68855bbff66406ed390522f4e33,959afbc7bbdad1209cc4f578ca520e750eb8074c7752e53bc40a50760e89141e,False,False,False,TN,core_symbol_text contains dt_FB_ without toolchain gate,"Lexical transfer probe only; not runtime semantics, function-boundary correctness, or vulnerability detection.",DERIVED_EVIDENCE
geb_HOUR_TO_TIME,HOUR_TO_TIME,GEB,fold_8,c5e4f950b6f75edf7d875eb1265741d1ebb531805683c27eaae13200b0f2224d,7b195482f0e9fa799afa01831f580d97bfe8072140e50c9cbbe9de656c35cf5a,False,False,False,TN,core_symbol_text contains dt_FB_ without toolchain gate,"Lexical transfer probe only; not runtime semantics, function-boundary correctness, or vulnerability detection.",DERIVED_EVIDENCE
geb_HOUR_TO_TOD,HOUR_TO_TOD,GEB,fold_9,fbf902d96fbe11d14b8d48ccf6df45f62770d0eeb738ddc2cfcdb1b46d86ffdf,a043c7a75a364eac1032cfae51b68213327b1cb65bd9f726c9c81e280b732999,False,False,False,TN,core_symbol_text contains dt_FB_ without toolchain gate,"Lexical transfer probe only; not runtime semantics, function-boundary correctness, or vulnerability detection.",DERIVED_EVIDENCE
geb_HYPOT,HYPOT,GEB,fold_5,d2b1b65bbe46304b175537f3a72c252baf8c77aea5364bac58317bb561f08fec,fe5f36c23858cf104418123b4a1ec06f6f93cb4c9d29aa70d7b38e8ac0699ab5,False,False,False,TN,core_symbol_text contains dt_FB_ without toolchain gate,"Lexical transfer probe only; not runtime semantics, function-boundary correctness, or vulnerability detection.",DERIVED_EVIDENCE
geb_HYST,HYST,GEB,fold_9,63ef5c93e1810beb2cee7b6c2b5c3152b1f9ff2fb113d81dd32b7976f6878b04,e95677728abf56cd2b9957e29e43bb66a5d0265b32efc5960b74edc864408e48,True,True,True,TP,core_symbol_text contains dt_FB_ without toolchain gate,"Lexical transfer probe only; not runtime semantics, function-boundary correctness, or vulnerability detection.",DERIVED_EVIDENCE
geb_HYST_1,HYST_1,GEB,fold_0,f35cce63e952a645884a7edb8b92a183f00ece26c9befc5696c0c2a75b56b072,3358f7ff83777004236057b0a34672968c903435ee99ad890e422c1c8e494a59,True,True,True,TP,core_symbol_text contains dt_FB_ without toolchain gate,"Lexical transfer probe only; not runtime semantics, function-boundary correctness, or vulnerability detection.",DERIVED_EVIDENCE
geb_HYST_2,HYST_2,GEB,fold_1,369fb2b1a1f2e89154d3de963364893300ae16db6b34988184153615331469ea,009cfc815ca212424121ecf35761b40ddaf6f0a40f422b5c4be93e91fee4233f,True,True,True,TP,core_symbol_text contains dt_FB_ without toolchain gate,"Lexical transfer probe only; not runtime semantics, function-boundary correctness, or vulnerability detection.",DERIVED_EVIDENCE
geb_HYST_3,HYST_3,GEB,fold_2,d04c63335362e8dc524c0d583ce8dabdba5d35b86c9ef37b1c2402eb1e2ae427,5d71258d7ce8339fcc87e5597cffd0e78001a8c112e5dce45d264ed6ccd1182a,True,True,True,TP,core_symbol_text contains dt_FB_ without toolchain gate,"Lexical transfer probe only; not runtime semantics, function-boundary correctness, or vulnerability detection.",DERIVED_EVIDENCE
geb_INC,INC,GEB,fold_6,1bdbd0e707f011600ee1456fb30d091fb72b1a72a7ba06247f399c2e0893b4e2,5a871fd0c97a1a209f9ac2feab82e4c2bbe9cb558447d7a89cbcf41516bbdb4e,False,False,False,TN,core_symbol_text contains dt_FB_ without toolchain gate,"Lexical transfer probe only; not runtime semantics, function-boundary correctness, or vulnerability detection.",DERIVED_EVIDENCE
geb_INC1,INC1,GEB,fold_7,3bfe3f02c9ef6be4ce079f44a359ce510d7d66db8b060c7a2fb71012c9911f2b,fce9508226ecd7b8e6458cb01c77ebec255bff4c034955f481ca9ad129a14a7e,False,False,False,TN,core_symbol_text contains dt_FB_ without toolchain gate,"Lexical transfer probe only; not runtime semantics, function-boundary correctness, or vulnerability detection.",DERIVED_EVIDENCE
geb_INC2,INC2,GEB,fold_8,5d70d2c745cd3f3cc3780e1958fb2197936d17a07932df4569d7721614045e2c,1ecadd5a7d02eb3db3a46cfd8e549c90a15ac88fb412bdd488181e8f550afbf5,False,False,False,TN,core_symbol_text contains dt_FB_ without toolchain gate,"Lexical transfer probe only; not runtime semantics, function-boundary correctness, or vulnerability detection.",DERIVED_EVIDENCE
geb_INC_DEC,INC_DEC,GEB,fold_6,919fa26307d28ab912e23d54159a7907904148f638c0959bd9187a255c4d966b,3be540e948fe55401e3dff939862c1dce094ce5d4728a4bfbf8bc42e4aeeea21,True,True,True,TP,core_symbol_text contains dt_FB_ without toolchain gate,"Lexical transfer probe only; not runtime semantics, function-boundary correctness, or vulnerability detection.",DERIVED_EVIDENCE
geb_INSERT250,INSERT250,GEB,fold_7,905a79076f36f03738861783769f698f7dc704ec4dc40e6ea2064b02393550db,83d27199bd81c6327cb0b9ecfee2ad53895f3d12709b20f4f2814a0b73ceaabe,True,True,True,TP,core_symbol_text contains dt_FB_ without toolchain gate,"Lexical transfer probe only; not runtime semantics, function-boundary correctness, or vulnerability detection.",DERIVED_EVIDENCE
geb_INTERLOCK,INTERLOCK,GEB,fold_7,5682359c471f6b794ed9b215f2344d9993b6497737ba5882c331e666f9062fd0,fd6e82d68adb5a8fbf2eb331fddfc6d22fd9a3d55fd7abbcb72ce731d4f0f841,True,True,True,TP,core_symbol_text contains dt_FB_ without toolchain gate,"Lexical transfer probe only; not runtime semantics, function-boundary correctness, or vulnerability detection.",DERIVED_EVIDENCE
geb_INTERLOCK_4,INTERLOCK_4,GEB,fold_8,f3f2c6613389563cabfa71feff979136997fee49c7b893895f1583c0a0797cfc,5bcf3fa6d596b0e511305e657c59708a5d04d6b3d11bd5882a3a1caba85f2ea1,True,True,True,TP,core_symbol_text contains dt_FB_ without toolchain gate,"Lexical transfer probe only; not runtime semantics, function-boundary correctness, or vulnerability detection.",DERIVED_EVIDENCE
geb_INT_TO_BCDC,INT_TO_BCDC,GEB,fold_5,c3bebbb60fc24a0cfe25326a1beb8ebb741b33b59b8261fcf59b4b5249b56220,e7e09fbf67535e8fea66049ccbde88bdcdc1a06ee7c2e7950685892bee5c302e,False,False,False,TN,core_symbol_text contains dt_FB_ without toolchain gate,"Lexical transfer probe only; not runtime semantics, function-boundary correctness, or vulnerability detection.",DERIVED_EVIDENCE
geb_INT_TO_TIME,INT_TO_TIME,GEB,fold_0,5f67f7a168dd82f9af5e05c1286bc6023fbd6d8d2ea40b8adbc304506dabb874,d4907ffb4a318c9d98e9f843e0790574ebb56980824cf1dcf7b07112d6810e87,False,False,False,TN,core_symbol_text contains dt_FB_ without toolchain gate,"Lexical transfer probe only; not runtime semantics, function-boundary correctness, or vulnerability detection.",DERIVED_EVIDENCE
geb_INV,INV,GEB,fold_9,fc6b60981a005acf08aea59fa5c70b09a40865b05d7f497a70685899b606a961,6118c5240a5131dc8b38a9b273214e8f746b28565a1df98ff15e481c2ece7f80,False,False,False,TN,core_symbol_text contains dt_FB_ without toolchain gate,"Lexical transfer probe only; not runtime semantics, function-boundary correctness, or vulnerability detection.",DERIVED_EVIDENCE
geb_IP4_CHECK,IP4_CHECK,GEB,fold_4,6c4bc6a407f9aa1642ab7e643f45841a5743daac97be39ffc07d203d659dfb10,f93a3cce263c229d0d03c62cc5e81c33e2a68f2d03f5a2eb129e495713bfa7d7;180dacb07b58a323e2a0a2f4283de1f76a9592e480a7fe7efcff1978c2aa0ddc,False,False,False,TN,core_symbol_text contains dt_FB_ without toolchain gate,"Lexical transfer probe only; not runtime semantics, function-boundary correctness, or vulnerability detection.",DERIVED_EVIDENCE
geb_IP4_TO_STRING,IP4_TO_STRING,GEB,fold_5,896370ce8024d06dbf9d57fc18725b3efeb59624fb9e71b750c16fdaf9f07e27,7c4b364d187087e6228bddf4cc6adfe9bc5c39f7b00f8a21c7c43bd36385990c;b50795659aa49f264f5b224cea0d33653533c2a1d892ad65ce429e55ce6f90da,True,True,True,TP,core_symbol_text contains dt_FB_ without toolchain gate,"Lexical transfer probe only; not runtime semantics, function-boundary correctness, or vulnerability detection.",DERIVED_EVIDENCE
geb_IP_FIFO,IP_FIFO,GEB,fold_3,791eaba39ab6b715b2defb4ee083a66ddd909e530d0febfdfdb785894ce3a482,e82eb30c423b93208b5ae8b675e53a6de09cf048142c5280571cdb9a44539225;7b116a38de52bb9e5d30be1d0a1684e5844e70369ba9699b7ef79ac736449f16,True,True,True,TP,core_symbol_text contains dt_FB_ without toolchain gate,"Lexical transfer probe only; not runtime semantics, function-boundary correctness, or vulnerability detection.",DERIVED_EVIDENCE
geb_IRTRANS_DECODE,IRTRANS_DECODE,GEB,fold_0,e7bdc5ea5074f5acd0f4620ac28c64fc76d61c5003d6bc7bf47fed2b7cfd1f1a,7a7301362a307547098ab86e95365bb57e7c38e8046d755733a861be4e6d1aaf;2f65bd8ff3652fa5305385dd6d219d726f6303fd7af35ed25d19d3258fa25c1c,True,True,True,TP,core_symbol_text contains dt_FB_ without toolchain gate,"Lexical transfer probe only; not runtime semantics, function-boundary correctness, or vulnerability detection.",DERIVED_EVIDENCE
geb_IRTRANS_RCV_1,IRTRANS_RCV_1,GEB,fold_1,3e57ce56b006adf3e96e740a69b0c324012f3575835a7732c23d8964fdc5d787,47146d9261bac1d3454eb8ace092196b321185fe6a1b74520c1806cf8021c37f;b1cd39e7b194ceae73b963aaef3e9baaeec7032de27d25ca9e7eecf2ce55be48,True,True,True,TP,core_symbol_text contains dt_FB_ without toolchain gate,"Lexical transfer probe only; not runtime semantics, function-boundary correctness, or vulnerability detection.",DERIVED_EVIDENCE
geb_IRTRANS_RCV_4,IRTRANS_RCV_4,GEB,fold_2,83da09ce30888c463d675c0ce23fa862df4a0a46e3a5a5d278732e87aeaa6359,9f2f03da18325f41e60395c9a5a7f2246adf9ae23c7b25e56565e4cfecbe30a9;4bf9ba10636856031cf552e0799f9e10a62de5f89d7790e0a4106fdc94c20492,True,True,True,TP,core_symbol_text contains dt_FB_ without toolchain gate,"Lexical transfer probe only; not runtime semantics, function-boundary correctness, or vulnerability detection.",DERIVED_EVIDENCE
geb_IRTRANS_RCV_8,IRTRANS_RCV_8,GEB,fold_3,18da21c1bc324e4f2d6275b1486b374141bd0081c53dea6e2e07a23f9909fa8d,84af553448aa8280d63fc06037bb6d61ee7a768ca28e6e4d95c984827e126db8;a8d4f5400bb8d0c1ff879d26937b1d1021c39df289877ad717b17b395440ad0f,True,True,True,TP,core_symbol_text contains dt_FB_ without toolchain gate,"Lexical transfer probe only; not runtime semantics, function-boundary correctness, or vulnerability detection.",DERIVED_EVIDENCE
geb_IRTRANS_SERVER,IRTRANS_SERVER,GEB,fold_4,026c2b03e3a1742faf62c9ca73d32210d5c3136d236036303971d71904c3bc65,4638cd92a50623b8f191fcc7d71fdb8c31406863e8b3a45ca469d3ac5a598808;d9b181a98981cc22febba7ffb8bc8d7b3269bc1203b4e6bc0d4fbfc55b871665,True,True,True,TP,core_symbol_text contains dt_FB_ without toolchain gate,"Lexical transfer probe only; not runtime semantics, function-boundary correctness, or vulnerability detection.",DERIVED_EVIDENCE
geb_ISC_ALPHA,ISC_ALPHA,GEB,fold_0,e1319b8e91159ad1483caa5611058bc6ca91069d24e07d493e84c7f3f5988214,ab6f5c064a5bad4f9d8ffd234cfbaf960535fede0a32cbfad985b8658f157de0,False,False,False,TN,core_symbol_text contains dt_FB_ without toolchain gate,"Lexical transfer probe only; not runtime semantics, function-boundary correctness, or vulnerability detection.",DERIVED_EVIDENCE
geb_ISC_CTRL,ISC_CTRL,GEB,fold_1,7be9a95336d058e7e8b429da139aee7100d6d4b1c9795c4a9a4f4458840ad117,94ee09c72fab3438f6beec215c46738c7906bc746f04452cbb7442e2a7ff6e05,False,False,False,TN,core_symbol_text contains dt_FB_ without toolchain gate,"Lexical transfer probe only; not runtime semantics, function-boundary correctness, or vulnerability detection.",DERIVED_EVIDENCE
geb_ISC_HEX,ISC_HEX,GEB,fold_2,8f74f4857bb28fec59d5fb95b53ba27f4eb9d3abe75f95d55c1d09f4f9f6bbc5,e0f5590b748808783d9591f40c57cf5715a382ea428aca356b712c4b1bdf587e,False,False,False,TN,core_symbol_text contains dt_FB_ without toolchain gate,"Lexical transfer probe only; not runtime semantics, function-boundary correctness, or vulnerability detection.",DERIVED_EVIDENCE
geb_ISC_LOWER,ISC_LOWER,GEB,fold_3,a06c0d76bcd273a1031f658779b24b004db7d917c6b56e98a840186d7a61c5da,efb2837c79749a8de5dd7a3710995b0b070c30e73084ff91d60a197364ede67f,False,False,False,TN,core_symbol_text contains dt_FB_ without toolchain gate,"Lexical transfer probe only; not runtime semantics, function-boundary correctness, or vulnerability detection.",DERIVED_EVIDENCE
geb_ISC_NUM,ISC_NUM,GEB,fold_4,f4c8c58fd9374ce79d070f451be2ac61de9d361f583bcb45c0f33559d8c0918d,8d4c0af0dab801e5d622cfeb9640ff7363a2ae19a53bc2b79091b2d0ecaefb38,False,False,False,TN,core_symbol_text contains dt_FB_ without toolchain gate,"Lexical transfer probe only; not runtime semantics, function-boundary correctness, or vulnerability detection.",DERIVED_EVIDENCE
geb_ISC_UPPER,ISC_UPPER,GEB,fold_5,063c7b5dbce2205456953fc49a4afaca8bb7a91b0c18197f964f5111661928b8,8ab736f6b2af437d22c2cda0f17a663b0a689718f53826fb14553caf149bc096,False,False,False,TN,core_symbol_text contains dt_FB_ without toolchain gate,"Lexical transfer probe only; not runtime semantics, function-boundary correctness, or vulnerability detection.",DERIVED_EVIDENCE
geb_IS_CC,IS_CC,GEB,fold_8,9ddb3e1219d09b6e5d76776908dc8bbcbdf9ea5cde1ab4e5de9c59e98a424663,43c73daec0448cd936b86fc136c3d5ffbfe373756381a2a6dc3a699947170581,True,True,True,TP,core_symbol_text contains dt_FB_ without toolchain gate,"Lexical transfer probe only; not runtime semantics, function-boundary correctness, or vulnerability detection.",DERIVED_EVIDENCE
geb_IS_NCC,IS_NCC,GEB,fold_9,257efb558f1229d0ba8357e966415e097c627f0d0e8cfeda633dccf656e99570,5adda4b2315d3d133e18735c0f79baf28594ebd1209f2b869cedfc6c6a062fab,True,True,True,TP,core_symbol_text contains dt_FB_ without toolchain gate,"Lexical transfer probe only; not runtime semantics, function-boundary correctness, or vulnerability detection.",DERIVED_EVIDENCE
geb_IS_SORTED,IS_SORTED,GEB,fold_2,1a9e6d7731496f2e1d3f34cea05a30f242affbdd31f23c7705764088bd884480,e9904c59afde4374adccbf28c0fa2f70f1ed42c3636530aa6a58978ea6af5bcd,True,True,True,TP,core_symbol_text contains dt_FB_ without toolchain gate,"Lexical transfer probe only; not runtime semantics, function-boundary correctness, or vulnerability detection.",DERIVED_EVIDENCE
geb_IS_URLCHR,IS_URLCHR,GEB,fold_6,ecfa0552cbed6b3d5856264c694f5f3d0e46fb1bb782cf396e06f0f1cb2ccc60,c9e1ac1c8eb1c79ce0dcb1bfecf738c205ae4b20df6eff408881b9f8276b6ce4;8555436be93d946dd53382d17be574382f15b84e671078c3afeebc5f04e3e077,False,False,False,TN,core_symbol_text contains dt_FB_ without toolchain gate,"Lexical transfer probe only; not runtime semantics, function-boundary correctness, or vulnerability detection.",DERIVED_EVIDENCE
geb_JD2000,JD2000,GEB,fold_1,cb701942989b86a73a11a5dfe745d46ed1d743082013a9d089590fd26b4cb6d4,81bac8f7a094c5f710fd22ef633504cc9a1bf3cb16924bdc11d30a05ebaa2f85,False,False,False,TN,core_symbol_text contains dt_FB_ without toolchain gate,"Lexical transfer probe only; not runtime semantics, function-boundary correctness, or vulnerability detection.",DERIVED_EVIDENCE
geb_KMH_TO_MS,KMH_TO_MS,GEB,fold_2,ece23d7088d48f4e22b8712ffb44fb674bde2b803af1d83724b12652dec69aa5,cd7a7af267ae265774159f6b6571c732c88391a65bf8b0f012acedc6a71abd9b,False,False,False,TN,core_symbol_text contains dt_FB_ without toolchain gate,"Lexical transfer probe only; not runtime semantics, function-boundary correctness, or vulnerability detection.",DERIVED_EVIDENCE
geb_K_TO_C,K_TO_C,GEB,fold_1,1e1e9eaa53990552b46964c20d87c7becad4f0f1082d03d948f5a1accb0be54e,cb27dc621dd1ac86cd9505296f7b14fc1ef80b6f7a4fa14f344d572060d291b4,False,False,False,TN,core_symbol_text contains dt_FB_ without toolchain gate,"Lexical transfer probe only; not runtime semantics, function-boundary correctness, or vulnerability detection.",DERIVED_EVIDENCE
geb_LAMBERT_W,LAMBERT_W,GEB,fold_0,68b14391efebb1a00478889860c7a796a95f2d6545034c93169cfed85ef97007,e0b13283786b644b7c5f5fd6e9210e76ccb2a570bda75eaba689de7529bd2494,True,True,True,TP,core_symbol_text contains dt_FB_ without toolchain gate,"Lexical transfer probe only; not runtime semantics, function-boundary correctness, or vulnerability detection.",DERIVED_EVIDENCE
geb_LANGEVIN,LANGEVIN,GEB,fold_1,7d92c69302d3009ec844a57388203fda391d22a8707c43e57415a26292f94638,1cbea58f95945e05a959e96f605b94ba55ef175ef6fe445f342c3dd2a7e11ab8,False,False,False,TN,core_symbol_text contains dt_FB_ without toolchain gate,"Lexical transfer probe only; not runtime semantics, function-boundary correctness, or vulnerability detection.",DERIVED_EVIDENCE
geb_LEAP_DAY,LEAP_DAY,GEB,fold_2,22d83e2337f8e86b168b5d8d0045e0d459637e1c7743eace2563279b724cdde7,5daba984fcb826dd57d83ec0bda1e02416c715ac943d7b47fc577ea76b048f15,False,False,False,TN,core_symbol_text contains dt_FB_ without toolchain gate,"Lexical transfer probe only; not runtime semantics, function-boundary correctness, or vulnerability detection.",DERIVED_EVIDENCE
geb_LEAP_OF_DATE,LEAP_OF_DATE,GEB,fold_3,3f41a3041772d761d80daf958ddee6b93c70bd58cb85bb76a9e48148eec60f08,e538329a8d266b8a0eeacf1f0b5e21f23d50ca3db9ece7e222d98d37c5b02445,False,False,False,TN,core_symbol_text contains dt_FB_ without toolchain gate,"Lexical transfer probe only; not runtime semantics, function-boundary correctness, or vulnerability detection.",DERIVED_EVIDENCE
geb_LEAP_YEAR,LEAP_YEAR,GEB,fold_4,253d7bb00d4b5304cc20c5a67b983ed93f9bc8b47906152dedfabc8d4553f4d8,6c6307b11bfb902ef38aad8171aea036693c1cd81a339a10866570b30b2c057e,False,False,False,TN,core_symbol_text contains dt_FB_ without toolchain gate,"Lexical transfer probe only; not runtime semantics, function-boundary correctness, or vulnerability detection.",DERIVED_EVIDENCE
geb_LEGIONELLA,LEGIONELLA,GEB,fold_6,7e7ccebcc2e39d3a6e057c0ab536d0c9f501fa72d2294e01bc9e5f7318abe250,118c986f7ca5d935f66328c6ac0ec913d2c44f9e8206e3f57de621f4d48d4dd5,True,True,True,TP,core_symbol_text contains dt_FB_ without toolchain gate,"Lexical transfer probe only; not runtime semantics, function-boundary correctness, or vulnerability detection.",DERIVED_EVIDENCE
geb_LENGTH,LENGTH,GEB,fold_6,d0d3be1ff20a81d7c5350a702d2c27373d27ec1ed3006a37622ab75761395c8c,3f2baaffe4db998685f87f3bdefae1e73f6759010a4737c424b1cbb4a838e6a3,True,True,True,TP,core_symbol_text contains dt_FB_ without toolchain gate,"Lexical transfer probe only; not runtime semantics, function-boundary correctness, or vulnerability detection.",DERIVED_EVIDENCE
geb_LINEAR_INT,LINEAR_INT,GEB,fold_9,27cbc313e24d0a0a52975251f2d165821d5315c17cee72382a0d36b04f028bb2,14d0e678056700f08c2da403a998a0ba89fc906ca02c60cf61ef3ed6f69307a5,True,True,True,TP,core_symbol_text contains dt_FB_ without toolchain gate,"Lexical transfer probe only; not runtime semantics, function-boundary correctness, or vulnerability detection.",DERIVED_EVIDENCE
geb_LIST_ADD,LIST_ADD,GEB,fold_3,6f0e838ee4415399b8b128023997cb690cf65356b3e3ac957c268f59cb98c56b,c511e16965d2f1eee454e46bc97c0457affd67ceae871eed57d787bd9658a637,True,True,True,TP,core_symbol_text contains dt_FB_ without toolchain gate,"Lexical transfer probe only; not runtime semantics, function-boundary correctness, or vulnerability detection.",DERIVED_EVIDENCE
geb_LOG_VIEWPORT,LOG_VIEWPORT,GEB,fold_7,c85a4c0c0678ed8335dd3c6e880b67b677b52125b8dbad44fd4d2c3adc64885e,89ac282c47cb644d8d7e94d45e0ff396af2033c79908f9d11efc98b731aebc86;197bc43f952da751e7e65524f9b23032c370bc47fe7d7123f7c90cdbcbc7a799,True,True,True,TP,core_symbol_text contains dt_FB_ without toolchain gate,"Lexical transfer probe only; not runtime semantics, function-boundary correctness, or vulnerability detection.",DERIVED_EVIDENCE
geb_LTCH,LTCH,GEB,fold_7,1eddc44533ac96c7fdd98422c974305d768eb0dbbfdba8fa4e0ff6f49a626ecf,dea351b803eb2a27f957267cf2d472c47fd50b1ca9baa071d35986c37f45d0b6,True,True,True,TP,core_symbol_text contains dt_FB_ without toolchain gate,"Lexical transfer probe only; not runtime semantics, function-boundary correctness, or vulnerability detection.",DERIVED_EVIDENCE
geb_LTCH_4,LTCH_4,GEB,fold_8,6ad54d097de7c19dc037d6456fcdbd2fc36aa093161b3337a3b7bc1e5fb0cda3,f9b56c9b660a29ab59ce3cd03fe422d43a236f56735fac2ae008487c8a6fbde8,True,True,True,TP,core_symbol_text contains dt_FB_ without toolchain gate,"Lexical transfer probe only; not runtime semantics, function-boundary correctness, or vulnerability detection.",DERIVED_EVIDENCE
geb_LTIME_TO_UTC,LTIME_TO_UTC,GEB,fold_5,545419587df7c30900c007f2a9cf2ec9c024420f42ad249bd4d9106d9c042544,3ce0a14d0c4620146f4e5741752cc0afc740817b1a3d73228886c4af50f4d020,False,False,False,TN,core_symbol_text contains dt_FB_ without toolchain gate,"Lexical transfer probe only; not runtime semantics, function-boundary correctness, or vulnerability detection.",DERIVED_EVIDENCE
geb_MANUAL,MANUAL,GEB,fold_9,3c317375c6649b458fa8f12e3289d3d618eacba820e2bb157ab0453e47d41919,26572958de1a3f453cf5412aa711c0753e650c00d7f40ae775aa45efa1ce9ce9,False,False,False,TN,core_symbol_text contains dt_FB_ without toolchain gate,"Lexical transfer probe only; not runtime semantics, function-boundary correctness, or vulnerability detection.",DERIVED_EVIDENCE
geb_MANUAL_1,MANUAL_1,GEB,fold_0,62094a423dc2753531f0c904bba386715bb350b2d1e039d491432020efa914ad,dfeca58d038071644b61e3e41cda698ba71a245bbf7c618399bccd1b383caea1,True,True,True,TP,core_symbol_text contains dt_FB_ without toolchain gate,"Lexical transfer probe only; not runtime semantics, function-boundary correctness, or vulnerability detection.",DERIVED_EVIDENCE
geb_MANUAL_2,MANUAL_2,GEB,fold_1,5167b9f0d0af4235a4589b990d5240140fe8744467be479164ad210bf0678f07,339b16aa6ef6e682dae9e31b27a729d71a0f51cfccfb01922af02421acc43f82,True,True,True,TP,core_symbol_text contains dt_FB_ without toolchain gate,"Lexical transfer probe only; not runtime semantics, function-boundary correctness, or vulnerability detection.",DERIVED_EVIDENCE
geb_MANUAL_4,MANUAL_4,GEB,fold_2,0fe60fbaac0c49217460ec88163f132d01e4429a4609e26566a4f675415923e8,6da7ccb9ae7d3cb8c77053d253436465fad967d3727e6b1abef6b1d98b45b747,True,True,True,TP,core_symbol_text contains dt_FB_ without toolchain gate,"Lexical transfer probe only; not runtime semantics, function-boundary correctness, or vulnerability detection.",DERIVED_EVIDENCE
geb_MATRIX,MATRIX,GEB,fold_6,f08855bb28d0be18e55b144f5b4d7940967fa04f84841119cc0169f6dc1fa843,253c8f25b8a817a5ad3a34b6fb6c2cc9b16f750b88ad1f5ec89e90a2edbe93b5,True,True,True,TP,core_symbol_text contains dt_FB_ without toolchain gate,"Lexical transfer probe only; not runtime semantics, function-boundary correctness, or vulnerability detection.",DERIVED_EVIDENCE
geb_MAX3,MAX3,GEB,fold_2,4faf74f151a0c056c31c263c6636a0ecec102b6974542e1ac2d2d1e88f946b67,c9882b2c9a5a8e5c29a33577b5d467dce403f047343d0fe3fd5678149457d9ee,False,False,False,TN,core_symbol_text contains dt_FB_ without toolchain gate,"Lexical transfer probe only; not runtime semantics, function-boundary correctness, or vulnerability detection.",DERIVED_EVIDENCE
geb_MAX_TIME,MAX_TIME,GEB,fold_0,5170d1f6a008be51fea650e93f3a9a322224f35b2cdfd9013da087b740418ad9,273f4179c982cebc99f43ca39fef7c92b8f77a8af7b7e9760b313d05ed59336c,False,False,False,TN,core_symbol_text contains dt_FB_ without toolchain gate,"Lexical transfer probe only; not runtime semantics, function-boundary correctness, or vulnerability detection.",DERIVED_EVIDENCE
geb_MB_CLIENT,MB_CLIENT,GEB,fold_8,e12dfcacb2bc256088fdcfe27c05ef3307223681a34b2dfd94782f5d4aca3121,660c20775bf94d4b9c229e7479db812507aac9a59766b2e8eb68209824e7d47e;d931ab010db017038146d95ec80b3fb56e72977d3fa437909fa9fc2d0cc7a531,True,True,True,TP,core_symbol_text contains dt_FB_ without toolchain gate,"Lexical transfer probe only; not runtime semantics, function-boundary correctness, or vulnerability detection.",DERIVED_EVIDENCE
geb_MB_SERVER,MB_SERVER,GEB,fold_9,45d114737d61d93cce5f5f6623dda9cf8493a406e627e1b81af9b2acf9aaddf8,aa439a4e7f000154fb07b3f6260c6ad2c69300d697803bfe4d83937114c4d68c;15d7110d3d1e3ee2f32936d5985c4186211ef6871b0377436c37afa2bc58db7f,True,True,True,TP,core_symbol_text contains dt_FB_ without toolchain gate,"Lexical transfer probe only; not runtime semantics, function-boundary correctness, or vulnerability detection.",DERIVED_EVIDENCE
geb_MB_VMAP,MB_VMAP,GEB,fold_0,02caadbff18e7f38fbc33234e6ab7a89356c9a6afef7fe2c51ecd6379afbf4aa,9d6c6d7c5ec339dea7ec74849391d7ef8228824d3ed8b5e5744f8c0540f11887;06140c16b29145e16f8f723f9029de50af9bee5145ff5bfdcb27b07b3800c6a6,True,True,True,TP,core_symbol_text contains dt_FB_ without toolchain gate,"Lexical transfer probe only; not runtime semantics, function-boundary correctness, or vulnerability detection.",DERIVED_EVIDENCE
geb_MESSAGE_4R,MESSAGE_4R,GEB,fold_6,96cf0a57a017dee645bd24ac424d50c136184ffdb57a21e34ac1bf3134212f5e,9b21ac338923220df5e21c682e9242a4658304827925f46be68283ed7ee29f39,True,True,True,TP,core_symbol_text contains dt_FB_ without toolchain gate,"Lexical transfer probe only; not runtime semantics, function-boundary correctness, or vulnerability detection.",DERIVED_EVIDENCE
geb_MESSAGE_8,MESSAGE_8,GEB,fold_7,91ada4a65c4cc8686f20ce90f5d9a2676407a18d65171b186851499740a74e28,94e64ac313e90c863e020b9275510aead6573520fd296ebfd3630d480eb01836,True,True,True,TP,core_symbol_text contains dt_FB_ without toolchain gate,"Lexical transfer probe only; not runtime semantics, function-boundary correctness, or vulnerability detection.",DERIVED_EVIDENCE
geb_MID3,MID3,GEB,fold_3,59076edfb26b5548c7ef92186d6204eda4e069843b03b39bbf039560dcb304c8,3c718430d55031f057820a2a96a3aedf06561300e53d51fc9860903c85638a0e,False,False,False,TN,core_symbol_text contains dt_FB_ without toolchain gate,"Lexical transfer probe only; not runtime semantics, function-boundary correctness, or vulnerability detection.",DERIVED_EVIDENCE
geb_MIN3,MIN3,GEB,fold_4,b8835613c1f54462064e7c7d80ba28cfe9c0750178cf207c591926bdfbf41243,71bcc91c429452a0b33c2ce605b50d6568c16282eb560fc07ef90a88ad961174,False,False,False,TN,core_symbol_text contains dt_FB_ without toolchain gate,"Lexical transfer probe only; not runtime semantics, function-boundary correctness, or vulnerability detection.",DERIVED_EVIDENCE
geb_MINUTE,MINUTE,GEB,fold_6,b889f7c893e720e73aa28764c02d2ed1407cbeba6a8769961cdd9c7fde1c4cb4,c71fe4b75ef47b7d8fe587a26690f8d37503361e4d70f543a57d42665494be87,False,False,False,TN,core_symbol_text contains dt_FB_ without toolchain gate,"Lexical transfer probe only; not runtime semantics, function-boundary correctness, or vulnerability detection.",DERIVED_EVIDENCE
geb_MINUTE_OF_DT,MINUTE_OF_DT,GEB,fold_7,4508bcdfcb8065b50f38619ad5d7079dfed9ef5c9496cd23034102cdb4c061e3,1859c15127afffb772469c65a2a2adf60e1fadb3eec1386a91ef4423ee5869e3,False,False,False,TN,core_symbol_text contains dt_FB_ without toolchain gate,"Lexical transfer probe only; not runtime semantics, function-boundary correctness, or vulnerability detection.",DERIVED_EVIDENCE
geb_MINUTE_TO_TIME,MINUTE_TO_TIME,GEB,fold_8,f01d86e6c910873c468d36a089a41c524040901a66f665811775973b50f3f268,8a72274174191fecb73a1f7db4e6f4a3b8db4c8f2263346b22cbeb57ce0faf42,False,False,False,TN,core_symbol_text contains dt_FB_ without toolchain gate,"Lexical transfer probe only; not runtime semantics, function-boundary correctness, or vulnerability detection.",DERIVED_EVIDENCE
geb_MIRROR,MIRROR,GEB,fold_8,da7368f5a196e1b4e3edb4be34c5d3ec3ef2359ce1c6629c942c9fb8f21d57c4,30e3e642222f8afce926737b41543871bc636fa7669137bd7e8d6067f18c8a1a,True,True,True,TP,core_symbol_text contains dt_FB_ without toolchain gate,"Lexical transfer probe only; not runtime semantics, function-boundary correctness, or vulnerability detection.",DERIVED_EVIDENCE
geb_MIX,MIX,GEB,fold_4,51e5d6135bc1d2ff794cacc7e5d57096f51d7b4222524f59ec805118ca3cbf03,8a6803b571912e59007f019013526b4005af1180d7b0939e64aa65f78d3748b0,False,False,False,TN,core_symbol_text contains dt_FB_ without toolchain gate,"Lexical transfer probe only; not runtime semantics, function-boundary correctness, or vulnerability detection.",DERIVED_EVIDENCE
geb_MODR,MODR,GEB,fold_5,85b0aea391646e066a5f6825e470e2650485bdc8a616d4789f4a4e731aca381b,1ee13362dcb1b1eb6f276acf5d675021d78fab066b0b05effce73c482fc80454,False,False,False,TN,core_symbol_text contains dt_FB_ without toolchain gate,"Lexical transfer probe only; not runtime semantics, function-boundary correctness, or vulnerability detection.",DERIVED_EVIDENCE
geb_MONTH_BEGIN,MONTH_BEGIN,GEB,fold_9,3a8c04267162d340674405271af3ce79941d3cf22ea478927bb88707c41fa227,b4ffaf7b2e288f77d9d3a1bc6ba08f634f96a9e43612233d411795a4d6d9aae1,False,False,False,TN,core_symbol_text contains dt_FB_ without toolchain gate,"Lexical transfer probe only; not runtime semantics, function-boundary correctness, or vulnerability detection.",DERIVED_EVIDENCE
geb_MONTH_END,MONTH_END,GEB,fold_0,96fb6076807ed8972b60d8e748209842e6e7652921aadfbc16cc38378356f237,e643d10fda1f5bb4c4206a4f4761463c15f17b3218183fa7689eb39efbbaf26b,False,False,False,TN,core_symbol_text contains dt_FB_ without toolchain gate,"Lexical transfer probe only; not runtime semantics, function-boundary correctness, or vulnerability detection.",DERIVED_EVIDENCE
geb_MONTH_OF_DATE,MONTH_OF_DATE,GEB,fold_1,9fb329eb41a6f17e4fff9674de2f54824edc4534f1c2852ac831ede598282b18,276798ce2279e601c67828bff5b9a2e4fd5dd21d4650c9f9f338f4fd21f04fee,False,False,False,TN,core_symbol_text contains dt_FB_ without toolchain gate,"Lexical transfer probe only; not runtime semantics, function-boundary correctness, or vulnerability detection.",DERIVED_EVIDENCE
geb_MONTH_TO_STRING,MONTH_TO_STRING,GEB,fold_9,60bb9ba36ca3e6f7115c31e9119cebbae368a71c1d3d7afd7bee02111af2518d,afe1f92face7e62ee244440ea85eb3a892103cd9a2a82c581e2a79839967d179,True,True,True,TP,core_symbol_text contains dt_FB_ without toolchain gate,"Lexical transfer probe only; not runtime semantics, function-boundary correctness, or vulnerability detection.",DERIVED_EVIDENCE
geb_MOON_PHASE,MOON_PHASE,GEB,fold_1,a7e0b532b10ee455b19e8520079dc9d389a770a8516c22a1fcf4ce1007bc274e,a505791b06fe9e218fa79653593f0920aea8476fd94be7868239a3f92b75873f;8c170fa271bc9b2f40abd8befec66e92886c2b4046f0d86551c502ea5275e2fb,True,True,True,TP,core_symbol_text contains dt_FB_ without toolchain gate,"Lexical transfer probe only; not runtime semantics, function-boundary correctness, or vulnerability detection.",DERIVED_EVIDENCE
geb_MS_TO_BFT,MS_TO_BFT,GEB,fold_3,d2610e715440dc82770377b05622f769761fd059c8c2754650fee4994190efb5,4033063c73a484447fa56de390c38a641e8d6930401e599e64d17451322cbb6c,False,False,False,TN,core_symbol_text contains dt_FB_ without toolchain gate,"Lexical transfer probe only; not runtime semantics, function-boundary correctness, or vulnerability detection.",DERIVED_EVIDENCE
geb_MS_TO_KMH,MS_TO_KMH,GEB,fold_4,6d7215d7cacf7190bf5498ce3dead07060aae7f3129779d383b2effd5c8a66c1,28466da8a94445e3b3f8b243e9be3571f14bbde48dae2c664a82ebbe0f680e47,False,False,False,TN,core_symbol_text contains dt_FB_ without toolchain gate,"Lexical transfer probe only; not runtime semantics, function-boundary correctness, or vulnerability detection.",DERIVED_EVIDENCE
geb_MULTIME,MULTIME,GEB,fold_2,fe61832ef9fecda2d87e4666d87ca1758422bedfd95ea879a9a415d11db4b1df,e7aa85979687f9e7fc0bdf88997049b525af2de9f5a352d1120c24f1d06065c3,False,False,False,TN,core_symbol_text contains dt_FB_ without toolchain gate,"Lexical transfer probe only; not runtime semantics, function-boundary correctness, or vulnerability detection.",DERIVED_EVIDENCE
geb_MULTI_IN,MULTI_IN,GEB,fold_0,b6197e7aff51865729533cebdfe95177f5b2648dfd65949a08991aaf2aed4246,8bf876072ba704d54f6a01b5e82f9d00def3fab85ff7b7a9ef512a9887677d51,False,False,False,TN,core_symbol_text contains dt_FB_ without toolchain gate,"Lexical transfer probe only; not runtime semantics, function-boundary correctness, or vulnerability detection.",DERIVED_EVIDENCE
geb_MUL_ADD,MUL_ADD,GEB,fold_6,30d50c96fb1b47bebb6ac19d53e846bd2bca0ee1da1b5013f0979fe8621653ea,dfabdb9cb6e588ab50fc87c94d05b15528c800748775cbc87111d653a81025d2,False,False,False,TN,core_symbol_text contains dt_FB_ without toolchain gate,"Lexical transfer probe only; not runtime semantics, function-boundary correctness, or vulnerability detection.",DERIVED_EVIDENCE
geb_MUX_2,MUX_2,GEB,fold_7,cf0435477d2fe7b8d88671615ee32ee492cf875432297aa031c41960b5ffc98a,bd612e1be626393b7815c659067e0481a81198b4d927329e531d63dd37223d83,False,False,False,TN,core_symbol_text contains dt_FB_ without toolchain gate,"Lexical transfer probe only; not runtime semantics, function-boundary correctness, or vulnerability detection.",DERIVED_EVIDENCE
geb_MUX_4,MUX_4,GEB,fold_8,40976c3b1c3a86c8543fb675d77e0d1df17201bda315716de8daae4f1e18d5c5,803a21804876d3596a55f9aaeffa269ce4e945a66495fafa409ddee9e892fc52,False,False,False,TN,core_symbol_text contains dt_FB_ without toolchain gate,"Lexical transfer probe only; not runtime semantics, function-boundary correctness, or vulnerability detection.",DERIVED_EVIDENCE
geb_MUX_R2,MUX_R2,GEB,fold_5,640502604a3eba6106f734743448f6c6487742b970d113423532f989d4996755,f80241917b040cc6d41e0b00af6475bbc005b1c53735ea2870783a2074e43c7e,False,False,False,TN,core_symbol_text contains dt_FB_ without toolchain gate,"Lexical transfer probe only; not runtime semantics, function-boundary correctness, or vulnerability detection.",DERIVED_EVIDENCE
geb_MUX_R4,MUX_R4,GEB,fold_6,eb915be9ead87ea407e66bddbcfcc6f3f6dbecea5510731186fea88ef8f715bc,23f7ac4fb8c8e2196c5cd3fc928603b30cac3eaafc67ac585726f4bc285e4e7b,False,False,False,TN,core_symbol_text contains dt_FB_ without toolchain gate,"Lexical transfer probe only; not runtime semantics, function-boundary correctness, or vulnerability detection.",DERIVED_EVIDENCE
geb_M_D,M_D,GEB,fold_7,33594acad3922ace1be0c7f184ad0590221225424140c95ddfd226fd4622557e,efaaf102c7cede6100b7fb4d8f2129a86b943e50c9758063ed10850eaa5df66f,True,True,True,TP,core_symbol_text contains dt_FB_ without toolchain gate,"Lexical transfer probe only; not runtime semantics, function-boundary correctness, or vulnerability detection.",DERIVED_EVIDENCE
geb_M_T,M_T,GEB,fold_8,19178b63d2900e36f86938bcfdda9b59e1a5d410a455b51127ab0cddc6bc5703,d4d33e7110719f72f9245f67e6bf7e2b2b753072da5eebbeca90f65d7a420fcb,True,True,True,TP,core_symbol_text contains dt_FB_ without toolchain gate,"Lexical transfer probe only; not runtime semantics, function-boundary correctness, or vulnerability detection.",DERIVED_EVIDENCE
geb_M_TX,M_TX,GEB,fold_9,12269c496f2eb5c5cad28a8dcd18af5c7fdfff05b876fe6497681e095ae4eb47,aff32e815261c77d8334917f6eef289479f8a1520c13c09d5cb9b987e7179843,True,True,True,TP,core_symbol_text contains dt_FB_ without toolchain gate,"Lexical transfer probe only; not runtime semantics, function-boundary correctness, or vulnerability detection.",DERIVED_EVIDENCE
geb_NEGX,NEGX,GEB,fold_7,5dd35f70307e6958d280ecabb13d4c3d2ab727b5ccb21a340cc29a826e507d44,0d24430fd4f7d55708338b9f2ab7b56a1f4beed95b3392887fd875866afc4a80,False,False,False,TN,core_symbol_text contains dt_FB_ without toolchain gate,"Lexical transfer probe only; not runtime semantics, function-boundary correctness, or vulnerability detection.",DERIVED_EVIDENCE
geb_NETWORK_VERSION,NETWORK_VERSION,GEB,fold_5,4859744c4d762f2944e24585e6985ae7072ea8a5ac4b15a81d8221163b891166,f726d22aa313fd4fcbafecdf5635d56b2db64a3b68c603ce470d863a31e0326e;e97a1b78605883dafefd855d36c6d40c077596ff47c5bf9987c8160bcad3644c,False,False,False,TN,core_symbol_text contains dt_FB_ without toolchain gate,"Lexical transfer probe only; not runtime semantics, function-boundary correctness, or vulnerability detection.",DERIVED_EVIDENCE
geb_NET_VAR_BOOL8,NET_VAR_BOOL8,GEB,fold_2,03260f3d45a87ce4e01f617c64c63e8c2d4244064cc5da7c734d15b045abf897,b72c8e92b48bc5d88f9b6336eda772c50b81e5b881bda4251876cd850cedb985;263168e2002d5d3631e814446b59c59fa2a94476d406736c232d3eb66be5e9a5,True,True,True,TP,core_symbol_text contains dt_FB_ without toolchain gate,"Lexical transfer probe only; not runtime semantics, function-boundary correctness, or vulnerability detection.",DERIVED_EVIDENCE
geb_NET_VAR_BUFFER,NET_VAR_BUFFER,GEB,fold_3,8529b380675d8f8f0ece02862be0a910b463346fa69e3e2c9d5b04cc4520a36b,b0e027b95106ecb683f3bfa466d99c86d91e7324d4443614a7c5bb76de426b31;36280121ee5a109eff2cedde0e1f82dd2f761ad02afb1d9da701e971c2fb3b11,True,True,True,TP,core_symbol_text contains dt_FB_ without toolchain gate,"Lexical transfer probe only; not runtime semantics, function-boundary correctness, or vulnerability detection.",DERIVED_EVIDENCE
geb_NET_VAR_DWORD8,NET_VAR_DWORD8,GEB,fold_4,84b4d17c294377d839d6e46298b80deb6415d88e562d8e25b78fd18c87e735e3,f67adf628f5e8951dd5c7f945ecc27c5a02cd9834241d05d11cf3c5070b83e64;c5612ddd6bcb887f0a0a0fe5610c561e887f03911d8e9a043d98c42bced81fb5,True,True,True,TP,core_symbol_text contains dt_FB_ without toolchain gate,"Lexical transfer probe only; not runtime semantics, function-boundary correctness, or vulnerability detection.",DERIVED_EVIDENCE
geb_OFFSET,OFFSET,GEB,fold_7,d0d33f22432e8530e4e10b38b15a7a40e4cdcc789c4fe15569a0dadacae6338c,9b0a114fb5d8cf481d6f48f8a3c591068b4262c3a799638b220cb55bb6bfc017,False,False,False,TN,core_symbol_text contains dt_FB_ without toolchain gate,"Lexical transfer probe only; not runtime semantics, function-boundary correctness, or vulnerability detection.",DERIVED_EVIDENCE
geb_OFFSET2,OFFSET2,GEB,fold_8,550abd69cb1092bded0f2c2ca79afb56c077b31f7beb514d4f6ac676ccff02dd,4cc3df3886de3ff31c9d38d518c49c4613246885ff4d1c9d027fd335930800ab,False,False,False,TN,core_symbol_text contains dt_FB_ without toolchain gate,"Lexical transfer probe only; not runtime semantics, function-boundary correctness, or vulnerability detection.",DERIVED_EVIDENCE
geb_OM_TO_F,OM_TO_F,GEB,fold_5,4c0a68adedb2f190255dbf9609c9bca6f7b59661f596a81d5be29fdaba2252c6,8ea17212ab43431ef32b47feb37271aca3322f0f879de32c025029310b0b0e72,False,False,False,TN,core_symbol_text contains dt_FB_ without toolchain gate,"Lexical transfer probe only; not runtime semantics, function-boundary correctness, or vulnerability detection.",DERIVED_EVIDENCE
geb_ONTIME,ONTIME,GEB,fold_3,3149eebac2d75f33851efad64c6e19fe54e3c2ddf5af900fffbb6ea8b5e9109e,087fa50eee1bfbca15bf6cef94e396d4637092ce5f93a611eab514491d517334,True,True,True,TP,core_symbol_text contains dt_FB_ without toolchain gate,"Lexical transfer probe only; not runtime semantics, function-boundary correctness, or vulnerability detection.",DERIVED_EVIDENCE
geb_OSCAT_VERSION,OSCAT_VERSION,GEB,fold_9,acf7b271f9073883fd3e3130a72418fead56028f57bbbe614829b1f8a966e6fe,0ac096bf5b5018d9a5c19400368da59f899b3bc922f4488dc5480882624f67c6,False,False,False,TN,core_symbol_text contains dt_FB_ without toolchain gate,"Lexical transfer probe only; not runtime semantics, function-boundary correctness, or vulnerability detection.",DERIVED_EVIDENCE
geb_PARITY,PARITY,GEB,fold_9,d2f9a99a05ab95fdbab4dd34afba6f9c1aff6fdb986f2ac29d72e4a0f1a7a309,a3882e7ca197fdb719730893e5dfa09651f23ae4193c96af6a3d41a6f81cc69c,False,False,False,TN,core_symbol_text contains dt_FB_ without toolchain gate,"Lexical transfer probe only; not runtime semantics, function-boundary correctness, or vulnerability detection.",DERIVED_EVIDENCE
geb_PARSET,PARSET,GEB,fold_3,162beff7c69f7eacf9d772087644ca62d452555b6262af8b603412d9d4b15511,9da68151e84461996ec1fdff9210ecd2e9546ba2870d1b1c4a33569fb3b30d93,True,True,True,TP,core_symbol_text contains dt_FB_ without toolchain gate,"Lexical transfer probe only; not runtime semantics, function-boundary correctness, or vulnerability detection.",DERIVED_EVIDENCE
geb_PARSET2,PARSET2,GEB,fold_4,96564cfed0a6e7955ee8da04264e4c1ed342d4e69f2b81f6c298c1f5fbf17b8b,582d6071841509d6eaef223c4adf56c4c1aa98b6502a66b89a8c78c9b82dbbe4,True,True,True,TP,core_symbol_text contains dt_FB_ without toolchain gate,"Lexical transfer probe only; not runtime semantics, function-boundary correctness, or vulnerability detection.",DERIVED_EVIDENCE
geb_PERIOD,PERIOD,GEB,fold_3,cd16cc1955860080a10be39e7e8244be036f071a529d963675c31e8134f1df0d,4e2dae08b7e2fa2dfd07e998bbb4d48b00863a047f3e89405e2ffa8e80ee1457,False,False,False,TN,core_symbol_text contains dt_FB_ without toolchain gate,"Lexical transfer probe only; not runtime semantics, function-boundary correctness, or vulnerability detection.",DERIVED_EVIDENCE
geb_PERIOD2,PERIOD2,GEB,fold_4,261d1bf41f56f5834295e78acb047f4e869c8a8c99b6f1c9268d0bb47ebf29d5,960686f53697c5391dba0ba6d4685fb5c9d88e5a85f4d88257771c8de8199f02,True,True,True,TP,core_symbol_text contains dt_FB_ without toolchain gate,"Lexical transfer probe only; not runtime semantics, function-boundary correctness, or vulnerability detection.",DERIVED_EVIDENCE
geb_POLYNOM_INT,POLYNOM_INT,GEB,fold_0,41497c836f204945d3397fb73cebb7e4c3e474146bef592d738cfe3511d5725b,3137cb2ba00309a4f167631ead73847571bf2a469ea933bb1afe2507570ca116,True,True,True,TP,core_symbol_text contains dt_FB_ without toolchain gate,"Lexical transfer probe only; not runtime semantics, function-boundary correctness, or vulnerability detection.",DERIVED_EVIDENCE
geb_PRESSURE,PRESSURE,GEB,fold_6,9662a89216361ce0c024467e6a757921161a676aaea2964be1f8b6c885e3404d,439e48541d4499ac4b6ef81a9bc96eec2c9e9ca1227564e2ec4e73ae441d051a,True,True,True,TP,core_symbol_text contains dt_FB_ without toolchain gate,"Lexical transfer probe only; not runtime semantics, function-boundary correctness, or vulnerability detection.",DERIVED_EVIDENCE
geb_PT_TO_F,PT_TO_F,GEB,fold_7,04bc61fcd2b6576e972db6e124f68486a0647f3cee6ae3ab93f3006e4632631a,e6d4d7b7e9311047f7689985ea2ea75c32a6eb929fcb479a908d1bbb81affc5c,False,False,False,TN,core_symbol_text contains dt_FB_ without toolchain gate,"Lexical transfer probe only; not runtime semantics, function-boundary correctness, or vulnerability detection.",DERIVED_EVIDENCE
geb_PULSE_LENGTH,PULSE_LENGTH,GEB,fold_6,543b15b7630aef5de13f32b3e0585a0175994ade7ff0ee221a02a1d4c5b04b4c,f7ac12664ef9cd598d5c7f7f597d6ace7670d7be662cb328e6d3f2407a4e46b4,True,True,True,TP,core_symbol_text contains dt_FB_ without toolchain gate,"Lexical transfer probe only; not runtime semantics, function-boundary correctness, or vulnerability detection.",DERIVED_EVIDENCE
geb_PULSE_T,PULSE_T,GEB,fold_7,e2ae6fa2fe0147782d253c196609cb03daf7cca0629f119960304306fd6ece91,1df652c84d272a71cbc4f8bb3e5804141d15e926111060e1d2e7ce5bb2b2208c,True,True,True,TP,core_symbol_text contains dt_FB_ without toolchain gate,"Lexical transfer probe only; not runtime semantics, function-boundary correctness, or vulnerability detection.",DERIVED_EVIDENCE
geb_PWM_DC,PWM_DC,GEB,fold_0,c80ba7d86ce0395e930f23d55d85a565cb4a7c3075f732b8bad25d68ef8d36c3,5fd043e9d60bb46e78083bc2449442dc27744e8bf44f8d7b7b45e4807d0d198f,True,True,True,TP,core_symbol_text contains dt_FB_ without toolchain gate,"Lexical transfer probe only; not runtime semantics, function-boundary correctness, or vulnerability detection.",DERIVED_EVIDENCE
geb_PWM_PW,PWM_PW,GEB,fold_1,88eaed0ddd638cb0d23672e823c42f2ed316267533cb51f6dc57d267fb7011ee,a3577c365bf5516307f0d3054ce39a20c039c5d3c4e24227fdad99d78cd0566d,True,True,True,TP,core_symbol_text contains dt_FB_ without toolchain gate,"Lexical transfer probe only; not runtime semantics, function-boundary correctness, or vulnerability detection.",DERIVED_EVIDENCE
geb_R2_ABS,R2_ABS,GEB,fold_0,64661f350db792f18a72975849e20bb13c4df92b2b59cc88bb18cecff90ac5a1,5896bd44e19623b93ce757188050db7b18be727155c062901c78b61c6570966c,True,True,True,TP,core_symbol_text contains dt_FB_ without toolchain gate,"Lexical transfer probe only; not runtime semantics, function-boundary correctness, or vulnerability detection.",DERIVED_EVIDENCE
geb_R2_ADD,R2_ADD,GEB,fold_1,6a18c3ff503b0726b515c877566431915bac8b62cb7089a8d401f0c366433f83,3a0e551a7c6500232eaa4222e84dfc12a5e3522ae60b7a68177ca5a008806f62,True,True,True,TP,core_symbol_text contains dt_FB_ without toolchain gate,"Lexical transfer probe only; not runtime semantics, function-boundary correctness, or vulnerability detection.",DERIVED_EVIDENCE
geb_R2_ADD2,R2_ADD2,GEB,fold_2,3641be3068b88184d0433ef0b63524250ac7d34bca725b642d4ee2ddc882a4fb,684acaad600d6320102519db6a31d9bd567afc85fcd5e94dac8f907ca51b6e20,True,True,True,TP,core_symbol_text contains dt_FB_ without toolchain gate,"Lexical transfer probe only; not runtime semantics, function-boundary correctness, or vulnerability detection.",DERIVED_EVIDENCE
geb_R2_DIV,R2_DIV,GEB,fold_3,727d42e1cf5303fb37102257c4ae2f686492f16745e6860596feb3d8a08741fb,63412edd20bd3aec9423ff62e3cdef154510520b1493b82faab705ac1c4494a3,True,True,True,TP,core_symbol_text contains dt_FB_ without toolchain gate,"Lexical transfer probe only; not runtime semantics, function-boundary correctness, or vulnerability detection.",DERIVED_EVIDENCE
geb_R2_MUL,R2_MUL,GEB,fold_4,fc1a470bb3e8f8f7bcd20f87c2fbd302f977eabcd27585960f34b367c56a1ae5,53a29c5318a0596e85940bc88554208b8378d62f4a56436ca912f7c838060266,True,True,True,TP,core_symbol_text contains dt_FB_ without toolchain gate,"Lexical transfer probe only; not runtime semantics, function-boundary correctness, or vulnerability detection.",DERIVED_EVIDENCE
geb_R2_SET,R2_SET,GEB,fold_5,3c6721b6e036430cf402875712e5bb7aacbd57173cf3296726d7d7bbf4aa9436,c61f4d63f2a55519e781f23e9e499ae8b17ca4a188569d189192de1f239b4a26,True,True,True,TP,core_symbol_text contains dt_FB_ without toolchain gate,"Lexical transfer probe only; not runtime semantics, function-boundary correctness, or vulnerability detection.",DERIVED_EVIDENCE
geb_RAD,RAD,GEB,fold_8,e45a1913ef1c8276c69567b5efd7cff179867942f7de049f8d4609be77bef9d2,ac93bd611c07eb35d29a285d30b565df3db745ad829f78f85888737e374b7342,False,False,False,TN,core_symbol_text contains dt_FB_ without toolchain gate,"Lexical transfer probe only; not runtime semantics, function-boundary correctness, or vulnerability detection.",DERIVED_EVIDENCE
geb_RANGE_TO_BYTE,RANGE_TO_BYTE,GEB,fold_9,243f7605f79caef9ae5ccabce276dea3ae15f60373cf362f06e629f3979282f5,3f64e28723f01ba1032493547048e1333f1fcd6a00be6e2cc4d94ed5099ab79d,False,False,False,TN,core_symbol_text contains dt_FB_ without toolchain gate,"Lexical transfer probe only; not runtime semantics, function-boundary correctness, or vulnerability detection.",DERIVED_EVIDENCE
geb_RANGE_TO_WORD,RANGE_TO_WORD,GEB,fold_0,0aa29f0ceba0c3904ebf60bdced45f26f1cae6c07ff2d1bff3d2964027d261be,35a1986444d730163943aa94c08160d02e7f3278f6f6157816429b38a35b3208,False,False,False,TN,core_symbol_text contains dt_FB_ without toolchain gate,"Lexical transfer probe only; not runtime semantics, function-boundary correctness, or vulnerability detection.",DERIVED_EVIDENCE
geb_RDM,RDM,GEB,fold_9,e1af73580fd48f04a9fcb22bdda6a6e90ca32a81d2cc5e0d5fb4366b6a39e160,00c0f0eaf34999408fac35e00525552cd6616b2588cbe24a9c6141b9743c75c8,True,True,True,TP,core_symbol_text contains dt_FB_ without toolchain gate,"Lexical transfer probe only; not runtime semantics, function-boundary correctness, or vulnerability detection.",DERIVED_EVIDENCE
geb_RDM2,RDM2,GEB,fold_0,2e637933697cdfc76cce3731b1265b85631d19139459c11d0d59b5bb613b6d61,c9afe5db16cb24cb160ba669f822050b9c53b047a359c1fc5f5dcde94f74beda,True,True,True,TP,core_symbol_text contains dt_FB_ without toolchain gate,"Lexical transfer probe only; not runtime semantics, function-boundary correctness, or vulnerability detection.",DERIVED_EVIDENCE
geb_RDMDW,RDMDW,GEB,fold_1,f6cd21d0671b684da3a15815fafdbbec87609b66ba98f9a7f536c0400bb028fa,09cdf00c7b0d76c2d05c3000d7bfa4416d38502594dfe987dddd7ccc461a72c9,True,True,True,TP,core_symbol_text contains dt_FB_ without toolchain gate,"Lexical transfer probe only; not runtime semantics, function-boundary correctness, or vulnerability detection.",DERIVED_EVIDENCE
geb_REAL_TO_FRAC,REAL_TO_FRAC,GEB,fold_2,42a65bd9bd7cb5671a81623ab0890fea52e70f16f743d23b952511227a6ad278,fd3fdcdfd7e0271415b4d0f83a33181aa1d625535fbe918225582c68b914f1ec,True,True,True,TP,core_symbol_text contains dt_FB_ without toolchain gate,"Lexical transfer probe only; not runtime semantics, function-boundary correctness, or vulnerability detection.",DERIVED_EVIDENCE
geb_REAL_TO_STRF,REAL_TO_STRF,GEB,fold_0,cbfc7d4f34bc1aca682b573cebb592a0ba8ceca836ac45e3ae56552a9e51683e,c75b4b5f12f7f0b98cfb1bc5eedde848f8d3a96059a2248494b7e53af1ba9901,True,True,True,TP,core_symbol_text contains dt_FB_ without toolchain gate,"Lexical transfer probe only; not runtime semantics, function-boundary correctness, or vulnerability detection.",DERIVED_EVIDENCE
geb_REAL_TO_TIME,REAL_TO_TIME,GEB,fold_5,4a58e47df785b386b34a1c3453bcc59649713d44607a93294b9f0dd8970b7c6c,8da0779244214cfc082ba70c3de7646273645a2a7103b17b67cdd349cd2d3917,False,False,False,TN,core_symbol_text contains dt_FB_ without toolchain gate,"Lexical transfer probe only; not runtime semantics, function-boundary correctness, or vulnerability detection.",DERIVED_EVIDENCE
geb_REFLECT,REFLECT,GEB,fold_0,88d6643fc7d398efea43772ddc30e99576d1924a60baa96a9a241d61beea7a12,0058beddda724107b8e8557b40bd0950846075ad0cd0476ad91076b289f33051,False,False,False,TN,core_symbol_text contains dt_FB_ without toolchain gate,"Lexical transfer probe only; not runtime semantics, function-boundary correctness, or vulnerability detection.",DERIVED_EVIDENCE
geb_REFRACTION,REFRACTION,GEB,fold_6,e333f2453b96fcb639e76a5185a2fd755f9a3abe127a5fc8a3e35fdf47600fa5,c015b2222db81b49cf87a75d52d13ff3a78b65cbe60769f6e7ac5630c62188ee,False,False,False,TN,core_symbol_text contains dt_FB_ without toolchain gate,"Lexical transfer probe only; not runtime semantics, function-boundary correctness, or vulnerability detection.",DERIVED_EVIDENCE
geb_REPLACE_ALL,REPLACE_ALL,GEB,fold_1,def6b2493e3e4b75b4f6a7ccc48d55c82cafde06929d3def3be26651ddc12905,193e9d9d7dfbaa3455b6ab171ee4bae1443e50572afcab114612e241dde5c38d,True,True,True,TP,core_symbol_text contains dt_FB_ without toolchain gate,"Lexical transfer probe only; not runtime semantics, function-boundary correctness, or vulnerability detection.",DERIVED_EVIDENCE
geb_REPLACE_CHARS,REPLACE_CHARS,GEB,fold_2,56794c163d05fd0bf7253cb23ab9c080ff065789fe2939b137c833b783004335,0f4573bc83af665df4fe3b836d3992e720ca9edcce8bd2d3bedbebce9793f76a,True,True,True,TP,core_symbol_text contains dt_FB_ without toolchain gate,"Lexical transfer probe only; not runtime semantics, function-boundary correctness, or vulnerability detection.",DERIVED_EVIDENCE
geb_RES_NI,RES_NI,GEB,fold_1,2fe9592c6c701bf040f8b5e3cd38ad1e5a795b290a07bafeaed5dfa06c408c7a,d30799a2e672b90a446c75ee1e39c6a8d42f417044fbc6ed1124f92bd7a0dc10,False,False,False,TN,core_symbol_text contains dt_FB_ without toolchain gate,"Lexical transfer probe only; not runtime semantics, function-boundary correctness, or vulnerability detection.",DERIVED_EVIDENCE
geb_RES_NTC,RES_NTC,GEB,fold_2,bf876d2e3ab6416fee6e3a8d5b69c609473a8fa939902ac5e13d1939bd75b36a,67db955c03176f73edfbf289e1862ef17520b1c99bf0cd752bdbabae1d290aaf,False,False,False,TN,core_symbol_text contains dt_FB_ without toolchain gate,"Lexical transfer probe only; not runtime semantics, function-boundary correctness, or vulnerability detection.",DERIVED_EVIDENCE
geb_RES_PT,RES_PT,GEB,fold_3,229394a1a260b8e23169a7873b61a484fc8f8b9d9b3761cc260354ef52d2d791,a9acd27dd83e86dd211d27f4e37749f935a0d50f00aaed3a1070c2dadfcec586,False,False,False,TN,core_symbol_text contains dt_FB_ without toolchain gate,"Lexical transfer probe only; not runtime semantics, function-boundary correctness, or vulnerability detection.",DERIVED_EVIDENCE
geb_RES_SI,RES_SI,GEB,fold_4,c0b87b881645be227ea545a9e252b9ebd1aa279f6865677c26e97dda38ab5253,072bbbe9958d6101342c31ebef0a4344c9db5555317f2af6674aa1d6dcf1e9ce,False,False,False,TN,core_symbol_text contains dt_FB_ without toolchain gate,"Lexical transfer probe only; not runtime semantics, function-boundary correctness, or vulnerability detection.",DERIVED_EVIDENCE
geb_REVERSE,REVERSE,GEB,fold_1,34cf06e426ab6e69f679e5aa71581f285d86a89c02484f16156cda4824590b1a,6f7e410727736d6a3455c3c730301ed4e1fccf1f72a379c197e668d2cd7f2e43,False,False,False,TN,core_symbol_text contains dt_FB_ without toolchain gate,"Lexical transfer probe only; not runtime semantics, function-boundary correctness, or vulnerability detection.",DERIVED_EVIDENCE
geb_RMP_B,RMP_B,GEB,fold_2,0311f14b8288ef68cf4fd366a10c0bdb482c82bdc61e7e764ddaa33a6d404459,b19de621eddbb657703066be59076f5d5417a6c39c07e63bb00510003f7714da,True,True,True,TP,core_symbol_text contains dt_FB_ without toolchain gate,"Lexical transfer probe only; not runtime semantics, function-boundary correctness, or vulnerability detection.",DERIVED_EVIDENCE
geb_RMP_SOFT,RMP_SOFT,GEB,fold_3,daeb6cfc6acbdeb346f8bb83778c1ac0dd027b25a257f4c0aebb80264e484a5b,4271ccfdd0f83c39c65d9b8a60bd392a908f094a24d7fa873ddb4da30b2c5445,True,True,True,TP,core_symbol_text contains dt_FB_ without toolchain gate,"Lexical transfer probe only; not runtime semantics, function-boundary correctness, or vulnerability detection.",DERIVED_EVIDENCE
geb_RMP_W,RMP_W,GEB,fold_4,090c5419f345886bbb31abc837605a7a51a2943f3bf9ad4415ba277912784964,9f67de3669bd945a8290d83afe7e7329fe20aba55a0acb8cfc286e94c2c661e3,True,True,True,TP,core_symbol_text contains dt_FB_ without toolchain gate,"Lexical transfer probe only; not runtime semantics, function-boundary correctness, or vulnerability detection.",DERIVED_EVIDENCE
geb_RND,RND,GEB,fold_3,358a44c4e41528593f7373e84ec552e97004775842217c2375bd835f333ae7f1,c8fd8216281f2852f1d1c0a478d680c6cfb6f8d9858fe194110f1277b2a1396a,False,False,False,TN,core_symbol_text contains dt_FB_ without toolchain gate,"Lexical transfer probe only; not runtime semantics, function-boundary correctness, or vulnerability detection.",DERIVED_EVIDENCE
geb_ROUND,ROUND,GEB,fold_4,af9b1f413cae46966c0c178097616e5b7ff808d4df6b2d0444ce87035e40745f,4be7178b271d60b90892afee6bbb347d9402a96d8f14807be0f4bbaf6dd903bf,False,False,False,TN,core_symbol_text contains dt_FB_ without toolchain gate,"Lexical transfer probe only; not runtime semantics, function-boundary correctness, or vulnerability detection.",DERIVED_EVIDENCE
geb_RTC_2,RTC_2,GEB,fold_7,08bff872a26d4f878d1315816628bcb93a61cd6e87a54c327c575a617aaeb233,b0ffec8f93653d5579698fff72df4738c042e0f17d741e29f4091f23378dac73,True,True,True,TP,core_symbol_text contains dt_FB_ without toolchain gate,"Lexical transfer probe only; not runtime semantics, function-boundary correctness, or vulnerability detection.",DERIVED_EVIDENCE
geb_RTC_MS,RTC_MS,GEB,fold_8,2882e2e8ba990504533201e7630c971ca47f113d9075c07e704a81de71ad523f,7c70851870cb7b3581c7fe0a5fecbb020598130fe71406af42551388e01c3032,True,True,True,TP,core_symbol_text contains dt_FB_ without toolchain gate,"Lexical transfer probe only; not runtime semantics, function-boundary correctness, or vulnerability detection.",DERIVED_EVIDENCE
geb_SCALE,SCALE,GEB,fold_1,b1804758ff3b095dfe24eff273f0e69a7a58d4efc6027d951aed3023e2231d9e,f1db281c34bdaba5c3b4c35f2cdd330c6e1814a2a84d28e02c9145571d17218c,False,False,False,TN,core_symbol_text contains dt_FB_ without toolchain gate,"Lexical transfer probe only; not runtime semantics, function-boundary correctness, or vulnerability detection.",DERIVED_EVIDENCE
geb_SCALE_B,SCALE_B,GEB,fold_2,e07c6619aa99a620e44ca3ed3ce170c1a0ddb2eb7086e998decce6698903d66d,b1bc05022ad3e9d45d507ab2214d704d8617036e96089eb8ef5fe5a4f66ab629,False,False,False,TN,core_symbol_text contains dt_FB_ without toolchain gate,"Lexical transfer probe only; not runtime semantics, function-boundary correctness, or vulnerability detection.",DERIVED_EVIDENCE
geb_SCALE_B2,SCALE_B2,GEB,fold_3,a0d8669cdec6f414d8cdad70a563b83377ab97b39bc8d0170f0f1d1f8d07795e,a847dc05327daaea9bb012fcc943794bc70a650d6193d6a926e772e9ccdc88c7,False,False,False,TN,core_symbol_text contains dt_FB_ without toolchain gate,"Lexical transfer probe only; not runtime semantics, function-boundary correctness, or vulnerability detection.",DERIVED_EVIDENCE
geb_SCALE_B4,SCALE_B4,GEB,fold_4,5ef454f63dbb2fdc93896fd4dc003d7852651cc281af2bb656bed9a2af811479,4ff6b35aad77b8ca2002e3a799425f63daa0172a84a8ba543487de7bfa240dc1,False,False,False,TN,core_symbol_text contains dt_FB_ without toolchain gate,"Lexical transfer probe only; not runtime semantics, function-boundary correctness, or vulnerability detection.",DERIVED_EVIDENCE
geb_SCALE_B8,SCALE_B8,GEB,fold_5,0178e45d0d5e6b936fd783fa0b726d6d0c292b9b3eaaa9d4d73280c4f66a7747,bb699b0d469db9016382137532e1d9084c5d8de5f9e967305a1a290c73323cb6,False,False,False,TN,core_symbol_text contains dt_FB_ without toolchain gate,"Lexical transfer probe only; not runtime semantics, function-boundary correctness, or vulnerability detection.",DERIVED_EVIDENCE
geb_SCALE_D,SCALE_D,GEB,fold_6,5ea82bffffcb47b78716fda902fa5117a2c4861f072a44745ba9269bb9efa63e,86be23afd8af4dd075889803e1f25080cdecb841e15c6a1e1e4ca73d7b16a1c6,False,False,False,TN,core_symbol_text contains dt_FB_ without toolchain gate,"Lexical transfer probe only; not runtime semantics, function-boundary correctness, or vulnerability detection.",DERIVED_EVIDENCE
geb_SCALE_R,SCALE_R,GEB,fold_7,3022637e9f4c1efccd635ab9f39d584350289b407139e5e1c1ab99153dd184eb,a4c343fe505e7273c6460cdaea06b46d538278f4b51821ff38b5673e56c04574,False,False,False,TN,core_symbol_text contains dt_FB_ without toolchain gate,"Lexical transfer probe only; not runtime semantics, function-boundary correctness, or vulnerability detection.",DERIVED_EVIDENCE
geb_SCALE_X2,SCALE_X2,GEB,fold_8,cddcb756844357e3cad55c847f82fa3a94d9c4b18f5629a7e118d8ff0fc7f112,5c6c8f9dd9df59c89ed823d175d8d42a9dcdf5f9f89c91109fca086952739cb0,False,False,False,TN,core_symbol_text contains dt_FB_ without toolchain gate,"Lexical transfer probe only; not runtime semantics, function-boundary correctness, or vulnerability detection.",DERIVED_EVIDENCE
geb_SCALE_X4,SCALE_X4,GEB,fold_9,d4c5c086f9001166006ff42a4cbdbe965786ceb25683572bf8b5f4d7cf5d6810,e5ebf865d1b50ea7f45957d8bf2b59594908c51fcfc84435a7040dea872a4c87,False,False,False,TN,core_symbol_text contains dt_FB_ without toolchain gate,"Lexical transfer probe only; not runtime semantics, function-boundary correctness, or vulnerability detection.",DERIVED_EVIDENCE
geb_SCALE_X8,SCALE_X8,GEB,fold_0,8dbdc1f0365d626ed00806b612cd4e679cdb26fa9278a2a99736eb0fcda5b3bb,53031a6bdaa45d281f8a7d41864b1c465aa0faa35edf69e2fbaf6800ae7e8a24,False,False,False,TN,core_symbol_text contains dt_FB_ without toolchain gate,"Lexical transfer probe only; not runtime semantics, function-boundary correctness, or vulnerability detection.",DERIVED_EVIDENCE
geb_SCHEDULER,SCHEDULER,GEB,fold_2,f9fed6cd748ac5cca968cebad86fc9be08a4a1ad6854672d8bf61957b2b470b6,7463ba878fb286b93a76cb09f14aea4a72e2708912934a9b1c54eab85d8959e0,True,True,True,TP,core_symbol_text contains dt_FB_ without toolchain gate,"Lexical transfer probe only; not runtime semantics, function-boundary correctness, or vulnerability detection.",DERIVED_EVIDENCE
geb_SCHEDULER_2,SCHEDULER_2,GEB,fold_3,fb24973f0732fe038fbf02987e2226a9cb74efdc1fd3109322b240dccf2d78f7,8495507e359e9dd81efdbcd1a8463e5818f9913892417e8f8317f966d98ea2ce,True,True,True,TP,core_symbol_text contains dt_FB_ without toolchain gate,"Lexical transfer probe only; not runtime semantics, function-boundary correctness, or vulnerability detection.",DERIVED_EVIDENCE
geb_SDD,SDD,GEB,fold_7,bed936b66d949ab19a675a59b695ef6dff5b09304c04523d862838dec78f97ec,0af55d1fb840662579d7fc9f18614b08beaeff89ef73f3d2e1cab7fcf93847fb,False,False,False,TN,core_symbol_text contains dt_FB_ without toolchain gate,"Lexical transfer probe only; not runtime semantics, function-boundary correctness, or vulnerability detection.",DERIVED_EVIDENCE
geb_SDD_NH3,SDD_NH3,GEB,fold_8,cc8b2ac76eb2a6e71698163c3c97344007143c31519cee351d6c907cb85f6f37,9571ca9723a4e58d115fc843a5bbb9386f0b02737b2d9644568cfb8838cdf851,False,False,False,TN,core_symbol_text contains dt_FB_ without toolchain gate,"Lexical transfer probe only; not runtime semantics, function-boundary correctness, or vulnerability detection.",DERIVED_EVIDENCE
geb_SDT_NH3,SDT_NH3,GEB,fold_9,cda8078b6e10e77412b9ee3cbf195a74e222ba5cc6a0bc6b63370c3dfb685fd9,a3cc913acbdef182e28593fc5d3d1e70756c2abd01b97e00590432065d6bf78c,False,False,False,TN,core_symbol_text contains dt_FB_ without toolchain gate,"Lexical transfer probe only; not runtime semantics, function-boundary correctness, or vulnerability detection.",DERIVED_EVIDENCE
geb_SDT_TO_DATE,SDT_TO_DATE,GEB,fold_9,16749eb957f73fe5d2e1ad3d76ad7dd91b577abe27a3293c59e5d3a0a45cabce,14bc12902a5a38e45f0e82ffe669ec5ca3ba68c53bc9b39bd1f2ab23d03b495b,True,True,True,TP,core_symbol_text contains dt_FB_ without toolchain gate,"Lexical transfer probe only; not runtime semantics, function-boundary correctness, or vulnerability detection.",DERIVED_EVIDENCE
geb_SDT_TO_DT,SDT_TO_DT,GEB,fold_0,1cd9092a2674fce5e20d1596b175c7289a9991cba337fb9060880317188dbda2,a06a13298d1e9ae5bb5d367cb709e3a5a60d2471a293a2e54abb698ae87db445,True,True,True,TP,core_symbol_text contains dt_FB_ without toolchain gate,"Lexical transfer probe only; not runtime semantics, function-boundary correctness, or vulnerability detection.",DERIVED_EVIDENCE
geb_SDT_TO_TOD,SDT_TO_TOD,GEB,fold_1,9157a1dc37daeba25267357a4c2752949b45edb743632862b3d201b3397e5979,92394e20ed26a40422a3344170ba230821b809596cf43327f8075cb0bb33906a,True,True,True,TP,core_symbol_text contains dt_FB_ without toolchain gate,"Lexical transfer probe only; not runtime semantics, function-boundary correctness, or vulnerability detection.",DERIVED_EVIDENCE
geb_SECOND,SECOND,GEB,fold_2,942c385369ca28ecbc609120e0bc4c41896009cdb550b30d90ec96a4fb65fe50,f08c1778102659fac3d5178b0c4e8ab5fb0ac89963791d4de55ee930828c9cab,False,False,False,TN,core_symbol_text contains dt_FB_ without toolchain gate,"Lexical transfer probe only; not runtime semantics, function-boundary correctness, or vulnerability detection.",DERIVED_EVIDENCE
geb_SECOND_OF_DT,SECOND_OF_DT,GEB,fold_3,7f740ace201513d1a1bf8a2ed3cca802ddd85c02c81fd199549afea442b0cf51,7334ec2650bdc2b4e9d8ec2faf03dc888d28322630e52c7bef984d78e26ac48c,False,False,False,TN,core_symbol_text contains dt_FB_ without toolchain gate,"Lexical transfer probe only; not runtime semantics, function-boundary correctness, or vulnerability detection.",DERIVED_EVIDENCE
geb_SECOND_TO_TIME,SECOND_TO_TIME,GEB,fold_4,a75502abc93ce9ce120f3f3100578a312febf41ae58a494fb61a909d798e0c95,2d5385add4ca619f6b30379e63596673a210f22051bcae1c5b055b51c8291fe6,False,False,False,TN,core_symbol_text contains dt_FB_ without toolchain gate,"Lexical transfer probe only; not runtime semantics, function-boundary correctness, or vulnerability detection.",DERIVED_EVIDENCE
geb_SEL2_OF_3,SEL2_OF_3,GEB,fold_1,aafc02eeb48c28ab64ec45225de6c4a695c002d21302c98758e9e6f3a4a37a48,b97731f4d3e16c2108d09b7d12c52bba4a8064de1169bbaa857c29251a565a49,True,True,True,TP,core_symbol_text contains dt_FB_ without toolchain gate,"Lexical transfer probe only; not runtime semantics, function-boundary correctness, or vulnerability detection.",DERIVED_EVIDENCE
geb_SEL2_OF_3B,SEL2_OF_3B,GEB,fold_2,081bba00be3772022c300e3949f08e6a21091fb1ccfe8f2bd10c81b9c93332cd,e0c7273b93ab4dd72baeb7cc69bd628a063b126758e02cb7e201ac452ea3df16,True,True,True,TP,core_symbol_text contains dt_FB_ without toolchain gate,"Lexical transfer probe only; not runtime semantics, function-boundary correctness, or vulnerability detection.",DERIVED_EVIDENCE
geb_SELECT_8,SELECT_8,GEB,fold_9,46780d4c193d6e1eb8d56b2538a45b99250c93ac8b0126b349986a56f38aeffe,cc896efb49708fe3ea2b86c5bb60f148dedb0cc5cec479c2a14c41e11d18a817,True,True,True,TP,core_symbol_text contains dt_FB_ without toolchain gate,"Lexical transfer probe only; not runtime semantics, function-boundary correctness, or vulnerability detection.",DERIVED_EVIDENCE
geb_SENSOR_INT,SENSOR_INT,GEB,fold_5,3ddff8519c402aeff7c0ebcc5ade8e48741c4bda42b3bf60cdfcdf2269c486bd,9c7a77c947c63b7baa0aa1d7f38409cc75aa321d8f928d67b92eb77342f0ac61,False,False,False,TN,core_symbol_text contains dt_FB_ without toolchain gate,"Lexical transfer probe only; not runtime semantics, function-boundary correctness, or vulnerability detection.",DERIVED_EVIDENCE
geb_SEQUENCE_4,SEQUENCE_4,GEB,fold_4,906d89b72c86360a7bd783180d261710f32ff9789cc19eff5b7bd0cdc8993fb8,857c614a7711064655376093ba6b29682f6cb8f5c966786adcb1c3fb7de97137,True,True,True,TP,core_symbol_text contains dt_FB_ without toolchain gate,"Lexical transfer probe only; not runtime semantics, function-boundary correctness, or vulnerability detection.",DERIVED_EVIDENCE
geb_SEQUENCE_64,SEQUENCE_64,GEB,fold_5,f7bbba2babae6cedc23f25f49a85230f07a306c67bb04ced5475245adc651823,3eb93097a078c0f1577cc59fab5553dff64307a2fa55324dc2455e2e40a0f28f,True,True,True,TP,core_symbol_text contains dt_FB_ without toolchain gate,"Lexical transfer probe only; not runtime semantics, function-boundary correctness, or vulnerability detection.",DERIVED_EVIDENCE
geb_SEQUENCE_8,SEQUENCE_8,GEB,fold_6,13170400528c87e708ce83093a2f616a69be9cbb6190d47f0afb096c1ad6a2e0,43fa43c2f3a9d61b7f9820e1bc10861ce287ee831c2fd8c580ff41793abcf8d2,True,True,True,TP,core_symbol_text contains dt_FB_ without toolchain gate,"Lexical transfer probe only; not runtime semantics, function-boundary correctness, or vulnerability detection.",DERIVED_EVIDENCE
geb_SETUP_CHARNAMES,SETUP_CHARNAMES,GEB,fold_8,ae8616f138ef0cb55029b72621dac6e45ecb2d86b321e876759125fed5946df4,15c3dd898bc8aa7b9b5b8b38ca2e1c91c7eabd5b88d2a3c63e90ad587fda5b58,True,True,True,TP,core_symbol_text contains dt_FB_ without toolchain gate,"Lexical transfer probe only; not runtime semantics, function-boundary correctness, or vulnerability detection.",DERIVED_EVIDENCE
geb_SETUP_DIRS,SETUP_DIRS,GEB,fold_9,7f357811ecea20efc144f01b2c87d91b1117ec51b046ebaa3ecbb8a4a70d1217,7be0bff0dfbfc3ac7791e19c9902b3605e4444e1ee6b77877243e0318b60d4ed,True,True,True,TP,core_symbol_text contains dt_FB_ without toolchain gate,"Lexical transfer probe only; not runtime semantics, function-boundary correctness, or vulnerability detection.",DERIVED_EVIDENCE
geb_SETUP_EXTENDED_ASCII,SETUP_EXTENDED_ASCII,GEB,fold_0,8bf88d9edc780c77d0a1b105310d00ca25f209face972e2ec1d8c99603104e0c,53f72f04773fd797a126efb8ee451a5b18fa39890bfdc1f7ffd96edaa4f13bc0,False,False,False,TN,core_symbol_text contains dt_FB_ without toolchain gate,"Lexical transfer probe only; not runtime semantics, function-boundary correctness, or vulnerability detection.",DERIVED_EVIDENCE
geb_SETUP_HOLIDAY_AT,SETUP_HOLIDAY_AT,GEB,fold_1,104a10b9b1d5ab2cb994cf764cd5807504578f40d503ff3668d135c6b552bbd1,a11363f9fd82f7be8d05fc5c5b6d60cae7bccd1e53174a8b3d17a20f9c8554a4,True,True,True,TP,core_symbol_text contains dt_FB_ without toolchain gate,"Lexical transfer probe only; not runtime semantics, function-boundary correctness, or vulnerability detection.",DERIVED_EVIDENCE
geb_SETUP_HOLIDAY_DE,SETUP_HOLIDAY_DE,GEB,fold_2,95acbeda4259dc61492b24855d05d5c199018692f8899515480ec43a114121ae,02bb637ba65aa6bb0cdceed3417d56baf4e8e2df35675ccabe9c694396c57f43,True,True,True,TP,core_symbol_text contains dt_FB_ without toolchain gate,"Lexical transfer probe only; not runtime semantics, function-boundary correctness, or vulnerability detection.",DERIVED_EVIDENCE
geb_SETUP_HOLIDAY_FR,SETUP_HOLIDAY_FR,GEB,fold_3,b26c4fd4523afe5e40a2b61cf858728b4a7891387069c27a46d4d66164bf9e5a,f5880609e78d6f93518c36507548fb1e5bff44f90e418171a54810cb191d5464,True,True,True,TP,core_symbol_text contains dt_FB_ without toolchain gate,"Lexical transfer probe only; not runtime semantics, function-boundary correctness, or vulnerability detection.",DERIVED_EVIDENCE
geb_SETUP_LANGUAGE,SETUP_LANGUAGE,GEB,fold_4,9640636ae0618bf9bfb641631d25968255743422dc42cd2079b4a3f148286d40,e3da67a265a24c63cfd95b558034b5f1de9ce0b538ac0bd5aa05fa74a029d1d0,True,True,True,TP,core_symbol_text contains dt_FB_ without toolchain gate,"Lexical transfer probe only; not runtime semantics, function-boundary correctness, or vulnerability detection.",DERIVED_EVIDENCE
geb_SETUP_LOCATION,SETUP_LOCATION,GEB,fold_5,59c601cf6cbafae3ab32a85e125a7f75caaff86abf3f64ccb90352ec68818b24,3ba2d551a3b7530efd6c53ff12e9cbe41b977f0f224c4ba268a022b44e63436f,True,True,True,TP,core_symbol_text contains dt_FB_ without toolchain gate,"Lexical transfer probe only; not runtime semantics, function-boundary correctness, or vulnerability detection.",DERIVED_EVIDENCE
geb_SETUP_MONTHS,SETUP_MONTHS,GEB,fold_6,d006ff452874f3aa2cb24e45ff501eed7308e91817b26f85463a7fb26b50f8b8,a24abcb6172517f4819ecce8431f013fef98a5304c9802f23af9e6b96311064c,True,True,True,TP,core_symbol_text contains dt_FB_ without toolchain gate,"Lexical transfer probe only; not runtime semantics, function-boundary correctness, or vulnerability detection.",DERIVED_EVIDENCE
geb_SETUP_MONTHS3,SETUP_MONTHS3,GEB,fold_7,75f58ddb33a1eba13ff66104be0ea0a2035cb697dc50310fc2a57b904d539908,6b71de41493b68ad0abafbae2609fa56464f8ff4ff45f85922b8d927be31ef5c,True,True,True,TP,core_symbol_text contains dt_FB_ without toolchain gate,"Lexical transfer probe only; not runtime semantics, function-boundary correctness, or vulnerability detection.",DERIVED_EVIDENCE
geb_SETUP_WEEKDAYS,SETUP_WEEKDAYS,GEB,fold_8,357a5772485ed05d46df556fc507b842976455b517a545915ac882b9a70a983a,19af423f5dc86b01ddef95920fab39c76211165c2b3bd2e1f939e8909290e22a,True,True,True,TP,core_symbol_text contains dt_FB_ without toolchain gate,"Lexical transfer probe only; not runtime semantics, function-boundary correctness, or vulnerability detection.",DERIVED_EVIDENCE
geb_SETUP_WEEKDAYS2,SETUP_WEEKDAYS2,GEB,fold_9,d7e13a2f39f4d298de48b5139201694e6c30c1ccbf041ac1a545ec21664ed2a0,1454fa0e547e15ebbb73d029d36c13eb558c98df3cbb15a44e74e8dcaceaef4a,True,True,True,TP,core_symbol_text contains dt_FB_ without toolchain gate,"Lexical transfer probe only; not runtime semantics, function-boundary correctness, or vulnerability detection.",DERIVED_EVIDENCE
geb_SET_DATE,SET_DATE,GEB,fold_5,e78456dacca46b43fe1c79c4b82c416e2022b7ff31b8f5dd86dc1dd839ea3ffc,08f901e340b78a7931b516ab79f152de527706b24bc9ce868eee9240e38feacc,False,False,False,TN,core_symbol_text contains dt_FB_ without toolchain gate,"Lexical transfer probe only; not runtime semantics, function-boundary correctness, or vulnerability detection.",DERIVED_EVIDENCE
geb_SET_DT,SET_DT,GEB,fold_6,846c69c4957a4482b683549643c7f6dbc00d8b1bf811bef0adbd09a81b1570ea,6decf42c83a5b3272539fb04d64d9f38610d0134a16bff59fd5795f21a23ba92,False,False,False,TN,core_symbol_text contains dt_FB_ without toolchain gate,"Lexical transfer probe only; not runtime semantics, function-boundary correctness, or vulnerability detection.",DERIVED_EVIDENCE
geb_SET_TOD,SET_TOD,GEB,fold_7,d91aee2e67c1babdfa4b3883d0b669f0e7ab632d0dbfef8a5c9dcf0d4fc31a38,dc32805991c117d7f0168b536a91d251692a677348be3b0ac29fc68d279dad72,False,False,False,TN,core_symbol_text contains dt_FB_ without toolchain gate,"Lexical transfer probe only; not runtime semantics, function-boundary correctness, or vulnerability detection.",DERIVED_EVIDENCE
geb_SGN,SGN,GEB,fold_5,ec4eac5066e90a949f41c88997942c69abc370aab6fec5ede07b5b85ae93a5ed,e8704f1e3186f50fc273db804d8a27ae6bd17f203b57185aa6454f125cf2fbcd,False,False,False,TN,core_symbol_text contains dt_FB_ without toolchain gate,"Lexical transfer probe only; not runtime semantics, function-boundary correctness, or vulnerability detection.",DERIVED_EVIDENCE
geb_SH,SH,GEB,fold_3,b15c3f5137ba876524f24f2db2e9fc7412e4f3ee8d20725f6b54ce23e7a528c7,4987b07f70e509048725f113bc425c2e8dcaf29b1b6d167d150004d507b10f07,True,True,True,TP,core_symbol_text contains dt_FB_ without toolchain gate,"Lexical transfer probe only; not runtime semantics, function-boundary correctness, or vulnerability detection.",DERIVED_EVIDENCE
geb_SHA1_STREAM,SHA1_STREAM,GEB,fold_6,85f5f1e9f8a70cb0cc1b7afdbddcde2801fd059ae3a3bf5bd5fedb01d7b9bfd9,b94805bcaf15fbba7ad1bf34c398b5b67a01c78591549ab2c7c4a5a0cc216315;433e8d5585d999e3f76199e1e2cc585c242ed4b318fa50cc4662fadc08f2f26e,True,True,True,TP,core_symbol_text contains dt_FB_ without toolchain gate,"Lexical transfer probe only; not runtime semantics, function-boundary correctness, or vulnerability detection.",DERIVED_EVIDENCE
geb_SHL1,SHL1,GEB,fold_2,6ad8e892b6bae9763618b3607226e8ed9aa48dc6d4c3b83472e73b35b0d323e7,d7ee08c59956c52dc77abae638d8d2f55e2a7bdbd0a6d8a5d01795aed5597746,False,False,False,TN,core_symbol_text contains dt_FB_ without toolchain gate,"Lexical transfer probe only; not runtime semantics, function-boundary correctness, or vulnerability detection.",DERIVED_EVIDENCE
geb_SHR1,SHR1,GEB,fold_3,846691e380ef009e0f815748845fcf70286465bb6876371e2529eafbaeef3518,a5587b28261ae565dfcbb2a04b642ed3722f95d1d24e5ab75df5412245074429,False,False,False,TN,core_symbol_text contains dt_FB_ without toolchain gate,"Lexical transfer probe only; not runtime semantics, function-boundary correctness, or vulnerability detection.",DERIVED_EVIDENCE
geb_SHR_4E,SHR_4E,GEB,fold_0,c459fc9765a7d4417726d436428fc844a8c842d788f0d1ffd4e748361b89ace7,434cc256ced824675dd3fdfd7508c1ad838d33561dddedbfd80bdc1b516efa4a,True,True,True,TP,core_symbol_text contains dt_FB_ without toolchain gate,"Lexical transfer probe only; not runtime semantics, function-boundary correctness, or vulnerability detection.",DERIVED_EVIDENCE
geb_SHR_4UDE,SHR_4UDE,GEB,fold_1,2cb1c8a87d9783b4b5f2cf879b73fed6c85602013b9a344d72abff7d76ba35e5,ce561a7d6536462f7cfed6af41a7e0eaf78a7c4127635871be9e7bc33df21922,True,True,True,TP,core_symbol_text contains dt_FB_ without toolchain gate,"Lexical transfer probe only; not runtime semantics, function-boundary correctness, or vulnerability detection.",DERIVED_EVIDENCE
geb_SHR_8PLE,SHR_8PLE,GEB,fold_2,1078897645ccf6746ad95911adabc5aa9d5330e21ef1e38d5ee27f4053ff6e40,738ac3449648120fdfe1cbafc5bfb4a922a319d7ebf7228795b56a28c8e02abb,True,True,True,TP,core_symbol_text contains dt_FB_ without toolchain gate,"Lexical transfer probe only; not runtime semantics, function-boundary correctness, or vulnerability detection.",DERIVED_EVIDENCE
geb_SHR_8UDE,SHR_8UDE,GEB,fold_3,bf5205ee18dddbb5b3d9a210a77a1cc9a27c94aede409d408fa3d5cce35bfcd9,0965024298a0300dfc6e9fc55e81db87c5393d5471a61c1f2cdabe9c70653e63,True,True,True,TP,core_symbol_text contains dt_FB_ without toolchain gate,"Lexical transfer probe only; not runtime semantics, function-boundary correctness, or vulnerability detection.",DERIVED_EVIDENCE
geb_SH_1,SH_1,GEB,fold_4,a131a7d551d437de8ca3c9987212d8fb26f1b18b1c36b29488a77ff748720256,b98c7cafbf4ed5f2efb9fbe050f3e973776fab9f392bea2bed3d2baf4aeb8884,True,True,True,TP,core_symbol_text contains dt_FB_ without toolchain gate,"Lexical transfer probe only; not runtime semantics, function-boundary correctness, or vulnerability detection.",DERIVED_EVIDENCE
geb_SH_2,SH_2,GEB,fold_5,39d9cdea5484f74ad46f5cfe9cd876c3249d87b65ae634ad2f66ba2f26c89c8b,a720cb08e2babbfb58b97b86645a0568e125c2dff36171c13bd8e472c8857578,True,True,True,TP,core_symbol_text contains dt_FB_ without toolchain gate,"Lexical transfer probe only; not runtime semantics, function-boundary correctness, or vulnerability detection.",DERIVED_EVIDENCE
geb_SH_T,SH_T,GEB,fold_6,8d09ef43cc3ec4b9be2814c10448d618b4babed1fe8069ef315d0b4d29befb5c,481082439b9fb25bbfd303401841d743dacbd04bb8aef738e6c5dabcc830dc14,True,True,True,TP,core_symbol_text contains dt_FB_ without toolchain gate,"Lexical transfer probe only; not runtime semantics, function-boundary correctness, or vulnerability detection.",DERIVED_EVIDENCE
geb_SIGMOID,SIGMOID,GEB,fold_6,dacb443d90e71135bfd65fd0a3a1d3e69cdd49e8c49bd4fa8614fd067d421f2d,18a7e0be4ea01decc62105a8824d442ee9d0f1d6d36be2b439947fdec8863e7e,False,False,False,TN,core_symbol_text contains dt_FB_ without toolchain gate,"Lexical transfer probe only; not runtime semantics, function-boundary correctness, or vulnerability detection.",DERIVED_EVIDENCE
geb_SIGNAL,SIGNAL,GEB,fold_5,3b1b5b5b6da2bbb7f32363edc8f01d66949018a5446e8bf3c53e18100560216f,e6dc6843980ea19c723f74c5fae56e095799b21a125f289ae9d92f5df59aaa8e,True,True,True,TP,core_symbol_text contains dt_FB_ without toolchain gate,"Lexical transfer probe only; not runtime semantics, function-boundary correctness, or vulnerability detection.",DERIVED_EVIDENCE
geb_SIGNAL_4,SIGNAL_4,GEB,fold_6,3f90c5964b45e8cca9438dbea7f536f0aaa00651db0c8bfa542f0d80259b8731,049b2cd2d8e3f8269882e53d2ae99d82e131a211269e5f3f4e92fde6f266c44f,True,True,True,TP,core_symbol_text contains dt_FB_ without toolchain gate,"Lexical transfer probe only; not runtime semantics, function-boundary correctness, or vulnerability detection.",DERIVED_EVIDENCE
geb_SIGN_I,SIGN_I,GEB,fold_7,bf401331dcba1300b0c134963d874cbf5b85ba54f5553112408b9ccfd29e96e3,cec644cc5797e4873a99f3996157fbbada8a47bf3950709e4d33c4426d412d4f,False,False,False,TN,core_symbol_text contains dt_FB_ without toolchain gate,"Lexical transfer probe only; not runtime semantics, function-boundary correctness, or vulnerability detection.",DERIVED_EVIDENCE
geb_SIGN_R,SIGN_R,GEB,fold_8,13b3f094fe5aa76fd8573782dd8b3f312e0afb1868817d14b2d47ec2ac5e6aa5,9a04c07d1f8ec878642f4521b381f47762eb3af57852c1422eff7f7a108b0611,False,False,False,TN,core_symbol_text contains dt_FB_ without toolchain gate,"Lexical transfer probe only; not runtime semantics, function-boundary correctness, or vulnerability detection.",DERIVED_EVIDENCE
geb_SINC,SINC,GEB,fold_9,6d2c230ed9f02ece1f3999a68ba562939cdf7914256a3a9cf24afb2d404f3cb9,5d984a58035fd0dd7b55a741e3b5c49eaa4b67bdd74f791eda4dc367b7f80090,False,False,False,TN,core_symbol_text contains dt_FB_ without toolchain gate,"Lexical transfer probe only; not runtime semantics, function-boundary correctness, or vulnerability detection.",DERIVED_EVIDENCE
geb_SINH,SINH,GEB,fold_0,823ab8622e52d5b6c880650ebb4a8682799bc0a91572cfa0fd32e04cc15a3d72,4993121e499b6a1467dd0801f15cc3a8d335efebbc04609243bcc3b1c8c775cf,False,False,False,TN,core_symbol_text contains dt_FB_ without toolchain gate,"Lexical transfer probe only; not runtime semantics, function-boundary correctness, or vulnerability detection.",DERIVED_EVIDENCE
geb_SNTP_CLIENT,SNTP_CLIENT,GEB,fold_7,b4885001dd2382dfbc9808d118acf5e423750294e5d59857a89a23df20d7a241,1085aebd678d838c4f904a268e42c3501bf522eac4f85b489c729d716ff71af7;6e8d4893638740851e289f1b3e496b7dd46d1c57c7dd88624089aa854e224fab,True,True,True,TP,core_symbol_text contains dt_FB_ without toolchain gate,"Lexical transfer probe only; not runtime semantics, function-boundary correctness, or vulnerability detection.",DERIVED_EVIDENCE
geb_SPEED,SPEED,GEB,fold_8,6e3f8242bd010d7683a4e1968f08378c2d747c57d2599a05ad98c298fc358e9b,4d002f61094ad32f74ee3477cedcd9d2685e9c204e265dca171d14883d6b09c1,True,True,True,TP,core_symbol_text contains dt_FB_ without toolchain gate,"Lexical transfer probe only; not runtime semantics, function-boundary correctness, or vulnerability detection.",DERIVED_EVIDENCE
geb_SPHERE_V,SPHERE_V,GEB,fold_6,ed644fa3bdf5d1b8b1e7d4123ae8f612755d4400389c944b826afdf506848c1f,da3c2653db55276d658b63fb61f26c199e3b6081f90fd530f9dfffbc4f56fbc5,False,False,False,TN,core_symbol_text contains dt_FB_ without toolchain gate,"Lexical transfer probe only; not runtime semantics, function-boundary correctness, or vulnerability detection.",DERIVED_EVIDENCE
geb_SQRTN,SQRTN,GEB,fold_1,10b8bcee01832375756e69084e6a9d594965beb31ee7ff65c4de8291ebb9b31a,786c3c2f6687dafab056d75b85730b8c850b4b3641687abc96ec7050d493abc2,False,False,False,TN,core_symbol_text contains dt_FB_ without toolchain gate,"Lexical transfer probe only; not runtime semantics, function-boundary correctness, or vulnerability detection.",DERIVED_EVIDENCE
geb_SRAMP,SRAMP,GEB,fold_7,8df5fe2ec6d4be8f39618b90e2233c844b9d179ab9b807edce948d0aaf88ee64,45c27f703211f3f9c5d8358b0eeb91a49fdfceda7d199b45ea58f2994dd445df,True,True,True,TP,core_symbol_text contains dt_FB_ without toolchain gate,"Lexical transfer probe only; not runtime semantics, function-boundary correctness, or vulnerability detection.",DERIVED_EVIDENCE
geb_STACK_16,STACK_16,GEB,fold_4,ec284173c77d5dc628356444a51dbceb90b11c3050b8fea5c8b1381a14f5db64,a0a4d4e3d0740feaf85ec4407f7ab5c9dceb6f8726fb174d6401965645e97c23,True,True,True,TP,core_symbol_text contains dt_FB_ without toolchain gate,"Lexical transfer probe only; not runtime semantics, function-boundary correctness, or vulnerability detection.",DERIVED_EVIDENCE
geb_STACK_32,STACK_32,GEB,fold_5,2c11d080ca23064bd11b9054eaad4c3b3630aff67dc5cb965ff9bef36eb06cfe,26f11fec2079f431552f60a0956cab385a87cc503b6b095c661263ac75ece670,True,True,True,TP,core_symbol_text contains dt_FB_ without toolchain gate,"Lexical transfer probe only; not runtime semantics, function-boundary correctness, or vulnerability detection.",DERIVED_EVIDENCE
geb_STAIR,STAIR,GEB,fold_7,37574b4ad7a1e289b24f3c5bfeaf94d231f756e65eb6208de1509e30d1cbc11e,8b8d1c2c22785bfb78ac0deb5d6977c27eb5b8c3396e657159a88c60def8dc88,False,False,False,TN,core_symbol_text contains dt_FB_ without toolchain gate,"Lexical transfer probe only; not runtime semantics, function-boundary correctness, or vulnerability detection.",DERIVED_EVIDENCE
geb_STAIR2,STAIR2,GEB,fold_8,b7463fd189e5f6f81c3092ce854009a2ce7297b2c451f8f4f1195920ecefd1c4,5061a2b65898b64fc838dbc3bb91d58ad27758b563c3dfd6270c7b66970ef243,True,True,True,TP,core_symbol_text contains dt_FB_ without toolchain gate,"Lexical transfer probe only; not runtime semantics, function-boundary correctness, or vulnerability detection.",DERIVED_EVIDENCE
geb_STATUS_TO_ESR,STATUS_TO_ESR,GEB,fold_7,276a7887ae784ef52951915385e0f19e4107d9886e3bbf43fac5483a9032bbf1,77d2266c5648d63e80b44e7bd4436fdc7487040bf7e1d425e47a342495283092,True,True,True,TP,core_symbol_text contains dt_FB_ without toolchain gate,"Lexical transfer probe only; not runtime semantics, function-boundary correctness, or vulnerability detection.",DERIVED_EVIDENCE
geb_STORE_8,STORE_8,GEB,fold_4,04b50c8c959fe81b3fcaf9164b8f323ec06747cb9bb62176bf600a27d35d1574,17bccb659df8bb836a2fda051ce6ba8eb6a2d2f92dfd2a1f1a38bad3335a0d33,True,True,True,TP,core_symbol_text contains dt_FB_ without toolchain gate,"Lexical transfer probe only; not runtime semantics, function-boundary correctness, or vulnerability detection.",DERIVED_EVIDENCE
geb_SUN_MIDDAY,SUN_MIDDAY,GEB,fold_0,b9a94b8647d09b3de833f813602b6ae79b1c499771606b7a5548a0449c6c9834,0fe95227b730125971728e521dc543575ccfc26fb1aad5853d1cc6b3ea2045a0,False,False,False,TN,core_symbol_text contains dt_FB_ without toolchain gate,"Lexical transfer probe only; not runtime semantics, function-boundary correctness, or vulnerability detection.",DERIVED_EVIDENCE
geb_SUN_POS,SUN_POS,GEB,fold_1,658ef34b79fd588eeb5e209347b8bf9e2084c3d69299cd53c9aeead8cbcd1e62,ba6d37142b229ad6fc70a89797fa7382fdb1f0f5f55d82d416c63a87582cbc7e,True,True,True,TP,core_symbol_text contains dt_FB_ without toolchain gate,"Lexical transfer probe only; not runtime semantics, function-boundary correctness, or vulnerability detection.",DERIVED_EVIDENCE
geb_SUN_TIME,SUN_TIME,GEB,fold_2,f261b39a85e2cef641472bb0037da35057e6bdaad88a2d76429bc83229b77520,2b39d4b53ad986a73ef73adcf033da5c398675f6127eba8554ebaf22803a4c41,True,True,True,TP,core_symbol_text contains dt_FB_ without toolchain gate,"Lexical transfer probe only; not runtime semantics, function-boundary correctness, or vulnerability detection.",DERIVED_EVIDENCE
geb_SWAP_BYTE,SWAP_BYTE,GEB,fold_4,99a73097cbe7a3fb2505697314f36bb09b4fbb64be1184b7455361034630058f,7eb446de0c4397a8e6bf8b88fcb5c8f3aea94f35ad336c26d4394051a41e4dbc,False,False,False,TN,core_symbol_text contains dt_FB_ without toolchain gate,"Lexical transfer probe only; not runtime semantics, function-boundary correctness, or vulnerability detection.",DERIVED_EVIDENCE
geb_SWAP_BYTE2,SWAP_BYTE2,GEB,fold_5,0683013ac65ddc3eea22ecfc2e88447a124a2ca6b2dc08f82fd811cfa0ecd0cc,12d8e538366ed27f72b73eedb3c1ddb374044276a9abe52d161e775a2310dd60,False,False,False,TN,core_symbol_text contains dt_FB_ without toolchain gate,"Lexical transfer probe only; not runtime semantics, function-boundary correctness, or vulnerability detection.",DERIVED_EVIDENCE
geb_SWITCH_I,SWITCH_I,GEB,fold_9,42f1919d1a38497770ccbb7adb7938178d751de271955be7f1477bd4840ac410,818bfcf68525be1f59342c12552b0d8b67aac74a9e2219dfab8bad35ffddf1f7,True,True,True,TP,core_symbol_text contains dt_FB_ without toolchain gate,"Lexical transfer probe only; not runtime semantics, function-boundary correctness, or vulnerability detection.",DERIVED_EVIDENCE
geb_SWITCH_X,SWITCH_X,GEB,fold_0,d04599213ab2b76ee947b5f68000f371d73ff27942d78cc746bb35bba2afcaec,8c9d78530d724bbbd28894d2c09e67ec4a4727cdd77fd2e43c363f4f7cca3b5a,True,True,True,TP,core_symbol_text contains dt_FB_ without toolchain gate,"Lexical transfer probe only; not runtime semantics, function-boundary correctness, or vulnerability detection.",DERIVED_EVIDENCE
geb_SW_RECONFIG,SW_RECONFIG,GEB,fold_8,619c29fcbd4deb9ba08119a897345cff18c6662421defcc7a15a55a6eca660c4,340ba9e49b78b65ff582a651a1e39ad108318019b7a959eab65aef1aa2ef6a69,True,True,True,TP,core_symbol_text contains dt_FB_ without toolchain gate,"Lexical transfer probe only; not runtime semantics, function-boundary correctness, or vulnerability detection.",DERIVED_EVIDENCE
geb_TANC,TANC,GEB,fold_2,9dc0a6bb76ef1618b4e5227e52b144171ebed5c3e91ab9750a96e37067a3bdfb,4902f4b846f3d1bdfa2cfa9cb5d66e212fc35173370ca74170feaa61e9d362e0,False,False,False,TN,core_symbol_text contains dt_FB_ without toolchain gate,"Lexical transfer probe only; not runtime semantics, function-boundary correctness, or vulnerability detection.",DERIVED_EVIDENCE
geb_TANH,TANH,GEB,fold_3,6c69ee294ad169201e67c120aee9451ac07f2f9132e75f1e1359d5e10c8f0971,4579eea72d6b8fd81faea0b152ba9e6a67761d28dd7a1d420ce1572cc561e690,False,False,False,TN,core_symbol_text contains dt_FB_ without toolchain gate,"Lexical transfer probe only; not runtime semantics, function-boundary correctness, or vulnerability detection.",DERIVED_EVIDENCE
geb_TANK_LEVEL,TANK_LEVEL,GEB,fold_1,131c7dd50755d06dea2536e00aa08fc94de7b92ef8aa5d5318df1e9a66130e6d,ce97d5ab23e68b06cfef632bab53e402cfe17696ca4a1ed4b18e9317c9ee01c3,True,True,True,TP,core_symbol_text contains dt_FB_ without toolchain gate,"Lexical transfer probe only; not runtime semantics, function-boundary correctness, or vulnerability detection.",DERIVED_EVIDENCE
geb_TANK_VOL1,TANK_VOL1,GEB,fold_2,5769f50d963defe8ae404771d2b1e60f4d5f9ca0c0e25719e660f3166b8aea5b,0f9a522b2c31cf4fc0f7a466b256e5e7fe7987a002deb4f6f83b984a95cc6924,False,False,False,TN,core_symbol_text contains dt_FB_ without toolchain gate,"Lexical transfer probe only; not runtime semantics, function-boundary correctness, or vulnerability detection.",DERIVED_EVIDENCE
geb_TANK_VOL2,TANK_VOL2,GEB,fold_3,2e30749b0e1a8ac4ece5640933b292b8b2f97efa1e438184dad9b961e7fddd13,40f5e13c6e9ffd876cef3d77a236825ef4eabe5b7a7d37d1dd3ac51d4004233d,False,False,False,TN,core_symbol_text contains dt_FB_ without toolchain gate,"Lexical transfer probe only; not runtime semantics, function-boundary correctness, or vulnerability detection.",DERIVED_EVIDENCE
geb_TC_MS,TC_MS,GEB,fold_6,c2964042a713bd1229c071ab77d9a597e0867bbf2bdb1f9d1a8a6725346c57fb,06e6f441214666a47aa8734a078727904d06915e4c1a98ce0c0110058b1125f5,True,True,True,TP,core_symbol_text contains dt_FB_ without toolchain gate,"Lexical transfer probe only; not runtime semantics, function-boundary correctness, or vulnerability detection.",DERIVED_EVIDENCE
geb_TC_S,TC_S,GEB,fold_7,49c5eb442a29757595a6af7dc5fa1a8ea568eaeabe1fe0184a5d00e0801a8b1a,862ea2095693a379fccdcc30a791ed99e6a04ae8ae669bb88be8e5b93a52c31c,True,True,True,TP,core_symbol_text contains dt_FB_ without toolchain gate,"Lexical transfer probe only; not runtime semantics, function-boundary correctness, or vulnerability detection.",DERIVED_EVIDENCE
geb_TC_US,TC_US,GEB,fold_8,9d6999de1d13b7b14ae2f4fd36482122d16b6d25a68454fbbfcd0264e42b5a5e,906a1873ee5d8cd056bd2942fc5fce8bada2403b18eb886d22c17ebb0c17c472,True,True,True,TP,core_symbol_text contains dt_FB_ without toolchain gate,"Lexical transfer probe only; not runtime semantics, function-boundary correctness, or vulnerability detection.",DERIVED_EVIDENCE
geb_TEMPERATURE,TEMPERATURE,GEB,fold_9,c071d23ab5a7b7024bfee1e2dde1df2526b5c04523c0aeea6a8cc9eb62342592,67d60132ca0495ac295ffac19631f5151ba5298ce1aab464a1f041f506740aea,True,True,True,TP,core_symbol_text contains dt_FB_ without toolchain gate,"Lexical transfer probe only; not runtime semantics, function-boundary correctness, or vulnerability detection.",DERIVED_EVIDENCE
geb_TEMP_EXT,TEMP_EXT,GEB,fold_4,620b210c76a6bd54986e8a0de493eb71e2b35f90fc4187c3b5440e632ecf859d,333379f7080b74fe821165a808c48e0effa34cc06fe612e54244caaa303ba20d,True,True,True,TP,core_symbol_text contains dt_FB_ without toolchain gate,"Lexical transfer probe only; not runtime semantics, function-boundary correctness, or vulnerability detection.",DERIVED_EVIDENCE
geb_TEMP_NI,TEMP_NI,GEB,fold_6,c6c1c36674c2e680448e94461f178582162e81536ed5e33710158f1b648a54dc,e2a37e46ebb3cfcda9fd4da0cc5a7576d39b19723569eb3932374112183f912e,False,False,False,TN,core_symbol_text contains dt_FB_ without toolchain gate,"Lexical transfer probe only; not runtime semantics, function-boundary correctness, or vulnerability detection.",DERIVED_EVIDENCE
geb_TEMP_NTC,TEMP_NTC,GEB,fold_7,89c4c57569ab5dbb4d01d3b53d40681f46568276fd7ae9a85ded04f465232d8b,a1e831aec10f0c5ba412ba056088fb581f03ff4e468a3d9ef485620a6677e0b1,False,False,False,TN,core_symbol_text contains dt_FB_ without toolchain gate,"Lexical transfer probe only; not runtime semantics, function-boundary correctness, or vulnerability detection.",DERIVED_EVIDENCE
geb_TEMP_PT,TEMP_PT,GEB,fold_8,f15cfccacb92da1af65036f3e86f4335bab41cc93d169cfc8ff90bc25ad62c1a,2376288df4dd0f329cb096ea1c07f271097f495338f37e5fade2f4081ecd0761,False,False,False,TN,core_symbol_text contains dt_FB_ without toolchain gate,"Lexical transfer probe only; not runtime semantics, function-boundary correctness, or vulnerability detection.",DERIVED_EVIDENCE
geb_TEMP_SI,TEMP_SI,GEB,fold_9,165551a182402098f69d2f150fa8d69bd210f34a15731d57815c57d1698c1214,90fa8b89000a29a793fdb3f0800d8555fba151122c1cb40a54ddf8f9d58d8715,False,False,False,TN,core_symbol_text contains dt_FB_ without toolchain gate,"Lexical transfer probe only; not runtime semantics, function-boundary correctness, or vulnerability detection.",DERIVED_EVIDENCE
geb_TIMECHECK,TIMECHECK,GEB,fold_8,497ba653483f7abdb0ad95082d541a03b47fce072edb02e06c556158076e7ec5,4590954ce27ccb0651e2edd3aebd4e6a2f5608a4c682d13a77feb9d238a5bbc0,False,False,False,TN,core_symbol_text contains dt_FB_ without toolchain gate,"Lexical transfer probe only; not runtime semantics, function-boundary correctness, or vulnerability detection.",DERIVED_EVIDENCE
geb_TIMER_1,TIMER_1,GEB,fold_1,e258c92ab13ac4f30898cd5c4e82efdf51af070cdb52342f45b6a41a36dd9ec5,7c7277396b685752e852ebfdf9a4e6fc845e8c958053ce6b8f9398bf91321ece,True,True,True,TP,core_symbol_text contains dt_FB_ without toolchain gate,"Lexical transfer probe only; not runtime semantics, function-boundary correctness, or vulnerability detection.",DERIVED_EVIDENCE
geb_TIMER_2,TIMER_2,GEB,fold_2,76eff1bb838a2a538e97c2aae838a83fbbfb8194545aca524510a6945236faa9,250f9629e3b9b8b08cb22661b80f08ec60a9bccfe182744c4d719da811ff8496,True,True,True,TP,core_symbol_text contains dt_FB_ without toolchain gate,"Lexical transfer probe only; not runtime semantics, function-boundary correctness, or vulnerability detection.",DERIVED_EVIDENCE
geb_TIMER_EXT,TIMER_EXT,GEB,fold_3,e509fc4d68b8902cb534b202180c5370358b6a17fbffbd0d5e7bb9b516e4979d,2426a58fe33c8c8b0fb783863f8bfe4b6e589afeaf89c1185fd4938200993e17,True,True,True,TP,core_symbol_text contains dt_FB_ without toolchain gate,"Lexical transfer probe only; not runtime semantics, function-boundary correctness, or vulnerability detection.",DERIVED_EVIDENCE
geb_TIMER_P4,TIMER_P4,GEB,fold_4,f90043d75de3185fd9186c85d89af35be1057bc7985b621fdec42ddec802ddbb,df09efba51faf5bb1412e0f2fa38f56cd142228adc5fa9601e4f49780002b494,True,True,True,TP,core_symbol_text contains dt_FB_ without toolchain gate,"Lexical transfer probe only; not runtime semantics, function-boundary correctness, or vulnerability detection.",DERIVED_EVIDENCE
geb_TIME_TO_DWORD,TIME_TO_DWORD,GEB,fold_3,bb185bc38f6665eb48bd9dddd0ed3b22d42e52b25788b41f6d6feb7f781d267f,c5c772fa7960b0055470842fe6511210620b92eae996fb1f9614888b3a2e5153,False,False,False,TN,core_symbol_text contains dt_FB_ without toolchain gate,"Lexical transfer probe only; not runtime semantics, function-boundary correctness, or vulnerability detection.",DERIVED_EVIDENCE
geb_TIME_TO_INT,TIME_TO_INT,GEB,fold_4,edc9b4d2a301dcdc44ec6fbacc650e95697256fb3c260b38467f0f6ce5d168b4,c77be49a535118197ef59d3bc44b2ac7e1ab2cb47c88d0ff71a8d26590e4689d,False,False,False,TN,core_symbol_text contains dt_FB_ without toolchain gate,"Lexical transfer probe only; not runtime semantics, function-boundary correctness, or vulnerability detection.",DERIVED_EVIDENCE
geb_TIME_TO_REAL,TIME_TO_REAL,GEB,fold_5,124e68322cb96529725fdb0f76c22d3b678540e2f7e4b6a185da3c49a86a9c95,2084f14c919ca3ab2473117163a468fdbe6a54174e1c91476224ba65772a2364,False,False,False,TN,core_symbol_text contains dt_FB_ without toolchain gate,"Lexical transfer probe only; not runtime semantics, function-boundary correctness, or vulnerability detection.",DERIVED_EVIDENCE
geb_TIME_TO_TOD,TIME_TO_TOD,GEB,fold_6,d1ebbb3d5542c925523c29a91c9557696af43e2734167f21fe57bc33e7746dfe,f92beaeb7e1a2bb70950e748a8f36c2c70c479f8f09d8725170044b7a5ebb8ee,False,False,False,TN,core_symbol_text contains dt_FB_ without toolchain gate,"Lexical transfer probe only; not runtime semantics, function-boundary correctness, or vulnerability detection.",DERIVED_EVIDENCE
geb_TIME_TO_UDINT,TIME_TO_UDINT,GEB,fold_7,7d4a4ad544eb4d8f19e6b4e418984c035b4efd5651d94f8463e6bf0026582af7,9d979c36ae02781047bb0a0676766626f1da919500794bda0269c10b5e6fe939,False,False,False,TN,core_symbol_text contains dt_FB_ without toolchain gate,"Lexical transfer probe only; not runtime semantics, function-boundary correctness, or vulnerability detection.",DERIVED_EVIDENCE
geb_TMAX,TMAX,GEB,fold_7,4997f6ba7e377f1d9811a98264ebd9645bba4c8cddacb9c6a4f4d93557aafae0,811f00b030d26dfe009c5e15d68c1fc0d534fa1e569d5a5ee9323de5d68ba343,True,True,True,TP,core_symbol_text contains dt_FB_ without toolchain gate,"Lexical transfer probe only; not runtime semantics, function-boundary correctness, or vulnerability detection.",DERIVED_EVIDENCE
geb_TMIN,TMIN,GEB,fold_8,a47448b41c8bc3ee877422577d23d3dbf9b6cca074a9abc6dfbbd173b9cbd8d1,523a6c63267a5d6ba0fde42c7e639efbd8ce9192f55b25c95c9b1b7081fd86ed,True,True,True,TP,core_symbol_text contains dt_FB_ without toolchain gate,"Lexical transfer probe only; not runtime semantics, function-boundary correctness, or vulnerability detection.",DERIVED_EVIDENCE
geb_TN_RECEIVE,TN_RECEIVE,GEB,fold_5,98a0e76db2476f0b4c36d884854c4bba235b3fb9e6cd419d88e9758a7f68d3f3,15ba06da764f6c8bb6355103a21f6242d1446ef5f013e8124d9be0c83bdc32f4;98cd48c8b15a0b583d54c75b5aa4d9fa237f6dd160c722cc3cafaa279b495850,True,True,True,TP,core_symbol_text contains dt_FB_ without toolchain gate,"Lexical transfer probe only; not runtime semantics, function-boundary correctness, or vulnerability detection.",DERIVED_EVIDENCE
geb_TN_SC_ADD_SHADOW,TN_SC_ADD_SHADOW,GEB,fold_6,dc5f94da5af1f7af281c2c9611d77926c1f24402303900731e512bd86aeecdae,2fbffefe2b0ee2cba3f95d93414d7ed6be8bdc79c1f690fa999479a57b2da0fc;6ab733d46f8973f72b03e033f23256f24ac5416fd0c1fabe09eaa25d34e6cec1,True,True,True,TP,core_symbol_text contains dt_FB_ without toolchain gate,"Lexical transfer probe only; not runtime semantics, function-boundary correctness, or vulnerability detection.",DERIVED_EVIDENCE
geb_TN_SC_AREA_RESTORE,TN_SC_AREA_RESTORE,GEB,fold_7,b40982a456fb4d992c13289492a4c0c83e08183b462a1d395509777f006ac1ec,ac7c7588348d76363f29a02abbaa60b8aaccfa8fc2a143f4fb5f79e23dbaf37b;0f19034d78bb585af70ccbfc9463a66c9fcf70189c7395f6c79d8cd2fd614f2f,True,True,True,TP,core_symbol_text contains dt_FB_ without toolchain gate,"Lexical transfer probe only; not runtime semantics, function-boundary correctness, or vulnerability detection.",DERIVED_EVIDENCE
geb_TN_SC_AREA_SAVE,TN_SC_AREA_SAVE,GEB,fold_8,55e33fb4c07d5b1c126bb0532f9c2ecdb3de215ce8adcd0b187908f3f890c551,6687129416d38aafbb4542547bc115421d95dd694be00ecc41d42e8ad89d2496;244d7a38e77438234ff4821e1591f0b8b43ca8b38818232b350d54ee7484e06d,True,True,True,TP,core_symbol_text contains dt_FB_ without toolchain gate,"Lexical transfer probe only; not runtime semantics, function-boundary correctness, or vulnerability detection.",DERIVED_EVIDENCE
geb_TN_SC_BOX,TN_SC_BOX,GEB,fold_9,6f839bff31e5a3d875148413d919bc4565af705dbd1c4163644feb1e6837a3dd,b4e0f26c9f0d5406883550860dfd7bc9de13b2ed09e26a9707fdb3766ee3720e;47d57ad5d94e6bdfa675fff95cdd2e1eba8d76a605c6c0a04947d50d96f29c8b,True,True,True,TP,core_symbol_text contains dt_FB_ without toolchain gate,"Lexical transfer probe only; not runtime semantics, function-boundary correctness, or vulnerability detection.",DERIVED_EVIDENCE
geb_TN_SC_FILL,TN_SC_FILL,GEB,fold_0,2f701299a9bff07c91336501b43b9664b164b05690b08ade312e1f302c29843e,a881ea58953766b015acabec665e9f5b347e6683e000c98907c29b26d490bced;278748baf448b9423f973c9657bcb708b35d2dc264d70cdfb479a76a62928457,True,True,True,TP,core_symbol_text contains dt_FB_ without toolchain gate,"Lexical transfer probe only; not runtime semantics, function-boundary correctness, or vulnerability detection.",DERIVED_EVIDENCE
geb_TN_SC_LINE,TN_SC_LINE,GEB,fold_1,92fa483f9a689ef3d8da583e74a944d3b1335e6c793427c5eb24cd8a4331b23e,f17a3dc37052eefe51126b5c15e92044cceb2337dedcc6e4fb9abe9fae330e66;5a50738c3e36bdcd5ebed9f9d70924db2316e1d3b9a263db6e0dbba70a973c62,True,True,True,TP,core_symbol_text contains dt_FB_ without toolchain gate,"Lexical transfer probe only; not runtime semantics, function-boundary correctness, or vulnerability detection.",DERIVED_EVIDENCE
geb_TN_SC_READ_ATTR,TN_SC_READ_ATTR,GEB,fold_2,ef6e0d2faa49b77145a04215c2408e19663a4382f0066d7b4f1a6af73fddac85,282909861a71fab0e49a622fa8598168be06f62e5937bf90d6ca3ffd03704b29;a3b234a466f30c98d14a9aa4a398735fa176f5ef3121488d824cd2bc5a9df086,True,True,True,TP,core_symbol_text contains dt_FB_ without toolchain gate,"Lexical transfer probe only; not runtime semantics, function-boundary correctness, or vulnerability detection.",DERIVED_EVIDENCE
geb_TN_SC_READ_CHAR,TN_SC_READ_CHAR,GEB,fold_3,1469b968ccf8400566f5c63f7aa04a676ec08da061f276c92b39b1e95e8b03f1,f23405d9c319fb139ee752a7051b6ff24663277490f9af10a935b73e1e326c70;08e4f695a032df555e2e0ea81d3d8b582db751c2555b8223e39ae34815e07d99,True,True,True,TP,core_symbol_text contains dt_FB_ without toolchain gate,"Lexical transfer probe only; not runtime semantics, function-boundary correctness, or vulnerability detection.",DERIVED_EVIDENCE
geb_TN_SC_SHADOW_ATTR,TN_SC_SHADOW_ATTR,GEB,fold_4,ed7544c1204c8a45af403a3098033891df8431f59df0be4831dd77c409348097,fc8e784d27433da821601e1e9ed948b201f8dfffd857bb9f3c18aa14dbd347a8;c4e1608d5e13d7113b55a30ca77697b709af5c02e95cc5dd925dd5db2e645126,False,False,False,TN,core_symbol_text contains dt_FB_ without toolchain gate,"Lexical transfer probe only; not runtime semantics, function-boundary correctness, or vulnerability detection.",DERIVED_EVIDENCE
geb_TN_SC_WRITE_ATTR,TN_SC_WRITE_ATTR,GEB,fold_5,e8ac1e466ce113789230611d580074da166bc757f7e240773dc55e9aaed18973,9201ef555a282f6eef500dd78a4d1d1bae25a02c7204998eb3660b5f3e078af1;c3d716c8c729a19f4d2b40b6ddbdebc99f8e608cb7998e464f97884504dd1c10,True,True,True,TP,core_symbol_text contains dt_FB_ without toolchain gate,"Lexical transfer probe only; not runtime semantics, function-boundary correctness, or vulnerability detection.",DERIVED_EVIDENCE
geb_TN_SC_WRITE_CHAR,TN_SC_WRITE_CHAR,GEB,fold_6,79697d5d65f0b8ef6894a01a55c4f537195807280865adfb044fc7e40ef5ce1c,9687f44ebf1096365a74fd72e4671642a6f1fdf8db940453ba6f38a4498fbe0f;3e00af0fc465bf1f74cd070b79c44f05bb1655fd1c7cd6ab0c3fef15e9b97bdf,True,True,True,TP,core_symbol_text contains dt_FB_ without toolchain gate,"Lexical transfer probe only; not runtime semantics, function-boundary correctness, or vulnerability detection.",DERIVED_EVIDENCE
geb_TN_SC_XY2_ERROR,TN_SC_XY2_ERROR,GEB,fold_8,8bd2041ebb39977c214247254e2d27c49c53cae900435e440c9d9acc196dce63,638628f530b907591a9475fac6c42516c8e6786b10a64dc91be166e32822e6bc;29c4796446ddc104f40448d30fbab12f35ec8a9366bef6b3dc4d6005907c4ff8,False,False,False,TN,core_symbol_text contains dt_FB_ without toolchain gate,"Lexical transfer probe only; not runtime semantics, function-boundary correctness, or vulnerability detection.",DERIVED_EVIDENCE
geb_TN_SC_XY_ERROR,TN_SC_XY_ERROR,GEB,fold_7,980f64cc4d439b1630ad9426060d5bab2566ece422e0306e3fc0deea36f5201d,d24cadd18cd46824152b24e02f66644d1c6a52782a26699e66a15f09eff5ab54;07089adb103cabac39dcf05c0bc5efcdf6c6141a016b64224a5228c386a8a27d,False,False,False,TN,core_symbol_text contains dt_FB_ without toolchain gate,"Lexical transfer probe only; not runtime semantics, function-boundary correctness, or vulnerability detection.",DERIVED_EVIDENCE
geb_TN_SEND_ROWS,TN_SEND_ROWS,GEB,fold_9,dddebe6c32a8090080b32fad57c94ce25570fca7f7f663a235d6e31c5c8ea390,8526d25194bb2a59e4ad48ce04f841c7fa6a6307a4e23a5a06dcdd8534074e07;591ea18782b7ff7e9841297970f08f6ab15dbb7faf5ed81f0ce550c12e26dafc,True,True,True,TP,core_symbol_text contains dt_FB_ without toolchain gate,"Lexical transfer probe only; not runtime semantics, function-boundary correctness, or vulnerability detection.",DERIVED_EVIDENCE
geb_TOD_TO_REAL,TOD_TO_REAL,GEB,fold_6,1db452de9aad23a5ab6d2605bbe8a590bf5a8ff556eb89562834f0242d73af4b,c64ddd827cccf1e73cc92e5a91d4b1abbcaf64b031aa8bd8472f99a926c5851a,False,False,False,TN,core_symbol_text contains dt_FB_ without toolchain gate,"Lexical transfer probe only; not runtime semantics, function-boundary correctness, or vulnerability detection.",DERIVED_EVIDENCE
geb_TOD_TO_STRING,TOD_TO_STRING,GEB,fold_8,2c8bb75816b088db7c7208774aad1455adce974b23ffbb657d34adba8890dc9c,22d96b0ace6222f900863148cd4668cc2b25e560846043aa54344164674465fc,True,True,True,TP,core_symbol_text contains dt_FB_ without toolchain gate,"Lexical transfer probe only; not runtime semantics, function-boundary correctness, or vulnerability detection.",DERIVED_EVIDENCE
geb_TOD_TO_TIME,TOD_TO_TIME,GEB,fold_9,9d8ad4b12f361d231f7c12930472f48026f601bf2f866ffa367b96ad7b2ec577,6a5b58f91d7bf501e7c4b10687b3b707aebb86925f72ab18ab7b4ac132d6a661,False,False,False,TN,core_symbol_text contains dt_FB_ without toolchain gate,"Lexical transfer probe only; not runtime semantics, function-boundary correctness, or vulnerability detection.",DERIVED_EVIDENCE
geb_TOF_1,TOF_1,GEB,fold_9,de1e1542e3531511066eac1577359b4ac8b479c80b6f7e3d14e4939cfcad4d27,5c48a03a3d516abe0d7091065e477471877fa19f0b31afffed5bd2b89c9746f4,True,True,True,TP,core_symbol_text contains dt_FB_ without toolchain gate,"Lexical transfer probe only; not runtime semantics, function-boundary correctness, or vulnerability detection.",DERIVED_EVIDENCE
geb_TOGGLE,TOGGLE,GEB,fold_5,7a54f3181c9a2120428ecab3949040a2d21d84373deebcf8d1240327ad064645,3a3685ce47f68331761da2d8d67c777b1cdcfcb1c1416214c98c5788f6bbade8,True,True,True,TP,core_symbol_text contains dt_FB_ without toolchain gate,"Lexical transfer probe only; not runtime semantics, function-boundary correctness, or vulnerability detection.",DERIVED_EVIDENCE
geb_TONOF,TONOF,GEB,fold_0,a7b83af661b2eddfb72a0006e74c70770c4eae3e31a75f530b415cf23f0612bd,ef6f76f0a7515c2945aed6ccb01a05844e8e873075603f28f6e4d403296c97e7,True,True,True,TP,core_symbol_text contains dt_FB_ without toolchain gate,"Lexical transfer probe only; not runtime semantics, function-boundary correctness, or vulnerability detection.",DERIVED_EVIDENCE
geb_TO_LOWER,TO_LOWER,GEB,fold_5,273dda14df7ee1d3fcce171e8fbbd630835e0371a1ab054570f416691c502879,5320a3fccad76d4a990f91b6a2cd47e61764d9d4b63169a4fc2b2052617ce8e7,False,False,False,TN,core_symbol_text contains dt_FB_ without toolchain gate,"Lexical transfer probe only; not runtime semantics, function-boundary correctness, or vulnerability detection.",DERIVED_EVIDENCE
geb_TO_UML,TO_UML,GEB,fold_6,0a967dd744ca5f99294c6100d9ee193591d00e26ae692b09811acbeeb03e46e7,2fb59629bf0f0e0ec5f776500d0183bf5a00c9703611358a9ea658753e31a6a6,True,True,True,TP,core_symbol_text contains dt_FB_ without toolchain gate,"Lexical transfer probe only; not runtime semantics, function-boundary correctness, or vulnerability detection.",DERIVED_EVIDENCE
geb_TO_UPPER,TO_UPPER,GEB,fold_7,408dbbb4426fc9a3657840f6145a2be87a1da43745af83fa7916c60c20089585,ebfc59e511b79ffd1aa2e580fb21c109ad6c428c18fc31db6568e899a0ef7e91,False,False,False,TN,core_symbol_text contains dt_FB_ without toolchain gate,"Lexical transfer probe only; not runtime semantics, function-boundary correctness, or vulnerability detection.",DERIVED_EVIDENCE
geb_TP_1,TP_1,GEB,fold_1,4a60fed08c639e299a4044610e5699d093098af39fa77ce34374a92693478d95,538e7c73c7b02bf8b90fd5f5b1298f0a05b93e772db0e40570f3a8a34a0801be,True,True,True,TP,core_symbol_text contains dt_FB_ without toolchain gate,"Lexical transfer probe only; not runtime semantics, function-boundary correctness, or vulnerability detection.",DERIVED_EVIDENCE
geb_TP_1D,TP_1D,GEB,fold_2,0d161b980492043505c4e02bf1754c54e3a16db0c62b233f3d9a6f3bd015b92a,ef5946f40413a5297fd4acf1647714a674237492e41d684d938fe1f2c2d54079,True,True,True,TP,core_symbol_text contains dt_FB_ without toolchain gate,"Lexical transfer probe only; not runtime semantics, function-boundary correctness, or vulnerability detection.",DERIVED_EVIDENCE
geb_TP_X,TP_X,GEB,fold_3,e595354807638625889c614be18ec74ed5522906eb253b3c66e99cc59f01d30f,4e476bea88f1bd1b43c172a772770c37c9ccf1a3c011272e5751b055e8252637,True,True,True,TP,core_symbol_text contains dt_FB_ without toolchain gate,"Lexical transfer probe only; not runtime semantics, function-boundary correctness, or vulnerability detection.",DERIVED_EVIDENCE
geb_TREND,TREND,GEB,fold_9,7855440570b0ad3049a8de670af4d265223b789282b20977e636370df56ed69f,13ff61a673b6afbb389a455a2ebb2d21aeb8a01cf1764c5e4cf287cfd7756459,True,True,True,TP,core_symbol_text contains dt_FB_ without toolchain gate,"Lexical transfer probe only; not runtime semantics, function-boundary correctness, or vulnerability detection.",DERIVED_EVIDENCE
geb_TREND_DW,TREND_DW,GEB,fold_0,959081ffb37bcc18e4168de5f9b2b2d053078f4f69ac6cbe8b9daf61f6a32175,6d812092c3b4b7cdf779103c301db9cf7aa5dc5bbdcd54c18c3cbe89401c0f21,True,True,True,TP,core_symbol_text contains dt_FB_ without toolchain gate,"Lexical transfer probe only; not runtime semantics, function-boundary correctness, or vulnerability detection.",DERIVED_EVIDENCE
geb_TRIANGLE_A,TRIANGLE_A,GEB,fold_8,89630faf70828467de5513556c99417158012e713f504d564a1aeb16d8f2d522,93d75e215c4dc3fd1554cb7581b162601da7627327087719e1387b90f08b02b6,False,False,False,TN,core_symbol_text contains dt_FB_ without toolchain gate,"Lexical transfer probe only; not runtime semantics, function-boundary correctness, or vulnerability detection.",DERIVED_EVIDENCE
geb_TRIM,TRIM,GEB,fold_9,1d0dd70ee2eb133f9233097ef6fb2e6ce0e3153a5cb5ad6c1ddab54924fc7c68,3386e17b6cec8ee12b60980510318e0c3d71d75f20101d5f638be341ec30603d,True,True,True,TP,core_symbol_text contains dt_FB_ without toolchain gate,"Lexical transfer probe only; not runtime semantics, function-boundary correctness, or vulnerability detection.",DERIVED_EVIDENCE
geb_TRIM1,TRIM1,GEB,fold_0,d99c36e3e505ebc76d8f9c1ab48d1367d17798ca395c9d5ef0d749ef7e512f30,f5d791f52e34d46810a28d2f1469eee52a8c60ff45d5579c04c192cb4e2f742f,True,True,True,TP,core_symbol_text contains dt_FB_ without toolchain gate,"Lexical transfer probe only; not runtime semantics, function-boundary correctness, or vulnerability detection.",DERIVED_EVIDENCE
geb_TRUNC_REAL,TRUNC_REAL,GEB,fold_4,2aaf553ba9a43176dce53d3147536c120c52d571eef694e7e8eced584cf8ceca,6f587d67dcf17aa3d30bbe8af28961a84ecd573a5915f98506a2d977b452878e,False,False,False,TN,core_symbol_text contains dt_FB_ without toolchain gate,"Lexical transfer probe only; not runtime semantics, function-boundary correctness, or vulnerability detection.",DERIVED_EVIDENCE
geb_TRUNC_UDINT,TRUNC_UDINT,GEB,fold_5,8f3944052cd719a63d48acebde813489dd8c37285bab21e8abf071329053e2c7,a8ac3b68e8e09aa6750ff5da000895a35a5e842d063fab1417c7aab9a4a23aa9,False,False,False,TN,core_symbol_text contains dt_FB_ without toolchain gate,"Lexical transfer probe only; not runtime semantics, function-boundary correctness, or vulnerability detection.",DERIVED_EVIDENCE
geb_TUNE,TUNE,GEB,fold_8,1c3f6eda8eae599df0244170b2e936e668c8d16526a58f2d9343013e7f8d7494,536f034fa55cb9797f18a853aef46d4512a8b1b556f29a7e76a6285f6aa50ad3,True,True,True,TP,core_symbol_text contains dt_FB_ without toolchain gate,"Lexical transfer probe only; not runtime semantics, function-boundary correctness, or vulnerability detection.",DERIVED_EVIDENCE
geb_TUNE2,TUNE2,GEB,fold_9,12e380ad498f2dd8cd5cda4ac2af9f6409cc27c2c20e34d7974c17ec0ff81e88,bb2dd9af37b5a2e6398943d31796055b319cc1b4b7eedfce134dea717177abf7,True,True,True,TP,core_symbol_text contains dt_FB_ without toolchain gate,"Lexical transfer probe only; not runtime semantics, function-boundary correctness, or vulnerability detection.",DERIVED_EVIDENCE
geb_T_PLC_MS,T_PLC_MS,GEB,fold_4,ebea6abaf8247690313088d871afb6626b8470b2c6246fc4a1a70beed4f1ff12,1296b6104de5bb53fb31a72ec79d7ca7f3de2a7fee9f3e29902e61f67480ae3b,True,True,True,TP,core_symbol_text contains dt_FB_ without toolchain gate,"Lexical transfer probe only; not runtime semantics, function-boundary correctness, or vulnerability detection.",DERIVED_EVIDENCE
geb_T_PLC_US,T_PLC_US,GEB,fold_5,d0b94d773906b3911c8a21d5821a24572375765aea9569773d99d357ffc89398,9c9ddd6378e54626f70058fd9f4f44c1f325d2f123236141bfaa352d3440a702,True,True,True,TP,core_symbol_text contains dt_FB_ without toolchain gate,"Lexical transfer probe only; not runtime semantics, function-boundary correctness, or vulnerability detection.",DERIVED_EVIDENCE
geb_UDINT_TO_TIME,UDINT_TO_TIME,GEB,fold_0,3988dc2bd1ff173b1852270211c74dc81bd919a9bdb273ffcdb44c4378264bb7,4df374f0f601bb6798eacf457495cbc141124a7fbb2154ea9b27f289fc85b0f5,False,False,False,TN,core_symbol_text contains dt_FB_ without toolchain gate,"Lexical transfer probe only; not runtime semantics, function-boundary correctness, or vulnerability detection.",DERIVED_EVIDENCE
geb_URL_TO_STRING,URL_TO_STRING,GEB,fold_9,22964138ea9fe2c2da54c3ab2801f1269218a91fd7d8d47886942cb65599f78c,bad7b7092f88e2ebd516c7e813aa6deb7fb83f90aede3f28516b05c24c9cb678;4cf3acc005b3bb9702f5ad0894ddd15a2676043544735a5997435d628b8726ad,True,True,True,TP,core_symbol_text contains dt_FB_ without toolchain gate,"Lexical transfer probe only; not runtime semantics, function-boundary correctness, or vulnerability detection.",DERIVED_EVIDENCE
geb_UTC_TO_LTIME,UTC_TO_LTIME,GEB,fold_1,a6b27665fc3cea63a9be95f4ef205e7e341a9a8b71041e8b4089fbdadeb8d8bf,d0a44bde93766e9c1236249e841f1d315162da67191537f32a9021f654262de9,False,False,False,TN,core_symbol_text contains dt_FB_ without toolchain gate,"Lexical transfer probe only; not runtime semantics, function-boundary correctness, or vulnerability detection.",DERIVED_EVIDENCE
geb_V3_ABS,V3_ABS,GEB,fold_0,1b25ec72a5a108e4fed13c4a577bcd4d4a45b053401aaa0268a6f5ea69176459,09437e0dfe843028740a987c308b247c50f429d81a5581093e02c03d39870dbc,True,True,True,TP,core_symbol_text contains dt_FB_ without toolchain gate,"Lexical transfer probe only; not runtime semantics, function-boundary correctness, or vulnerability detection.",DERIVED_EVIDENCE
geb_V3_ADD,V3_ADD,GEB,fold_1,9f6a46e1bf10cd5899b60a0017ab69cd4dcd9038ae938cf550db16e5b37d6192,69d70822e1ac6374b19ad9e00bd185bfae0675f18aabc2d7828f3efbc02388a0,True,True,True,TP,core_symbol_text contains dt_FB_ without toolchain gate,"Lexical transfer probe only; not runtime semantics, function-boundary correctness, or vulnerability detection.",DERIVED_EVIDENCE
geb_V3_ANG,V3_ANG,GEB,fold_2,37910ddb7de0e36907d375ede7385104f3ef9fa64b99c75d0195a673abf1ec53,8db9424d5bb308173b83a404ac3375ba42ad9b6bc4b9a297d2b5b9d2482f15ef,True,True,True,TP,core_symbol_text contains dt_FB_ without toolchain gate,"Lexical transfer probe only; not runtime semantics, function-boundary correctness, or vulnerability detection.",DERIVED_EVIDENCE
geb_V3_DPRO,V3_DPRO,GEB,fold_3,8013ebe4902dcbb11ac28ed033d66efaded8312d07e6157caa48254ede64e626,beb4a8a12e8bce877f7026b78982882760b39c4541fce73ab6121ce090fdb49f,True,True,True,TP,core_symbol_text contains dt_FB_ without toolchain gate,"Lexical transfer probe only; not runtime semantics, function-boundary correctness, or vulnerability detection.",DERIVED_EVIDENCE
geb_V3_NORM,V3_NORM,GEB,fold_4,1d1bb14350081e443df6410fdd24092c078c8adf9ae0293b51b2eaae258bb300,f33199683a7c2af919a39c3a401c4fd449691e2e03fd08a812aaf27e455ed240,True,True,True,TP,core_symbol_text contains dt_FB_ without toolchain gate,"Lexical transfer probe only; not runtime semantics, function-boundary correctness, or vulnerability detection.",DERIVED_EVIDENCE
geb_V3_NUL,V3_NUL,GEB,fold_5,a6f007063b7ceaf0f6be5838b332d35b9f69c5740097a10cf6b531a9a1476317,54b713efb272f546ef65ed7d45568bfc539c6f95caecd973cc3141d06beef217,True,True,True,TP,core_symbol_text contains dt_FB_ without toolchain gate,"Lexical transfer probe only; not runtime semantics, function-boundary correctness, or vulnerability detection.",DERIVED_EVIDENCE
geb_V3_PAR,V3_PAR,GEB,fold_6,f2ead4155483c23fa4697eaa2cf5acb68fb08886e82b38823e7656c279916fa0,1ae7d9557f58489a37820b21c15d926c3555f63599fc3a3e5c26d9de8d6be000,True,True,True,TP,core_symbol_text contains dt_FB_ without toolchain gate,"Lexical transfer probe only; not runtime semantics, function-boundary correctness, or vulnerability detection.",DERIVED_EVIDENCE
geb_V3_REV,V3_REV,GEB,fold_7,e37224fb546baca2169bb606f5e787b6da4642a51630af00a4d8a40ef2b754c5,d3e9887e0df05b9623706c7856569bb81a857d058203f8586dd32ccbe34032f1,True,True,True,TP,core_symbol_text contains dt_FB_ without toolchain gate,"Lexical transfer probe only; not runtime semantics, function-boundary correctness, or vulnerability detection.",DERIVED_EVIDENCE
geb_V3_SMUL,V3_SMUL,GEB,fold_8,b6200d6e09dbc1122a854bcfd73b2b7dd9bb9c975c50d1ba214e25acdffb91b8,337d92cc38ccff86610caca073566fbfed9041aa032b5098fd9c4b8f117a3fba,True,True,True,TP,core_symbol_text contains dt_FB_ without toolchain gate,"Lexical transfer probe only; not runtime semantics, function-boundary correctness, or vulnerability detection.",DERIVED_EVIDENCE
geb_V3_SUB,V3_SUB,GEB,fold_9,19686812a5caba5f8e3802a6262bd614a75bae08237422734fa7ea71e77c3720,acf1ae7bb04c5c0eaa989c56edadfdfa93276a71c6b7c358aae4d6e065413970,True,True,True,TP,core_symbol_text contains dt_FB_ without toolchain gate,"Lexical transfer probe only; not runtime semantics, function-boundary correctness, or vulnerability detection.",DERIVED_EVIDENCE
geb_V3_XANG,V3_XANG,GEB,fold_0,b7bb3774442bb78cf7f761addb767dee3a2ce177662375c96098915d46232124,dbbcff6a1abd82cfb77961c41543cc5f97017ee5f89636531d28170b182ab8f0,True,True,True,TP,core_symbol_text contains dt_FB_ without toolchain gate,"Lexical transfer probe only; not runtime semantics, function-boundary correctness, or vulnerability detection.",DERIVED_EVIDENCE
geb_V3_XPRO,V3_XPRO,GEB,fold_1,c706d67780ca9b0b953907ba54e40ecea3edead63955514c4ebb4c3bf5266855,03552b5d3129465d7424838fe79ec4fbf81a72f33671c5109141cd6a331cb955,True,True,True,TP,core_symbol_text contains dt_FB_ without toolchain gate,"Lexical transfer probe only; not runtime semantics, function-boundary correctness, or vulnerability detection.",DERIVED_EVIDENCE
geb_V3_YANG,V3_YANG,GEB,fold_2,8572e1c482e71d398b3add9381622b13a277e2b5276b5a7f379d38654d120bca,6c539668aadcf68ec985e9bbdf4e2195d546ba4e3ce8cabbf7bc78e49138e8c1,True,True,True,TP,core_symbol_text contains dt_FB_ without toolchain gate,"Lexical transfer probe only; not runtime semantics, function-boundary correctness, or vulnerability detection.",DERIVED_EVIDENCE
geb_V3_ZANG,V3_ZANG,GEB,fold_3,c1e58e931648525762a7998a2563cf52f7d33bd336a45493ec26254c9f16886e,a162392189054021f5687e1cacf80d1d2cef1b9aa6c8c29e8a6dd6c70bbf1092,True,True,True,TP,core_symbol_text contains dt_FB_ without toolchain gate,"Lexical transfer probe only; not runtime semantics, function-boundary correctness, or vulnerability detection.",DERIVED_EVIDENCE
geb_WATER_CP,WATER_CP,GEB,fold_5,aa5313da04e3c8d6c749b901c5b58f53f58aa6c6f7adb3e5e812c59ce2b8342f,1d19342edc09ed01e1c101147908f2b817dc1ae77b944bec722e4eac0560187e,True,True,True,TP,core_symbol_text contains dt_FB_ without toolchain gate,"Lexical transfer probe only; not runtime semantics, function-boundary correctness, or vulnerability detection.",DERIVED_EVIDENCE
geb_WATER_DENSITY,WATER_DENSITY,GEB,fold_6,0aac1ab95ed69f016b6eed294796791fdb4057d67ffc35b0f38c655ea6e13626,4ec435a8617003b0f90b5e07e9f5f5fae879717252f1f8449b149cd62d30cce7,False,False,False,TN,core_symbol_text contains dt_FB_ without toolchain gate,"Lexical transfer probe only; not runtime semantics, function-boundary correctness, or vulnerability detection.",DERIVED_EVIDENCE
geb_WATER_ENTHALPY,WATER_ENTHALPY,GEB,fold_7,0d63e706dc3de20cf04985221fa86c654a420bc388e41435c333cb378f6e0889,c07a77d1414c36ec9ad821a2eb9a0bc0eb1bea4b037adceaa12956e79c018605,True,True,True,TP,core_symbol_text contains dt_FB_ without toolchain gate,"Lexical transfer probe only; not runtime semantics, function-boundary correctness, or vulnerability detection.",DERIVED_EVIDENCE
geb_WCT,WCT,GEB,fold_8,eaaaab5c8dee6a722e800873d843da3119f6e4b91fcd0f0e09fc9ca1e5e6c461,f75839be6bdfd0879f0f2e47534e9137bd660df80b77f53d715d29cec2231ccf,False,False,False,TN,core_symbol_text contains dt_FB_ without toolchain gate,"Lexical transfer probe only; not runtime semantics, function-boundary correctness, or vulnerability detection.",DERIVED_EVIDENCE
geb_WEEKDAY_TO_STRING,WEEKDAY_TO_STRING,GEB,fold_1,5a85c8c64f3083eef753bca3887365f1a9437768a930af3943f8c953055ae7f6,6bd3033924210788aae5f6a0cec10974dc9ac2c9953e4f9f94e4feccae36b93b,True,True,True,TP,core_symbol_text contains dt_FB_ without toolchain gate,"Lexical transfer probe only; not runtime semantics, function-boundary correctness, or vulnerability detection.",DERIVED_EVIDENCE
geb_WINDOW,WINDOW,GEB,fold_6,a1ef2d9647ba7d5bc6957ee5fcad5e4e2b524918a6187562ad438c1e867534f6,ba6b76193431a8e9d0703c2c0c1c13a12a3234d64c600d9d413ae091ecbec302,False,False,False,TN,core_symbol_text contains dt_FB_ without toolchain gate,"Lexical transfer probe only; not runtime semantics, function-boundary correctness, or vulnerability detection.",DERIVED_EVIDENCE
geb_WINDOW2,WINDOW2,GEB,fold_7,a0a23a4893e97c26ef750a622188e594963fdfebfab8654658fde804ca83cc10,4770b4a8960005851056ede6e1cc57a7f5de89eaedaec25707a5c4699321c5b6,False,False,False,TN,core_symbol_text contains dt_FB_ without toolchain gate,"Lexical transfer probe only; not runtime semantics, function-boundary correctness, or vulnerability detection.",DERIVED_EVIDENCE
geb_WORD_OF_BYTE,WORD_OF_BYTE,GEB,fold_7,7a8adcaeb55f8cc2f4616d1b37c5156bc60cb99d97a1bb5cdfe2b9c63f686697,b3942295e25ca0a81c2028bdb5500a00977b94c079774e97ba7bc5a13b486e0e,False,False,False,TN,core_symbol_text contains dt_FB_ without toolchain gate,"Lexical transfer probe only; not runtime semantics, function-boundary correctness, or vulnerability detection.",DERIVED_EVIDENCE
geb_WORD_OF_DWORD,WORD_OF_DWORD,GEB,fold_8,5f64f20d64e5b2356eedb8de25ace01f10ef5ebfe2919b8563d90ce087849f72,f2628e098b58ab8441e9ab4f221ec8c3745873280f862bfa97deeafeaeb96ead,False,False,False,TN,core_symbol_text contains dt_FB_ without toolchain gate,"Lexical transfer probe only; not runtime semantics, function-boundary correctness, or vulnerability detection.",DERIVED_EVIDENCE
geb_WORD_TO_RANGE,WORD_TO_RANGE,GEB,fold_1,49195fd5deedc460de0ca16f452a0c494134b62a913c51bfe40ccf5b6fc1740a,40b9709e23143265b0a11bbc0004126e42ab994444142999ac2c5807052a6b28,False,False,False,TN,core_symbol_text contains dt_FB_ without toolchain gate,"Lexical transfer probe only; not runtime semantics, function-boundary correctness, or vulnerability detection.",DERIVED_EVIDENCE
geb_WORK_WEEK,WORK_WEEK,GEB,fold_2,0bf796ffb15481fa265bd3822c4f69416031ff495e5faf792e0e15ad230aaf45,0430df339900e43788e83ffa38cea5cf070b2e94898fa4e1adb7c29e90ae2137,False,False,False,TN,core_symbol_text contains dt_FB_ without toolchain gate,"Lexical transfer probe only; not runtime semantics, function-boundary correctness, or vulnerability detection.",DERIVED_EVIDENCE
geb_WORLD_WEATHER_DESC_GE,WORLD_WEATHER_DESC_GE,GEB,fold_0,63ad7826dfb9ccf664e0688036c59db0758d13250b4b621486251c3553180989,6e79d3268362d6d1846adeba4016637e3dd1a910ec70e286c1f835fd556dc8cf;c250005f8e8b898fd0b98fac8d4a91d47b62984c56c81d901d591233e8a4b6fc,True,True,True,TP,core_symbol_text contains dt_FB_ without toolchain gate,"Lexical transfer probe only; not runtime semantics, function-boundary correctness, or vulnerability detection.",DERIVED_EVIDENCE
geb_WORLD_WEATHER_ICON_OSCAT,WORLD_WEATHER_ICON_OSCAT,GEB,fold_1,2874cd55fd766006691226c5c377fb392920aa37dbb0271d0ab560eb026070ae,9c98d409e0dd6a329841b765c1c40ee002fb1183fd9100fc497b7a14011ff335;2e92ff7b36ca08d62fd8705b93b805777dfc1df235d777da16771f64f803231c,True,True,True,TP,core_symbol_text contains dt_FB_ without toolchain gate,"Lexical transfer probe only; not runtime semantics, function-boundary correctness, or vulnerability detection.",DERIVED_EVIDENCE
geb_YAHOO_WEATHER_DESC_GE,YAHOO_WEATHER_DESC_GE,GEB,fold_2,183aba220b236bcbb72db30d84c6caca21975ff4c04cae44e853049118b3b5c2,05802005209314a96db94c69a3b47efe32fe03f0cf7ac4e9a18381a0122bfb3a;ca4e43566d308532197d82568706704918bfdda5c070f8e24502e9252db50483,True,True,True,TP,core_symbol_text contains dt_FB_ without toolchain gate,"Lexical transfer probe only; not runtime semantics, function-boundary correctness, or vulnerability detection.",DERIVED_EVIDENCE
geb_YAHOO_WEATHER_ICON_OSCAT,YAHOO_WEATHER_ICON_OSCAT,GEB,fold_3,3e83299ced69065b165c4fe2eb7cd5207550568e05cd02c98c20db507dadc474,ba1f7b84d8228ab4e3dc6162d2d42aaa3fda9ec13e76c9636eca154cc15347ed;573a787371cb0469a1414ac4821d95bbab9aa5b78364ca1320284ee988adbd5c,True,True,True,TP,core_symbol_text contains dt_FB_ without toolchain gate,"Lexical transfer probe only; not runtime semantics, function-boundary correctness, or vulnerability detection.",DERIVED_EVIDENCE
geb_YEAR_BEGIN,YEAR_BEGIN,GEB,fold_3,7c6062f15a75403f0db161a4810dfe94809358e3dca012748d38b83391d9152d,1c167305ed761e0b751628de0160d98a2263dbc68043aec80d9dc0f1863c03e2,False,False,False,TN,core_symbol_text contains dt_FB_ without toolchain gate,"Lexical transfer probe only; not runtime semantics, function-boundary correctness, or vulnerability detection.",DERIVED_EVIDENCE
geb_YEAR_END,YEAR_END,GEB,fold_4,070abb664b97e3cab3313a1607cd7629ba57232dd6ab67d65437352801f2283b,5bdb73a3cd679c8cb7753951bdc34f9c51648cef9ee944018e8e2f3bb4c506fc,False,False,False,TN,core_symbol_text contains dt_FB_ without toolchain gate,"Lexical transfer probe only; not runtime semantics, function-boundary correctness, or vulnerability detection.",DERIVED_EVIDENCE
geb_YEAR_OF_DATE,YEAR_OF_DATE,GEB,fold_5,00c3adfda9efe022ad178ed9ccb809df5e8c1c4ce16e6f08f9ac001758ea4a1a,8d24285aecaa848e3a9c8a93ab63d6466ca59896c97565ddeb6764fba04b9ef7,False,False,False,TN,core_symbol_text contains dt_FB_ without toolchain gate,"Lexical transfer probe only; not runtime semantics, function-boundary correctness, or vulnerability detection.",DERIVED_EVIDENCE
geb__ARRAY_ABS,_ARRAY_ABS,GEB,fold_0,d25663a74993956398b4ad58d4f75f754a3017870ba65b12da07fc7fd3480347,9df6793d48732cd7496c503c67c8544900ed31484c103aa1c4cadc1bfdb838dc,False,False,False,TN,core_symbol_text contains dt_FB_ without toolchain gate,"Lexical transfer probe only; not runtime semantics, function-boundary correctness, or vulnerability detection.",DERIVED_EVIDENCE
geb__ARRAY_ADD,_ARRAY_ADD,GEB,fold_1,32a6b7693c35660c7fa55068b2553923c876e586718e338af6317189496a0a3f,e7b3408ae95912d5ca394d5285ecc4e5e17187c41e36b240d88bec95dd74f34c,False,False,False,TN,core_symbol_text contains dt_FB_ without toolchain gate,"Lexical transfer probe only; not runtime semantics, function-boundary correctness, or vulnerability detection.",DERIVED_EVIDENCE
geb__ARRAY_INIT,_ARRAY_INIT,GEB,fold_2,1370cafb2f6f54be420ad84154edbe151fc7411b706dc1fc0ed3bf114b28da8e,2b9548d4bb80d5d0211e9d35b6b576150cc88e2d659d9dfdb851fe95a71d01f5,True,True,True,TP,core_symbol_text contains dt_FB_ without toolchain gate,"Lexical transfer probe only; not runtime semantics, function-boundary correctness, or vulnerability detection.",DERIVED_EVIDENCE
geb__ARRAY_MUL,_ARRAY_MUL,GEB,fold_3,a4aa05dcabceec1e560cc1d1979e4231f344b5591555c81b281af34570e46cab,fcc89e2a9574ccf66ed831a8c4c2d7fcb93949040312d80361a34bab21862f5b,True,True,True,TP,core_symbol_text contains dt_FB_ without toolchain gate,"Lexical transfer probe only; not runtime semantics, function-boundary correctness, or vulnerability detection.",DERIVED_EVIDENCE
geb__ARRAY_SHUFFLE,_ARRAY_SHUFFLE,GEB,fold_4,5d07fa4ce6c148b3efa5a28e51b33efd4d0930cec161d9399a41225daf0d7faa,5c3c85f713c958f66fa50703becd6ad46678d0001760181220bda2a194cbda3c,True,True,True,TP,core_symbol_text contains dt_FB_ without toolchain gate,"Lexical transfer probe only; not runtime semantics, function-boundary correctness, or vulnerability detection.",DERIVED_EVIDENCE
geb__ARRAY_SORT,_ARRAY_SORT,GEB,fold_5,a315c676b417fd496b2ba7880928e2a9d4948ab381cc48b16dd4560146431eef,c177ad7d2c8318f4812f76a3d4d3ed8e0f6898aa069476eebdb8f64375c1ac5c,True,True,True,TP,core_symbol_text contains dt_FB_ without toolchain gate,"Lexical transfer probe only; not runtime semantics, function-boundary correctness, or vulnerability detection.",DERIVED_EVIDENCE
geb__BUFFER_UPPERCASE_NW,_BUFFER_UPPERCASE_NW,GEB,fold_6,1219a36b2b31e9c1bb39ecb9bf2e43bc0e82493e6235af412fd8aab5b1be3cb6,76f0ba8f10a54076cd419e3d9f49e70816df437bdf6ca273ef92265878321d05;14b104accc43c6480c428346c1a5f68839d01c72e1847bd9725801f24576a97b,True,True,True,TP,core_symbol_text contains dt_FB_ without toolchain gate,"Lexical transfer probe only; not runtime semantics, function-boundary correctness, or vulnerability detection.",DERIVED_EVIDENCE
geb__BYTE_TO_DINT,_BYTE_TO_DINT,GEB,fold_0,03f2bff3eb8cefd1621052de110307c06f118aa1a48b08af80d78a8a311ee168,fa60bdff29c3627bd3c0e48bf852ca11bdf5ca2da17733aea9e76ef572310428,False,False,False,TN,core_symbol_text contains dt_FB_ without toolchain gate,"Lexical transfer probe only; not runtime semantics, function-boundary correctness, or vulnerability detection.",DERIVED_EVIDENCE
geb__BYTE_TO_INT,_BYTE_TO_INT,GEB,fold_1,6cdeb8b2aa9bed95a81ee7b009cc6057a84681c90e5f0f5e43e01989b0131a8d,db194fd67356d0aa5e686074cc76e225804429e28e10c29714f9cc560283e6cd,False,False,False,TN,core_symbol_text contains dt_FB_ without toolchain gate,"Lexical transfer probe only; not runtime semantics, function-boundary correctness, or vulnerability detection.",DERIVED_EVIDENCE
geb__BYTE_TO_REAL,_BYTE_TO_REAL,GEB,fold_2,1a4db5615acfe57fb96a66d030d6c5b412f00109abd45b073dbc3b5cf9810cfc,4ae6b44c4efa62fbab09cceabd825c645657224fbcea7b4272bea2fc02fdd993,False,False,False,TN,core_symbol_text contains dt_FB_ without toolchain gate,"Lexical transfer probe only; not runtime semantics, function-boundary correctness, or vulnerability detection.",DERIVED_EVIDENCE
geb__DWORD_TO_REAL,_DWORD_TO_REAL,GEB,fold_3,979bb136579748d39bf48e0d0bb16c9f3206bb37488cc49199f2aaf2e9198e75,7b539d5a79b3144c4e720694e13ed52aabd7f4b51d317ea802939a5716513c27,False,False,False,TN,core_symbol_text contains dt_FB_ without toolchain gate,"Lexical transfer probe only; not runtime semantics, function-boundary correctness, or vulnerability detection.",DERIVED_EVIDENCE
geb__INSERT80,_INSERT80,GEB,fold_0,ac6f84f9a0bf9acf3904a5ae49c9c4889e8baa0d7e7f8175a4a1f6c73c8ab2fa,f4f2cfd4bdda5ec13429c47d7c36148dfde7d1245b5ef19dd1179a42ec240c0d,True,True,True,TP,core_symbol_text contains dt_FB_ without toolchain gate,"Lexical transfer probe only; not runtime semantics, function-boundary correctness, or vulnerability detection.",DERIVED_EVIDENCE
geb__INT_TO_UDINT,_INT_TO_UDINT,GEB,fold_4,8b1016684b3b01988122b62fcd5af952187e70d59b8c76bd18b2daffd3c49e6c,30f6c841c6f5cff8cd0866d818e4d3d281dfa2a44dd5c177e2c78cf022b02b52,False,False,False,TN,core_symbol_text contains dt_FB_ without toolchain gate,"Lexical transfer probe only; not runtime semantics, function-boundary correctness, or vulnerability detection.",DERIVED_EVIDENCE
geb__MOD_INT,_MOD_INT,GEB,fold_0,9538c9d69e8784565faecde5fceff7b537cc08e4d72198b79b2feea04de6fed7,62c60a786e65e3dbf2bc57511b836912f0fde14001d3f5149abd2a1b8f2b3f87,False,False,False,TN,core_symbol_text contains dt_FB_ without toolchain gate,"Lexical transfer probe only; not runtime semantics, function-boundary correctness, or vulnerability detection.",DERIVED_EVIDENCE
geb__REAL_TO_DINT,_REAL_TO_DINT,GEB,fold_5,ec63fe186d642f6fa11e153e75de07fb982edf8d257b66a63a2b8d0476bbd216,fc4e6f6991c4eea305e9596222fccc2998dc6d842f0043f3442d2cb7b497af9f,False,False,False,TN,core_symbol_text contains dt_FB_ without toolchain gate,"Lexical transfer probe only; not runtime semantics, function-boundary correctness, or vulnerability detection.",DERIVED_EVIDENCE
geb__REAL_TO_DWORD,_REAL_TO_DWORD,GEB,fold_6,23314b5319adbaa5dcefe99667b7e409c26094013ba2be73f0588b72e8bc4095,582dec90a82c5d18d0445c1cad8dbbe3b29d342e9329ecfeef706b2d600bb0fa,False,False,False,TN,core_symbol_text contains dt_FB_ without toolchain gate,"Lexical transfer probe only; not runtime semantics, function-boundary correctness, or vulnerability detection.",DERIVED_EVIDENCE
geb__REAL_TO_UDINT,_REAL_TO_UDINT,GEB,fold_7,f74dbd437cb9ecf35c9ccee5eea68aa2632bf097418dffa7bd4c178d01f75b64,b1904a9004c16e2e87902d0491b635b49ebc316ab193658eee57815742816b37,False,False,False,TN,core_symbol_text contains dt_FB_ without toolchain gate,"Lexical transfer probe only; not runtime semantics, function-boundary correctness, or vulnerability detection.",DERIVED_EVIDENCE
geb__RMP_B,_RMP_B,GEB,fold_0,4109972b395460520d03f9182458e83f33b3002683218744fc5d9aca1dc67593,a95b398d273aef808e6ae7a45558ad05d723ccbd9e63063b32e1909276cb0094,True,True,True,TP,core_symbol_text contains dt_FB_ without toolchain gate,"Lexical transfer probe only; not runtime semantics, function-boundary correctness, or vulnerability detection.",DERIVED_EVIDENCE
geb__RMP_NEXT,_RMP_NEXT,GEB,fold_1,44180ead0b23b04cb71fce58682dfd5ef80500c863ebd3b6ffe394727180e83c,58dcc27cbd97207c54db3b4564cf498c61c408e1840d6d9c36ec424d75b360e2,True,True,True,TP,core_symbol_text contains dt_FB_ without toolchain gate,"Lexical transfer probe only; not runtime semantics, function-boundary correctness, or vulnerability detection.",DERIVED_EVIDENCE
geb__RMP_W,_RMP_W,GEB,fold_2,01a89c02ca69104d724349bebad1a95fed2ae0a93b1561a1f9872118ab72a9b6,d8f6a44bdc5ffc4dcc33953b5d065ae9bb4a9923a7caf48cac05f0798ff40b9e,True,True,True,TP,core_symbol_text contains dt_FB_ without toolchain gate,"Lexical transfer probe only; not runtime semantics, function-boundary correctness, or vulnerability detection.",DERIVED_EVIDENCE
geb__WORD_TO_DINT,_WORD_TO_DINT,GEB,fold_8,1f66fb0b0a3075588eac0cf7fc628b03ca6b28876629a8d76c799c80d2c4c401,b7fc637914a3519bd5a91e4bf390e65f385f280df1f7f42184a7ce96b2d40fee,False,False,False,TN,core_symbol_text contains dt_FB_ without toolchain gate,"Lexical transfer probe only; not runtime semantics, function-boundary correctness, or vulnerability detection.",DERIVED_EVIDENCE
geb__WORD_TO_REAL,_WORD_TO_REAL,GEB,fold_9,028f3da4fcc926e7d0bf9b2252b213712747313a6aa1a8a8aa79f34ac2622e32,6cf434ede27a7da994d42d9dcfcd01b5aa63133bf2653e6b58f4e770fb0bd4bc,False,False,False,TN,core_symbol_text contains dt_FB_ without toolchain gate,"Lexical transfer probe only; not runtime semantics, function-boundary correctness, or vulnerability detection.",DERIVED_EVIDENCE
openplcV2_ACOSH,ACOSH,OpenPLCv2,fold_1,02da7544b83e5413b42af50deaff230c075fe402bd88b9b45ab39b026b20851b,f943874cdd763acf7a4fc01ac7ddd7666c7848d9a24a682f2422e3de7f30475d,False,OUT_OF_SCOPE,False,TN,core_symbol_text contains dt_FB_ without toolchain gate,"Lexical transfer probe only; not runtime semantics, function-boundary correctness, or vulnerability detection.",DERIVED_EVIDENCE
openplcV2_ACOTH,ACOTH,OpenPLCv2,fold_2,bf197326385ffe80e224cf6704e67eb1a88e6571cf0b1fd991a97871c929206d,c987abbb3239e902c4b193f23647652ef810f3a56a8e80abe821a95d75ec378c,False,OUT_OF_SCOPE,False,TN,core_symbol_text contains dt_FB_ without toolchain gate,"Lexical transfer probe only; not runtime semantics, function-boundary correctness, or vulnerability detection.",DERIVED_EVIDENCE
openplcV2_ACTUATOR_3P,ACTUATOR_3P,OpenPLCv2,fold_0,4a93998061d9339f830c309c773a8fd47f349222b1464d84aba2a904530b9103,7df81b7ad58abeeb3c6f34339403fb3462a7155d3ad18270ce93a42aa1c8c3da,True,OUT_OF_SCOPE,False,FN,core_symbol_text contains dt_FB_ without toolchain gate,"Lexical transfer probe only; not runtime semantics, function-boundary correctness, or vulnerability detection.",DERIVED_EVIDENCE
openplcV2_ACTUATOR_A,ACTUATOR_A,OpenPLCv2,fold_1,bbf3017f32ed2b1e46a598e1881cf20c9fa50f6a28ab19cb80ad6dbc0d8919f2,872e2e01653d1ec12d312fcf94f84c002ee7d8af50faa5f6acbfd4f3d1a7823b,True,OUT_OF_SCOPE,False,FN,core_symbol_text contains dt_FB_ without toolchain gate,"Lexical transfer probe only; not runtime semantics, function-boundary correctness, or vulnerability detection.",DERIVED_EVIDENCE
openplcV2_ACTUATOR_COIL,ACTUATOR_COIL,OpenPLCv2,fold_2,7c23c42db6a22c392a4f793d35578654476e75cf38c95e957f846dd296ed2040,4b88010a26fe0ff350a1760a0649ba200869a2b9242f20a0fbd4e5c7ab385cac,True,OUT_OF_SCOPE,False,FN,core_symbol_text contains dt_FB_ without toolchain gate,"Lexical transfer probe only; not runtime semantics, function-boundary correctness, or vulnerability detection.",DERIVED_EVIDENCE
openplcV2_ACTUATOR_PUMP,ACTUATOR_PUMP,OpenPLCv2,fold_3,4837be2556fa7a280857842e4335e0f69170022921790eb4762e4b62468fd203,52da8b246ab388aebe987ebedb2c9354708edeca0b30a4cc754c3387b9aaa364,True,OUT_OF_SCOPE,False,FN,core_symbol_text contains dt_FB_ without toolchain gate,"Lexical transfer probe only; not runtime semantics, function-boundary correctness, or vulnerability detection.",DERIVED_EVIDENCE
openplcV2_ACTUATOR_UD,ACTUATOR_UD,OpenPLCv2,fold_4,a8f48109330d64c7ac32bc6055890293bb9daf6ea6d94550ffe6112c02cd394a,f5a6f19b6c0c8abe67301cc71ed785003f2228a6d677ac360aa90155035005b1,True,OUT_OF_SCOPE,False,FN,core_symbol_text contains dt_FB_ without toolchain gate,"Lexical transfer probe only; not runtime semantics, function-boundary correctness, or vulnerability detection.",DERIVED_EVIDENCE
openplcV2_AGDF,AGDF,OpenPLCv2,fold_3,54d811ac29eaf9ac10d9fa0b5778261e496bc4bd779b87234291ccf9b9ea5c51,cfc79a7e5bf1ba8fb021794082079b1714f8a384f49b78449844edbbfc71a257,False,OUT_OF_SCOPE,False,TN,core_symbol_text contains dt_FB_ without toolchain gate,"Lexical transfer probe only; not runtime semantics, function-boundary correctness, or vulnerability detection.",DERIVED_EVIDENCE
openplcV2_AIN,AIN,OpenPLCv2,fold_0,9b612b747ba5e6ba9298e47c9817a5fd1fa2497dc928bcacc76c936c7c3a5b4f,f2912d6cc332e297b4cc1cd4c63d49adb61e68070f4d22f37cc6e40c488fda3a,False,OUT_OF_SCOPE,False,TN,core_symbol_text contains dt_FB_ without toolchain gate,"Lexical transfer probe only; not runtime semantics, function-boundary correctness, or vulnerability detection.",DERIVED_EVIDENCE
openplcV2_AIN1,AIN1,OpenPLCv2,fold_1,a114a262000ae440e9fc9544e895660c8640886abeafba65e6bfbdb419bd205c,85a05177ce93a65ffc5f22362bdfc8c8ab311975462c11a7a2e571650ef63ea3,True,OUT_OF_SCOPE,False,FN,core_symbol_text contains dt_FB_ without toolchain gate,"Lexical transfer probe only; not runtime semantics, function-boundary correctness, or vulnerability detection.",DERIVED_EVIDENCE
openplcV2_AIR_DENSITY,AIR_DENSITY,OpenPLCv2,fold_5,a9f0262c69354354b904cdfba215843ac8c81bc059675eda3b21dc73f34b0f9d,a585324dc7ae45a10c1fcea5a6b028ac1917ea9f65c2448fe1152dc89518991b,False,OUT_OF_SCOPE,False,TN,core_symbol_text contains dt_FB_ without toolchain gate,"Lexical transfer probe only; not runtime semantics, function-boundary correctness, or vulnerability detection.",DERIVED_EVIDENCE
openplcV2_AIR_ENTHALPY,AIR_ENTHALPY,OpenPLCv2,fold_6,a03b5835d46b1cba8a8da4e0a47875e0b27db9ab9f79dd4ff0af9c2890045590,0b0d0ebbe2fab083702abe0b3fb1b04e77c2f96f0fdabc1ae870f0c396a3e983,False,OUT_OF_SCOPE,False,TN,core_symbol_text contains dt_FB_ without toolchain gate,"Lexical transfer probe only; not runtime semantics, function-boundary correctness, or vulnerability detection.",DERIVED_EVIDENCE
openplcV2_ALARM_2,ALARM_2,OpenPLCv2,fold_0,3357ec74bbbb122a0a49af39a44d7677714adf395fcfd09588358efb14b09f6e,7e4b7f405384b2de4d80b911bf66a2b4f3ff2978fdb7252b5286bb0e9f0647bb,True,OUT_OF_SCOPE,False,FN,core_symbol_text contains dt_FB_ without toolchain gate,"Lexical transfer probe only; not runtime semantics, function-boundary correctness, or vulnerability detection.",DERIVED_EVIDENCE
openplcV2_AOUT,AOUT,OpenPLCv2,fold_2,f773abcf3247d208aa5479d5cc36fe111979a46bd5a2a5b49a35a5b2345e197a,32288891269e306cf1fee4851b31ce780ec28b92788ecbecba213cfce00c2e83,False,OUT_OF_SCOPE,False,TN,core_symbol_text contains dt_FB_ without toolchain gate,"Lexical transfer probe only; not runtime semantics, function-boundary correctness, or vulnerability detection.",DERIVED_EVIDENCE
openplcV2_AOUT1,AOUT1,OpenPLCv2,fold_3,46849c2d747a9904c7b90ef02543502a871fbb86ee4b4badcbeb07d35f9888c2,31d5ad708f818905f8d49c906ffa41320341ec72633b466f204e29489df5b409,False,OUT_OF_SCOPE,False,TN,core_symbol_text contains dt_FB_ without toolchain gate,"Lexical transfer probe only; not runtime semantics, function-boundary correctness, or vulnerability detection.",DERIVED_EVIDENCE
openplcV2_ARRAY_AVG,ARRAY_AVG,OpenPLCv2,fold_7,ec4b1f8f5bdd75bb41a94bdf62846b856ab6485ce47ef3d8caec8916144db9e4,4a588c8ba32272d0f4157e13796f96d19c61e0ef10c1b0b9836fe422fa04957c,True,OUT_OF_SCOPE,False,FN,core_symbol_text contains dt_FB_ without toolchain gate,"Lexical transfer probe only; not runtime semantics, function-boundary correctness, or vulnerability detection.",DERIVED_EVIDENCE
openplcV2_ARRAY_GAV,ARRAY_GAV,OpenPLCv2,fold_8,c46219232fb6f9dc64ec8b4c6860c12b5778991fcce4625bfaf4e3b1ef9357aa,07b43e5ea437696eaf24e6b0e95c7f592dee1c5c218ec1eb4df50cf4528735bc,True,OUT_OF_SCOPE,False,FN,core_symbol_text contains dt_FB_ without toolchain gate,"Lexical transfer probe only; not runtime semantics, function-boundary correctness, or vulnerability detection.",DERIVED_EVIDENCE
openplcV2_ARRAY_HAV,ARRAY_HAV,OpenPLCv2,fold_9,bda1235c4379f68f8d0214404be2c16ed9a6ec33d8ae1379b535d9ea98aee240,86c1db1bfdb6146dc0615ddf4e1c431f885eb5bcb2081b71f2cf8de178e7de21,True,OUT_OF_SCOPE,False,FN,core_symbol_text contains dt_FB_ without toolchain gate,"Lexical transfer probe only; not runtime semantics, function-boundary correctness, or vulnerability detection.",DERIVED_EVIDENCE
openplcV2_ARRAY_MAX,ARRAY_MAX,OpenPLCv2,fold_0,ee0888c08acd2d148d7f3ec1af8ecf643a67e922c0d0bed9e7b2d25b5a3803e4,dc686bead534e5a4e038fa68f31fe750d67339a5beb09be6dd57809ec7ba0511,True,OUT_OF_SCOPE,False,FN,core_symbol_text contains dt_FB_ without toolchain gate,"Lexical transfer probe only; not runtime semantics, function-boundary correctness, or vulnerability detection.",DERIVED_EVIDENCE
openplcV2_ARRAY_MEDIAN,ARRAY_MEDIAN,OpenPLCv2,fold_1,5a09fcf4c46b6c6e4fda12b9faec06869d0edf0a2f33c8250f02ed5726571411,4659be7d513f2f6acbcba05ae7ffea4a8bcd5ca5eb3f05d8fdf088329101a5d3,True,OUT_OF_SCOPE,False,FN,core_symbol_text contains dt_FB_ without toolchain gate,"Lexical transfer probe only; not runtime semantics, function-boundary correctness, or vulnerability detection.",DERIVED_EVIDENCE
openplcV2_ARRAY_MIN,ARRAY_MIN,OpenPLCv2,fold_2,a93f6fdccd21771f503f20941b628ba9271bf2a57aa529030933978191b04d39,2ca1274d8a10adf9a34c71b0734990179e4b4d2ddb12b1d7371d2b4ffeefd83d,True,OUT_OF_SCOPE,False,FN,core_symbol_text contains dt_FB_ without toolchain gate,"Lexical transfer probe only; not runtime semantics, function-boundary correctness, or vulnerability detection.",DERIVED_EVIDENCE
openplcV2_ARRAY_SDV,ARRAY_SDV,OpenPLCv2,fold_3,6c73c0b16b9ad6f53465f09da02565a429560238a1dc76fbd86a6c211a1702a2,ffc85d4c9cfbecc2a5d0708cd6a09dede30831b219d9f9df520ce48da6949f7c,True,OUT_OF_SCOPE,False,FN,core_symbol_text contains dt_FB_ without toolchain gate,"Lexical transfer probe only; not runtime semantics, function-boundary correctness, or vulnerability detection.",DERIVED_EVIDENCE
openplcV2_ARRAY_SPR,ARRAY_SPR,OpenPLCv2,fold_4,e1313a61fefb303c5ac9e271f12208e7baccc4b5a53c52535bd7ba6b07404e33,504850e81fab447d22ec58ab4cd992c2974d27e8c20e3d7fec3f9b7feed589cf,True,OUT_OF_SCOPE,False,FN,core_symbol_text contains dt_FB_ without toolchain gate,"Lexical transfer probe only; not runtime semantics, function-boundary correctness, or vulnerability detection.",DERIVED_EVIDENCE
openplcV2_ARRAY_SUM,ARRAY_SUM,OpenPLCv2,fold_5,2013e62a525d73a38a87c6b738329d6e3df7c2ce63421f646d7c91393427923a,d3f51cbed36f6b9a771742db25981c7e096bd0372dabab9093c7c4ed947cf859,True,OUT_OF_SCOPE,False,FN,core_symbol_text contains dt_FB_ without toolchain gate,"Lexical transfer probe only; not runtime semantics, function-boundary correctness, or vulnerability detection.",DERIVED_EVIDENCE
openplcV2_ARRAY_TREND,ARRAY_TREND,OpenPLCv2,fold_6,26fd8690e9b75eea163f56af3bf8813d6313c1471833bb84b40099b09e0a7982,1d6a1a07b4647272b6de0a20666fe06bac64f724f74ed845c21b83c796f444bc,True,OUT_OF_SCOPE,False,FN,core_symbol_text contains dt_FB_ without toolchain gate,"Lexical transfer probe only; not runtime semantics, function-boundary correctness, or vulnerability detection.",DERIVED_EVIDENCE
openplcV2_ARRAY_VAR,ARRAY_VAR,OpenPLCv2,fold_7,39f89303988aa7f29916e85591cbfb2b6bc5666a9a9d20aea940225737c8002e,937fb6a5b76f854d2cf7f3e1a0c60cf66be9d038e42a13a0eb769f4203f1f093,True,OUT_OF_SCOPE,False,FN,core_symbol_text contains dt_FB_ without toolchain gate,"Lexical transfer probe only; not runtime semantics, function-boundary correctness, or vulnerability detection.",DERIVED_EVIDENCE
openplcV2_ASINH,ASINH,OpenPLCv2,fold_4,984ec5d5261021eb5072bd8f826b704d9ac329750738cfef8ba64c64c1c1b59b,93f4ac90270f4a11bf7081b035fcd72d318c2e809c32b425773ca44f376d5465,False,OUT_OF_SCOPE,False,TN,core_symbol_text contains dt_FB_ without toolchain gate,"Lexical transfer probe only; not runtime semantics, function-boundary correctness, or vulnerability detection.",DERIVED_EVIDENCE
openplcV2_ASTRO,ASTRO,OpenPLCv2,fold_0,9dbd8145d915f85fa9b8ee0e491bbdcba711f4b960c0669bdd5fc900f1ce41b4,ce06f834e96cc0b7331681b6def3a517ac9db9441675834358f14091d0089920,True,OUT_OF_SCOPE,False,FN,core_symbol_text contains dt_FB_ without toolchain gate,"Lexical transfer probe only; not runtime semantics, function-boundary correctness, or vulnerability detection.",DERIVED_EVIDENCE
openplcV2_ATAN2,ATAN2,OpenPLCv2,fold_5,a7a37cc9f90ac78134d5f3778d2215c53a2f282bcf8bd7e8720b30bf1561f729,dc5a967941703d43673d89fc1a25f53c156f642a288710e2ac31a16eff48b151,False,OUT_OF_SCOPE,False,TN,core_symbol_text contains dt_FB_ without toolchain gate,"Lexical transfer probe only; not runtime semantics, function-boundary correctness, or vulnerability detection.",DERIVED_EVIDENCE
openplcV2_ATANH,ATANH,OpenPLCv2,fold_6,fba54f8c0d2ecbda1e339d0cc410c4ba5a0ae24e4f1eaecfa932ebb0a89bbdf4,3eca03b4987c91711fd93be89d1a9ba84eaf5fe1df54af54cd6dc60950232564,False,OUT_OF_SCOPE,False,TN,core_symbol_text contains dt_FB_ without toolchain gate,"Lexical transfer probe only; not runtime semantics, function-boundary correctness, or vulnerability detection.",DERIVED_EVIDENCE
openplcV2_AUTORUN,AUTORUN,OpenPLCv2,fold_7,da41e767bbc8ea278ce741544139c926ff4981bee89d26b2ff9b94a8b057a773,6631460e0004ee26cb706cbac5b81dccb1f22f81f628c0739e18ea0009e032fb,True,OUT_OF_SCOPE,False,FN,core_symbol_text contains dt_FB_ without toolchain gate,"Lexical transfer probe only; not runtime semantics, function-boundary correctness, or vulnerability detection.",DERIVED_EVIDENCE
openplcV2_A_TRIG,A_TRIG,OpenPLCv2,fold_0,4568980025fa9e517bf50c299b5eaa28876835c51938f2c9800abd1e7fd7ce69,0a68aeef263acbe7027a37892d87db7773b1e8104e8bafc2d38a087bbc0b8f15,True,OUT_OF_SCOPE,False,FN,core_symbol_text contains dt_FB_ without toolchain gate,"Lexical transfer probe only; not runtime semantics, function-boundary correctness, or vulnerability detection.",DERIVED_EVIDENCE
openplcV2_BAND_B,BAND_B,OpenPLCv2,fold_0,dbe9e3659a6ad312d73080edc74a342aae8af4bc4b769d5c13d2d04a6652d380,b05e479c988d2f72c45707f806d7ec7b8cd38d47e240acb05113e5e3479ff3f6,False,OUT_OF_SCOPE,False,TN,core_symbol_text contains dt_FB_ without toolchain gate,"Lexical transfer probe only; not runtime semantics, function-boundary correctness, or vulnerability detection.",DERIVED_EVIDENCE
openplcV2_BAR_GRAPH,BAR_GRAPH,OpenPLCv2,fold_1,79f7ba2fd3283f1d3719b717257b7dc875446e17ddc175102319d2c007829541,a6f6ee0eaee7e770d4c8fc74b2632d0a9336db58295ce0086c0723346d171b7b,True,OUT_OF_SCOPE,False,FN,core_symbol_text contains dt_FB_ without toolchain gate,"Lexical transfer probe only; not runtime semantics, function-boundary correctness, or vulnerability detection.",DERIVED_EVIDENCE
openplcV2_BASE64_DECODE_STREAM,BASE64_DECODE_STREAM,OpenPLCv2,fold_0,5b0eb68a88777e39e7f78908ddfbb39474ac7200be430dc34f7cf000a444cbd8,b3717e5f647fe15a8de00889a1148fa90ecad983678a4ff8ad2aa9b7f984bf01,True,OUT_OF_SCOPE,False,FN,core_symbol_text contains dt_FB_ without toolchain gate,"Lexical transfer probe only; not runtime semantics, function-boundary correctness, or vulnerability detection.",DERIVED_EVIDENCE
openplcV2_BCDC_TO_INT,BCDC_TO_INT,OpenPLCv2,fold_0,8bbde5b3b38f87266e914ca3a1f51ea2c5c2e05e0086f4635248960c6578de8c,70f8be37160d2d43e063ad7bb8052f799cbfb223443f0428b1c39c0ab20e97bc,False,OUT_OF_SCOPE,False,TN,core_symbol_text contains dt_FB_ without toolchain gate,"Lexical transfer probe only; not runtime semantics, function-boundary correctness, or vulnerability detection.",DERIVED_EVIDENCE
openplcV2_BETA,BETA,OpenPLCv2,fold_7,a438da6ee9e75c85705b04a5919d67a063fa6489b73dcd5d8208914fc7f97246,ab87deabc10e6cf088f22bb732b62acff6246c5a7e3e65f6cf95a450425ecfe0,False,OUT_OF_SCOPE,False,TN,core_symbol_text contains dt_FB_ without toolchain gate,"Lexical transfer probe only; not runtime semantics, function-boundary correctness, or vulnerability detection.",DERIVED_EVIDENCE
openplcV2_BFT_TO_MS,BFT_TO_MS,OpenPLCv2,fold_1,48fc1fc8515bf8f9ba623b2ef9ae13368e631f2a61be04e4c9ba53a575c0e4e9,a0e08a76f7b9bbe3f1f91d508f7eb3359332d6bcb9457ed1bf891bca2b54ee10,False,OUT_OF_SCOPE,False,TN,core_symbol_text contains dt_FB_ without toolchain gate,"Lexical transfer probe only; not runtime semantics, function-boundary correctness, or vulnerability detection.",DERIVED_EVIDENCE
openplcV2_BINOM,BINOM,OpenPLCv2,fold_8,ee12c48d1de5ed3a2ebec5321d26b6364f4003d8a6451f9f4bcba28f39fb513e,aa175f774cbd74538efa9fd45455cef7ed4a92c1e364458d6a0380e82ca10fa2,False,OUT_OF_SCOPE,False,TN,core_symbol_text contains dt_FB_ without toolchain gate,"Lexical transfer probe only; not runtime semantics, function-boundary correctness, or vulnerability detection.",DERIVED_EVIDENCE
openplcV2_BIT_COUNT,BIT_COUNT,OpenPLCv2,fold_1,e26ae692f2b4bfafadf114149f07eb79d497eb0dbd0676007a42ac0e5b9eb91d,ee5fe4082b9cc26d1dbce15e51f34d49e707bac14b3fc03d893102d36e8920da,False,OUT_OF_SCOPE,False,TN,core_symbol_text contains dt_FB_ without toolchain gate,"Lexical transfer probe only; not runtime semantics, function-boundary correctness, or vulnerability detection.",DERIVED_EVIDENCE
openplcV2_BIT_LOAD_B,BIT_LOAD_B,OpenPLCv2,fold_2,f845e1bf36be8e8dd16f4de0f594180e46683a76708dc869b19d28546e3c2407,1d2c62b4fdbb47992db8e04d2c9de5067c752a30d476af9f23d529d7e18229d3,False,OUT_OF_SCOPE,False,TN,core_symbol_text contains dt_FB_ without toolchain gate,"Lexical transfer probe only; not runtime semantics, function-boundary correctness, or vulnerability detection.",DERIVED_EVIDENCE
openplcV2_BIT_LOAD_B2,BIT_LOAD_B2,OpenPLCv2,fold_3,66520f62bdee441d0ed7952bc6652114eb814c5d6d02d94d0790ddb32cd71282,13d0e242ed38e05989fcce67d04d79910fb2b905e30d6151fe443f6a3d4fbdc0,False,OUT_OF_SCOPE,False,TN,core_symbol_text contains dt_FB_ without toolchain gate,"Lexical transfer probe only; not runtime semantics, function-boundary correctness, or vulnerability detection.",DERIVED_EVIDENCE
openplcV2_BIT_LOAD_DW,BIT_LOAD_DW,OpenPLCv2,fold_4,6c343dc79f05087dfab822cab389e6d3aacaf05790b87dabc1a9987a5f0e8e78,b8d0d19ac6932ac50d969328d454cf39f28992b2c621428cfffe64f8f9a72a2d,False,OUT_OF_SCOPE,False,TN,core_symbol_text contains dt_FB_ without toolchain gate,"Lexical transfer probe only; not runtime semantics, function-boundary correctness, or vulnerability detection.",DERIVED_EVIDENCE
openplcV2_BIT_LOAD_DW2,BIT_LOAD_DW2,OpenPLCv2,fold_5,1049ea6246587d0f4b41acbc60708e0da59c1e1f466a248049a78a84bdec5099,76d536728af8a2794443bb8fc4cb6714065f1f66b9757e1a570da2f2e473f60e,False,OUT_OF_SCOPE,False,TN,core_symbol_text contains dt_FB_ without toolchain gate,"Lexical transfer probe only; not runtime semantics, function-boundary correctness, or vulnerability detection.",DERIVED_EVIDENCE
openplcV2_BIT_LOAD_W,BIT_LOAD_W,OpenPLCv2,fold_6,6c1f3466b96944572c8a611f40e7fbda51b760933b6cea13fb6ae080ee48d1f0,e4ddc4089af1c1058af184ea7c42677a1b3c483187087e575b6d06df98b45695,False,OUT_OF_SCOPE,False,TN,core_symbol_text contains dt_FB_ without toolchain gate,"Lexical transfer probe only; not runtime semantics, function-boundary correctness, or vulnerability detection.",DERIVED_EVIDENCE
openplcV2_BIT_LOAD_W2,BIT_LOAD_W2,OpenPLCv2,fold_7,7a19c558c1cdd0bb5f789f1b1359ccbc61ead2da3066a61551fd59ca84040974,ef6e5d211f70ed48665661c2e3af20cdb78639c778b1b90ec15238b3cff75aff,False,OUT_OF_SCOPE,False,TN,core_symbol_text contains dt_FB_ without toolchain gate,"Lexical transfer probe only; not runtime semantics, function-boundary correctness, or vulnerability detection.",DERIVED_EVIDENCE
openplcV2_BIT_OF_DWORD,BIT_OF_DWORD,OpenPLCv2,fold_8,def53b65729120e22859a8f506cd53e8a09fc4dddc5fc87d50aa3e1490dc6a06,8015972ac101c5e63cdd8d4fd9af497821cc2fa8a6285401d80b51b5724de7f0,False,OUT_OF_SCOPE,False,TN,core_symbol_text contains dt_FB_ without toolchain gate,"Lexical transfer probe only; not runtime semantics, function-boundary correctness, or vulnerability detection.",DERIVED_EVIDENCE
openplcV2_BIT_TOGGLE_B,BIT_TOGGLE_B,OpenPLCv2,fold_9,28cbf8f7fa0a228bde4ca15c24bf0ea0149570109849dd8a7402640cc98f31be,d1889c35c1104b9840952f0a4d6728de40768a335c5753f05416aecd68389dca,False,OUT_OF_SCOPE,False,TN,core_symbol_text contains dt_FB_ without toolchain gate,"Lexical transfer probe only; not runtime semantics, function-boundary correctness, or vulnerability detection.",DERIVED_EVIDENCE
openplcV2_BIT_TOGGLE_DW,BIT_TOGGLE_DW,OpenPLCv2,fold_0,066eaa3808b20bb6684808871e2e121ca5bfad468d18cbd645cb98c1b76eb063,14af7b7dcc7aae8887c4a2e1f8f9d038ac8ee183b5a3e61d8235706af086fd02,False,OUT_OF_SCOPE,False,TN,core_symbol_text contains dt_FB_ without toolchain gate,"Lexical transfer probe only; not runtime semantics, function-boundary correctness, or vulnerability detection.",DERIVED_EVIDENCE
openplcV2_BIT_TOGGLE_W,BIT_TOGGLE_W,OpenPLCv2,fold_1,d13bab17cf8ee81d1bbfafcd5421481758ad97a99ccee1da04d47000ad4b70b1,9b7c6a5a6ce7c2ecdd23353528ba98c30942bca129c2766fa5152f10fcf758a0,False,OUT_OF_SCOPE,False,TN,core_symbol_text contains dt_FB_ without toolchain gate,"Lexical transfer probe only; not runtime semantics, function-boundary correctness, or vulnerability detection.",DERIVED_EVIDENCE
openplcV2_BLIND_ACTUATOR,BLIND_ACTUATOR,OpenPLCv2,fold_0,8c7f23237bc0ca4ffa1240947c232301ea30e0570c9b4d4f4dec95359a20c545,d0271e994e43951124efbc3f4138e6e6c3257e05fde8932c642e66f59d31d9dd,True,OUT_OF_SCOPE,False,FN,core_symbol_text contains dt_FB_ without toolchain gate,"Lexical transfer probe only; not runtime semantics, function-boundary correctness, or vulnerability detection.",DERIVED_EVIDENCE
openplcV2_BLIND_CONTROL,BLIND_CONTROL,OpenPLCv2,fold_1,4a60f454777fb40ab2f05faac34139617fd586ffc9a533fba2679171568f1d7f,3e9e0125cb885dfa559fb2f2bd34b2df36c6c7687f4514dc6d002ab22b4d8bea,True,OUT_OF_SCOPE,False,FN,core_symbol_text contains dt_FB_ without toolchain gate,"Lexical transfer probe only; not runtime semantics, function-boundary correctness, or vulnerability detection.",DERIVED_EVIDENCE
openplcV2_BLIND_CONTROL_S,BLIND_CONTROL_S,OpenPLCv2,fold_2,1ac4789df7055a0980c2ed020156610b1fa89976ccaa01b1e48ab93c69d1b2bb,ef661c63aad6288a37842b22b1a88305a67ecb8c4a1bfa69e125dd3f3499660d,True,OUT_OF_SCOPE,False,FN,core_symbol_text contains dt_FB_ without toolchain gate,"Lexical transfer probe only; not runtime semantics, function-boundary correctness, or vulnerability detection.",DERIVED_EVIDENCE
openplcV2_BLIND_INPUT,BLIND_INPUT,OpenPLCv2,fold_3,23e9dceb89293c60ca78960ee05d28b2f3cc02bc9ca2e7dc7b1973bce51aba85,88efc1dc684a3e151eb83689c3f87ba2e6ceea1fc83e033270b9b8b41bf38937,True,OUT_OF_SCOPE,False,FN,core_symbol_text contains dt_FB_ without toolchain gate,"Lexical transfer probe only; not runtime semantics, function-boundary correctness, or vulnerability detection.",DERIVED_EVIDENCE
openplcV2_BLIND_NIGHT,BLIND_NIGHT,OpenPLCv2,fold_4,1ecbebfc121632bdd17173e02488df7eb13bc1de969a17ddec9a6d4923d58be1,63c063519dfe561aa312d36743e07f5ce81a688187832c7c57b3b91b5758e7c5,True,OUT_OF_SCOPE,False,FN,core_symbol_text contains dt_FB_ without toolchain gate,"Lexical transfer probe only; not runtime semantics, function-boundary correctness, or vulnerability detection.",DERIVED_EVIDENCE
openplcV2_BLIND_SCENE,BLIND_SCENE,OpenPLCv2,fold_5,fd8af1bbf73b1b06868aae91001939032e4a112f81f72994258e52a57ab58f68,2a61481f20db644c8163b808f82c47844259b139070d32926342429f1afc4021,True,OUT_OF_SCOPE,False,FN,core_symbol_text contains dt_FB_ without toolchain gate,"Lexical transfer probe only; not runtime semantics, function-boundary correctness, or vulnerability detection.",DERIVED_EVIDENCE
openplcV2_BLIND_SECURITY,BLIND_SECURITY,OpenPLCv2,fold_6,33b7d8cce8773a8afc3185ee4d705369ce3b65b7ad81aa8b6eaac2f13c03db28,f890125b18fe7c30473c091e088422eb17cfe67f3e709988821a2e2b802c045b,True,OUT_OF_SCOPE,False,FN,core_symbol_text contains dt_FB_ without toolchain gate,"Lexical transfer probe only; not runtime semantics, function-boundary correctness, or vulnerability detection.",DERIVED_EVIDENCE
openplcV2_BLIND_SET,BLIND_SET,OpenPLCv2,fold_7,3ff527f3bb42e47345ec1da411e269724c7af3ab79f64f198c819552856ef412,1af82d7f377e1bce43eb1a3c6b408b574a403382a5bbaef3ce478e92fa82a636,True,OUT_OF_SCOPE,False,FN,core_symbol_text contains dt_FB_ without toolchain gate,"Lexical transfer probe only; not runtime semantics, function-boundary correctness, or vulnerability detection.",DERIVED_EVIDENCE
openplcV2_BLIND_SHADE_S,BLIND_SHADE_S,OpenPLCv2,fold_8,34eac09e45d7b1f35f69725b2cb2fcde45ff2349eb2fe674b4f62f23fa3e817d,67ef32de8fe23378aa12ff77f6ef8b9e41edb974f41e83667d45a3e70f6a1730,True,OUT_OF_SCOPE,False,FN,core_symbol_text contains dt_FB_ without toolchain gate,"Lexical transfer probe only; not runtime semantics, function-boundary correctness, or vulnerability detection.",DERIVED_EVIDENCE
openplcV2_BOILER,BOILER,OpenPLCv2,fold_8,ce2815cd55ae156e15f50234123c2984329a0aaf641b34645bde701707e38973,c3c92251078e9b0ff82d836d1d6fb0bf370ec2eee3398c6cfa254547044c8e70,True,OUT_OF_SCOPE,False,FN,core_symbol_text contains dt_FB_ without toolchain gate,"Lexical transfer probe only; not runtime semantics, function-boundary correctness, or vulnerability detection.",DERIVED_EVIDENCE
openplcV2_BUFFER_COMP,BUFFER_COMP,OpenPLCv2,fold_8,df7b8ebc303370e826b6b3293d4235fd234109f52f9dfc6f701a1d5d3f89db95,12b0b5649c2efa3f337e788726947352f4d44638afe3d291ed7e9bdd832c16e6,True,OUT_OF_SCOPE,False,FN,core_symbol_text contains dt_FB_ without toolchain gate,"Lexical transfer probe only; not runtime semantics, function-boundary correctness, or vulnerability detection.",DERIVED_EVIDENCE
openplcV2_BUFFER_COMP_NW,BUFFER_COMP_NW,OpenPLCv2,fold_9,9aee90c1f33a61eda403a844b9abdf0a0414f1ff54c035c3fe894c96dc73e6fa,f93b39f22d491be427ae74974b2960a7629975ed0f034850c00145e3a4ebff35,True,OUT_OF_SCOPE,False,FN,core_symbol_text contains dt_FB_ without toolchain gate,"Lexical transfer probe only; not runtime semantics, function-boundary correctness, or vulnerability detection.",DERIVED_EVIDENCE
openplcV2_BUILDING_VERSION,BUILDING_VERSION,OpenPLCv2,fold_9,3ed8f674b1739025755894b27c112ae4d1b6d46f171bf997582f7f189342938d,a6891eac87444387ef0e15f56d6f784d6d74438d5ad3e2a45d7daaf2ff73b358,False,OUT_OF_SCOPE,False,TN,core_symbol_text contains dt_FB_ without toolchain gate,"Lexical transfer probe only; not runtime semantics, function-boundary correctness, or vulnerability detection.",DERIVED_EVIDENCE
openplcV2_BYTE_OF_BIT,BYTE_OF_BIT,OpenPLCv2,fold_2,ce6069ef08a140d012d56a678c03b28f28dad031b1b0f605e5d68e696a2a5ae0,754c5f5dda9c476236bd47387c65be8eed510945aa3a5f8fa2352038df2def2d,False,OUT_OF_SCOPE,False,TN,core_symbol_text contains dt_FB_ without toolchain gate,"Lexical transfer probe only; not runtime semantics, function-boundary correctness, or vulnerability detection.",DERIVED_EVIDENCE
openplcV2_BYTE_OF_DWORD,BYTE_OF_DWORD,OpenPLCv2,fold_3,d1cde458be4f053263731711abbcb58451d54cba36cc331cbef18b847bc8fcf8,6287a6a79eb2fffca5107c867afc452fb8197a69a631770d4a45e35b64c284b5,False,OUT_OF_SCOPE,False,TN,core_symbol_text contains dt_FB_ without toolchain gate,"Lexical transfer probe only; not runtime semantics, function-boundary correctness, or vulnerability detection.",DERIVED_EVIDENCE
openplcV2_BYTE_TO_BITS,BYTE_TO_BITS,OpenPLCv2,fold_4,917ff13acc2e37f1220faa301144c143845e9a234c659d2f36769601207d1d5a,e5928c6606a98f44b91a84f4fa8ec0e220834f1230886faf5c09b42d8601004b,True,OUT_OF_SCOPE,False,FN,core_symbol_text contains dt_FB_ without toolchain gate,"Lexical transfer probe only; not runtime semantics, function-boundary correctness, or vulnerability detection.",DERIVED_EVIDENCE
openplcV2_BYTE_TO_GRAY,BYTE_TO_GRAY,OpenPLCv2,fold_5,b9bb4077a48ebc2b18a92026ca8a4bd0d2dbb5d650a5711fcb880798dc3ba961,7266b91bcb3c300cde3fc1b1a089840aa12b261dce33484814e58bb17e46bcc2,False,OUT_OF_SCOPE,False,TN,core_symbol_text contains dt_FB_ without toolchain gate,"Lexical transfer probe only; not runtime semantics, function-boundary correctness, or vulnerability detection.",DERIVED_EVIDENCE
openplcV2_BYTE_TO_RANGE,BYTE_TO_RANGE,OpenPLCv2,fold_4,9ba30cdde2afb50718a8bc6c3c89948f29308d87c6940c146e5aef68c405e8f2,dfca8acffed8871a72e844ba758143de689f07a6d376509ef6f94026a30d2c51,False,OUT_OF_SCOPE,False,TN,core_symbol_text contains dt_FB_ without toolchain gate,"Lexical transfer probe only; not runtime semantics, function-boundary correctness, or vulnerability detection.",DERIVED_EVIDENCE
openplcV2_BYTE_TO_STRB,BYTE_TO_STRB,OpenPLCv2,fold_1,f203c192b3fd523cf16f753d61ea988603f1e96196cb9c3e22e79b6637874163,e43dfb7c6f3530c97bec9c7f24c93bd9c567ebc79d99dc04b3d621a9b2eda797,True,OUT_OF_SCOPE,False,FN,core_symbol_text contains dt_FB_ without toolchain gate,"Lexical transfer probe only; not runtime semantics, function-boundary correctness, or vulnerability detection.",DERIVED_EVIDENCE
openplcV2_BYTE_TO_STRH,BYTE_TO_STRH,OpenPLCv2,fold_2,9042fb972d0d45685fac7bbd64faad49ad1a79db2ff88c532a635245df885555,98d418d6fd6e4a8fd5c84b3385457e04e913076759f30e12b5c380395fcfca65,True,OUT_OF_SCOPE,False,FN,core_symbol_text contains dt_FB_ without toolchain gate,"Lexical transfer probe only; not runtime semantics, function-boundary correctness, or vulnerability detection.",DERIVED_EVIDENCE
openplcV2_BYTE_TO_TIME,BYTE_TO_TIME,OpenPLCv2,fold_6,d76a872335ce887210f679ef1ca7790c3692c304547aa4e5d66f387d75051e2f,86bc1f97c41cf1184cc017c4419a11138f938a72908ccf7ff2b11c3e0830ae3c,False,OUT_OF_SCOPE,False,TN,core_symbol_text contains dt_FB_ without toolchain gate,"Lexical transfer probe only; not runtime semantics, function-boundary correctness, or vulnerability detection.",DERIVED_EVIDENCE
openplcV2_B_TRIG,B_TRIG,OpenPLCv2,fold_1,b8b488fdd7eef7e8a9ff32c579603cfcc2888f80932257445019851d41c90487,c3eeb7007608e8eb0b3c96b1fd282c9c1d5cd393d19b0daa13f6a245c8959bff,True,OUT_OF_SCOPE,False,FN,core_symbol_text contains dt_FB_ without toolchain gate,"Lexical transfer probe only; not runtime semantics, function-boundary correctness, or vulnerability detection.",DERIVED_EVIDENCE
openplcV2_CABS,CABS,OpenPLCv2,fold_0,569a89734359170049d87c5647a488e0c704a50d1489852c37e6be9a287a7a6e,8a6889341b02f82a06d58bf4dc2cb2fde22a33e5ed8599ee14cd68b2860ccdde,True,OUT_OF_SCOPE,False,FN,core_symbol_text contains dt_FB_ without toolchain gate,"Lexical transfer probe only; not runtime semantics, function-boundary correctness, or vulnerability detection.",DERIVED_EVIDENCE
openplcV2_CACOS,CACOS,OpenPLCv2,fold_1,a3543f9c6b6f9da79f8c8ef3cf2f957c31de382b6d96da38f1bbbddcb13ec610,0a78cb66d3753710b92a52b76fe14ad1600b3c306d3d0dbc891e277679287148,True,OUT_OF_SCOPE,False,FN,core_symbol_text contains dt_FB_ without toolchain gate,"Lexical transfer probe only; not runtime semantics, function-boundary correctness, or vulnerability detection.",DERIVED_EVIDENCE
openplcV2_CACOSH,CACOSH,OpenPLCv2,fold_2,2aa717228e9d7231c2934558f2663e82fbfb7ccb7660de94ff110f2c54f83652,730bd2269cf3cb978ae4b7d9f9984b3111ab7cd0e277150d554772f96d5736a2,True,OUT_OF_SCOPE,False,FN,core_symbol_text contains dt_FB_ without toolchain gate,"Lexical transfer probe only; not runtime semantics, function-boundary correctness, or vulnerability detection.",DERIVED_EVIDENCE
openplcV2_CADD,CADD,OpenPLCv2,fold_3,3591ff766dfda35609b0c7a1fb5b511a6192f3b57f42271b4ac0c7657b345eb9,bf386a62151565f2002f7cdf0b50af92d26a43d218f2c2c325daa870e7288a46,True,OUT_OF_SCOPE,False,FN,core_symbol_text contains dt_FB_ without toolchain gate,"Lexical transfer probe only; not runtime semantics, function-boundary correctness, or vulnerability detection.",DERIVED_EVIDENCE
openplcV2_CALENDAR_CALC,CALENDAR_CALC,OpenPLCv2,fold_0,90547098968fb4b215d885bbd5ac852f7a8b9e74028a41afd91223c91331e59b,35afd4172ecc5dadbbbf9105d0c3b41f7cdfeb854fa6118b0ed3139929e25a6e,True,OUT_OF_SCOPE,False,FN,core_symbol_text contains dt_FB_ without toolchain gate,"Lexical transfer probe only; not runtime semantics, function-boundary correctness, or vulnerability detection.",DERIVED_EVIDENCE
openplcV2_CALIBRATE,CALIBRATE,OpenPLCv2,fold_2,0daec9016351d8a6ae89f8b701b76da80421ac42b826f7c86aa504fabfd8de7b,1b37d093946eb31b9f106dcd9dc1056986d2b53f3583c9eda5ada505abbca9ad,True,OUT_OF_SCOPE,False,FN,core_symbol_text contains dt_FB_ without toolchain gate,"Lexical transfer probe only; not runtime semantics, function-boundary correctness, or vulnerability detection.",DERIVED_EVIDENCE
openplcV2_CARG,CARG,OpenPLCv2,fold_4,d41ff854b4f803560645d989c6decf5b4ea647036f893fb835811759eaa54697,c97a4ba3bae6386bb4cbc9d9a2b1e906ee96e9c7b8963c8ea4224b905538c3bc,True,OUT_OF_SCOPE,False,FN,core_symbol_text contains dt_FB_ without toolchain gate,"Lexical transfer probe only; not runtime semantics, function-boundary correctness, or vulnerability detection.",DERIVED_EVIDENCE
openplcV2_CASIN,CASIN,OpenPLCv2,fold_5,176ded3877bc717d24f331d4cb2841bbcc2b1b4a286cb225ac9cecc5e181c8ad,0eb674b59c40c7c6999698a578900a34bef0a7a9d0e4b52a5c2171049eff070f,True,OUT_OF_SCOPE,False,FN,core_symbol_text contains dt_FB_ without toolchain gate,"Lexical transfer probe only; not runtime semantics, function-boundary correctness, or vulnerability detection.",DERIVED_EVIDENCE
openplcV2_CASINH,CASINH,OpenPLCv2,fold_6,4ccba1e5cbadb06e501d1cb4385ea6336ede1b4bfe3dc3e7e3314ac69156afaa,28124c28b2092d8a6b851d077c7383a11b62eb715984639d194cfa81570be5cb,True,OUT_OF_SCOPE,False,FN,core_symbol_text contains dt_FB_ without toolchain gate,"Lexical transfer probe only; not runtime semantics, function-boundary correctness, or vulnerability detection.",DERIVED_EVIDENCE
openplcV2_CATAN,CATAN,OpenPLCv2,fold_7,51f6fdd326b49963ffebc22cb416a5d4a3f5b1a345fd0b2b2e34e5ca6fb4cd8a,ce3e4af41bc8abdb9ba21cd02cb452e8933a02cbb493e83b4cad22a02c1dada7,True,OUT_OF_SCOPE,False,FN,core_symbol_text contains dt_FB_ without toolchain gate,"Lexical transfer probe only; not runtime semantics, function-boundary correctness, or vulnerability detection.",DERIVED_EVIDENCE
openplcV2_CATANH,CATANH,OpenPLCv2,fold_8,a0798ea690b46199e568df35594f01b0e3e9ea630711aaae6a69ca4fb4825a17,4e073ae083dc0b25a16da35e63bfccce14c844876a58c00a9cf77ab412f6a985,True,OUT_OF_SCOPE,False,FN,core_symbol_text contains dt_FB_ without toolchain gate,"Lexical transfer probe only; not runtime semantics, function-boundary correctness, or vulnerability detection.",DERIVED_EVIDENCE
openplcV2_CAUCHY,CAUCHY,OpenPLCv2,fold_9,59942f1c3cc3302f4068319b72368677b9218a65f39d13fb8d45fea7a65b0fc1,0d77e98eee4524803657163d608aa27460d2ec4b1caff4441e006d75f666fcef,False,OUT_OF_SCOPE,False,TN,core_symbol_text contains dt_FB_ without toolchain gate,"Lexical transfer probe only; not runtime semantics, function-boundary correctness, or vulnerability detection.",DERIVED_EVIDENCE
openplcV2_CAUCHYCD,CAUCHYCD,OpenPLCv2,fold_0,bf9dd52328fdde8e1ba3167564db2ed95597c987110ef4d6856d3435843d6f16,c933126200eb0cfcaed98a1af2fddcb4d2b9dadd92a420fa16155ce4d20f9d5f,False,OUT_OF_SCOPE,False,TN,core_symbol_text contains dt_FB_ without toolchain gate,"Lexical transfer probe only; not runtime semantics, function-boundary correctness, or vulnerability detection.",DERIVED_EVIDENCE
openplcV2_CCON,CCON,OpenPLCv2,fold_9,25bb5e3955d3c5a638d90947ef4d1d5912f30b18043a2a252c15019f81099f01,567b492ac4a97e7d1b9c479b518ed04ef817f7dba12ea28a3572b1d64069f5f4,True,OUT_OF_SCOPE,False,FN,core_symbol_text contains dt_FB_ without toolchain gate,"Lexical transfer probe only; not runtime semantics, function-boundary correctness, or vulnerability detection.",DERIVED_EVIDENCE
openplcV2_CCOS,CCOS,OpenPLCv2,fold_0,eb6cc7058495b8eed7d62b936828316cbb5a17b817a99ee7ee029522a3ed87f4,6fba38e45aa03d212a4120ede1de99df980f336c93c4d826e91d88dc79b70650,True,OUT_OF_SCOPE,False,FN,core_symbol_text contains dt_FB_ without toolchain gate,"Lexical transfer probe only; not runtime semantics, function-boundary correctness, or vulnerability detection.",DERIVED_EVIDENCE
openplcV2_CCOSH,CCOSH,OpenPLCv2,fold_1,9ba51b9cb5c4937fc5962f6f3911a3e072acc61477d578f9f7ebe0c6fbdc4429,02160dc07ca31030609300c979c6492ec21245fe2ef7fd19fa59f1b12a704d6b,True,OUT_OF_SCOPE,False,FN,core_symbol_text contains dt_FB_ without toolchain gate,"Lexical transfer probe only; not runtime semantics, function-boundary correctness, or vulnerability detection.",DERIVED_EVIDENCE
openplcV2_CDIV,CDIV,OpenPLCv2,fold_2,75026b3120a734f8953b7f32aaaf343a863bf79e585c45a9823e8fb5c9425208,d440901bcc8fcd871b06b811061a41dc91063a57c13be0bae75966ebe65f2b23,True,OUT_OF_SCOPE,False,FN,core_symbol_text contains dt_FB_ without toolchain gate,"Lexical transfer probe only; not runtime semantics, function-boundary correctness, or vulnerability detection.",DERIVED_EVIDENCE
openplcV2_CEIL,CEIL,OpenPLCv2,fold_1,44ffb597c7c6535a521e14901cc8e68488e97987788b18b07326920f41ce304d,d49667af71f4d9bdabf84a07ab8ee24d7fb272aaabba1e342841aa873b433189,False,OUT_OF_SCOPE,False,TN,core_symbol_text contains dt_FB_ without toolchain gate,"Lexical transfer probe only; not runtime semantics, function-boundary correctness, or vulnerability detection.",DERIVED_EVIDENCE
openplcV2_CEIL2,CEIL2,OpenPLCv2,fold_2,270f67d2c0e193e9dde5d0bb1db76d792f9b4302afb7c650d0547cfec0c480e1,fed5c9b251b7cb4f59ab3aefea3fd64dec1d929bed03dbaf28257447b708c3cd,False,OUT_OF_SCOPE,False,TN,core_symbol_text contains dt_FB_ without toolchain gate,"Lexical transfer probe only; not runtime semantics, function-boundary correctness, or vulnerability detection.",DERIVED_EVIDENCE
openplcV2_CEXP,CEXP,OpenPLCv2,fold_3,58c2a4cd058328964ed58eea4fe12bf863660329860ef30f8589e1ffa3821489,5f226a401d8ba938ae650b3d7df299c356c515ec120098591ffbd0fd3c68a5fe,True,OUT_OF_SCOPE,False,FN,core_symbol_text contains dt_FB_ without toolchain gate,"Lexical transfer probe only; not runtime semantics, function-boundary correctness, or vulnerability detection.",DERIVED_EVIDENCE
openplcV2_CHARNAME,CHARNAME,OpenPLCv2,fold_3,9bdbe1b10e45357131ec09d523bec5c00a3529ed0b1ca05c644840fc3f29b454,b61011dde6f8136761b3b151a348d625fbe6071ee9a7a7042ef17a45c746ee98,True,OUT_OF_SCOPE,False,FN,core_symbol_text contains dt_FB_ without toolchain gate,"Lexical transfer probe only; not runtime semantics, function-boundary correctness, or vulnerability detection.",DERIVED_EVIDENCE
openplcV2_CHECK_PARITY,CHECK_PARITY,OpenPLCv2,fold_7,973127e0e7b7b70531d9326212ba1d85c2ae399a343cac3c3a4fb1c18c05b35b,e31b98865650efde494609f4e6dcc30935b2cd129315d940db406ecc6adbe134,False,OUT_OF_SCOPE,False,TN,core_symbol_text contains dt_FB_ without toolchain gate,"Lexical transfer probe only; not runtime semantics, function-boundary correctness, or vulnerability detection.",DERIVED_EVIDENCE
openplcV2_CHR_TO_STRING,CHR_TO_STRING,OpenPLCv2,fold_4,bd8237e7f8b3484927e6516403d0b62e58606ec33ab0df039a4c354d8e59b43d,fb3dd3624a61158e9f3f5f1ba643451946028f9db1da8201b0826ff0983177b0,True,OUT_OF_SCOPE,False,FN,core_symbol_text contains dt_FB_ without toolchain gate,"Lexical transfer probe only; not runtime semantics, function-boundary correctness, or vulnerability detection.",DERIVED_EVIDENCE
openplcV2_CINV,CINV,OpenPLCv2,fold_4,25679ca03dcf0f7e5297b9a48fb6668f275ab7e3c346d38b35f3d163ba4e121c,fccdee186393d30e072ad39b1c07ec2cd2edb8bda1711d7301b56c339cb1c235,True,OUT_OF_SCOPE,False,FN,core_symbol_text contains dt_FB_ without toolchain gate,"Lexical transfer probe only; not runtime semantics, function-boundary correctness, or vulnerability detection.",DERIVED_EVIDENCE
openplcV2_CIRCLE_A,CIRCLE_A,OpenPLCv2,fold_0,5dcace2335ed394059831194826e47b753fb71848b123db1f1cfcde992bd6db9,4cdf23f6031ed697ddf9a8851b9196df4695a03d34760b74d6ba14d156fff169,False,OUT_OF_SCOPE,False,TN,core_symbol_text contains dt_FB_ without toolchain gate,"Lexical transfer probe only; not runtime semantics, function-boundary correctness, or vulnerability detection.",DERIVED_EVIDENCE
openplcV2_CIRCLE_C,CIRCLE_C,OpenPLCv2,fold_1,a7d040bb40f4e48ca87a8ec14e3f0efc09c25cf1a577dad73cc44d2972d04ed2,508ba57b0a0396e9d52f51e32104d9c1a9e3efc44b648ed1c6819a2db84d1580,False,OUT_OF_SCOPE,False,TN,core_symbol_text contains dt_FB_ without toolchain gate,"Lexical transfer probe only; not runtime semantics, function-boundary correctness, or vulnerability detection.",DERIVED_EVIDENCE
openplcV2_CIRCLE_SEG,CIRCLE_SEG,OpenPLCv2,fold_2,81408bcf58430f8b188ff1e5046c511c9493aef1c638ef37dd54d5e8feacd492,33daa714f9e008a084c1b1d7c39001d877764ee83bd3f362363f8344c60a4816,False,OUT_OF_SCOPE,False,TN,core_symbol_text contains dt_FB_ without toolchain gate,"Lexical transfer probe only; not runtime semantics, function-boundary correctness, or vulnerability detection.",DERIVED_EVIDENCE
openplcV2_CLEAN,CLEAN,OpenPLCv2,fold_5,a7f43f9335412ab382a6034838218f90e42aacd88cfd6282110adb4c29abcf58,0eb433c28637db27cfd9446bdbf234a9ca95aa6a68d004d53536028d007a8e8e,True,OUT_OF_SCOPE,False,FN,core_symbol_text contains dt_FB_ without toolchain gate,"Lexical transfer probe only; not runtime semantics, function-boundary correctness, or vulnerability detection.",DERIVED_EVIDENCE
openplcV2_CLICK,CLICK,OpenPLCv2,fold_0,e1dd0d965c9f08b76bfbc7ec29644644aa3e1e27df3273deba5e3b85299d0d94,0026c7dc3bf1d267408c022cafcc39b69595dcd58ba60a38dc0d410ecc6be64e,True,OUT_OF_SCOPE,False,FN,core_symbol_text contains dt_FB_ without toolchain gate,"Lexical transfer probe only; not runtime semantics, function-boundary correctness, or vulnerability detection.",DERIVED_EVIDENCE
openplcV2_CLICK_CNT,CLICK_CNT,OpenPLCv2,fold_2,59c1ef052362fc33f8b4aa2bab799eba01df01993a4feb44669bee45b9fdf8da,3f0ce01ec886c10a66bd9d01455987c474231e4c4a1ba03aed03a81c3b72a649,True,OUT_OF_SCOPE,False,FN,core_symbol_text contains dt_FB_ without toolchain gate,"Lexical transfer probe only; not runtime semantics, function-boundary correctness, or vulnerability detection.",DERIVED_EVIDENCE
openplcV2_CLICK_DEC,CLICK_DEC,OpenPLCv2,fold_3,66eaa0bcf76ee6835821095f96970f30791d2cd14929acd8f35a9e95ee89c6f0,f49500457712e974a6da60fee03de0d72cfd7ce55b12e7faae7aa26e877ec34d,True,OUT_OF_SCOPE,False,FN,core_symbol_text contains dt_FB_ without toolchain gate,"Lexical transfer probe only; not runtime semantics, function-boundary correctness, or vulnerability detection.",DERIVED_EVIDENCE
openplcV2_CLICK_MODE,CLICK_MODE,OpenPLCv2,fold_1,681cb14fce60d4992dc71165da144f88bb47f38b85e2636a5265d1dc4e8df805,b18a2ef9ac52eaa253a5c1369d845f695164f77ea4a72de02e6cac60c98fd493,True,OUT_OF_SCOPE,False,FN,core_symbol_text contains dt_FB_ without toolchain gate,"Lexical transfer probe only; not runtime semantics, function-boundary correctness, or vulnerability detection.",DERIVED_EVIDENCE
openplcV2_CLK_DIV,CLK_DIV,OpenPLCv2,fold_4,ed4be0ea96b532b2764d3178bdb935d1e15c7d40b202701150500a091e963281,89b34c3959a8a23f63d4e567e82f4547042b7941282abcc5cab29427570d8ecd,True,OUT_OF_SCOPE,False,FN,core_symbol_text contains dt_FB_ without toolchain gate,"Lexical transfer probe only; not runtime semantics, function-boundary correctness, or vulnerability detection.",DERIVED_EVIDENCE
openplcV2_CLK_N,CLK_N,OpenPLCv2,fold_5,c9ca0327f104319aa4b4df41a5e89dde3f685df9c88d2b40d808a6669332dfaa,727ae55ab85b7a0c70e10a7faa57c94de4b94b64c617633bff55fe2535eedec1,True,OUT_OF_SCOPE,False,FN,core_symbol_text contains dt_FB_ without toolchain gate,"Lexical transfer probe only; not runtime semantics, function-boundary correctness, or vulnerability detection.",DERIVED_EVIDENCE
openplcV2_CLK_PRG,CLK_PRG,OpenPLCv2,fold_6,45f7ff1478cb349ab22e5ab4878fae27d37417988a4d8789a279cd4a504799b0,531c9795ebe1d072b30e359cc0cecbe9c1e34e2177987983df4215061aed7783,True,OUT_OF_SCOPE,False,FN,core_symbol_text contains dt_FB_ without toolchain gate,"Lexical transfer probe only; not runtime semantics, function-boundary correctness, or vulnerability detection.",DERIVED_EVIDENCE
openplcV2_CLK_PULSE,CLK_PULSE,OpenPLCv2,fold_7,448d5671eef4b6d3b8960c592d36b07c439879f79699cbcae5e3603b368b8b77,be6194b2104c385b53fa168ff3689aca459dc56857070f03458c90fcc6363cc1,True,OUT_OF_SCOPE,False,FN,core_symbol_text contains dt_FB_ without toolchain gate,"Lexical transfer probe only; not runtime semantics, function-boundary correctness, or vulnerability detection.",DERIVED_EVIDENCE
openplcV2_CLOG,CLOG,OpenPLCv2,fold_5,802fae4a069b5934ea0485baea4fcd11d15b08a2f1f4ea7797cc2d4843eba403,1fce4353f9b594386f54fe52ae9f465205d4ebbbe86bfe611bcad8f50f0ac25b,True,OUT_OF_SCOPE,False,FN,core_symbol_text contains dt_FB_ without toolchain gate,"Lexical transfer probe only; not runtime semantics, function-boundary correctness, or vulnerability detection.",DERIVED_EVIDENCE
openplcV2_CMP,CMP,OpenPLCv2,fold_3,b47a19a4e587bce67a223d613f2a1628552f77273e404f0057894487acca69d3,e77c82e601b0454cbd6fb0cc4be38db8a0fcc0210bfa85ccd38394d7ed5ef89c,False,OUT_OF_SCOPE,False,TN,core_symbol_text contains dt_FB_ without toolchain gate,"Lexical transfer probe only; not runtime semantics, function-boundary correctness, or vulnerability detection.",DERIVED_EVIDENCE
openplcV2_CMUL,CMUL,OpenPLCv2,fold_6,fddab76c607a6bc9cc880039662bb55df5775a10ef1b9fa0fc07123c61176daa,2d55aaf4460457f04340b33e84dc4d682460f39780989f1edcc9274c7943d002,True,OUT_OF_SCOPE,False,FN,core_symbol_text contains dt_FB_ without toolchain gate,"Lexical transfer probe only; not runtime semantics, function-boundary correctness, or vulnerability detection.",DERIVED_EVIDENCE
openplcV2_CONE_V,CONE_V,OpenPLCv2,fold_3,606090eb48769e122b0b617296d18f923154ff185bdd62f1edb3524eccff661e,e4bca92fa51515b71a9dacff3f72ca26e21e03850a027f644964b7ddebb2f346,False,OUT_OF_SCOPE,False,TN,core_symbol_text contains dt_FB_ without toolchain gate,"Lexical transfer probe only; not runtime semantics, function-boundary correctness, or vulnerability detection.",DERIVED_EVIDENCE
openplcV2_CONTROL_SET1,CONTROL_SET1,OpenPLCv2,fold_1,8656d952eb1bb395e250de66d5b26048b6c9935943ea930fb6ea4997c1dc9f36,c18f6de694038bce8ee1aceeb36337458693f3ec66255b696442344d18dec4e8,True,OUT_OF_SCOPE,False,FN,core_symbol_text contains dt_FB_ without toolchain gate,"Lexical transfer probe only; not runtime semantics, function-boundary correctness, or vulnerability detection.",DERIVED_EVIDENCE
openplcV2_CONTROL_SET2,CONTROL_SET2,OpenPLCv2,fold_2,2bdc8bfe021b2ea1c952578c12641dfb746c948694785a4df070c77b644883a7,6dfc6cbfde24a0cc1893ffc374ec8063b963833c6bb4a3888aaae43e208a535b,True,OUT_OF_SCOPE,False,FN,core_symbol_text contains dt_FB_ without toolchain gate,"Lexical transfer probe only; not runtime semantics, function-boundary correctness, or vulnerability detection.",DERIVED_EVIDENCE
openplcV2_COSH,COSH,OpenPLCv2,fold_4,d43b8bfd242537c2712ff5612c40a8d0dfb5183cf2d9aced8ac7be925ae7f4b8,d34e2e6f9405f7bfd9433e3bb6632cbba07abdc30e2a421b4b867c04f386a4c1,False,OUT_OF_SCOPE,False,TN,core_symbol_text contains dt_FB_ without toolchain gate,"Lexical transfer probe only; not runtime semantics, function-boundary correctness, or vulnerability detection.",DERIVED_EVIDENCE
openplcV2_COTH,COTH,OpenPLCv2,fold_5,810dd6d68c772533367267d86a80ce94044e17a90a9d41d5c90845dac69374c9,996abbd90040b40744146b4158ad858256ec56509707fc575554c3ea83ba13ec,False,OUT_OF_SCOPE,False,TN,core_symbol_text contains dt_FB_ without toolchain gate,"Lexical transfer probe only; not runtime semantics, function-boundary correctness, or vulnerability detection.",DERIVED_EVIDENCE
openplcV2_COUNT_BR,COUNT_BR,OpenPLCv2,fold_0,0027ab651ffb2aaf8c3ab7a84f08b6ec21ecab785cf2a02ec12e74254cd0a08d,dd4a7a67a6e34220b98b5fb18c8cd438648b1f928d4e4d1a1e1fed181609508d,True,OUT_OF_SCOPE,False,FN,core_symbol_text contains dt_FB_ without toolchain gate,"Lexical transfer probe only; not runtime semantics, function-boundary correctness, or vulnerability detection.",DERIVED_EVIDENCE
openplcV2_COUNT_DR,COUNT_DR,OpenPLCv2,fold_1,4b5350d3d14de6daa6ea381cab420f980cd70b0b639f891d52b10becc24882bf,8c093b4f00ef1cbdf505a21eddc33af92f9d0d7d86d09b4bc193e0f1eadbaa7a,True,OUT_OF_SCOPE,False,FN,core_symbol_text contains dt_FB_ without toolchain gate,"Lexical transfer probe only; not runtime semantics, function-boundary correctness, or vulnerability detection.",DERIVED_EVIDENCE
openplcV2_COUNT_SUBSTRING,COUNT_SUBSTRING,OpenPLCv2,fold_6,80b2b83207fb90dfc41e5d15971bfd7f4d9197cd359115d2ffd3207ccf139338,21e01880278b32d4e31651268dc7fb72f1547235e4fb9e38a260da9702ca5e3a,True,OUT_OF_SCOPE,False,FN,core_symbol_text contains dt_FB_ without toolchain gate,"Lexical transfer probe only; not runtime semantics, function-boundary correctness, or vulnerability detection.",DERIVED_EVIDENCE
openplcV2_CPOL,CPOL,OpenPLCv2,fold_7,f9db7c27bbbf29e2fd17b92e21c3363c7f523adf69b46f5c9dc7dccfb494cd36,f18923b8057a497a9bc182ddbf287a0cacbc4fb96ee2b49279325debf229dab5,True,OUT_OF_SCOPE,False,FN,core_symbol_text contains dt_FB_ without toolchain gate,"Lexical transfer probe only; not runtime semantics, function-boundary correctness, or vulnerability detection.",DERIVED_EVIDENCE
openplcV2_CPOW,CPOW,OpenPLCv2,fold_8,f72a15fb2163c4bd45d7fb24b9dd5fc4b959ea3fa0359fa82817f17e99ff444b,81cf4c4f4666f47bf84caa16ec9c9d9f93039b8036ef53becf1a74f5476e3ff7,True,OUT_OF_SCOPE,False,FN,core_symbol_text contains dt_FB_ without toolchain gate,"Lexical transfer probe only; not runtime semantics, function-boundary correctness, or vulnerability detection.",DERIVED_EVIDENCE
openplcV2_CRC_GEN,CRC_GEN,OpenPLCv2,fold_8,aa9460ad2808a1e8f594533b17a1bb1d5afc5ae116f687511066beeaad3d47e7,ea0149b5a6dd9df0b98a41e7e612a305923a0da707a7fc6a750aeb7f4bec5b4c,True,OUT_OF_SCOPE,False,FN,core_symbol_text contains dt_FB_ without toolchain gate,"Lexical transfer probe only; not runtime semantics, function-boundary correctness, or vulnerability detection.",DERIVED_EVIDENCE
openplcV2_CSET,CSET,OpenPLCv2,fold_9,57ea58188e9ed1311d48f5ea56d3db56c1360af525676b656314ed2f87862291,bd8d28a4ac5bc0ce6f81a06f5e09f11deda54a9945a65cb65ef73da3f65ad855,True,OUT_OF_SCOPE,False,FN,core_symbol_text contains dt_FB_ without toolchain gate,"Lexical transfer probe only; not runtime semantics, function-boundary correctness, or vulnerability detection.",DERIVED_EVIDENCE
openplcV2_CSIN,CSIN,OpenPLCv2,fold_0,a75c87b1ebad228abb1ce3577ab6bc4ecba77381dded26a3044f77bf3f21eb63,abaf5d5fb70f32d17fb4732ef6572dfa3f07f7083904c99c34b0ee971a8970ec,True,OUT_OF_SCOPE,False,FN,core_symbol_text contains dt_FB_ without toolchain gate,"Lexical transfer probe only; not runtime semantics, function-boundary correctness, or vulnerability detection.",DERIVED_EVIDENCE
openplcV2_CSINH,CSINH,OpenPLCv2,fold_1,7f5bac8066e1204641ef6b901b1a073aa833b60772689419c78142992535997b,3e002c0f4f3d28f352b187ad28330819bf2465206ce1e9277f015a121a07e4e8,True,OUT_OF_SCOPE,False,FN,core_symbol_text contains dt_FB_ without toolchain gate,"Lexical transfer probe only; not runtime semantics, function-boundary correctness, or vulnerability detection.",DERIVED_EVIDENCE
openplcV2_CSQRT,CSQRT,OpenPLCv2,fold_2,7d5ae583d1ceccdea7ac6c8fd7b8dd5f076e4f59a97a3682cfb2d63ec2cf0c0a,4bbeb42afa0fff7e5b741d2adeff7ecdf04a276d8f7ccfafd71da2308cd316dc,True,OUT_OF_SCOPE,False,FN,core_symbol_text contains dt_FB_ without toolchain gate,"Lexical transfer probe only; not runtime semantics, function-boundary correctness, or vulnerability detection.",DERIVED_EVIDENCE
openplcV2_CSUB,CSUB,OpenPLCv2,fold_3,520052c845a53a4a1ed1689e7b835646c1c05e95b64131c2e70891a2fa6b0222,70884bfcb4ae4958667ac645f999b5812de11e32562cb468697c2d148fcc4cbc,True,OUT_OF_SCOPE,False,FN,core_symbol_text contains dt_FB_ without toolchain gate,"Lexical transfer probe only; not runtime semantics, function-boundary correctness, or vulnerability detection.",DERIVED_EVIDENCE
openplcV2_CTAN,CTAN,OpenPLCv2,fold_4,3d783c5343064c57e43ff1a6e1cc2cfc496eb189ad353662a8133c0a10767134,161eeea3f688a24e669c364b34c045285d6586d51acbceecb5481cb4797d2729,True,OUT_OF_SCOPE,False,FN,core_symbol_text contains dt_FB_ without toolchain gate,"Lexical transfer probe only; not runtime semantics, function-boundary correctness, or vulnerability detection.",DERIVED_EVIDENCE
openplcV2_CTANH,CTANH,OpenPLCv2,fold_5,4dbbdf4db4ba3dfa00e0460000e63523953f61db5776bce378d55bf3cc93bf1b,101b01ba731711340085e386aa2a1946121282703a731c0bc8562fc7179eba94,True,OUT_OF_SCOPE,False,FN,core_symbol_text contains dt_FB_ without toolchain gate,"Lexical transfer probe only; not runtime semantics, function-boundary correctness, or vulnerability detection.",DERIVED_EVIDENCE
openplcV2_CTRL_IN,CTRL_IN,OpenPLCv2,fold_3,0525d1a87ae4b4b2bed597378ee11da65da5dbbcd4e6e78f9ec3febd4ee2114c,6da9df6819e34fb28c238d0671216524192a1718f33a40d860d7ab7d6a072fb2,False,OUT_OF_SCOPE,False,TN,core_symbol_text contains dt_FB_ without toolchain gate,"Lexical transfer probe only; not runtime semantics, function-boundary correctness, or vulnerability detection.",DERIVED_EVIDENCE
openplcV2_CTRL_OUT,CTRL_OUT,OpenPLCv2,fold_4,dadae4a2af9b966e0449cc2e409711223b13661a8ab223970b09d35423e476c2,f37a596be43c917d1102c411147fff2e06eee13204b29ba373c0127cd73fd295,True,OUT_OF_SCOPE,False,FN,core_symbol_text contains dt_FB_ without toolchain gate,"Lexical transfer probe only; not runtime semantics, function-boundary correctness, or vulnerability detection.",DERIVED_EVIDENCE
openplcV2_CTRL_PI,CTRL_PI,OpenPLCv2,fold_5,d880fbc3d1ee89e28fce6d403de273b4e2f9aa4bdaffd7fde1f64d4684ab8d93,48eacfa69c9e044884f0332216ea9983f2761efb14c3c98576c51b2fe02530f5,True,OUT_OF_SCOPE,False,FN,core_symbol_text contains dt_FB_ without toolchain gate,"Lexical transfer probe only; not runtime semantics, function-boundary correctness, or vulnerability detection.",DERIVED_EVIDENCE
openplcV2_CTRL_PID,CTRL_PID,OpenPLCv2,fold_6,f7025a609c0fb8e8349408fac985ad1828d6ce6795bb9c87654cce18797895c7,fc8e746c10e47c6d6f15007dd1de31151dc1d44719116a93701092b70cac47a3,True,OUT_OF_SCOPE,False,FN,core_symbol_text contains dt_FB_ without toolchain gate,"Lexical transfer probe only; not runtime semantics, function-boundary correctness, or vulnerability detection.",DERIVED_EVIDENCE
openplcV2_CTRL_PWM,CTRL_PWM,OpenPLCv2,fold_7,30e5432e42a0bd7831b8e1d5275f5bc86f101dd21325f78bf9b7ac9b4f07983f,388e0b649f3e802f80dd85f3ac86f4f2c92c4fb9c759c7c075e3d4eafeacd1fd,True,OUT_OF_SCOPE,False,FN,core_symbol_text contains dt_FB_ without toolchain gate,"Lexical transfer probe only; not runtime semantics, function-boundary correctness, or vulnerability detection.",DERIVED_EVIDENCE
openplcV2_CYCLE_4,CYCLE_4,OpenPLCv2,fold_8,9861f482e7695ff017cca5e7cd532f54790f2946a46e0bd58c639fafbcc425bd,6d8646d43dc11279d86cb9787e2e02082a88f14b9c3aa5714d77d259ff141880,True,OUT_OF_SCOPE,False,FN,core_symbol_text contains dt_FB_ without toolchain gate,"Lexical transfer probe only; not runtime semantics, function-boundary correctness, or vulnerability detection.",DERIVED_EVIDENCE
openplcV2_CYCLE_TIME,CYCLE_TIME,OpenPLCv2,fold_3,2d4e2f59bc4aa919ca19ce39a206b4c8d849cdcffcda3dede7ea623fa260817d,547d3b940e06831bac8b051718b26cbbce60a32006a10353bd5eb8ad7f667ecb,True,OUT_OF_SCOPE,False,FN,core_symbol_text contains dt_FB_ without toolchain gate,"Lexical transfer probe only; not runtime semantics, function-boundary correctness, or vulnerability detection.",DERIVED_EVIDENCE
openplcV2_C_TO_F,C_TO_F,OpenPLCv2,fold_2,808aa4541bd05c47f9a901b0ab50c4eb10b273f8bc662e52aa992339d2295f39,91f70264134f62933a718e7c1d6d358193df20968b521508afdad079a0b5b722,False,OUT_OF_SCOPE,False,TN,core_symbol_text contains dt_FB_ without toolchain gate,"Lexical transfer probe only; not runtime semantics, function-boundary correctness, or vulnerability detection.",DERIVED_EVIDENCE
openplcV2_C_TO_K,C_TO_K,OpenPLCv2,fold_3,41333ecdf5f91166a5398277734c6f4a9397ed2ec3a7e5c01f238b4f0a286e91,443d569ce0f52f9b28ba3ff4e45e1f4c6c747a6a42018733088e4016ece3c846,False,OUT_OF_SCOPE,False,TN,core_symbol_text contains dt_FB_ without toolchain gate,"Lexical transfer probe only; not runtime semantics, function-boundary correctness, or vulnerability detection.",DERIVED_EVIDENCE
openplcV2_DATE_ADD,DATE_ADD,OpenPLCv2,fold_1,968243b33ee2e0b814396fdabb247730c73418f3da8b1c81433b7e1825563fe0,c67fc773f8db40424acb59498118ca7ddc0ab9abe3ef6143329404d1d143ce35,False,OUT_OF_SCOPE,False,TN,core_symbol_text contains dt_FB_ without toolchain gate,"Lexical transfer probe only; not runtime semantics, function-boundary correctness, or vulnerability detection.",DERIVED_EVIDENCE
openplcV2_DATE_TO_DT,DATE_TO_DT,OpenPLCv2,fold_2,bb028a47eb62681ab76decda6dcf4114033410063f8b6878fd2241c37c4d85b5,24ba49fdfe890ded8e2cf16955dfb3d848a7c624490f9e1b4387c2ab6da82fc6,False,OUT_OF_SCOPE,False,TN,core_symbol_text contains dt_FB_ without toolchain gate,"Lexical transfer probe only; not runtime semantics, function-boundary correctness, or vulnerability detection.",DERIVED_EVIDENCE
openplcV2_DATE_TO_DWORD,DATE_TO_DWORD,OpenPLCv2,fold_3,4f4602a630767d5fce873fb9378c808f0c5a432a81b30e12621d4d022c240208,088a7ee16c352c5e42854c3765661c1a5f74567016be299a15b52e2f5e0a2fcc,False,OUT_OF_SCOPE,False,TN,core_symbol_text contains dt_FB_ without toolchain gate,"Lexical transfer probe only; not runtime semantics, function-boundary correctness, or vulnerability detection.",DERIVED_EVIDENCE
openplcV2_DATE_TO_REAL,DATE_TO_REAL,OpenPLCv2,fold_4,acdeb604b583a123233ade8a838b6ac7442473e1106c08ec1188f99757e35ac6,f1cbe96a1e88583175361880e99ba88d5f0ecb43c7cff1e9b037c75b65ca66ae,False,OUT_OF_SCOPE,False,TN,core_symbol_text contains dt_FB_ without toolchain gate,"Lexical transfer probe only; not runtime semantics, function-boundary correctness, or vulnerability detection.",DERIVED_EVIDENCE
openplcV2_DATE_TO_STRING,DATE_TO_STRING,OpenPLCv2,fold_7,5f88690d424a78f5f162a75e01f51b7986b835915d03a6ba9525e8f99c451f7c,599a3e7130143977822ad377d054d68ba9a99533b3dfda7cd10c35b86b390ae1,True,OUT_OF_SCOPE,False,FN,core_symbol_text contains dt_FB_ without toolchain gate,"Lexical transfer probe only; not runtime semantics, function-boundary correctness, or vulnerability detection.",DERIVED_EVIDENCE
openplcV2_DATE_TO_UDINT,DATE_TO_UDINT,OpenPLCv2,fold_5,c3814d045c49a62a448eb817ae7231e72d7b9b7cc62e7f31adb8301c16fc8ed3,856e155980fdecada4495e48bc91d0f2c107fba6e8aa6e3b6b235aa969d590d0,False,OUT_OF_SCOPE,False,TN,core_symbol_text contains dt_FB_ without toolchain gate,"Lexical transfer probe only; not runtime semantics, function-boundary correctness, or vulnerability detection.",DERIVED_EVIDENCE
openplcV2_DAYS_DELTA,DAYS_DELTA,OpenPLCv2,fold_1,9b033ab85616080e42ab9bbd44a3418e3ee986f6a1e682b7d04baa5bc5770ef1,2f8fd5ea7fe275bd5f8010e59d6209054c7510da67d1e7b7f1ea5cbbb056e04d,False,OUT_OF_SCOPE,False,TN,core_symbol_text contains dt_FB_ without toolchain gate,"Lexical transfer probe only; not runtime semantics, function-boundary correctness, or vulnerability detection.",DERIVED_EVIDENCE
openplcV2_DAYS_IN_MONTH,DAYS_IN_MONTH,OpenPLCv2,fold_2,d82e396d7f90cb052a4403e5820d1e0c05642cc0809423f3a988f35bed9da18c,50cfac504034ce2a25a04bb7c257e47376793cabddd5fb5e0cd085e8709c3893,False,OUT_OF_SCOPE,False,TN,core_symbol_text contains dt_FB_ without toolchain gate,"Lexical transfer probe only; not runtime semantics, function-boundary correctness, or vulnerability detection.",DERIVED_EVIDENCE
openplcV2_DAYS_IN_YEAR,DAYS_IN_YEAR,OpenPLCv2,fold_3,5b8849e3b42787626b1fa1153ad745e7969ca79ded68c0267d59b489af3f8677,f5bb360f155f2b4d663814b3b0f7dafbda47dcd63f531cf6a658ca039b5c1b87,False,OUT_OF_SCOPE,False,TN,core_symbol_text contains dt_FB_ without toolchain gate,"Lexical transfer probe only; not runtime semantics, function-boundary correctness, or vulnerability detection.",DERIVED_EVIDENCE
openplcV2_DAY_OF_DATE,DAY_OF_DATE,OpenPLCv2,fold_6,f349898fbc6889f4f0ec675fe938e7174caf1427c1bb811dc82ba3be6534bb50,f83fcfdb56c218a8d92332d7dd944447d7d08e6532ab423f6bf40348eea63777,False,OUT_OF_SCOPE,False,TN,core_symbol_text contains dt_FB_ without toolchain gate,"Lexical transfer probe only; not runtime semantics, function-boundary correctness, or vulnerability detection.",DERIVED_EVIDENCE
openplcV2_DAY_OF_MONTH,DAY_OF_MONTH,OpenPLCv2,fold_7,d05751ff526e50a2f556e6d375ad015e751dbb0d3fe1208f7f258762cac3945f,826995db704efef300b1e1c98ddbdfe9912907023ab168db9044bdcd857bd3be,False,OUT_OF_SCOPE,False,TN,core_symbol_text contains dt_FB_ without toolchain gate,"Lexical transfer probe only; not runtime semantics, function-boundary correctness, or vulnerability detection.",DERIVED_EVIDENCE
openplcV2_DAY_OF_WEEK,DAY_OF_WEEK,OpenPLCv2,fold_8,9c1b5ddc3243dffe2d15d814716a63f04d49f02651f95d6860f251d20e0e4de2,49dae63366edd31143ea334e070b22d22cba110002484152ce8475e6e0d706f1,False,OUT_OF_SCOPE,False,TN,core_symbol_text contains dt_FB_ without toolchain gate,"Lexical transfer probe only; not runtime semantics, function-boundary correctness, or vulnerability detection.",DERIVED_EVIDENCE
openplcV2_DAY_OF_YEAR,DAY_OF_YEAR,OpenPLCv2,fold_9,57d7a138fcbaacacdb8029dc062c538ac5ac93f58b022d32a0785a0ae0c9a63a,6e4771664da90fcbfe3a5dfeca192cab9c73c3baee5b651a4760f3b37691759d,False,OUT_OF_SCOPE,False,TN,core_symbol_text contains dt_FB_ without toolchain gate,"Lexical transfer probe only; not runtime semantics, function-boundary correctness, or vulnerability detection.",DERIVED_EVIDENCE
openplcV2_DEAD_BAND,DEAD_BAND,OpenPLCv2,fold_8,584774334e3404b437f214e2d7a8814a6e57de2c9e989856b86bf0ce447a0c0a,e0b620767e8ee7b8bb4eaa429f763866af75f3ae358be89722f5cc1002d45e44,False,OUT_OF_SCOPE,False,TN,core_symbol_text contains dt_FB_ without toolchain gate,"Lexical transfer probe only; not runtime semantics, function-boundary correctness, or vulnerability detection.",DERIVED_EVIDENCE
openplcV2_DEAD_BAND_A,DEAD_BAND_A,OpenPLCv2,fold_9,8344054b0505e4fbdb385ce6ce01c572eb5f20e882f0d8504a0b9c91492e47ae,c40d215ffa6d7ceea200d0311e0208e84c1d41fe68f4fd9d9d1c66a8a291376e,True,OUT_OF_SCOPE,False,FN,core_symbol_text contains dt_FB_ without toolchain gate,"Lexical transfer probe only; not runtime semantics, function-boundary correctness, or vulnerability detection.",DERIVED_EVIDENCE
openplcV2_DEAD_ZONE,DEAD_ZONE,OpenPLCv2,fold_0,d49cd0ce3f7fa57b5679bf0106064bae746c9cd8ae4ba70fbbc5f32c3c650020,88400a7032d341acbf9cc5fbab68fca29aaf7203add0f1971854041dc2a64083,False,OUT_OF_SCOPE,False,TN,core_symbol_text contains dt_FB_ without toolchain gate,"Lexical transfer probe only; not runtime semantics, function-boundary correctness, or vulnerability detection.",DERIVED_EVIDENCE
openplcV2_DEAD_ZONE2,DEAD_ZONE2,OpenPLCv2,fold_1,d87e0a96b01c7fc2b4b8b13bf03c28c92d194188a3a1ad3ffc4becc1fc5a7d93,97ddceea460cdad5af36aa656888689926d27bb1caf6014e7be0b4d22aac8ee9,True,OUT_OF_SCOPE,False,FN,core_symbol_text contains dt_FB_ without toolchain gate,"Lexical transfer probe only; not runtime semantics, function-boundary correctness, or vulnerability detection.",DERIVED_EVIDENCE
openplcV2_DEBOUNCE,DEBOUNCE,OpenPLCv2,fold_2,218986d777e24571d670748a4d367f10d42235b9c06e939d6e730b04e2a9191b,d1aeb49b556bc1dd66c46ca366998c4fb8be2cb6086ccf3030d874fe1c5a2db9,True,OUT_OF_SCOPE,False,FN,core_symbol_text contains dt_FB_ without toolchain gate,"Lexical transfer probe only; not runtime semantics, function-boundary correctness, or vulnerability detection.",DERIVED_EVIDENCE
openplcV2_DEC_2,DEC_2,OpenPLCv2,fold_9,9d6b2952976710cf7cc27a7bc4c390fbdfb8a4470644b207d976a4f373f5ada4,4c3eff3249f77d762068ddab7f3df10dcafe61c7ca6a3138e976ee9f1c15a7e0,True,OUT_OF_SCOPE,False,FN,core_symbol_text contains dt_FB_ without toolchain gate,"Lexical transfer probe only; not runtime semantics, function-boundary correctness, or vulnerability detection.",DERIVED_EVIDENCE
openplcV2_DEC_4,DEC_4,OpenPLCv2,fold_0,20e0e621a2ed8a55f9dd9179771b4437cde498b0fe15a50ceba425e584620c16,a4723eb611b7eb345ae89e77b78315506d99e8481ce80a32516987ba09b6a656,True,OUT_OF_SCOPE,False,FN,core_symbol_text contains dt_FB_ without toolchain gate,"Lexical transfer probe only; not runtime semantics, function-boundary correctness, or vulnerability detection.",DERIVED_EVIDENCE
openplcV2_DEC_8,DEC_8,OpenPLCv2,fold_1,598f3a726b98da1db026c67a6ea433fc75be1dc511b2fbaebce0ad5d3a20bba0,b57fe640cfef636c95df3d814917e82cd1071d4f3661890ee6d2755e2e4d0b31,True,OUT_OF_SCOPE,False,FN,core_symbol_text contains dt_FB_ without toolchain gate,"Lexical transfer probe only; not runtime semantics, function-boundary correctness, or vulnerability detection.",DERIVED_EVIDENCE
openplcV2_DEG,DEG,OpenPLCv2,fold_7,90a16f50da56e935952fed553d3863b10fadbf586a04da1dd2dae2106dd81fe4,a94de3eff51b718a108a22102d5f97f719fcd05347c4371579d187dd1a2719bd,False,OUT_OF_SCOPE,False,TN,core_symbol_text contains dt_FB_ without toolchain gate,"Lexical transfer probe only; not runtime semantics, function-boundary correctness, or vulnerability detection.",DERIVED_EVIDENCE
openplcV2_DEG_TO_DIR,DEG_TO_DIR,OpenPLCv2,fold_4,ef2d7e4b4946a94a8a6f5f3b66d655c90a86b948713508454a4b1384bcab6b53,8dbce8e0ded2358a221b655b249c1ffac1f4ff29912f1c50746df73d3d61aae9,True,OUT_OF_SCOPE,False,FN,core_symbol_text contains dt_FB_ without toolchain gate,"Lexical transfer probe only; not runtime semantics, function-boundary correctness, or vulnerability detection.",DERIVED_EVIDENCE
openplcV2_DELAY,DELAY,OpenPLCv2,fold_5,aaf44f53c7d0cf0aadf9f52aa283562ddb20dbed5a1e4f075b3174e2a8b27600,ac28586bf5903f6518166780db3a528c34bbaf0f12a5eb4f761d704c77abcd18,True,OUT_OF_SCOPE,False,FN,core_symbol_text contains dt_FB_ without toolchain gate,"Lexical transfer probe only; not runtime semantics, function-boundary correctness, or vulnerability detection.",DERIVED_EVIDENCE
openplcV2_DELAY_4,DELAY_4,OpenPLCv2,fold_6,7b85b8ff977e9fa54bb1a2e36084ccddab2fec513395461172c81dfd487b4311,749ce1b93f669418280005b01175ed4d2704398fb49a87d86b1f415b410d068a,True,OUT_OF_SCOPE,False,FN,core_symbol_text contains dt_FB_ without toolchain gate,"Lexical transfer probe only; not runtime semantics, function-boundary correctness, or vulnerability detection.",DERIVED_EVIDENCE
openplcV2_DEL_CHARS,DEL_CHARS,OpenPLCv2,fold_8,00d5dd53529bbde5ff351273646f0e49d2b196bc76f85d0a73808bb90ce0625b,f2073102eca93357a2c35fe9217c88a61c94c908f7c9d38d530a282b315a605d,True,OUT_OF_SCOPE,False,FN,core_symbol_text contains dt_FB_ without toolchain gate,"Lexical transfer probe only; not runtime semantics, function-boundary correctness, or vulnerability detection.",DERIVED_EVIDENCE
openplcV2_DEW_CON,DEW_CON,OpenPLCv2,fold_0,0c4541e6bfb74b044a15693f832fb199d201169ee3f07186c0e29235c3b8c2df,de66ce74952ce4c8b4cda8cf5ace2762779fd4152d98ac1afc5dd9e2b6ba9c92,False,OUT_OF_SCOPE,False,TN,core_symbol_text contains dt_FB_ without toolchain gate,"Lexical transfer probe only; not runtime semantics, function-boundary correctness, or vulnerability detection.",DERIVED_EVIDENCE
openplcV2_DEW_RH,DEW_RH,OpenPLCv2,fold_1,f1b0ba0ee22546cfe3bec729505763f92ee284ff30d48f9ad44e84baa17ce09c,764a3bb06bdf514b0f0573571323b6f41734aee001ebd117f824df7473d4e3b1,False,OUT_OF_SCOPE,False,TN,core_symbol_text contains dt_FB_ without toolchain gate,"Lexical transfer probe only; not runtime semantics, function-boundary correctness, or vulnerability detection.",DERIVED_EVIDENCE
openplcV2_DEW_TEMP,DEW_TEMP,OpenPLCv2,fold_2,8bd334fd263403e7a338c17a345e8c22edf6f113276c1b6aebd4c6685f4cf2eb,6ef94f1577f270c857897671185476874efe8c53fd565709243a37c63382786c,False,OUT_OF_SCOPE,False,TN,core_symbol_text contains dt_FB_ without toolchain gate,"Lexical transfer probe only; not runtime semantics, function-boundary correctness, or vulnerability detection.",DERIVED_EVIDENCE
openplcV2_DIFFER,DIFFER,OpenPLCv2,fold_8,e63a02095b883fd0f16c02aa8a37fbf0ecd832a98e88be0ab92b281368595369,52759e07f86125acb78cb070ee661a33111eb88925fce0a5790ee603c577b236,False,OUT_OF_SCOPE,False,TN,core_symbol_text contains dt_FB_ without toolchain gate,"Lexical transfer probe only; not runtime semantics, function-boundary correctness, or vulnerability detection.",DERIVED_EVIDENCE
openplcV2_DIMM_2,DIMM_2,OpenPLCv2,fold_3,5d7a6157ec78658fbd16333e777aa9bdd6993bf434a820986202a9802ec0188b,86f63da06f6a52a20d457a426ddd60cb9f55ecb5f820625cdcbefd33e60cecec,True,OUT_OF_SCOPE,False,FN,core_symbol_text contains dt_FB_ without toolchain gate,"Lexical transfer probe only; not runtime semantics, function-boundary correctness, or vulnerability detection.",DERIVED_EVIDENCE
openplcV2_DIMM_I,DIMM_I,OpenPLCv2,fold_4,aaa98cef29d975fa0d81769b476d4300e60490061cd6b54aa8853286dcacf024,192cbe62c40da2ad10f93a79bc145c50ce998dedb11a05dafcc6130325e9243e,True,OUT_OF_SCOPE,False,FN,core_symbol_text contains dt_FB_ without toolchain gate,"Lexical transfer probe only; not runtime semantics, function-boundary correctness, or vulnerability detection.",DERIVED_EVIDENCE
openplcV2_DIR_TO_DEG,DIR_TO_DEG,OpenPLCv2,fold_5,4be9a8105216692dc063439c9eeb20f28ba47ffe79fb5533b887a62d0e3c7ffe,dce3ef92a4bf46cf8498306be157aed0617871e897bf5d7ab37ce5d108954067,True,OUT_OF_SCOPE,False,FN,core_symbol_text contains dt_FB_ without toolchain gate,"Lexical transfer probe only; not runtime semantics, function-boundary correctness, or vulnerability detection.",DERIVED_EVIDENCE
openplcV2_DRIVER_1,DRIVER_1,OpenPLCv2,fold_0,649eba7aee713d28bad94201cd9cbd7fdfd197b083cdb0de69903e17aee27dc9,8b10b4020d1dfb6ca868de34f02c575b7c342bdd55b0825df7043f413636f9d0,True,OUT_OF_SCOPE,False,FN,core_symbol_text contains dt_FB_ without toolchain gate,"Lexical transfer probe only; not runtime semantics, function-boundary correctness, or vulnerability detection.",DERIVED_EVIDENCE
openplcV2_DRIVER_4,DRIVER_4,OpenPLCv2,fold_1,d64a24a4e4970938f8100ceee01907ea76dac334d0857c695c076f47f3b942d6,c95fe45ccda106fbd7c7196f9b3a1c182d7d82bfc24c1fb103909e177a5c35b0,True,OUT_OF_SCOPE,False,FN,core_symbol_text contains dt_FB_ without toolchain gate,"Lexical transfer probe only; not runtime semantics, function-boundary correctness, or vulnerability detection.",DERIVED_EVIDENCE
openplcV2_DRIVER_4C,DRIVER_4C,OpenPLCv2,fold_2,f2abceeeeaf534c9f5b5d0a0bcffc1070646ff37b9023f42fb27286c7a44fcef,a6684cd1625597372cc2a1c77a106d4490308d254a65010fb8b3ce5c2898ffb6,True,OUT_OF_SCOPE,False,FN,core_symbol_text contains dt_FB_ without toolchain gate,"Lexical transfer probe only; not runtime semantics, function-boundary correctness, or vulnerability detection.",DERIVED_EVIDENCE
openplcV2_DST,DST,OpenPLCv2,fold_5,0a5abab4159fbbd2e59d768ed3497229534f71f04490c8dedf1c191277821ec8,e367ffe97ca432cf7226b9f1642f730e61d8cf51da651b8f8b692395727b7c5c,False,OUT_OF_SCOPE,False,TN,core_symbol_text contains dt_FB_ without toolchain gate,"Lexical transfer probe only; not runtime semantics, function-boundary correctness, or vulnerability detection.",DERIVED_EVIDENCE
openplcV2_DT2_TO_SDT,DT2_TO_SDT,OpenPLCv2,fold_8,30c967f1d5576aa016c0998a58d1c3ce059c967ecfda3a0d54410b305c3a41cf,2d21cae75e65b05f87cc4ec6353f88befb060e16a9448e0afb2ac2b43f2b4ac9,True,OUT_OF_SCOPE,False,FN,core_symbol_text contains dt_FB_ without toolchain gate,"Lexical transfer probe only; not runtime semantics, function-boundary correctness, or vulnerability detection.",DERIVED_EVIDENCE
openplcV2_DT_SIMU,DT_SIMU,OpenPLCv2,fold_4,6132bd012f86f35ca54f1c46f03bec9a1ea1b7baaf3cb6ec37d0dcbc148b2de4,db1b7f12dbe9651f0699e1106a8efe564312969bfd21874a0aab33336637f40e,True,OUT_OF_SCOPE,False,FN,core_symbol_text contains dt_FB_ without toolchain gate,"Lexical transfer probe only; not runtime semantics, function-boundary correctness, or vulnerability detection.",DERIVED_EVIDENCE
openplcV2_DT_TO_SDT,DT_TO_SDT,OpenPLCv2,fold_6,f20d4ba1854f09c133ed48df092adc4b5fa7d0a603708ab252e021594f02f7c7,552cacc14541c8bcd38d3d68e6c3516b50bcdfd8af19bbb11ac9dfaeb0daa302,True,OUT_OF_SCOPE,False,FN,core_symbol_text contains dt_FB_ without toolchain gate,"Lexical transfer probe only; not runtime semantics, function-boundary correctness, or vulnerability detection.",DERIVED_EVIDENCE
openplcV2_DT_TO_STRING,DT_TO_STRING,OpenPLCv2,fold_9,d761bdfef27f96bda5798218fb30d92a081f7bd843207b880ea959b53e7d8a11,0228bd30d220412b54e647758be02821cbf67ca36b8fc4ad01a223a1e66ec197,True,OUT_OF_SCOPE,False,FN,core_symbol_text contains dt_FB_ without toolchain gate,"Lexical transfer probe only; not runtime semantics, function-boundary correctness, or vulnerability detection.",DERIVED_EVIDENCE
openplcV2_DT_TO_TOD,DT_TO_TOD,OpenPLCv2,fold_7,006dc82f94756fa1852d071ca87804e6559123fb55fb601bd492d2ac5804bf35,6ce480fdb1684e639c1d33978a4d2540d4825e2d15c2f42daab9b188476aec09,False,OUT_OF_SCOPE,False,TN,core_symbol_text contains dt_FB_ without toolchain gate,"Lexical transfer probe only; not runtime semantics, function-boundary correctness, or vulnerability detection.",DERIVED_EVIDENCE
openplcV2_DWORD_OF_BYTE,DWORD_OF_BYTE,OpenPLCv2,fold_2,b9d193a740d371aec838aaeb92d627c273c19c25eb2e582abe73d4e04c7e3c47,16ac14971601d72bae4af1b4a12c845070e0ce0b95f12ffea0a716b53817cebc,False,OUT_OF_SCOPE,False,TN,core_symbol_text contains dt_FB_ without toolchain gate,"Lexical transfer probe only; not runtime semantics, function-boundary correctness, or vulnerability detection.",DERIVED_EVIDENCE
openplcV2_DWORD_OF_WORD,DWORD_OF_WORD,OpenPLCv2,fold_3,01eee82f2f16d52d5cb3024020ab5e0dba5ebd3e47a317968217baea4e14a82b,2380348ead5fb76d2af234dd93bbed5c9e2f6346727b6439dbeb09cf05a51731,False,OUT_OF_SCOPE,False,TN,core_symbol_text contains dt_FB_ without toolchain gate,"Lexical transfer probe only; not runtime semantics, function-boundary correctness, or vulnerability detection.",DERIVED_EVIDENCE
openplcV2_DWORD_TO_DATE,DWORD_TO_DATE,OpenPLCv2,fold_9,283f92794bb4c4474a97049c112b5c73ef85966f9005c7a196b6912f973d83c0,799a716a062ee9bbfc738abb385a74c3fbcc9e824021f920131f51e18cd70f65,False,OUT_OF_SCOPE,False,TN,core_symbol_text contains dt_FB_ without toolchain gate,"Lexical transfer probe only; not runtime semantics, function-boundary correctness, or vulnerability detection.",DERIVED_EVIDENCE
openplcV2_DWORD_TO_DT,DWORD_TO_DT,OpenPLCv2,fold_0,fcff3a9b6216f8695e380debfb237e4b1c84ea5c463b9fc590db147d63ba8e6a,5c5a844eab9030367337b1c86ce843092d3236dcb51fff6bac5a16f782b93890,False,OUT_OF_SCOPE,False,TN,core_symbol_text contains dt_FB_ without toolchain gate,"Lexical transfer probe only; not runtime semantics, function-boundary correctness, or vulnerability detection.",DERIVED_EVIDENCE
openplcV2_DWORD_TO_STRB,DWORD_TO_STRB,OpenPLCv2,fold_0,669dce2773206981c0b44364e10f5b84790c5b9680442c967391b82bb66645fe,7ef0bac542a411f57a055ab6db87daeed46ba5bfe8077f255e710cf70e8bea2d,True,OUT_OF_SCOPE,False,FN,core_symbol_text contains dt_FB_ without toolchain gate,"Lexical transfer probe only; not runtime semantics, function-boundary correctness, or vulnerability detection.",DERIVED_EVIDENCE
openplcV2_DWORD_TO_STRF,DWORD_TO_STRF,OpenPLCv2,fold_1,9f5bfd1d76464fad58db063cfc0e4d6a3e5fb74da74dc612ce3b7b8b1c6e1096,0468dc383282ca3b2cc9e3da3af8be02ead9269d8b26ff1bb023a335354e7f3b,True,OUT_OF_SCOPE,False,FN,core_symbol_text contains dt_FB_ without toolchain gate,"Lexical transfer probe only; not runtime semantics, function-boundary correctness, or vulnerability detection.",DERIVED_EVIDENCE
openplcV2_DWORD_TO_STRH,DWORD_TO_STRH,OpenPLCv2,fold_2,c737fbe3b3742329c68c6fa829f903b9ce61cea330d82a70d689ea7c3ebb69c9,21c51c03077611a36d829f282659822e9172d88f89b4c2cec86e5aa948559ae7,True,OUT_OF_SCOPE,False,FN,core_symbol_text contains dt_FB_ without toolchain gate,"Lexical transfer probe only; not runtime semantics, function-boundary correctness, or vulnerability detection.",DERIVED_EVIDENCE
openplcV2_DWORD_TO_TIME,DWORD_TO_TIME,OpenPLCv2,fold_1,01bd6b7bba4e34c767af1f2008b6719c1f1421a96e834e89116ba7a621838efb,d605fd1bdd4ba19b588aabb6c9a050090c7c15ca9e021bf89823bb5e61dde6f5,False,OUT_OF_SCOPE,False,TN,core_symbol_text contains dt_FB_ without toolchain gate,"Lexical transfer probe only; not runtime semantics, function-boundary correctness, or vulnerability detection.",DERIVED_EVIDENCE
openplcV2_DWORD_TO_TOD,DWORD_TO_TOD,OpenPLCv2,fold_2,d61e3c0db180d46f22101a789555df750b8d43a08e2798dd62572574eaa5105b,fd92f9dec743f2b1327c35586706713cc7dfd30313d8551b63df0c40bdced785,False,OUT_OF_SCOPE,False,TN,core_symbol_text contains dt_FB_ without toolchain gate,"Lexical transfer probe only; not runtime semantics, function-boundary correctness, or vulnerability detection.",DERIVED_EVIDENCE
openplcV2_D_TRIG,D_TRIG,OpenPLCv2,fold_9,1cfcffffda55336e920c0b6901d3106f50bb46a906c345ac761be2b44bf125d7,d0602bea49ee9e46c18ca8ca640ff2d5958ee87b880ad48a3fd00a010a28b0bc,True,OUT_OF_SCOPE,False,FN,core_symbol_text contains dt_FB_ without toolchain gate,"Lexical transfer probe only; not runtime semantics, function-boundary correctness, or vulnerability detection.",DERIVED_EVIDENCE
openplcV2_D_TRUNC,D_TRUNC,OpenPLCv2,fold_6,19112785efad3cda9681a64db03dc89257a50ba94e7d77a0a9f48eb1cefecb62,c01203f71e552acbb4eafde3d7a173546d5cdd325a772278895fa06621287e15,False,OUT_OF_SCOPE,False,TN,core_symbol_text contains dt_FB_ without toolchain gate,"Lexical transfer probe only; not runtime semantics, function-boundary correctness, or vulnerability detection.",DERIVED_EVIDENCE
openplcV2_EASTER,EASTER,OpenPLCv2,fold_3,9756ddbfece9f09283945d1ea447b87f6326f073e47f332838d5e0af075a7cbc,2a9ee995b5959bc33e9c5ae2eebe8f45baead62ccc281214df8e2b172af64c9f,False,OUT_OF_SCOPE,False,TN,core_symbol_text contains dt_FB_ without toolchain gate,"Lexical transfer probe only; not runtime semantics, function-boundary correctness, or vulnerability detection.",DERIVED_EVIDENCE
openplcV2_ELLIPSE_A,ELLIPSE_A,OpenPLCv2,fold_4,daaa54e78e5484118e88448e66f2c814f3936754264840cf20943080ba7918d6,eb364339600d4b3ea6fbb819d5f9c92086749dac2b0cb33bb2a2ea9313b98f55,False,OUT_OF_SCOPE,False,TN,core_symbol_text contains dt_FB_ without toolchain gate,"Lexical transfer probe only; not runtime semantics, function-boundary correctness, or vulnerability detection.",DERIVED_EVIDENCE
openplcV2_ELLIPSE_C,ELLIPSE_C,OpenPLCv2,fold_5,08cc227840d67cfda5d4006dceab81ca300ad199c4b9a39a1d412f8edea96581,314fa450d3218f70be7cf4f6dae85414e5806f7787ecb5e283db7f4ade66e600,False,OUT_OF_SCOPE,False,TN,core_symbol_text contains dt_FB_ without toolchain gate,"Lexical transfer probe only; not runtime semantics, function-boundary correctness, or vulnerability detection.",DERIVED_EVIDENCE
openplcV2_ENERGY,ENERGY,OpenPLCv2,fold_6,6c73d16da389fd856660d4f051c2dbc0e30fe56d7697e8acda9460cc12174da3,ae161653f87896542db8fd4db61907bdbbf9f29b8ba892f6feb7f49bbf6d595c,True,OUT_OF_SCOPE,False,FN,core_symbol_text contains dt_FB_ without toolchain gate,"Lexical transfer probe only; not runtime semantics, function-boundary correctness, or vulnerability detection.",DERIVED_EVIDENCE
openplcV2_ERF,ERF,OpenPLCv2,fold_9,44ed8d04a3ae5a22f6b0002ff3c1abd773f38f54baaac95ca03757667b94eff4,16c761f01081624e49e9911e129bd502f3ae46b37d96a60e5c4f25850f661ecb,False,OUT_OF_SCOPE,False,TN,core_symbol_text contains dt_FB_ without toolchain gate,"Lexical transfer probe only; not runtime semantics, function-boundary correctness, or vulnerability detection.",DERIVED_EVIDENCE
openplcV2_ERFC,ERFC,OpenPLCv2,fold_0,f59419fbf45d68baae7eb3d953ed954bfc49f702322dcf7e8eaee4b338876950,676b4bbac569c49602e471bc674af530f7f5c63f9f511bedeaa667755e42f4bf,False,OUT_OF_SCOPE,False,TN,core_symbol_text contains dt_FB_ without toolchain gate,"Lexical transfer probe only; not runtime semantics, function-boundary correctness, or vulnerability detection.",DERIVED_EVIDENCE
openplcV2_ESR_COLLECT,ESR_COLLECT,OpenPLCv2,fold_6,5c2ae953f9bba61ad13637e18d3de54e4eb0e88b34be25d583ca022b16f93cce,0a9eb6baeb472cdee182e79fbd882d8aa51849be2ed84b89705979a4d6ee84d0,True,OUT_OF_SCOPE,False,FN,core_symbol_text contains dt_FB_ without toolchain gate,"Lexical transfer probe only; not runtime semantics, function-boundary correctness, or vulnerability detection.",DERIVED_EVIDENCE
openplcV2_ESR_MON_B8,ESR_MON_B8,OpenPLCv2,fold_7,d2ba396d8f7bde3a87518d27c85a9a7e8cc379cd3ad3c5f20904f246bebe897c,5b93e1f7f2ca7ca56b8b1a988512e7db3303b1a346b8f401088d06f1b50ea2de,True,OUT_OF_SCOPE,False,FN,core_symbol_text contains dt_FB_ without toolchain gate,"Lexical transfer probe only; not runtime semantics, function-boundary correctness, or vulnerability detection.",DERIVED_EVIDENCE
openplcV2_ESR_MON_X8,ESR_MON_X8,OpenPLCv2,fold_8,f7939b4ddf361835d0b77869ad174991e672c5ad79e7fa9a5ea8bf7198d8d665,42eca2d99b132a7343b0cde1f2d0243440e68db17e17e974a9ef7ea61f47845c,True,OUT_OF_SCOPE,False,FN,core_symbol_text contains dt_FB_ without toolchain gate,"Lexical transfer probe only; not runtime semantics, function-boundary correctness, or vulnerability detection.",DERIVED_EVIDENCE
openplcV2_EVEN,EVEN,OpenPLCv2,fold_1,34d2ab5c728623e0b7190ef29da3d0ca02e0709e94f5bc9229011c51304d3d8a,d2ec836a2656d0519e6374612afe77f69a367eccde74a0c5d8ae38c6fc75ff75,False,OUT_OF_SCOPE,False,TN,core_symbol_text contains dt_FB_ without toolchain gate,"Lexical transfer probe only; not runtime semantics, function-boundary correctness, or vulnerability detection.",DERIVED_EVIDENCE
openplcV2_EVENTS,EVENTS,OpenPLCv2,fold_4,27738f2c8e39fc931ee83db0fcd64e34e640ee5398a8df62a0cce9982fe41291,0b440ecd41e33f00c1e95acce5876a92ea88cf71f0a0f1fb452caeb58493f0e2,True,OUT_OF_SCOPE,False,FN,core_symbol_text contains dt_FB_ without toolchain gate,"Lexical transfer probe only; not runtime semantics, function-boundary correctness, or vulnerability detection.",DERIVED_EVIDENCE
openplcV2_EXP10,EXP10,OpenPLCv2,fold_2,c50f12ffd767b274a48211e3fbf60f0db89b2be961dcc9551d26d7bb5343bbdc,b87702b820ee779d23b497991afbbb758fe7260cce3d3091cb52ee0743773133,False,OUT_OF_SCOPE,False,TN,core_symbol_text contains dt_FB_ without toolchain gate,"Lexical transfer probe only; not runtime semantics, function-boundary correctness, or vulnerability detection.",DERIVED_EVIDENCE
openplcV2_EXPN,EXPN,OpenPLCv2,fold_3,a79eb7dc3192f2c73c470a3896dbb7b41a76850a40b15373cac691db53cbbb33,fe4f1fae5d4d50d2ce03ee0d904be9dda0eb987bed7fd653139a694242057afd,False,OUT_OF_SCOPE,False,TN,core_symbol_text contains dt_FB_ without toolchain gate,"Lexical transfer probe only; not runtime semantics, function-boundary correctness, or vulnerability detection.",DERIVED_EVIDENCE
openplcV2_FACT,FACT,OpenPLCv2,fold_4,93da8efabe93999c286822dd45902c78306ed71af0f85c2543e22b5f3a15d6a2,55cb801c3f3fd34ddaba02f8a3b27b2d6177d77c2e175f06a9ad95759430ba7b,False,OUT_OF_SCOPE,False,TN,core_symbol_text contains dt_FB_ without toolchain gate,"Lexical transfer probe only; not runtime semantics, function-boundary correctness, or vulnerability detection.",DERIVED_EVIDENCE
openplcV2_FADE,FADE,OpenPLCv2,fold_7,74d2a22c10e6702dcc98c2fed0e7a8186d46ece48afb25c48c8a5a3cc89a3a4f,5339146fcf59d1c034ee2048d0f3a2eb3e89a3eb5a4f707a4700f29e965748e3,True,OUT_OF_SCOPE,False,FN,core_symbol_text contains dt_FB_ without toolchain gate,"Lexical transfer probe only; not runtime semantics, function-boundary correctness, or vulnerability detection.",DERIVED_EVIDENCE
openplcV2_FF_D2E,FF_D2E,OpenPLCv2,fold_2,b6dd916bef0e9da6b47fb9c9839db869817dc250628b84b5f6a8688789579945,a99968a49a20669b8517cdc24ff73c9a4e2e0f5410a4b1496eaaad5d408034c5,True,OUT_OF_SCOPE,False,FN,core_symbol_text contains dt_FB_ without toolchain gate,"Lexical transfer probe only; not runtime semantics, function-boundary correctness, or vulnerability detection.",DERIVED_EVIDENCE
openplcV2_FF_D4E,FF_D4E,OpenPLCv2,fold_3,d57528a0bfcd0a0ea1cc7cb7f64896d30adadafc8c90d10598d817070f439fda,0e91ca884f8c6aedc2ce3a6043196e389ad0ba20474e8067968c8839192035ab,True,OUT_OF_SCOPE,False,FN,core_symbol_text contains dt_FB_ without toolchain gate,"Lexical transfer probe only; not runtime semantics, function-boundary correctness, or vulnerability detection.",DERIVED_EVIDENCE
openplcV2_FF_DRE,FF_DRE,OpenPLCv2,fold_4,13a139ce980ed60a2077c9368e5e89b340088ef23bed7c1b0a2ed04a48202030,8105d89ad22f11b28d2564ff7f0880dc7c964b36f0c24f18c6aec5a7726f1e06,True,OUT_OF_SCOPE,False,FN,core_symbol_text contains dt_FB_ without toolchain gate,"Lexical transfer probe only; not runtime semantics, function-boundary correctness, or vulnerability detection.",DERIVED_EVIDENCE
openplcV2_FF_JKE,FF_JKE,OpenPLCv2,fold_5,2d24570850c490e0dc7f370162905049356dbc7c726458215b52192d69fdad6e,72fa24fb0d9167cd90f96ad5d267d58d6e82f11f275e438272b29834ba0920bb,True,OUT_OF_SCOPE,False,FN,core_symbol_text contains dt_FB_ without toolchain gate,"Lexical transfer probe only; not runtime semantics, function-boundary correctness, or vulnerability detection.",DERIVED_EVIDENCE
openplcV2_FF_RSE,FF_RSE,OpenPLCv2,fold_6,310ba8aebf91256c9c11dbead15075e9b590d824aaa161a8270257e667f2c7c4,0499edf1b03802238aa37f86a61ccba3ef07812ec76b72157cf0aec056f336df,True,OUT_OF_SCOPE,False,FN,core_symbol_text contains dt_FB_ without toolchain gate,"Lexical transfer probe only; not runtime semantics, function-boundary correctness, or vulnerability detection.",DERIVED_EVIDENCE
openplcV2_FIB,FIB,OpenPLCv2,fold_5,a92c905d7bb62c85818e24869d8b0a7ce69db0e1f97962a31f6ae0159e1de613,9a5b46687f7810ddb6cebf1e681772daca4815ee7ab7a5dd530104af621d0e04,False,OUT_OF_SCOPE,False,TN,core_symbol_text contains dt_FB_ without toolchain gate,"Lexical transfer probe only; not runtime semantics, function-boundary correctness, or vulnerability detection.",DERIVED_EVIDENCE
openplcV2_FIFO_16,FIFO_16,OpenPLCv2,fold_0,939eed3a51a823302ab275585fbbf81685601e93bb01e5664575a5abe0dc2fee,0983f364c9d153a9fa77b78e8cd8ebada613fe44fb790513fdb4c15d8d2bab90,True,OUT_OF_SCOPE,False,FN,core_symbol_text contains dt_FB_ without toolchain gate,"Lexical transfer probe only; not runtime semantics, function-boundary correctness, or vulnerability detection.",DERIVED_EVIDENCE
openplcV2_FIFO_32,FIFO_32,OpenPLCv2,fold_1,bf9d5b1a89fab7046525943ffa79a0da040dbb5419f1ded5659c41ae13e55542,7d47b7fe6bb6977706d7011e990f223ac92cabbac9d6fd90c141ed8df1de81a8,True,OUT_OF_SCOPE,False,FN,core_symbol_text contains dt_FB_ without toolchain gate,"Lexical transfer probe only; not runtime semantics, function-boundary correctness, or vulnerability detection.",DERIVED_EVIDENCE
openplcV2_FILE_BLOCK,FILE_BLOCK,OpenPLCv2,fold_1,08f0c289834ddf818422e9f4da509f8f702b03dbc64a466059462cb512b7dea1,b686b6670afc0bcb953498e8af72f5b7eae1d0d17cfdcc3d8e0e2a79a6718c0e,True,OUT_OF_SCOPE,False,FN,core_symbol_text contains dt_FB_ without toolchain gate,"Lexical transfer probe only; not runtime semantics, function-boundary correctness, or vulnerability detection.",DERIVED_EVIDENCE
openplcV2_FILE_PATH_SPLIT,FILE_PATH_SPLIT,OpenPLCv2,fold_2,8abf4e7368ffc0b0ce9b9fb86ee3e79c4fd4d2b832cb1300ebedd486f08d5dc0,879f513fad365ad885b0200be6e3f5a8879bb9ad4861b8325ac692fb5780ab48,True,OUT_OF_SCOPE,False,FN,core_symbol_text contains dt_FB_ without toolchain gate,"Lexical transfer probe only; not runtime semantics, function-boundary correctness, or vulnerability detection.",DERIVED_EVIDENCE
openplcV2_FILL,FILL,OpenPLCv2,fold_3,82f62f0bbc29da4786aafae06077083e88018685af1e660e30b508d3e0888f93,aa7f25e84586cdaf6f6bfa555ca891b02575e9dec70d7da78672e4280d9af0c9,True,OUT_OF_SCOPE,False,FN,core_symbol_text contains dt_FB_ without toolchain gate,"Lexical transfer probe only; not runtime semantics, function-boundary correctness, or vulnerability detection.",DERIVED_EVIDENCE
openplcV2_FILTER_DW,FILTER_DW,OpenPLCv2,fold_8,87633cb7b47495fbf9803bb9b3641e971823c2a75fe025f7db50cb1359619f84,a9f2cbd241c3dcf0f927afaf4a35477bd58f7b12887a288f67238c800a5e5881,True,OUT_OF_SCOPE,False,FN,core_symbol_text contains dt_FB_ without toolchain gate,"Lexical transfer probe only; not runtime semantics, function-boundary correctness, or vulnerability detection.",DERIVED_EVIDENCE
openplcV2_FILTER_I,FILTER_I,OpenPLCv2,fold_9,0804f6ee16f8297f3ae9e83d371b9d9d637b99ce61a4058d80f02a4200ffad8b,641fa0734c10849b2e6ef908927842760f08e11458122fd522984fb5b5c4ecf7,True,OUT_OF_SCOPE,False,FN,core_symbol_text contains dt_FB_ without toolchain gate,"Lexical transfer probe only; not runtime semantics, function-boundary correctness, or vulnerability detection.",DERIVED_EVIDENCE
openplcV2_FILTER_MAV_DW,FILTER_MAV_DW,OpenPLCv2,fold_0,d3e53c2f3640cc32d0364471c568ec7f67be1a2bc1ffe778a8150e4a398aa49d,92843ba139b24d407c0d27c6f6fab40820531e8604f5d2e97dead3383503a444,True,OUT_OF_SCOPE,False,FN,core_symbol_text contains dt_FB_ without toolchain gate,"Lexical transfer probe only; not runtime semantics, function-boundary correctness, or vulnerability detection.",DERIVED_EVIDENCE
openplcV2_FILTER_MAV_W,FILTER_MAV_W,OpenPLCv2,fold_1,3c6cd0e39814344a26755035985b45947f858da0f9d6d89afce49600b00f8681,aee55b432e9ef58483ca359cda18d78bf53fba011910d74e01541e753b4a852a,True,OUT_OF_SCOPE,False,FN,core_symbol_text contains dt_FB_ without toolchain gate,"Lexical transfer probe only; not runtime semantics, function-boundary correctness, or vulnerability detection.",DERIVED_EVIDENCE
openplcV2_FILTER_W,FILTER_W,OpenPLCv2,fold_2,2798cc0891083a7cf36dfdcaef5cbbd9da1598fa3e26c1693fb98c10d6a5c5c4,d5edd99f37da770623aafbfdafe73529fa68a4bd94c653ceac6fcb39a101fca3,True,OUT_OF_SCOPE,False,FN,core_symbol_text contains dt_FB_ without toolchain gate,"Lexical transfer probe only; not runtime semantics, function-boundary correctness, or vulnerability detection.",DERIVED_EVIDENCE
openplcV2_FILTER_WAV,FILTER_WAV,OpenPLCv2,fold_3,66b8d773fbd6ff90a7f5a07eeb0aae78b0f2d2a9f761e149ecab730659cf19e1,dd17a109ce9f3cb8f650b3a223eac4798434718a7178315e49ffce4a497a097f,True,OUT_OF_SCOPE,False,FN,core_symbol_text contains dt_FB_ without toolchain gate,"Lexical transfer probe only; not runtime semantics, function-boundary correctness, or vulnerability detection.",DERIVED_EVIDENCE
openplcV2_FINDB,FINDB,OpenPLCv2,fold_4,d6dd3e9fe3285d0e2fb650dd57b8cec0ea79b35fc1ece5581378721a82f28492,97c3d750738771653a6b9f3d46fda20c5b0dee90366c3f4948d48044ca3316be,True,OUT_OF_SCOPE,False,FN,core_symbol_text contains dt_FB_ without toolchain gate,"Lexical transfer probe only; not runtime semantics, function-boundary correctness, or vulnerability detection.",DERIVED_EVIDENCE
openplcV2_FINDP,FINDP,OpenPLCv2,fold_5,0d908c5c9c25d91093de9e786b123f42110061b286995b55ae9fda75cffcd7ef,5a715f6ce4de3fea337c3762b54120c3196978b1860af7d173c35619e9f7fc06,True,OUT_OF_SCOPE,False,FN,core_symbol_text contains dt_FB_ without toolchain gate,"Lexical transfer probe only; not runtime semantics, function-boundary correctness, or vulnerability detection.",DERIVED_EVIDENCE
openplcV2_FIX,FIX,OpenPLCv2,fold_6,8eacd3cc26b1da01a1e741e6e2c3f87a7fdde73c46856338ca067335a57b63be,5f77f344f3064c5dfd6dd4dac40680b0e2dbc9a23f074af3366b9de3dd47436a,True,OUT_OF_SCOPE,False,FN,core_symbol_text contains dt_FB_ without toolchain gate,"Lexical transfer probe only; not runtime semantics, function-boundary correctness, or vulnerability detection.",DERIVED_EVIDENCE
openplcV2_FLOOR,FLOOR,OpenPLCv2,fold_6,40a23a3a54a7d9e51895b107e6dd69cafae5965c1e2784d2fc0df9039f457cfa,a159f4ab469a12c31cddc8e06f4a9c3366d5247fcec0a10fc6a7ba608666be3c,False,OUT_OF_SCOPE,False,TN,core_symbol_text contains dt_FB_ without toolchain gate,"Lexical transfer probe only; not runtime semantics, function-boundary correctness, or vulnerability detection.",DERIVED_EVIDENCE
openplcV2_FLOOR2,FLOOR2,OpenPLCv2,fold_7,73b444ce3a72c0e7037c941da74b2d614f386c9083cc26e1b694b7fa52c6c39f,47d9c5e9c22972e6e01df5da37a411139f86d7be94c5f98cb0fc1464ecd52359,False,OUT_OF_SCOPE,False,TN,core_symbol_text contains dt_FB_ without toolchain gate,"Lexical transfer probe only; not runtime semantics, function-boundary correctness, or vulnerability detection.",DERIVED_EVIDENCE
openplcV2_FLOW_CONTROL,FLOW_CONTROL,OpenPLCv2,fold_3,8bfc243213d4eb3f1d9eff5404a6628b0c80eb4953af17d2b0d456dc10c997e5,042c6dd236cd5aa48be326454cefb74161fa5711a5a733963f0e13f550cd56b7,True,OUT_OF_SCOPE,False,FN,core_symbol_text contains dt_FB_ without toolchain gate,"Lexical transfer probe only; not runtime semantics, function-boundary correctness, or vulnerability detection.",DERIVED_EVIDENCE
openplcV2_FLOW_CONTROL_4,FLOW_CONTROL_4,OpenPLCv2,fold_4,18f62ce35e479ef8f747a4ab3981244c6a29ac2d3a05c0926917755d1e333c99,502c35fd294ecc737a0d2c054754dc207986f8297ba0bc720e4668263f6c90be,True,OUT_OF_SCOPE,False,FN,core_symbol_text contains dt_FB_ without toolchain gate,"Lexical transfer probe only; not runtime semantics, function-boundary correctness, or vulnerability detection.",DERIVED_EVIDENCE
openplcV2_FLOW_METER,FLOW_METER,OpenPLCv2,fold_5,34318d6dea6817410e575593c3e0fec9acea6bc3fed05589d67b6c2ab3f50f40,0c57e469ffcee1637e405aaf813953e5b237e40ff0feca20f950ba54b6845dd2,True,OUT_OF_SCOPE,False,FN,core_symbol_text contains dt_FB_ without toolchain gate,"Lexical transfer probe only; not runtime semantics, function-boundary correctness, or vulnerability detection.",DERIVED_EVIDENCE
openplcV2_FRACT,FRACT,OpenPLCv2,fold_8,a4f60f29f9329d4f1abbaa1b171723f9f72fa0f21574d9b888fd04a74ba60dce,4b46b17ed18ff2e93c9b01a86ff8bcea08365339491f3bb66dd9f2f39d93f262,False,OUT_OF_SCOPE,False,TN,core_symbol_text contains dt_FB_ without toolchain gate,"Lexical transfer probe only; not runtime semantics, function-boundary correctness, or vulnerability detection.",DERIVED_EVIDENCE
openplcV2_FRMP_B,FRMP_B,OpenPLCv2,fold_5,3981296786698a3163b4da43d8b7824ba4d4fda5fbdbdffd56d5eec369c2d955,b06cb125f831093f95fb85e6ae221ca60e3c3dbf4e6a55bf272167551b1146cd,False,OUT_OF_SCOPE,False,TN,core_symbol_text contains dt_FB_ without toolchain gate,"Lexical transfer probe only; not runtime semantics, function-boundary correctness, or vulnerability detection.",DERIVED_EVIDENCE
openplcV2_FT_AVG,FT_AVG,OpenPLCv2,fold_6,80f83c08b56c70782baa9ae7ec2786aeb41f96d4fb4ff26de6e95e1d126221cd,5bcb427d4f538526a6eb3eb62079e7825f48550ee82f164aa2f8a1cd288054a0,True,OUT_OF_SCOPE,False,FN,core_symbol_text contains dt_FB_ without toolchain gate,"Lexical transfer probe only; not runtime semantics, function-boundary correctness, or vulnerability detection.",DERIVED_EVIDENCE
openplcV2_FT_DERIV,FT_DERIV,OpenPLCv2,fold_2,a6a8c537599c852cf5a1dae326da6c13edc0def91a1eee3cc5fe79e57cb1968e,c7da30115530f6d02c70742d1c2f6b40f643150424185663cf74c3366932fc26,True,OUT_OF_SCOPE,False,FN,core_symbol_text contains dt_FB_ without toolchain gate,"Lexical transfer probe only; not runtime semantics, function-boundary correctness, or vulnerability detection.",DERIVED_EVIDENCE
openplcV2_FT_IMP,FT_IMP,OpenPLCv2,fold_3,5a0f712d25f0710e80379ce273a2348ca9d2b0fc09f55fed24611613bfab543e,1773253fd73c4a10e2f93be10e26c57a6ec6ca0ac9a42aba616cb7b12172d455,True,OUT_OF_SCOPE,False,FN,core_symbol_text contains dt_FB_ without toolchain gate,"Lexical transfer probe only; not runtime semantics, function-boundary correctness, or vulnerability detection.",DERIVED_EVIDENCE
openplcV2_FT_INT,FT_INT,OpenPLCv2,fold_4,e173b10b2d69714dba05dc7eb3306694fee577b335052b430ad6f5bebaeded27,3d2ecb69a80eb9e085e9cda534ae6ec4da09ec88dfa0ac33e53d68dcadee065b,True,OUT_OF_SCOPE,False,FN,core_symbol_text contains dt_FB_ without toolchain gate,"Lexical transfer probe only; not runtime semantics, function-boundary correctness, or vulnerability detection.",DERIVED_EVIDENCE
openplcV2_FT_MIN_MAX,FT_MIN_MAX,OpenPLCv2,fold_7,4e63a4bffae9dc31fa55f322683e4823ebaf3120955e706d5906d5caa75b6796,b94cbb2173cd00c7b2aa8cc023870c01ada5cb9bb490262b762bf41e958c7500,True,OUT_OF_SCOPE,False,FN,core_symbol_text contains dt_FB_ without toolchain gate,"Lexical transfer probe only; not runtime semantics, function-boundary correctness, or vulnerability detection.",DERIVED_EVIDENCE
openplcV2_FT_PD,FT_PD,OpenPLCv2,fold_6,3c4cd55f296353adbfda6c533e65c998903746f9d852a425a7631b80dcb76c1b,80f741d9f4672507315761b2a4bab43abc525ae716df088d11105e857793f00e,True,OUT_OF_SCOPE,False,FN,core_symbol_text contains dt_FB_ without toolchain gate,"Lexical transfer probe only; not runtime semantics, function-boundary correctness, or vulnerability detection.",DERIVED_EVIDENCE
openplcV2_FT_PDT1,FT_PDT1,OpenPLCv2,fold_7,8efc061350bef95a213d9a3360c77fb02b487480eb30b1cf7cb4d44de9429a05,58f484465f58980ecc16e75dfb20c638f44e57fdc8474f6f072bad5c7117c48f,True,OUT_OF_SCOPE,False,FN,core_symbol_text contains dt_FB_ without toolchain gate,"Lexical transfer probe only; not runtime semantics, function-boundary correctness, or vulnerability detection.",DERIVED_EVIDENCE
openplcV2_FT_PI,FT_PI,OpenPLCv2,fold_8,8a3e9604c899e73a683a27ab9ab1bf33f2abea54151a176b812dd2597e0d1307,0444a4ecd3f61ff1c89f4b9c66985f59be37a33b0dd0c1e9678e630eccdd7f1f,True,OUT_OF_SCOPE,False,FN,core_symbol_text contains dt_FB_ without toolchain gate,"Lexical transfer probe only; not runtime semantics, function-boundary correctness, or vulnerability detection.",DERIVED_EVIDENCE
openplcV2_FT_PID,FT_PID,OpenPLCv2,fold_9,c17c987ed90a92fcefa9400a824355a1d675f610ffbda15f5bf620bdef76ad72,e13f27b0c9e605536e59945b8f9942b0d1942301221a9a10f97ba2882c36c1a0,True,OUT_OF_SCOPE,False,FN,core_symbol_text contains dt_FB_ without toolchain gate,"Lexical transfer probe only; not runtime semantics, function-boundary correctness, or vulnerability detection.",DERIVED_EVIDENCE
openplcV2_FT_PIDW,FT_PIDW,OpenPLCv2,fold_0,6892dd53852763b0b057fe5f3f0cc58157f8dcb3726fbb3c9570c4968a4eeb24,c75a45211926bfc44795ddbd720ae903047ad75a367c9ca3fe48e688d01363ed,True,OUT_OF_SCOPE,False,FN,core_symbol_text contains dt_FB_ without toolchain gate,"Lexical transfer probe only; not runtime semantics, function-boundary correctness, or vulnerability detection.",DERIVED_EVIDENCE
openplcV2_FT_PIDWL,FT_PIDWL,OpenPLCv2,fold_1,9cb8ebe3046efc39adf7f7fbb5084cbede79c8d1412a23cfeeb820c3b1c01b6a,558de92d913d8d4d56af8c85709e1549c9f1de8a6ac96ba02991963fc013fb43,True,OUT_OF_SCOPE,False,FN,core_symbol_text contains dt_FB_ without toolchain gate,"Lexical transfer probe only; not runtime semantics, function-boundary correctness, or vulnerability detection.",DERIVED_EVIDENCE
openplcV2_FT_PIW,FT_PIW,OpenPLCv2,fold_2,c34243a86ada63e882bc1131b060c49a60631c5763c8ecb7d9656b3de70de949,4aca8fa6e9b14aa8732386d654fece328524f8b543f5c08940d6a8df17aae191,True,OUT_OF_SCOPE,False,FN,core_symbol_text contains dt_FB_ without toolchain gate,"Lexical transfer probe only; not runtime semantics, function-boundary correctness, or vulnerability detection.",DERIVED_EVIDENCE
openplcV2_FT_PIWL,FT_PIWL,OpenPLCv2,fold_3,1ce4d90888897f321087ae41851f66a2d488f4fd12eb3f33b0f128a247d1b348,07564115c779594f25eb2b1da7e68c6ef109e6e1085a838ea30459d8b28a1580,True,OUT_OF_SCOPE,False,FN,core_symbol_text contains dt_FB_ without toolchain gate,"Lexical transfer probe only; not runtime semantics, function-boundary correctness, or vulnerability detection.",DERIVED_EVIDENCE
openplcV2_FT_PROFILE,FT_PROFILE,OpenPLCv2,fold_5,1c67435703f39d68142c84914316b2af62a309c6889d36a9944c00f833b73d85,6565cc661954986f7e17ee3385fc9694ffb21f4f2f2c0ceb9d8f5eb7990fc71e,True,OUT_OF_SCOPE,False,FN,core_symbol_text contains dt_FB_ without toolchain gate,"Lexical transfer probe only; not runtime semantics, function-boundary correctness, or vulnerability detection.",DERIVED_EVIDENCE
openplcV2_FT_PT1,FT_PT1,OpenPLCv2,fold_4,e091897ff4ce71b2ef0b9504711177e59c528485439998ec2db85e1509e3d4a4,df364f94cb46bf3b7d9669464fd28cc4230ab3d806ce1d7f807742f6fdbfe8d2,True,OUT_OF_SCOPE,False,FN,core_symbol_text contains dt_FB_ without toolchain gate,"Lexical transfer probe only; not runtime semantics, function-boundary correctness, or vulnerability detection.",DERIVED_EVIDENCE
openplcV2_FT_PT2,FT_PT2,OpenPLCv2,fold_5,ec149bf33b5cd732e9e53cc7bf5f05f5eadd96c139477831a003632eae4610f5,5e52ef8116062516c2f5159f745e4f20563345852aefdda03ee20d69bba0ac19,True,OUT_OF_SCOPE,False,FN,core_symbol_text contains dt_FB_ without toolchain gate,"Lexical transfer probe only; not runtime semantics, function-boundary correctness, or vulnerability detection.",DERIVED_EVIDENCE
openplcV2_FT_RMP,FT_RMP,OpenPLCv2,fold_8,8da09273f2ba6cc92a3e7ffc5f44dfab90b241fca507a140618da53d62eb33b8,e05d466acd43752624cc7a205ad2b4c44186d9f1fbde04f0c404a6296ad0ebdc,True,OUT_OF_SCOPE,False,FN,core_symbol_text contains dt_FB_ without toolchain gate,"Lexical transfer probe only; not runtime semantics, function-boundary correctness, or vulnerability detection.",DERIVED_EVIDENCE
openplcV2_FT_TN16,FT_TN16,OpenPLCv2,fold_6,8dd7c7eb8c08ab14fce2c12d30b272d19175443426f801eae1c780042974648d,3ac244d0c377508459a62ed89958cace6af1549563f0be286921d3f03f9d007b,True,OUT_OF_SCOPE,False,FN,core_symbol_text contains dt_FB_ without toolchain gate,"Lexical transfer probe only; not runtime semantics, function-boundary correctness, or vulnerability detection.",DERIVED_EVIDENCE
openplcV2_FT_TN64,FT_TN64,OpenPLCv2,fold_7,1b13274faaad85bcb59b3033578658915cdc648cd3c066535b9c825f72891c21,8a3e7d65ddfe8a203850db2854478120ccaf6e46f727c79c814b42f56316a305,True,OUT_OF_SCOPE,False,FN,core_symbol_text contains dt_FB_ without toolchain gate,"Lexical transfer probe only; not runtime semantics, function-boundary correctness, or vulnerability detection.",DERIVED_EVIDENCE
openplcV2_FT_TN8,FT_TN8,OpenPLCv2,fold_8,7619f5defc82264f122f49dab2027ad4e4ea2e608354e6879c9e9320326dd172,99c0c1720899e9b73220f18687d3b7da5f8d7a7d089e19258db5d7ca12937de3,True,OUT_OF_SCOPE,False,FN,core_symbol_text contains dt_FB_ without toolchain gate,"Lexical transfer probe only; not runtime semantics, function-boundary correctness, or vulnerability detection.",DERIVED_EVIDENCE
openplcV2_F_LAMP,F_LAMP,OpenPLCv2,fold_5,89824a14349771659fb872ce06fec42a50d4bf0f0ee0243841183c27545f1d5b,7c7360e293810ebf7e60a8d95abb850b346e9d3794af5edb933b5559d5d56d58,True,OUT_OF_SCOPE,False,FN,core_symbol_text contains dt_FB_ without toolchain gate,"Lexical transfer probe only; not runtime semantics, function-boundary correctness, or vulnerability detection.",DERIVED_EVIDENCE
openplcV2_F_LIN,F_LIN,OpenPLCv2,fold_0,13654db209530af4711f8baa4b8a6030adbd9b385f541d29fa9ee69128d944e0,ecdbba993424d4d08f8589cceb835f9ea46539360dfd495767ba7269d9ceef38,False,OUT_OF_SCOPE,False,TN,core_symbol_text contains dt_FB_ without toolchain gate,"Lexical transfer probe only; not runtime semantics, function-boundary correctness, or vulnerability detection.",DERIVED_EVIDENCE
openplcV2_F_LIN2,F_LIN2,OpenPLCv2,fold_1,2d6329a292805e7f371ebc8f00bd1a0ebde17e7510e25e6aff735c80b835ab72,c72724c312a6fef6cef35fc6f1d33f064a9d4857d3319e973b7b18669c9146bf,False,OUT_OF_SCOPE,False,TN,core_symbol_text contains dt_FB_ without toolchain gate,"Lexical transfer probe only; not runtime semantics, function-boundary correctness, or vulnerability detection.",DERIVED_EVIDENCE
openplcV2_F_POLY,F_POLY,OpenPLCv2,fold_2,49b000fa6d40bb80f42a4865b7ca584162ca808382b090804aad553331fc909e,fe9d980622de19704f597ac411e5db1d57f8b450b03b29fc53845e40e4bccecd,True,OUT_OF_SCOPE,False,FN,core_symbol_text contains dt_FB_ without toolchain gate,"Lexical transfer probe only; not runtime semantics, function-boundary correctness, or vulnerability detection.",DERIVED_EVIDENCE
openplcV2_F_POWER,F_POWER,OpenPLCv2,fold_3,799122665f63051bfd44000de616d058dd8309fdd1060138f6cfca137583747c,a70b058ab4b68b9a46ec7a5ccde3631bc75b19a226c35b26ea51bc48f7f56e20,False,OUT_OF_SCOPE,False,TN,core_symbol_text contains dt_FB_ without toolchain gate,"Lexical transfer probe only; not runtime semantics, function-boundary correctness, or vulnerability detection.",DERIVED_EVIDENCE
openplcV2_F_QUAD,F_QUAD,OpenPLCv2,fold_4,296151e390b2ad64718a5f5e6a43e1bd574a7dbb755370e1a2fc6bdd2e86f1db,a1ce3db4115b46d7959f77ec3247ae0283f287b9cffc6d16ec6b2e1fd690cd22,False,OUT_OF_SCOPE,False,TN,core_symbol_text contains dt_FB_ without toolchain gate,"Lexical transfer probe only; not runtime semantics, function-boundary correctness, or vulnerability detection.",DERIVED_EVIDENCE
openplcV2_F_TO_C,F_TO_C,OpenPLCv2,fold_7,3c56dc106d48ae79d47e50550be78a82903f2f7eea15355ea76864f5e255c4ee,7caa9a27009a074ac62778fb8e5caec75c308bbc39e426d6355ba13c810654f0,False,OUT_OF_SCOPE,False,TN,core_symbol_text contains dt_FB_ without toolchain gate,"Lexical transfer probe only; not runtime semantics, function-boundary correctness, or vulnerability detection.",DERIVED_EVIDENCE
openplcV2_F_TO_OM,F_TO_OM,OpenPLCv2,fold_8,e473651b55bba5c7cf6d92497c8b51fb6678be03b863eefe888d0c8f89d7d43c,63463ac849176d2c73d0b23f3198dbdf6ab51ca3f7cbb470f6c95c00138dcec4,False,OUT_OF_SCOPE,False,TN,core_symbol_text contains dt_FB_ without toolchain gate,"Lexical transfer probe only; not runtime semantics, function-boundary correctness, or vulnerability detection.",DERIVED_EVIDENCE
openplcV2_F_TO_PT,F_TO_PT,OpenPLCv2,fold_9,474964469829ba5f061e3d58fd5440e7749734baa7d1551a377058a23fcb36fd,e4d5bdac198c374aefd9fd2537c96fdd24dfc64f4d0aedd4ee2dd29fa0f72006,False,OUT_OF_SCOPE,False,TN,core_symbol_text contains dt_FB_ without toolchain gate,"Lexical transfer probe only; not runtime semantics, function-boundary correctness, or vulnerability detection.",DERIVED_EVIDENCE
openplcV2_GAMMA,GAMMA,OpenPLCv2,fold_9,c69351e188bed3b9d41f9e2fe796b4ec8a8e08aa20146b056d0ef8785e2cf910,f997e3f1f8988f3c0302ac8181e76b856a4c54fb23e82aebb581427d8eabfb74,False,OUT_OF_SCOPE,False,TN,core_symbol_text contains dt_FB_ without toolchain gate,"Lexical transfer probe only; not runtime semantics, function-boundary correctness, or vulnerability detection.",DERIVED_EVIDENCE
openplcV2_GAUSS,GAUSS,OpenPLCv2,fold_0,a065417b94f7a13e63a1a58183a02ea89c551071d2b00672c82950e5376c7782,364574c9930ded67d426f37b0312a34f5dbc6b090ab9b18d3abdd247a1a9b2e4,False,OUT_OF_SCOPE,False,TN,core_symbol_text contains dt_FB_ without toolchain gate,"Lexical transfer probe only; not runtime semantics, function-boundary correctness, or vulnerability detection.",DERIVED_EVIDENCE
openplcV2_GAUSSCD,GAUSSCD,OpenPLCv2,fold_1,b263003814835c694981e3c1eb44244b74e8daf0155abf3c128a16f1c727845b,3876f583becd28c235ca3da60bb36709d70fb5afd036a90a871842a1caa8b02b,False,OUT_OF_SCOPE,False,TN,core_symbol_text contains dt_FB_ without toolchain gate,"Lexical transfer probe only; not runtime semantics, function-boundary correctness, or vulnerability detection.",DERIVED_EVIDENCE
openplcV2_GCD,GCD,OpenPLCv2,fold_2,a0bd8d3077df849a99e3aed78e721c99a93d93e7bd4ccef9726bb977318d7064,418e4514efc5c507fa36e4844378541d19614e243950738bad9ed7b8dc2e76c9,False,OUT_OF_SCOPE,False,TN,core_symbol_text contains dt_FB_ without toolchain gate,"Lexical transfer probe only; not runtime semantics, function-boundary correctness, or vulnerability detection.",DERIVED_EVIDENCE
openplcV2_GDF,GDF,OpenPLCv2,fold_3,d5f07153a37def592bbb9775cea99f7c276c6febf82f4dcaf2fa39fa6e8e4ce2,b12f444ed846aee63a6bdb3d640b6ae27d2dd6dff4a90043a39b864647638189,False,OUT_OF_SCOPE,False,TN,core_symbol_text contains dt_FB_ without toolchain gate,"Lexical transfer probe only; not runtime semantics, function-boundary correctness, or vulnerability detection.",DERIVED_EVIDENCE
openplcV2_GEN_BIT,GEN_BIT,OpenPLCv2,fold_0,b687aade80487a0086cc33de17366798e35825043c0be578c51f7aa2134dc52b,88bf0c01d453692701876d6bf272919a2e6e1307d2455b690285c61a470af73a,True,OUT_OF_SCOPE,False,FN,core_symbol_text contains dt_FB_ without toolchain gate,"Lexical transfer probe only; not runtime semantics, function-boundary correctness, or vulnerability detection.",DERIVED_EVIDENCE
openplcV2_GEN_PULSE,GEN_PULSE,OpenPLCv2,fold_3,4e9a454014d16593a008f22d790313a8aa1859e519adfa1c157de47e39bd09f6,07426deee3d0d44a258dc355f5c53b0de32a71db626bfa14d27a8b8818719977,True,OUT_OF_SCOPE,False,FN,core_symbol_text contains dt_FB_ without toolchain gate,"Lexical transfer probe only; not runtime semantics, function-boundary correctness, or vulnerability detection.",DERIVED_EVIDENCE
openplcV2_GEN_PW2,GEN_PW2,OpenPLCv2,fold_4,79d9c4be3445eb7e954410accec7b8c23bdc979db8168adfd36227385b8242f4,23b630fa987fe1e3ad44c1e41bef11903cba64423ddac3cf6c7d1f906db8568a,True,OUT_OF_SCOPE,False,FN,core_symbol_text contains dt_FB_ without toolchain gate,"Lexical transfer probe only; not runtime semantics, function-boundary correctness, or vulnerability detection.",DERIVED_EVIDENCE
openplcV2_GEN_RDM,GEN_RDM,OpenPLCv2,fold_5,0fa4ecffc8059275750a1ec9cebbaa43d24927dfdd6027885e75b246ddbe9926,f76ca6f3b2c5aa1c9276c4c58ece5bc281b3d57ab31e630576867de08fc17fa0,True,OUT_OF_SCOPE,False,FN,core_symbol_text contains dt_FB_ without toolchain gate,"Lexical transfer probe only; not runtime semantics, function-boundary correctness, or vulnerability detection.",DERIVED_EVIDENCE
openplcV2_GEN_RDT,GEN_RDT,OpenPLCv2,fold_6,abbf8f2366aa6170b3727dbac7bc201a127601d40045e351f1e8f4cd987b5400,9f6897b2e6f49a8dc6e928b806b55893a28e762b733794cf1e99df048d719091,True,OUT_OF_SCOPE,False,FN,core_symbol_text contains dt_FB_ without toolchain gate,"Lexical transfer probe only; not runtime semantics, function-boundary correctness, or vulnerability detection.",DERIVED_EVIDENCE
openplcV2_GEN_SQ,GEN_SQ,OpenPLCv2,fold_1,8d5bfe5e572e4bd0c951986f1279ad6327b15b7a5589c76ebd286c75ba857d68,e8186e844471cff5bdaf81b6d219fde51271ddc5ea9adeac5d197a8ee95fdee6,True,OUT_OF_SCOPE,False,FN,core_symbol_text contains dt_FB_ without toolchain gate,"Lexical transfer probe only; not runtime semantics, function-boundary correctness, or vulnerability detection.",DERIVED_EVIDENCE
openplcV2_GEO_TO_DEG,GEO_TO_DEG,OpenPLCv2,fold_0,81a7fb9cccf1622b1fbc9cdfd6b57e672bb3ce5e046a02794e63e15329f00c8b,504e0c69880dff78d6393b1ec21979c8e83151d58dcee834af846d47fe675cc3,False,OUT_OF_SCOPE,False,TN,core_symbol_text contains dt_FB_ without toolchain gate,"Lexical transfer probe only; not runtime semantics, function-boundary correctness, or vulnerability detection.",DERIVED_EVIDENCE
openplcV2_GOLD,GOLD,OpenPLCv2,fold_4,decaf8c72054794dc618bab5bda4c68fd189ff97d0ed18b6600ad98e1edba2b8,8c28cfbf7eb263278b35795c4ef5d22dec8a2ff3040a7fb67b694394bc845a7c,False,OUT_OF_SCOPE,False,TN,core_symbol_text contains dt_FB_ without toolchain gate,"Lexical transfer probe only; not runtime semantics, function-boundary correctness, or vulnerability detection.",DERIVED_EVIDENCE
openplcV2_GRAY_TO_BYTE,GRAY_TO_BYTE,OpenPLCv2,fold_4,f0920a288a3c76e45c283b210e690178896fbbe6925a910004d0fc72ffae86d7,eb82d85a4d8b59740a9df7240f40b975190824d25769cbbdca1c33c4f6926028,False,OUT_OF_SCOPE,False,TN,core_symbol_text contains dt_FB_ without toolchain gate,"Lexical transfer probe only; not runtime semantics, function-boundary correctness, or vulnerability detection.",DERIVED_EVIDENCE
openplcV2_HEAT_INDEX,HEAT_INDEX,OpenPLCv2,fold_3,4deb38a31abfe92be6c4d98713565ebb348ba9b58a226e0360196ff926f209c9,d259996ddc775db50e678977976c8654d80106b59861a76907a21d7b7d4dffbd,False,OUT_OF_SCOPE,False,TN,core_symbol_text contains dt_FB_ without toolchain gate,"Lexical transfer probe only; not runtime semantics, function-boundary correctness, or vulnerability detection.",DERIVED_EVIDENCE
openplcV2_HEAT_TEMP,HEAT_TEMP,OpenPLCv2,fold_5,ced2818636c8f78aaeb731dd3422d44dc96dff8c31ab45becbe9eb34bc37c8fe,7e714ac44228264091927eb263ceb04ccb7c99b62e67ee4075690184e2ed045b,True,OUT_OF_SCOPE,False,FN,core_symbol_text contains dt_FB_ without toolchain gate,"Lexical transfer probe only; not runtime semantics, function-boundary correctness, or vulnerability detection.",DERIVED_EVIDENCE
openplcV2_HOLIDAY,HOLIDAY,OpenPLCv2,fold_5,44f9d88618390e462c0b8af6c782129ae2cf0135372978feb62c7942f3849438,3bf32dc8f55a529aae03109e7034eed9e1fec012fb4ae89a800f19bfc43dc42e,True,OUT_OF_SCOPE,False,FN,core_symbol_text contains dt_FB_ without toolchain gate,"Lexical transfer probe only; not runtime semantics, function-boundary correctness, or vulnerability detection.",DERIVED_EVIDENCE
openplcV2_HOUR,HOUR,OpenPLCv2,fold_6,7829528b91565b2696d10bf65f6f98b4f4e8857db774861a5bdc1280908cd145,d5efff50622eda3f67446381cc89fc09351533f899c2d949929142111fd53f18,False,OUT_OF_SCOPE,False,TN,core_symbol_text contains dt_FB_ without toolchain gate,"Lexical transfer probe only; not runtime semantics, function-boundary correctness, or vulnerability detection.",DERIVED_EVIDENCE
openplcV2_HOUR_OF_DT,HOUR_OF_DT,OpenPLCv2,fold_7,e05d5cd6d1af54e040f2dcf9ed87d9ddd12779438e55dce7e0d78aa223ee1ca3,e53235f46cc26f6161ad62a891120e6577ca376fa0841c8e68f2fbd136c72e3a,False,OUT_OF_SCOPE,False,TN,core_symbol_text contains dt_FB_ without toolchain gate,"Lexical transfer probe only; not runtime semantics, function-boundary correctness, or vulnerability detection.",DERIVED_EVIDENCE
openplcV2_HOUR_TO_TIME,HOUR_TO_TIME,OpenPLCv2,fold_8,cdead32c35b5caea64e6c346db9904d2dc823d67d04722c0522fde222030440b,f250a8e2f97830a2d4ee57f74afef5fe34393d7ed0ca2263435e061f3cc80951,False,OUT_OF_SCOPE,False,TN,core_symbol_text contains dt_FB_ without toolchain gate,"Lexical transfer probe only; not runtime semantics, function-boundary correctness, or vulnerability detection.",DERIVED_EVIDENCE
openplcV2_HOUR_TO_TOD,HOUR_TO_TOD,OpenPLCv2,fold_9,d6bf8970c9662fde70ec29b1c687efea8379d8836d23a985ed3d9da1415f7d29,1195c27ea430a01321916e5e0a2340b5e7ef4add0743686af1b30d296bf1554f,False,OUT_OF_SCOPE,False,TN,core_symbol_text contains dt_FB_ without toolchain gate,"Lexical transfer probe only; not runtime semantics, function-boundary correctness, or vulnerability detection.",DERIVED_EVIDENCE
openplcV2_HYPOT,HYPOT,OpenPLCv2,fold_5,49313c7f8d883a308a940cba2b201e6a5a31587171290b86c8dbec65496947e5,aa7f51c516fc0b9f4909ae1987ffd9b1c2d80a3095e599de9cc7e5f2848d326f,False,OUT_OF_SCOPE,False,TN,core_symbol_text contains dt_FB_ without toolchain gate,"Lexical transfer probe only; not runtime semantics, function-boundary correctness, or vulnerability detection.",DERIVED_EVIDENCE
openplcV2_HYST,HYST,OpenPLCv2,fold_9,38c10117c6763c94d88b1c210374b4a7fd5d2fa698e879fdc615cadb0d5c6f74,b3a4fdab026342f90bf034b83f0f6c73a73c779f5a712fa9755671c4e9f11c17,True,OUT_OF_SCOPE,False,FN,core_symbol_text contains dt_FB_ without toolchain gate,"Lexical transfer probe only; not runtime semantics, function-boundary correctness, or vulnerability detection.",DERIVED_EVIDENCE
openplcV2_HYST_1,HYST_1,OpenPLCv2,fold_0,d7f493ddcd2d65ae08dbf620b4ecf51e4921a302fd9b2e452eba007f35e82d38,5483c29f4f9d7ae9f5b4835440e8e66e5defa44346713f7f3fb9de9d1285b62c,True,OUT_OF_SCOPE,False,FN,core_symbol_text contains dt_FB_ without toolchain gate,"Lexical transfer probe only; not runtime semantics, function-boundary correctness, or vulnerability detection.",DERIVED_EVIDENCE
openplcV2_HYST_2,HYST_2,OpenPLCv2,fold_1,58639ce8636c96d25dce8d2fbbafde8bc3a1cb473b9c9cfc63bbd865383909bf,68b0bd38e713dd7a81c7d0d8925240e66eeeee56843e5e28dc50ce2faf3efd0c,True,OUT_OF_SCOPE,False,FN,core_symbol_text contains dt_FB_ without toolchain gate,"Lexical transfer probe only; not runtime semantics, function-boundary correctness, or vulnerability detection.",DERIVED_EVIDENCE
openplcV2_HYST_3,HYST_3,OpenPLCv2,fold_2,3066e16d732dbefa5a8a82f0e547677aebab7fc527e75afe0b8aed2b94304d33,d0583df201810680a3525024968220ce2887242d469837309fa57d42936917ab,True,OUT_OF_SCOPE,False,FN,core_symbol_text contains dt_FB_ without toolchain gate,"Lexical transfer probe only; not runtime semantics, function-boundary correctness, or vulnerability detection.",DERIVED_EVIDENCE
openplcV2_INC,INC,OpenPLCv2,fold_6,12ba7272da4f92788d52c2d9c8dda4b8e965bc1065370f3f2123a2d4feb80f17,ee1bf36eea73a0b277dc0ba914e4dcbac087b863247527811df7089c766a106b,False,OUT_OF_SCOPE,False,TN,core_symbol_text contains dt_FB_ without toolchain gate,"Lexical transfer probe only; not runtime semantics, function-boundary correctness, or vulnerability detection.",DERIVED_EVIDENCE
openplcV2_INC1,INC1,OpenPLCv2,fold_7,795f40f389205c7d93d6c1d0ccdd987c0277d8618dec03e31652f27d4bba4df4,0bc00800edf96f45a79e72e5c0828afb696b2147686cc0e87ad5bb197e77dfb3,False,OUT_OF_SCOPE,False,TN,core_symbol_text contains dt_FB_ without toolchain gate,"Lexical transfer probe only; not runtime semantics, function-boundary correctness, or vulnerability detection.",DERIVED_EVIDENCE
openplcV2_INC2,INC2,OpenPLCv2,fold_8,1108ac0864ab8445ebc2a73bc18dda04c74f0faedc5340cdff0a2e34cdbc4549,6d3ec0f4c8a12301793531eaf182be4a061d0dd1cb1cbc1d8ef7f7972acddb90,False,OUT_OF_SCOPE,False,TN,core_symbol_text contains dt_FB_ without toolchain gate,"Lexical transfer probe only; not runtime semantics, function-boundary correctness, or vulnerability detection.",DERIVED_EVIDENCE
openplcV2_INC_DEC,INC_DEC,OpenPLCv2,fold_6,6f35d0c6be28f3d441c7a44fd291c8f09fffd356d36287500ffc3093f76c357d,e18ea86a4d7231007aa7d4be66e4f60ac7f3489c48fd16fe068b378d19bdece0,True,OUT_OF_SCOPE,False,FN,core_symbol_text contains dt_FB_ without toolchain gate,"Lexical transfer probe only; not runtime semantics, function-boundary correctness, or vulnerability detection.",DERIVED_EVIDENCE
openplcV2_INSERT250,INSERT250,OpenPLCv2,fold_7,90946c52df6d30be0e49cce1782e37632298d5f9ecb2bc47808815b0a4867c33,275aa06743b5abff8200a3976d0ee62c1498fde5d61d67dc12b67083278170af,True,OUT_OF_SCOPE,False,FN,core_symbol_text contains dt_FB_ without toolchain gate,"Lexical transfer probe only; not runtime semantics, function-boundary correctness, or vulnerability detection.",DERIVED_EVIDENCE
openplcV2_INTEGRATE,INTEGRATE,OpenPLCv2,fold_3,444e549d80514177e5e559d17271702db237d87ac134bececd4f6d8a139d46b1,e40e550378a0dd304d00428439ef4f8bb7f5bc2a74bfb3f6e06fd7cdb4cbac42,True,OUT_OF_SCOPE,False,FN,core_symbol_text contains dt_FB_ without toolchain gate,"Lexical transfer probe only; not runtime semantics, function-boundary correctness, or vulnerability detection.",DERIVED_EVIDENCE
openplcV2_INTERLOCK,INTERLOCK,OpenPLCv2,fold_7,70d6cdf360632e4031e9ed3eb81cb0945f9a2a613ee534cdfeae5e1856a63629,dad496a0f8f6f233ea45b4d09bce2aac36a533ec1bb28db734b79cdf81c59251,True,OUT_OF_SCOPE,False,FN,core_symbol_text contains dt_FB_ without toolchain gate,"Lexical transfer probe only; not runtime semantics, function-boundary correctness, or vulnerability detection.",DERIVED_EVIDENCE
openplcV2_INTERLOCK_4,INTERLOCK_4,OpenPLCv2,fold_8,1709f91d067712e8cd54a3635ce5bb84d26ad3311e2a95395d145474c779c3bb,4d17a7c53d0aaa6065a3b8b2e9710cf76a983bf8353ea36a4cce97bc666de926,True,OUT_OF_SCOPE,False,FN,core_symbol_text contains dt_FB_ without toolchain gate,"Lexical transfer probe only; not runtime semantics, function-boundary correctness, or vulnerability detection.",DERIVED_EVIDENCE
openplcV2_INT_TO_BCDC,INT_TO_BCDC,OpenPLCv2,fold_5,9ac4c861d4f3b8ab02787815eeb39c7efe81eaf4acc3dd764c70a20d58752344,cf602a7609192b0006c4be73510de3315dae448080f2cb4d91357cef4cd201a6,False,OUT_OF_SCOPE,False,TN,core_symbol_text contains dt_FB_ without toolchain gate,"Lexical transfer probe only; not runtime semantics, function-boundary correctness, or vulnerability detection.",DERIVED_EVIDENCE
openplcV2_INT_TO_TIME,INT_TO_TIME,OpenPLCv2,fold_0,41e784a134103caabb5eb043e06d91d09135a1d71e57103521965b161ce0ecaf,a11eec435d17f59579507165778d26269369a99c52625692ca62e3a2ee0c66c2,False,OUT_OF_SCOPE,False,TN,core_symbol_text contains dt_FB_ without toolchain gate,"Lexical transfer probe only; not runtime semantics, function-boundary correctness, or vulnerability detection.",DERIVED_EVIDENCE
openplcV2_INV,INV,OpenPLCv2,fold_9,befbd5ac6b45828e3542d8e52ebe348a37b27c512a139c5ee59787354fedf183,86e7dcb1352a4be4ad64b382b922131fdd5380853e9e3bc0ea9d8eb67025c4b4,False,OUT_OF_SCOPE,False,TN,core_symbol_text contains dt_FB_ without toolchain gate,"Lexical transfer probe only; not runtime semantics, function-boundary correctness, or vulnerability detection.",DERIVED_EVIDENCE
openplcV2_IP4_CHECK,IP4_CHECK,OpenPLCv2,fold_4,07dd9b07f211c6b6fd153fe42f3750f8ef9f894c119560ab10ac363ecbf5782f,4c7a0354d4bbca80a74efad20a77bc232ff2cbe2de04643f424423435e57db4b,False,OUT_OF_SCOPE,False,TN,core_symbol_text contains dt_FB_ without toolchain gate,"Lexical transfer probe only; not runtime semantics, function-boundary correctness, or vulnerability detection.",DERIVED_EVIDENCE
openplcV2_IP4_TO_STRING,IP4_TO_STRING,OpenPLCv2,fold_5,54289f7fed83f2737a2be41aa6dd569a8498a3f6f9fd41b8237a9024e22a6112,8da98e853c9a8c25f5aeefb7f5587bdca7c88b7384f784115bba9c748e3882b4,True,OUT_OF_SCOPE,False,FN,core_symbol_text contains dt_FB_ without toolchain gate,"Lexical transfer probe only; not runtime semantics, function-boundary correctness, or vulnerability detection.",DERIVED_EVIDENCE
openplcV2_IRTRANS_DECODE,IRTRANS_DECODE,OpenPLCv2,fold_0,792f25bfc43232c44c039f5670142453da62c7fd4a7ae840b2cb2ea6f8f9c280,d2ebba69df698b7ce7894751851049658ae418c7f701f0b99c6b7464659f46c3,True,OUT_OF_SCOPE,False,FN,core_symbol_text contains dt_FB_ without toolchain gate,"Lexical transfer probe only; not runtime semantics, function-boundary correctness, or vulnerability detection.",DERIVED_EVIDENCE
openplcV2_IRTRANS_RCV_1,IRTRANS_RCV_1,OpenPLCv2,fold_1,91f7752dce62f69d2719a0a1272d69765a627b78aa17e740e4e829b0ba4e5fbe,6521ff44748c7e8cbceaac47730812a9770687970d066e19f25996c111994808,True,OUT_OF_SCOPE,False,FN,core_symbol_text contains dt_FB_ without toolchain gate,"Lexical transfer probe only; not runtime semantics, function-boundary correctness, or vulnerability detection.",DERIVED_EVIDENCE
openplcV2_IRTRANS_RCV_4,IRTRANS_RCV_4,OpenPLCv2,fold_2,6ad318afd1969053551e42eaf354fac02febc55fde88456dd23dcd74709a4b26,357df07719567c68d883928c1d735562a8b4badc772c0a42f6d9de8508357f75,True,OUT_OF_SCOPE,False,FN,core_symbol_text contains dt_FB_ without toolchain gate,"Lexical transfer probe only; not runtime semantics, function-boundary correctness, or vulnerability detection.",DERIVED_EVIDENCE
openplcV2_IRTRANS_RCV_8,IRTRANS_RCV_8,OpenPLCv2,fold_3,fdc201e9d85c31f4a1740bfddc88fab46bcbb8cfc9ea2fedd32cefef42d5b24d,b331df2a96ca75a488e479b7c0af91f163a658d70b61d2b500e758ca2f88ed72,True,OUT_OF_SCOPE,False,FN,core_symbol_text contains dt_FB_ without toolchain gate,"Lexical transfer probe only; not runtime semantics, function-boundary correctness, or vulnerability detection.",DERIVED_EVIDENCE
openplcV2_IRTRANS_SERVER,IRTRANS_SERVER,OpenPLCv2,fold_4,6e7396524177088ef2d71e631b3aacd25d8eda216723842b4ad76aa906a765e0,0b7dd9327fb332393ba90f908f8e690a5e62c26012fbe3aa7dceefd4d2b8eccd,True,OUT_OF_SCOPE,False,FN,core_symbol_text contains dt_FB_ without toolchain gate,"Lexical transfer probe only; not runtime semantics, function-boundary correctness, or vulnerability detection.",DERIVED_EVIDENCE
openplcV2_ISC_ALPHA,ISC_ALPHA,OpenPLCv2,fold_0,77547d47fa54956f74e7cdabeacba3f83bf68f9dd215b8d45610ab8765b4ef9f,6176f43185af2b35b3a7d098df80130c4fd9912e9c75994eb4b2878a68ffc73b,False,OUT_OF_SCOPE,False,TN,core_symbol_text contains dt_FB_ without toolchain gate,"Lexical transfer probe only; not runtime semantics, function-boundary correctness, or vulnerability detection.",DERIVED_EVIDENCE
openplcV2_ISC_CTRL,ISC_CTRL,OpenPLCv2,fold_1,465fe55c44536ca076900174137791bad3ce5ff1ddff1346a673e85c96131973,be61eaaba175c4b01d2a4229d277ec7789dbb4d7653748d35efeedb00fc0f25f,False,OUT_OF_SCOPE,False,TN,core_symbol_text contains dt_FB_ without toolchain gate,"Lexical transfer probe only; not runtime semantics, function-boundary correctness, or vulnerability detection.",DERIVED_EVIDENCE
openplcV2_ISC_HEX,ISC_HEX,OpenPLCv2,fold_2,8464dadd972177244af835221e3bc2884ee12ad6659c09271a32667f6f03deaf,9658b975e45e921fddae3140457edf4c9e5e7c60fa4972dedaac6a20bb036f36,False,OUT_OF_SCOPE,False,TN,core_symbol_text contains dt_FB_ without toolchain gate,"Lexical transfer probe only; not runtime semantics, function-boundary correctness, or vulnerability detection.",DERIVED_EVIDENCE
openplcV2_ISC_LOWER,ISC_LOWER,OpenPLCv2,fold_3,2756c8b093c7bf7415c357832cbbcc3f664c65043c81b17a675aad2ebb43c141,8058bd2344a8482c684dc26ea724b6e304e121c3e1653fd78ab2781c4538fe9d,False,OUT_OF_SCOPE,False,TN,core_symbol_text contains dt_FB_ without toolchain gate,"Lexical transfer probe only; not runtime semantics, function-boundary correctness, or vulnerability detection.",DERIVED_EVIDENCE
openplcV2_ISC_NUM,ISC_NUM,OpenPLCv2,fold_4,d9164a5cd7c13c00e1f72844d4bda16e910a87e97a0363f6417cb2f77a4a5aa9,13d47b5ea4a194c32abc9d66c4182b73d0ceaf2dc586c1c36367a06582eb718f,False,OUT_OF_SCOPE,False,TN,core_symbol_text contains dt_FB_ without toolchain gate,"Lexical transfer probe only; not runtime semantics, function-boundary correctness, or vulnerability detection.",DERIVED_EVIDENCE
openplcV2_ISC_UPPER,ISC_UPPER,OpenPLCv2,fold_5,a06c38fd2feccca876407209fd811800d3c23449db260ad5c87e9f45ac56dfa7,6549e1ba46dab297330c017009f3d4a56186186e8421d4e83681d6393d6a1bcc,False,OUT_OF_SCOPE,False,TN,core_symbol_text contains dt_FB_ without toolchain gate,"Lexical transfer probe only; not runtime semantics, function-boundary correctness, or vulnerability detection.",DERIVED_EVIDENCE
openplcV2_IS_CC,IS_CC,OpenPLCv2,fold_8,b1fde21f10a8951b884bda58c2ab649b9a6ea05760b4b070451b20d0b5903af9,02e1c688cb0f4fd36a4ebb61798f8c56e7063f9047521a339ba4aeab74889de4,True,OUT_OF_SCOPE,False,FN,core_symbol_text contains dt_FB_ without toolchain gate,"Lexical transfer probe only; not runtime semantics, function-boundary correctness, or vulnerability detection.",DERIVED_EVIDENCE
openplcV2_IS_NCC,IS_NCC,OpenPLCv2,fold_9,72fe57f67a2e9de765c4be344550cda16be738b7855bc1df970c0381ab5e0a74,d5ec33806ce20ea6cfc3efe4d1119ee098d59e12aa0f3aa6798a16fb11e02c10,True,OUT_OF_SCOPE,False,FN,core_symbol_text contains dt_FB_ without toolchain gate,"Lexical transfer probe only; not runtime semantics, function-boundary correctness, or vulnerability detection.",DERIVED_EVIDENCE
openplcV2_IS_SORTED,IS_SORTED,OpenPLCv2,fold_2,eac8d5f74f7b39d69e6462d69c7dd5b5d0094521d3386817c32129e418ad9e1f,5fab5bb9b44cc6c9e94ec45bd3d9d29003800df8889cc0db6910db65c0f813ee,True,OUT_OF_SCOPE,False,FN,core_symbol_text contains dt_FB_ without toolchain gate,"Lexical transfer probe only; not runtime semantics, function-boundary correctness, or vulnerability detection.",DERIVED_EVIDENCE
openplcV2_IS_URLCHR,IS_URLCHR,OpenPLCv2,fold_6,b6c3f351c40b8563e94cda2a72d1459c81f11168aab3c57016b71e0508087d33,36bb0b34fa2b3f8e1d8c358f8f2b55c048bd05d3eaa7b815e67397bae1407c65,False,OUT_OF_SCOPE,False,TN,core_symbol_text contains dt_FB_ without toolchain gate,"Lexical transfer probe only; not runtime semantics, function-boundary correctness, or vulnerability detection.",DERIVED_EVIDENCE
openplcV2_JD2000,JD2000,OpenPLCv2,fold_1,91f038028545656e243083ba9b77ccf5d7499c8b713fdd9e89ccc84e68a7a57f,50dbe52feac2ccc426559ff7f636c02ab68883b034e6c3bb11d5fd39c2dac6aa,False,OUT_OF_SCOPE,False,TN,core_symbol_text contains dt_FB_ without toolchain gate,"Lexical transfer probe only; not runtime semantics, function-boundary correctness, or vulnerability detection.",DERIVED_EVIDENCE
openplcV2_KMH_TO_MS,KMH_TO_MS,OpenPLCv2,fold_2,414baad3bd959571a50b45ee263812b685a9bfc5e3c518a3c24b210964e53aa8,ab6fd6d1ba73311a9891f3bb3bbb9c7f81ec214fa52e0ddc4f7bae3a87e30909,False,OUT_OF_SCOPE,False,TN,core_symbol_text contains dt_FB_ without toolchain gate,"Lexical transfer probe only; not runtime semantics, function-boundary correctness, or vulnerability detection.",DERIVED_EVIDENCE
openplcV2_K_TO_C,K_TO_C,OpenPLCv2,fold_1,e15144d0adf3f21cea37be87b5e2aef74ac0e0c3abe11ab98569843f2c434575,8a666b76bb9d2d32f52037bbeba16473e3dcebfcb83d88dd424586f18b6f1d48,False,OUT_OF_SCOPE,False,TN,core_symbol_text contains dt_FB_ without toolchain gate,"Lexical transfer probe only; not runtime semantics, function-boundary correctness, or vulnerability detection.",DERIVED_EVIDENCE
openplcV2_LAMBERT_W,LAMBERT_W,OpenPLCv2,fold_0,e3b4ad5f628602633c1b5e611420ad6deb49d9f62ae1814f8146a3eeddeb2092,45b6992363a71838326ddef50e385a224def088cc9995a8931e395ac82628b04,True,OUT_OF_SCOPE,False,FN,core_symbol_text contains dt_FB_ without toolchain gate,"Lexical transfer probe only; not runtime semantics, function-boundary correctness, or vulnerability detection.",DERIVED_EVIDENCE
openplcV2_LANGEVIN,LANGEVIN,OpenPLCv2,fold_1,76dad5dbfea732d14a414581985eb97f249feb0e33991c6406392d9b37e5e0c8,3b6f3dba56b2dbeac4b9e24bd7a1a9d1f49cbac2e4bb02fee9cd7560f81c6bd5,False,OUT_OF_SCOPE,False,TN,core_symbol_text contains dt_FB_ without toolchain gate,"Lexical transfer probe only; not runtime semantics, function-boundary correctness, or vulnerability detection.",DERIVED_EVIDENCE
openplcV2_LEAP_DAY,LEAP_DAY,OpenPLCv2,fold_2,e14c6cc5ff413e61cc4b0b31fd8ecd19758f23c88c7fdb3ba7ad38b7f996d352,c0d603d241659c74f167bb9aacf18e10b23ff5975900f4593b404a91486dc542,False,OUT_OF_SCOPE,False,TN,core_symbol_text contains dt_FB_ without toolchain gate,"Lexical transfer probe only; not runtime semantics, function-boundary correctness, or vulnerability detection.",DERIVED_EVIDENCE
openplcV2_LEAP_OF_DATE,LEAP_OF_DATE,OpenPLCv2,fold_3,60b69e6f7c9647fe64c1f21bef8599cc9ce54a2b88ca7271b7982845b264a548,a5fadba00fae0bdb1940ce7738a12221e4d8181ce1145be6bfc0afbbec5467af,False,OUT_OF_SCOPE,False,TN,core_symbol_text contains dt_FB_ without toolchain gate,"Lexical transfer probe only; not runtime semantics, function-boundary correctness, or vulnerability detection.",DERIVED_EVIDENCE
openplcV2_LEAP_YEAR,LEAP_YEAR,OpenPLCv2,fold_4,9747e5b8c281de7d2415809920ea75250beb219a5ce400d120283e01154dc015,3aa2679d7acba9884414d9d2e107b8e18e7f647488fd1f1322edf83e2e4372bc,False,OUT_OF_SCOPE,False,TN,core_symbol_text contains dt_FB_ without toolchain gate,"Lexical transfer probe only; not runtime semantics, function-boundary correctness, or vulnerability detection.",DERIVED_EVIDENCE
openplcV2_LEGIONELLA,LEGIONELLA,OpenPLCv2,fold_6,ea9de0f63e7112056f589e5fe6df86d0a16b754d5b87cbe4f58442f721ee530a,a9aad8c316daa337dd6e8644ba9a7def0b8ec456cf6fe73e5ad867a9eaf7bc64,True,OUT_OF_SCOPE,False,FN,core_symbol_text contains dt_FB_ without toolchain gate,"Lexical transfer probe only; not runtime semantics, function-boundary correctness, or vulnerability detection.",DERIVED_EVIDENCE
openplcV2_LENGTH,LENGTH,OpenPLCv2,fold_6,addde0f7aa53c3657e062ce34734dd04eb17efc1ca88254b1b89c33e77201171,c413f6cb3ad856f051eb8db8e31629c548522155388496fa78833554b0b9aae1,True,OUT_OF_SCOPE,False,FN,core_symbol_text contains dt_FB_ without toolchain gate,"Lexical transfer probe only; not runtime semantics, function-boundary correctness, or vulnerability detection.",DERIVED_EVIDENCE
openplcV2_LINEAR_INT,LINEAR_INT,OpenPLCv2,fold_9,6eaac2928b191eb20b4b16bd432e0f95205e55a82caa7a66e85f901d4db6e478,f1385990c4c8cfb5e8afc0d5a2c380a2ab058a86b658a14c159d82501d1bae4d,True,OUT_OF_SCOPE,False,FN,core_symbol_text contains dt_FB_ without toolchain gate,"Lexical transfer probe only; not runtime semantics, function-boundary correctness, or vulnerability detection.",DERIVED_EVIDENCE
openplcV2_LIST_ADD,LIST_ADD,OpenPLCv2,fold_3,a85a0fd71095545777acd4162a6347d6a65bbfba3ab5e3166dc2e7fe7f9ecaea,ffaf8fe253e98a73e7a259d21a433d746b5d6d7714dcdc3b42b68a29ac3a5ba0,True,OUT_OF_SCOPE,False,FN,core_symbol_text contains dt_FB_ without toolchain gate,"Lexical transfer probe only; not runtime semantics, function-boundary correctness, or vulnerability detection.",DERIVED_EVIDENCE
openplcV2_LOG_VIEWPORT,LOG_VIEWPORT,OpenPLCv2,fold_7,fb8c0081663dbf5f23144f882cbf2ce70199ff10864c41e4734e0835e27a613a,d72042711e76bf3ff12e48cc5fdf89091138839b16221497ce994327aea9a893,True,OUT_OF_SCOPE,False,FN,core_symbol_text contains dt_FB_ without toolchain gate,"Lexical transfer probe only; not runtime semantics, function-boundary correctness, or vulnerability detection.",DERIVED_EVIDENCE
openplcV2_LTCH,LTCH,OpenPLCv2,fold_7,5f30be76240f4ea0da0408a0d60438261d5cf141ec98d513a2e4a8bd665b218a,1a466d439d75bcf3142321e20a03380303df12c45ee0ac16d367e1a0a88e1f11,True,OUT_OF_SCOPE,False,FN,core_symbol_text contains dt_FB_ without toolchain gate,"Lexical transfer probe only; not runtime semantics, function-boundary correctness, or vulnerability detection.",DERIVED_EVIDENCE
openplcV2_LTCH_4,LTCH_4,OpenPLCv2,fold_8,56a87d0b7a13251e0789208b0e5642f347c4a47d289e514dcbcefb04006f9e0c,5db9c061e904eb1a88b29582db0833a995475ea25c1efa11c57787d25b0d4b36,True,OUT_OF_SCOPE,False,FN,core_symbol_text contains dt_FB_ without toolchain gate,"Lexical transfer probe only; not runtime semantics, function-boundary correctness, or vulnerability detection.",DERIVED_EVIDENCE
openplcV2_LTIME_TO_UTC,LTIME_TO_UTC,OpenPLCv2,fold_5,eb01a075a7bed4d99803a5bef42db9c957fb0a10955b463e6f9c5149a0613a7e,452dab2caa51d8b0d34420f55b3454c0924d15987cd69e6fae2df7dba354f314,False,OUT_OF_SCOPE,False,TN,core_symbol_text contains dt_FB_ without toolchain gate,"Lexical transfer probe only; not runtime semantics, function-boundary correctness, or vulnerability detection.",DERIVED_EVIDENCE
openplcV2_MANUAL,MANUAL,OpenPLCv2,fold_9,c9600656224a837d641470d8917833620b924f990dee7667fd9119a5963c870d,5447640d951f7147edec8a2b8dda7c1afc55622b460a8a6bfbef8facb39ee2a4,False,OUT_OF_SCOPE,False,TN,core_symbol_text contains dt_FB_ without toolchain gate,"Lexical transfer probe only; not runtime semantics, function-boundary correctness, or vulnerability detection.",DERIVED_EVIDENCE
openplcV2_MANUAL_1,MANUAL_1,OpenPLCv2,fold_0,671b8d48a2f032013d0e318b5ba274c051d3b9df833637dce1b8b74d1a913708,624de20e7a109d857d7def6fd865a2c2cd3a1f4cfe215f2b81c523c0f026fcd9,True,OUT_OF_SCOPE,False,FN,core_symbol_text contains dt_FB_ without toolchain gate,"Lexical transfer probe only; not runtime semantics, function-boundary correctness, or vulnerability detection.",DERIVED_EVIDENCE
openplcV2_MANUAL_2,MANUAL_2,OpenPLCv2,fold_1,31fcb3b8795d7d2cbd16dc58b337d2d1b45a30e2eef503cb46124066c4cb584b,299735b8a573e397bc9d97b7bb0979a4716e96024fbde268ea6d36d801ddf4c2,True,OUT_OF_SCOPE,False,FN,core_symbol_text contains dt_FB_ without toolchain gate,"Lexical transfer probe only; not runtime semantics, function-boundary correctness, or vulnerability detection.",DERIVED_EVIDENCE
openplcV2_MANUAL_4,MANUAL_4,OpenPLCv2,fold_2,f58fa499981026c64146c22adca0f4eb7e3d1708b6de584dc425895b4411f90c,edea95bfa63a8bfb53f8562cb1998ea2d5c0e527a0e09898dfea39fbe54fe2ca,True,OUT_OF_SCOPE,False,FN,core_symbol_text contains dt_FB_ without toolchain gate,"Lexical transfer probe only; not runtime semantics, function-boundary correctness, or vulnerability detection.",DERIVED_EVIDENCE
openplcV2_MATRIX,MATRIX,OpenPLCv2,fold_6,2b5910fee30aa31dc636d77d3d66d3ee9dca8bb441b53843f5e2e15a360095a7,c71fccbeee9750feeaa0a07e9d0e4fb87fb6191d740613529726cc24c8fd78b8,True,OUT_OF_SCOPE,False,FN,core_symbol_text contains dt_FB_ without toolchain gate,"Lexical transfer probe only; not runtime semantics, function-boundary correctness, or vulnerability detection.",DERIVED_EVIDENCE
openplcV2_MAX3,MAX3,OpenPLCv2,fold_2,3386cc6b9da7ebc66f11ef6d9151777f57bc006a7f081d5a8ef9a6a9eede6a7d,bd2b90880cc0eeab878cd35d4fcead08fcabf4c10b300c06751f4cd83046ec1f,False,OUT_OF_SCOPE,False,TN,core_symbol_text contains dt_FB_ without toolchain gate,"Lexical transfer probe only; not runtime semantics, function-boundary correctness, or vulnerability detection.",DERIVED_EVIDENCE
openplcV2_MAX_TIME,MAX_TIME,OpenPLCv2,fold_0,be0e3650c03b3499a687441f17ea5029549a4e941164bb8063fdb982ea4f9819,099cc859a339b6d65f6d9c663364a49b88ebed83f1978ff3f78ef5b94cf09a80,False,OUT_OF_SCOPE,False,TN,core_symbol_text contains dt_FB_ without toolchain gate,"Lexical transfer probe only; not runtime semantics, function-boundary correctness, or vulnerability detection.",DERIVED_EVIDENCE
openplcV2_MB_CLIENT,MB_CLIENT,OpenPLCv2,fold_8,6502160b2c57c8d7fbdae2eafe530f927b28ea7cc8317369b851a822b0376565,893979fc21b14a7d24269a30be206044df880e00fb9ceb7f54e26a092692564c,True,OUT_OF_SCOPE,False,FN,core_symbol_text contains dt_FB_ without toolchain gate,"Lexical transfer probe only; not runtime semantics, function-boundary correctness, or vulnerability detection.",DERIVED_EVIDENCE
openplcV2_MB_SERVER,MB_SERVER,OpenPLCv2,fold_9,4340730b4be214582886ce674159875bec50082a2c87a0acf5051cab470f1afd,b2d602096b3ec224efd5f9159c3ce19f0e2ae20e14170bd3716478681c4c90ff,True,OUT_OF_SCOPE,False,FN,core_symbol_text contains dt_FB_ without toolchain gate,"Lexical transfer probe only; not runtime semantics, function-boundary correctness, or vulnerability detection.",DERIVED_EVIDENCE
openplcV2_MB_VMAP,MB_VMAP,OpenPLCv2,fold_0,2a64ac37b68089ee6319078548a17d7cdda0ebc07d44f18f74145e1cb0fbcf40,3c49a056338dc2043b89051bd058db4f9587039a8b6a676db43101f6457daf60,True,OUT_OF_SCOPE,False,FN,core_symbol_text contains dt_FB_ without toolchain gate,"Lexical transfer probe only; not runtime semantics, function-boundary correctness, or vulnerability detection.",DERIVED_EVIDENCE
openplcV2_MESSAGE_4R,MESSAGE_4R,OpenPLCv2,fold_6,e517387ff135546726e2314b4808c2a763a79728d67bd2b607f970fbbb36184e,f1d64e9a325f39dbe6869362600215d057495c74e572b0f1677410d24bbab0a8,True,OUT_OF_SCOPE,False,FN,core_symbol_text contains dt_FB_ without toolchain gate,"Lexical transfer probe only; not runtime semantics, function-boundary correctness, or vulnerability detection.",DERIVED_EVIDENCE
openplcV2_MESSAGE_8,MESSAGE_8,OpenPLCv2,fold_7,e9856658dd4ca3d9cfbd3739e5640a0b3319a8731fb181da75c66071edcc5538,5a55cb82fdbdec708c8c1acc0fb2946df8ac7aa78265f708fe2948a58835b305,True,OUT_OF_SCOPE,False,FN,core_symbol_text contains dt_FB_ without toolchain gate,"Lexical transfer probe only; not runtime semantics, function-boundary correctness, or vulnerability detection.",DERIVED_EVIDENCE
openplcV2_METER,METER,OpenPLCv2,fold_1,3b0d4f00c0a580239de3f01ade8390c5bc53cdb9629e020e5c4adde5f5e39946,4b6a1efa722a049ba778747021de090a49b3348a9318fe5d1b49cd162b5c882a,True,OUT_OF_SCOPE,False,FN,core_symbol_text contains dt_FB_ without toolchain gate,"Lexical transfer probe only; not runtime semantics, function-boundary correctness, or vulnerability detection.",DERIVED_EVIDENCE
openplcV2_METER_STAT,METER_STAT,OpenPLCv2,fold_2,185ef3bd16315a3597a56f70a9a310821e53860d0253075e56c21c2eafb47367,1950c33f5c1403fcfb29d8ddea5b55608dab44cd052daf29abfe24871454bb3e,True,OUT_OF_SCOPE,False,FN,core_symbol_text contains dt_FB_ without toolchain gate,"Lexical transfer probe only; not runtime semantics, function-boundary correctness, or vulnerability detection.",DERIVED_EVIDENCE
openplcV2_MID3,MID3,OpenPLCv2,fold_3,613b4d2bd22b8de74aca5165f4ff947d3da6590eb11cd357ab8425cf58ea4e2c,464179a88565c8d3144691be6eb4a48d6a735b91c52095bacf1434b0beb04f69,False,OUT_OF_SCOPE,False,TN,core_symbol_text contains dt_FB_ without toolchain gate,"Lexical transfer probe only; not runtime semantics, function-boundary correctness, or vulnerability detection.",DERIVED_EVIDENCE
openplcV2_MIN3,MIN3,OpenPLCv2,fold_4,b419e2cf0c4cc0419e3442c08dd10840a0499fda7b59b407df1c687c422ba78f,82d72d5073c1cba96980316275448afd2b1531b5c30e65c170d4677fa0f12d17,False,OUT_OF_SCOPE,False,TN,core_symbol_text contains dt_FB_ without toolchain gate,"Lexical transfer probe only; not runtime semantics, function-boundary correctness, or vulnerability detection.",DERIVED_EVIDENCE
openplcV2_MINUTE,MINUTE,OpenPLCv2,fold_6,029f1ed8658475be1ecc02d343757520f8ccd2971ec2e3572d94597ca8e27c3f,2a7ee595d735c392c02436607554abc2f8324d868e2c7b91088f2f789cf25ea6,False,OUT_OF_SCOPE,False,TN,core_symbol_text contains dt_FB_ without toolchain gate,"Lexical transfer probe only; not runtime semantics, function-boundary correctness, or vulnerability detection.",DERIVED_EVIDENCE
openplcV2_MINUTE_OF_DT,MINUTE_OF_DT,OpenPLCv2,fold_7,fc57daa4e0bb2f2b5d703d7d6e895c1f0b3f7baf9f41df39d9f6ca9786b62f82,627dc5aad61af8d591f0bba8f991c9c6c26c137e6d6522e03721f3991b211278,False,OUT_OF_SCOPE,False,TN,core_symbol_text contains dt_FB_ without toolchain gate,"Lexical transfer probe only; not runtime semantics, function-boundary correctness, or vulnerability detection.",DERIVED_EVIDENCE
openplcV2_MINUTE_TO_TIME,MINUTE_TO_TIME,OpenPLCv2,fold_8,bd5988968b089fd7a23e971084cd2183c480be9daccd61ad7a34bf16afe12564,069dc2bf709fbf35cea43dd2fd28b01cff1c7958f849fc048fc07bec249a3037,False,OUT_OF_SCOPE,False,TN,core_symbol_text contains dt_FB_ without toolchain gate,"Lexical transfer probe only; not runtime semantics, function-boundary correctness, or vulnerability detection.",DERIVED_EVIDENCE
openplcV2_MIRROR,MIRROR,OpenPLCv2,fold_8,6ce8bdacbc1f6378cf2cbdd719f5405fd89ce5a08d5cab0a1208f17e90778c85,6e2da33e86d087d5f36eb9a3f485b4c2bd2365623f4a130202b02a4dd57b93a1,True,OUT_OF_SCOPE,False,FN,core_symbol_text contains dt_FB_ without toolchain gate,"Lexical transfer probe only; not runtime semantics, function-boundary correctness, or vulnerability detection.",DERIVED_EVIDENCE
openplcV2_MIX,MIX,OpenPLCv2,fold_4,ca2efc6a24f164a52f4b4941424806ae42eb1cadfbf61b7a9e2487e00132d2d8,867a8c101878d213b2f035373d472295ef85e2f01ba2e458c8d35dd8fc5f8a1a,False,OUT_OF_SCOPE,False,TN,core_symbol_text contains dt_FB_ without toolchain gate,"Lexical transfer probe only; not runtime semantics, function-boundary correctness, or vulnerability detection.",DERIVED_EVIDENCE
openplcV2_MODR,MODR,OpenPLCv2,fold_5,1af12e6b1acc520061f4bf43343b41ed44c5ab4b1faba934bd2bc020a6032ef2,643a0f72bdbb26325964327ba2103cf462791e0869dbd8dc4f14b8c5cd511bd4,False,OUT_OF_SCOPE,False,TN,core_symbol_text contains dt_FB_ without toolchain gate,"Lexical transfer probe only; not runtime semantics, function-boundary correctness, or vulnerability detection.",DERIVED_EVIDENCE
openplcV2_MONTH_BEGIN,MONTH_BEGIN,OpenPLCv2,fold_9,d0e468e13efba781e9a223792d81ccf724817b5e32715adad9bc78f65aa1f06b,09c4ce27fad1b4ed18056bbda8224ae804324170c4497f10ac70b4ca7b52ce95,False,OUT_OF_SCOPE,False,TN,core_symbol_text contains dt_FB_ without toolchain gate,"Lexical transfer probe only; not runtime semantics, function-boundary correctness, or vulnerability detection.",DERIVED_EVIDENCE
openplcV2_MONTH_OF_DATE,MONTH_OF_DATE,OpenPLCv2,fold_1,390189889a3edfd71cbd8fea3cc358d79ac5c2a25422bf8ed3d7e75e8f666776,13c41139a7a3bc5322085ce99a85025bb38396723785656935b14cfc8d4f97c1,False,OUT_OF_SCOPE,False,TN,core_symbol_text contains dt_FB_ without toolchain gate,"Lexical transfer probe only; not runtime semantics, function-boundary correctness, or vulnerability detection.",DERIVED_EVIDENCE
openplcV2_MONTH_TO_STRING,MONTH_TO_STRING,OpenPLCv2,fold_9,0bc40f9dc5dc0b3e18a0f4ef448b7a144439a747e81e7642e2c75805c6f9e6b0,a619751bde5ccdaa3b6969a63df227e18c008ab645036026bb1ed825b6e45f0c,True,OUT_OF_SCOPE,False,FN,core_symbol_text contains dt_FB_ without toolchain gate,"Lexical transfer probe only; not runtime semantics, function-boundary correctness, or vulnerability detection.",DERIVED_EVIDENCE
openplcV2_MOON_PHASE,MOON_PHASE,OpenPLCv2,fold_1,e6cc9f6f0eda52cfe7af5ee070cf69fe1618a65c71939eaea40cd248c5756488,be46d1edbb7847a6ce763a7c982ca034e52de28a8fe35d01cfb9f19921843119,True,OUT_OF_SCOPE,False,FN,core_symbol_text contains dt_FB_ without toolchain gate,"Lexical transfer probe only; not runtime semantics, function-boundary correctness, or vulnerability detection.",DERIVED_EVIDENCE
openplcV2_MS_TO_BFT,MS_TO_BFT,OpenPLCv2,fold_3,f671697586b0755d14b33509bc2b09274a5f0bd5fb82daec96c5fdebf8c7a59d,01c1ce6d2aedeb60f41b54aad0a471c061aeb60314565ae254d64c68936289b6,False,OUT_OF_SCOPE,False,TN,core_symbol_text contains dt_FB_ without toolchain gate,"Lexical transfer probe only; not runtime semantics, function-boundary correctness, or vulnerability detection.",DERIVED_EVIDENCE
openplcV2_MS_TO_KMH,MS_TO_KMH,OpenPLCv2,fold_4,0c929f167c8bb8ca4236ccb445044c558899cd94a67063a96b850745fda23c59,a32e898921f4d2b78430ad0be7d12bb669fadc7bc4c1b27be0fb4313205c7ea5,False,OUT_OF_SCOPE,False,TN,core_symbol_text contains dt_FB_ without toolchain gate,"Lexical transfer probe only; not runtime semantics, function-boundary correctness, or vulnerability detection.",DERIVED_EVIDENCE
openplcV2_MULTIME,MULTIME,OpenPLCv2,fold_2,610b8663295059d45ca0c1a34c50f88ad5222a24814dbccd29b18aa938771b1f,2d2b93403dd170d98167f0cf2ae4a4f246b3f43d4f9af0187b9c889ff81cd3b0,False,OUT_OF_SCOPE,False,TN,core_symbol_text contains dt_FB_ without toolchain gate,"Lexical transfer probe only; not runtime semantics, function-boundary correctness, or vulnerability detection.",DERIVED_EVIDENCE
openplcV2_MULTI_IN,MULTI_IN,OpenPLCv2,fold_0,2a2d06e1d7a43752b443e91e3a3a56f59d51ebd8c590a3a372bb326d65565c68,5b401af30c5c03a8b63877d39599e4b9378ea92fe385fef0f7e6700c05bab632,False,OUT_OF_SCOPE,False,TN,core_symbol_text contains dt_FB_ without toolchain gate,"Lexical transfer probe only; not runtime semantics, function-boundary correctness, or vulnerability detection.",DERIVED_EVIDENCE
openplcV2_MUL_ADD,MUL_ADD,OpenPLCv2,fold_6,ef69c43551ca3ebce87c0783c8e9fcf89bf545056404781c79ddfee30525b604,e8bf770f972457e3b9cc568bf566e06c3e16001fb4c5e08743c3f90ff7326c7f,False,OUT_OF_SCOPE,False,TN,core_symbol_text contains dt_FB_ without toolchain gate,"Lexical transfer probe only; not runtime semantics, function-boundary correctness, or vulnerability detection.",DERIVED_EVIDENCE
openplcV2_MUX_2,MUX_2,OpenPLCv2,fold_7,4e49a25a7f0d61fb83baab2b177e0ab2ba9c5b77dfe1a8c71fc31d77f9997b3f,e6c80855bd24376107df91c6fd9c7b3a7cfc82db878cb945d7353e380d1b9a47,False,OUT_OF_SCOPE,False,TN,core_symbol_text contains dt_FB_ without toolchain gate,"Lexical transfer probe only; not runtime semantics, function-boundary correctness, or vulnerability detection.",DERIVED_EVIDENCE
openplcV2_MUX_4,MUX_4,OpenPLCv2,fold_8,86f5202cc9be9a7748e343daa1837926650498c6a6d314b74d49c385636d7467,70ed8e039d70b7be5d92d882495396f6b5a5019ea131f54ae07d7b948a23efa8,False,OUT_OF_SCOPE,False,TN,core_symbol_text contains dt_FB_ without toolchain gate,"Lexical transfer probe only; not runtime semantics, function-boundary correctness, or vulnerability detection.",DERIVED_EVIDENCE
openplcV2_MUX_R2,MUX_R2,OpenPLCv2,fold_5,c8aa06f85b2cdbe5ecf1903b2511b5ee764a41be5024c826fc9c35595b0b146c,d5f47ab440a8e783db69b4e7833003260dee7a7985ff2c04781efb72ebeda9c1,False,OUT_OF_SCOPE,False,TN,core_symbol_text contains dt_FB_ without toolchain gate,"Lexical transfer probe only; not runtime semantics, function-boundary correctness, or vulnerability detection.",DERIVED_EVIDENCE
openplcV2_MUX_R4,MUX_R4,OpenPLCv2,fold_6,85f2e5254c1dca5b53a9aafd6e7bdb93cc041210cd808d008217b7696168adf8,d817c1eb6c9640a3db95123c8461ce80ac274bba119fa3deaabb4de45dccd2a4,False,OUT_OF_SCOPE,False,TN,core_symbol_text contains dt_FB_ without toolchain gate,"Lexical transfer probe only; not runtime semantics, function-boundary correctness, or vulnerability detection.",DERIVED_EVIDENCE
openplcV2_M_D,M_D,OpenPLCv2,fold_7,568dc3fb53a5612c9ade626d4a960c5009c28acc9823134db41508def154ec7f,83203fce26cc7267723b6eaf4ac299b9c898a1515479a9440594529a2f003e41,True,OUT_OF_SCOPE,False,FN,core_symbol_text contains dt_FB_ without toolchain gate,"Lexical transfer probe only; not runtime semantics, function-boundary correctness, or vulnerability detection.",DERIVED_EVIDENCE
openplcV2_M_T,M_T,OpenPLCv2,fold_8,0f2ae14f7b9b1b38f3d454fdb1d6bb4ec5092aa5c5c7ecce18d09bf18b866de8,76b6f864ff65d7a055cda88d4d8a3eba791a40c0e62ca556c311c1b5f7bdee89,True,OUT_OF_SCOPE,False,FN,core_symbol_text contains dt_FB_ without toolchain gate,"Lexical transfer probe only; not runtime semantics, function-boundary correctness, or vulnerability detection.",DERIVED_EVIDENCE
openplcV2_M_TX,M_TX,OpenPLCv2,fold_9,19543cddb46c8398f643eec2c3c03a91caf02f1e292de44fee4e406990ef9280,8c750018e83822eae605af134c87bda118b02a7d66df8acd7124beccf6e465a8,True,OUT_OF_SCOPE,False,FN,core_symbol_text contains dt_FB_ without toolchain gate,"Lexical transfer probe only; not runtime semantics, function-boundary correctness, or vulnerability detection.",DERIVED_EVIDENCE
openplcV2_NEGX,NEGX,OpenPLCv2,fold_7,979768ea856ed050cc3536d352e0c73640dabba6efa55be67588519b75c668c5,9e54af399fd10c8a0dcdebdefd47ae9906c46a06e477b7779cd6556d2eb7c068,False,OUT_OF_SCOPE,False,TN,core_symbol_text contains dt_FB_ without toolchain gate,"Lexical transfer probe only; not runtime semantics, function-boundary correctness, or vulnerability detection.",DERIVED_EVIDENCE
openplcV2_NETWORK_VERSION,NETWORK_VERSION,OpenPLCv2,fold_5,a034e72eb9c99dd0662bb30bdd757fc1336d048c5e2076055ebdeb8542c7e095,1f7678146245ec74af7bdb3111a207d26a2baf19f78a02abce4ee0432a9a729f,False,OUT_OF_SCOPE,False,TN,core_symbol_text contains dt_FB_ without toolchain gate,"Lexical transfer probe only; not runtime semantics, function-boundary correctness, or vulnerability detection.",DERIVED_EVIDENCE
openplcV2_NET_VAR_BOOL8,NET_VAR_BOOL8,OpenPLCv2,fold_2,5b60e24e72203cbb7063c92b3378ff127e4bf3178aa28d9304d0b9e9b4a51c1a,e1c96fc3ae8217e5424c48c1318b9626e1b63efb1985dd1fb50e4c54208d47ae,True,OUT_OF_SCOPE,False,FN,core_symbol_text contains dt_FB_ without toolchain gate,"Lexical transfer probe only; not runtime semantics, function-boundary correctness, or vulnerability detection.",DERIVED_EVIDENCE
openplcV2_NET_VAR_BUFFER,NET_VAR_BUFFER,OpenPLCv2,fold_3,e9cc8d77cb93868b4f17392bcc64d8436ad8ca05aa17209bdf4fd2ef1b3bbeb9,eebd0420f54c339ef14b746d764ec1dc45638496497fe58980792034aee5cda8,True,OUT_OF_SCOPE,False,FN,core_symbol_text contains dt_FB_ without toolchain gate,"Lexical transfer probe only; not runtime semantics, function-boundary correctness, or vulnerability detection.",DERIVED_EVIDENCE
openplcV2_NET_VAR_DWORD8,NET_VAR_DWORD8,OpenPLCv2,fold_4,0bfebae35dcd1755b5e24acc2f337a6fb25b554833864469daa37d15452d4d0d,fd862f59e93649c03853169875181b0ca1cdccf0b4b3b0f2ac3bab1ba7e8eff5,True,OUT_OF_SCOPE,False,FN,core_symbol_text contains dt_FB_ without toolchain gate,"Lexical transfer probe only; not runtime semantics, function-boundary correctness, or vulnerability detection.",DERIVED_EVIDENCE
openplcV2_OFFSET,OFFSET,OpenPLCv2,fold_7,cb1afdb6769033470fd93de137d786561403ace1aeb00f0c7b731163f7c33e1c,6662aa89c5e9c5bd3c71b2c6c27862302b789520db3e50aefc77abe662da45fe,False,OUT_OF_SCOPE,False,TN,core_symbol_text contains dt_FB_ without toolchain gate,"Lexical transfer probe only; not runtime semantics, function-boundary correctness, or vulnerability detection.",DERIVED_EVIDENCE
openplcV2_OFFSET2,OFFSET2,OpenPLCv2,fold_8,85050aeb5ee8c1f2c63f8b12981195b1ce969ae9fd69dbf131ee148617f1a2d1,6b686db60c705aa458129128ef82796acf0cafd5db748d783c55b5011f3be0b7,False,OUT_OF_SCOPE,False,TN,core_symbol_text contains dt_FB_ without toolchain gate,"Lexical transfer probe only; not runtime semantics, function-boundary correctness, or vulnerability detection.",DERIVED_EVIDENCE
openplcV2_OM_TO_F,OM_TO_F,OpenPLCv2,fold_5,2d613d0f772b8240703eb3285e195e0daf9d341bac4f3656796a18d09a1735f9,f4008f1222b0f297a3b1241e23189cf40ad16ebfb461de4fb32ea02da88c5c21,False,OUT_OF_SCOPE,False,TN,core_symbol_text contains dt_FB_ without toolchain gate,"Lexical transfer probe only; not runtime semantics, function-boundary correctness, or vulnerability detection.",DERIVED_EVIDENCE
openplcV2_ONTIME,ONTIME,OpenPLCv2,fold_3,6dbfa5b17af6ed1755e1715d7cd9318c1fe8366413e79a9d45220383004955ef,282836361a6dd711424a551159c6afef4a3e076efdfd2627dccb8427b9fc5e9e,True,OUT_OF_SCOPE,False,FN,core_symbol_text contains dt_FB_ without toolchain gate,"Lexical transfer probe only; not runtime semantics, function-boundary correctness, or vulnerability detection.",DERIVED_EVIDENCE
openplcV2_OSCAT_VERSION,OSCAT_VERSION,OpenPLCv2,fold_9,2ecead14f8817c128dd51db54efc9af0f6e7291b1bdbddd1b7cc949dc924b3f7,4637c3c6d7c2e2b13d228e6d55afc6de0f8e1feec0abca90e76a82004e62d2e9,False,OUT_OF_SCOPE,False,TN,core_symbol_text contains dt_FB_ without toolchain gate,"Lexical transfer probe only; not runtime semantics, function-boundary correctness, or vulnerability detection.",DERIVED_EVIDENCE
openplcV2_PARITY,PARITY,OpenPLCv2,fold_9,c8ef5dfa198920c5b5e01f30f7ba29974980ecc1824fd211594bf12965140f49,81d9896819df418ec9d8403a441b0279dec73deb0fbd7c0e296e4f82d19a93bb,False,OUT_OF_SCOPE,False,TN,core_symbol_text contains dt_FB_ without toolchain gate,"Lexical transfer probe only; not runtime semantics, function-boundary correctness, or vulnerability detection.",DERIVED_EVIDENCE
openplcV2_PARSET,PARSET,OpenPLCv2,fold_3,4d323a5ba1cd7aac9690ee21c5479267ad22fffe1bbb3fe1628aaa6ce0c0873a,753f7c643e8fcf4ecf6be069245c76775c37ef1f4a9ce95a0106aad9314b17bc,True,OUT_OF_SCOPE,False,FN,core_symbol_text contains dt_FB_ without toolchain gate,"Lexical transfer probe only; not runtime semantics, function-boundary correctness, or vulnerability detection.",DERIVED_EVIDENCE
openplcV2_PARSET2,PARSET2,OpenPLCv2,fold_4,2cb699e8385660d0a0661eb46585470d074ee04e58c663cefd96fad71779227d,88b8411b525e90a7894b710c3249d05c8b190c7e054eff4c675e3ade4180bda7,True,OUT_OF_SCOPE,False,FN,core_symbol_text contains dt_FB_ without toolchain gate,"Lexical transfer probe only; not runtime semantics, function-boundary correctness, or vulnerability detection.",DERIVED_EVIDENCE
openplcV2_PERIOD,PERIOD,OpenPLCv2,fold_3,6d0f78710a6ce46294a0b3fb9f0e8201937b1ce4d5ee2fa308d18f895f2ee792,a917e980788931966170bd6c068dc50b6e26eb45573dc6372530665e7d65a387,False,OUT_OF_SCOPE,False,TN,core_symbol_text contains dt_FB_ without toolchain gate,"Lexical transfer probe only; not runtime semantics, function-boundary correctness, or vulnerability detection.",DERIVED_EVIDENCE
openplcV2_PERIOD2,PERIOD2,OpenPLCv2,fold_4,15e72eef56c2e08c311ec6696ebf979a7bfceb967ec31597568bdc4dca7500e9,8f7bb3a3928e469ff058746b8a780cc14b66e9169c68dc36ebc148e13b29ecef,True,OUT_OF_SCOPE,False,FN,core_symbol_text contains dt_FB_ without toolchain gate,"Lexical transfer probe only; not runtime semantics, function-boundary correctness, or vulnerability detection.",DERIVED_EVIDENCE
openplcV2_POLYNOM_INT,POLYNOM_INT,OpenPLCv2,fold_0,7e61a9f650fda5c21430b7714ce250b24df295a318087642787c97be1d7574de,9904a48a64faaf6c49bb1c5e871c519f473725da779abe050da560f12723c6ce,True,OUT_OF_SCOPE,False,FN,core_symbol_text contains dt_FB_ without toolchain gate,"Lexical transfer probe only; not runtime semantics, function-boundary correctness, or vulnerability detection.",DERIVED_EVIDENCE
openplcV2_PRESSURE,PRESSURE,OpenPLCv2,fold_6,6138d366c752574964e5bea976d2f99f71c8eb8ac9f8b1560d3fdaef945f8b3d,6fae2066a87047990bb36fb82075d401807ce6b66972e0cc6ecec45c11ffbe44,True,OUT_OF_SCOPE,False,FN,core_symbol_text contains dt_FB_ without toolchain gate,"Lexical transfer probe only; not runtime semantics, function-boundary correctness, or vulnerability detection.",DERIVED_EVIDENCE
openplcV2_PT_TO_F,PT_TO_F,OpenPLCv2,fold_7,5f9fa01810cb497c76b079e6e66ea6f5b167b536eb6a9bad262337a5c272e4e7,572b356676bc7fc3350e54ce4c516c04bcf4dff0f5d23c504adb754bbeace8df,False,OUT_OF_SCOPE,False,TN,core_symbol_text contains dt_FB_ without toolchain gate,"Lexical transfer probe only; not runtime semantics, function-boundary correctness, or vulnerability detection.",DERIVED_EVIDENCE
openplcV2_PULSE_LENGTH,PULSE_LENGTH,OpenPLCv2,fold_6,cf08043081b8bece261a7535a7f088391fa92cf504e10e940c715552ac6085f8,64ea60fd9b07a4cdc28055ac70c97b2f24f6dc10e7676c4192a98b5677045198,True,OUT_OF_SCOPE,False,FN,core_symbol_text contains dt_FB_ without toolchain gate,"Lexical transfer probe only; not runtime semantics, function-boundary correctness, or vulnerability detection.",DERIVED_EVIDENCE
openplcV2_PULSE_T,PULSE_T,OpenPLCv2,fold_7,56f10ea95c4e8c8b44d6a15d66799bd37e29191e8eace78d14e60dfd4bcc8675,a0aa57773cf4ac893555014f12abb8ddb2110f5791aac3955c02c27c2a3b8d2b,True,OUT_OF_SCOPE,False,FN,core_symbol_text contains dt_FB_ without toolchain gate,"Lexical transfer probe only; not runtime semantics, function-boundary correctness, or vulnerability detection.",DERIVED_EVIDENCE
openplcV2_PWM_DC,PWM_DC,OpenPLCv2,fold_0,3aa8e82bff5e8b3bbf46a6467b5a747227674a9d1290747d0aab9a2e40ea2df1,3e9200e7f6e264fd4189f641900e7b69dc977f8f3924b838401d0a5bd7067f58,True,OUT_OF_SCOPE,False,FN,core_symbol_text contains dt_FB_ without toolchain gate,"Lexical transfer probe only; not runtime semantics, function-boundary correctness, or vulnerability detection.",DERIVED_EVIDENCE
openplcV2_R2_ABS,R2_ABS,OpenPLCv2,fold_0,7880263c71e9daa8023baaca74580afe96446f68a93f400e7391ce1144b95ab4,9f0e0084e559d1b6583d48f8664ef0bf3ca9ac34e484a4c29a7909d50f74f91b,True,OUT_OF_SCOPE,False,FN,core_symbol_text contains dt_FB_ without toolchain gate,"Lexical transfer probe only; not runtime semantics, function-boundary correctness, or vulnerability detection.",DERIVED_EVIDENCE
openplcV2_R2_ADD,R2_ADD,OpenPLCv2,fold_1,d6cde6f1752d029c6f6b99418e5e6823d37df74f8d4cebe71fa9ec0e7c8b1dc5,59868bcc26b51e865416e5cf141cb9fa213297c4d15e38238c6a798cc7c483ba,True,OUT_OF_SCOPE,False,FN,core_symbol_text contains dt_FB_ without toolchain gate,"Lexical transfer probe only; not runtime semantics, function-boundary correctness, or vulnerability detection.",DERIVED_EVIDENCE
openplcV2_R2_ADD2,R2_ADD2,OpenPLCv2,fold_2,d5d5ef5e27a4ed28e4272a0d445cf89965e82e22104f6ca5493a182fbcef406f,5eb6559dbb883515d27121f0c1a26d89b79a9b3fce78f08984a70c9492a0fe61,True,OUT_OF_SCOPE,False,FN,core_symbol_text contains dt_FB_ without toolchain gate,"Lexical transfer probe only; not runtime semantics, function-boundary correctness, or vulnerability detection.",DERIVED_EVIDENCE
openplcV2_R2_DIV,R2_DIV,OpenPLCv2,fold_3,45aa04086d1919a2d57a0be654495f1525bd78f905d07aed3be1173e89dd19da,b4c26df685e693ac2ac63888f55d5cd9feb9198adaa1a3f7f0b5aed69e7f50cd,True,OUT_OF_SCOPE,False,FN,core_symbol_text contains dt_FB_ without toolchain gate,"Lexical transfer probe only; not runtime semantics, function-boundary correctness, or vulnerability detection.",DERIVED_EVIDENCE
openplcV2_R2_MUL,R2_MUL,OpenPLCv2,fold_4,750c5287f36ae4fe160118797d35342da4ab5185a40786c1e82e4b88446d8b22,bcc258370e7719b0c676a716e2c071498d3a7f86795becda56fbed585d36a756,True,OUT_OF_SCOPE,False,FN,core_symbol_text contains dt_FB_ without toolchain gate,"Lexical transfer probe only; not runtime semantics, function-boundary correctness, or vulnerability detection.",DERIVED_EVIDENCE
openplcV2_R2_SET,R2_SET,OpenPLCv2,fold_5,a19d28092ea353d5c648ce4b5fe18e8b2a1a57b4c2e17a84bdd3e7bbd91d9618,b843da9850461e1ded6689c79ab261ace7f8eb244ba4fc135e23c0880717cd42,True,OUT_OF_SCOPE,False,FN,core_symbol_text contains dt_FB_ without toolchain gate,"Lexical transfer probe only; not runtime semantics, function-boundary correctness, or vulnerability detection.",DERIVED_EVIDENCE
openplcV2_RAD,RAD,OpenPLCv2,fold_8,76ec2c322b30e81db36740298c0c4ec981d8f8582dfa4da68e42587032df5d2b,d0efa2b69e3937092f4d9e6272ac0648c4d0061d816835461ecd9d322c50d5ec,False,OUT_OF_SCOPE,False,TN,core_symbol_text contains dt_FB_ without toolchain gate,"Lexical transfer probe only; not runtime semantics, function-boundary correctness, or vulnerability detection.",DERIVED_EVIDENCE
openplcV2_RANGE_TO_BYTE,RANGE_TO_BYTE,OpenPLCv2,fold_9,7cd33a101a6e6444ec97fa948f2d3b0bff92ddd2235cdf4a26dba08b7dd30a27,222f6ef4550041ca12bbedd0bdfdf1fcd10ccaa31fd586e1c77288ccba1a1601,False,OUT_OF_SCOPE,False,TN,core_symbol_text contains dt_FB_ without toolchain gate,"Lexical transfer probe only; not runtime semantics, function-boundary correctness, or vulnerability detection.",DERIVED_EVIDENCE
openplcV2_RANGE_TO_WORD,RANGE_TO_WORD,OpenPLCv2,fold_0,98b1bdc3f94cb107597756381b069233907157814fa14f562d384404e25aee1a,7b9f6c3b2cdb54234596277767e20f64ef2cee54c980f8d24b8eaea3e437a649,False,OUT_OF_SCOPE,False,TN,core_symbol_text contains dt_FB_ without toolchain gate,"Lexical transfer probe only; not runtime semantics, function-boundary correctness, or vulnerability detection.",DERIVED_EVIDENCE
openplcV2_RDM,RDM,OpenPLCv2,fold_9,d9f778346d9b003d7908278a1375b67332834f0767ac61c35dbf4509a3be8fe8,7634f20243e1d37325df91e4abf881df9c281205cb1127d4dcc3b7ae562ec440,True,OUT_OF_SCOPE,False,FN,core_symbol_text contains dt_FB_ without toolchain gate,"Lexical transfer probe only; not runtime semantics, function-boundary correctness, or vulnerability detection.",DERIVED_EVIDENCE
openplcV2_RDM2,RDM2,OpenPLCv2,fold_0,ba18dcdbaf312ac0292610471a136b84edbf532c05ea287ca6b5c3ce8a8b4df7,f8433b07ae881396720f3d1db2a1696190b20e5ca9fa2e65266205b52855fee1,True,OUT_OF_SCOPE,False,FN,core_symbol_text contains dt_FB_ without toolchain gate,"Lexical transfer probe only; not runtime semantics, function-boundary correctness, or vulnerability detection.",DERIVED_EVIDENCE
openplcV2_RDMDW,RDMDW,OpenPLCv2,fold_1,5bfe4ecd3bef2d80efc4ff6b964b4ebc3ae29c94c94bf09294e5ad8537cf5577,e0efe97f211aeae0b3c777c3de85dc706f84fea9cdef204822d0b18f2ff8bfe3,True,OUT_OF_SCOPE,False,FN,core_symbol_text contains dt_FB_ without toolchain gate,"Lexical transfer probe only; not runtime semantics, function-boundary correctness, or vulnerability detection.",DERIVED_EVIDENCE
openplcV2_REAL_TO_FRAC,REAL_TO_FRAC,OpenPLCv2,fold_2,ffcc8c6c42ed3777a0ddd5c3b96a2ca0d56615821af99a9c258423b9517d561f,ed55a464e29dfc7a5ee8c76875e2f84625b221b57def7bd04dcc0a908b1b23a2,True,OUT_OF_SCOPE,False,FN,core_symbol_text contains dt_FB_ without toolchain gate,"Lexical transfer probe only; not runtime semantics, function-boundary correctness, or vulnerability detection.",DERIVED_EVIDENCE
openplcV2_REAL_TO_STRF,REAL_TO_STRF,OpenPLCv2,fold_0,794210b9ae229c9fb01a39819d3685520a819db4cc3b6f7cf40980ad27de2133,ac34c161301fe783ff59087f11f71762fa774f45de5cc14999808c3f5e98dd3f,True,OUT_OF_SCOPE,False,FN,core_symbol_text contains dt_FB_ without toolchain gate,"Lexical transfer probe only; not runtime semantics, function-boundary correctness, or vulnerability detection.",DERIVED_EVIDENCE
openplcV2_REAL_TO_TIME,REAL_TO_TIME,OpenPLCv2,fold_5,59c48cb6fb4ff57e1ada2f85401e9bd0cfcf4cb1eade3b507e46d538257544b1,b26523e3827274adbfb8c64077fa6f3b58ac0d6922d729d6f097cee08dadecb8,False,OUT_OF_SCOPE,False,TN,core_symbol_text contains dt_FB_ without toolchain gate,"Lexical transfer probe only; not runtime semantics, function-boundary correctness, or vulnerability detection.",DERIVED_EVIDENCE
openplcV2_REFLECT,REFLECT,OpenPLCv2,fold_0,425e2612103c2742ca2c0c55e74a0a92b399b946bc8cda61be51058e14e65893,8217c9e6bb9fdbf89562212c333ca87f09cdf23b26a60924032ab9c6f908b0f0,False,OUT_OF_SCOPE,False,TN,core_symbol_text contains dt_FB_ without toolchain gate,"Lexical transfer probe only; not runtime semantics, function-boundary correctness, or vulnerability detection.",DERIVED_EVIDENCE
openplcV2_REFRACTION,REFRACTION,OpenPLCv2,fold_6,150d0a6c7ac63370b74d1b67084a31e72014eb8aa5a59d3fb68d80e471366c96,974d19162e606295fc0699dfbebf64f389b02a6bc1c9e8dfa99e763a29bee3eb,False,OUT_OF_SCOPE,False,TN,core_symbol_text contains dt_FB_ without toolchain gate,"Lexical transfer probe only; not runtime semantics, function-boundary correctness, or vulnerability detection.",DERIVED_EVIDENCE
openplcV2_REPLACE_ALL,REPLACE_ALL,OpenPLCv2,fold_1,4bb558a472627eaed45456839f60e0a968423e6ac368b2b73ef4fc4b39a4bd31,5cc3af3739a22c35fc9774f0d2303f42c44b8927bd6fe594e61e7dbd6aa6b4ba,True,OUT_OF_SCOPE,False,FN,core_symbol_text contains dt_FB_ without toolchain gate,"Lexical transfer probe only; not runtime semantics, function-boundary correctness, or vulnerability detection.",DERIVED_EVIDENCE
openplcV2_REPLACE_CHARS,REPLACE_CHARS,OpenPLCv2,fold_2,b22865b7e400ccf3cabf09a1615c770e13b32eaf3b487dbd942ecc504892bfc7,03020852cd19f1e2d4f09ac394011fe38cc3d3aac61b80a178cdae6dcecec62b,True,OUT_OF_SCOPE,False,FN,core_symbol_text contains dt_FB_ without toolchain gate,"Lexical transfer probe only; not runtime semantics, function-boundary correctness, or vulnerability detection.",DERIVED_EVIDENCE
openplcV2_RES_NI,RES_NI,OpenPLCv2,fold_1,7fc485af968e701a6b1d1c7ae527ed08d16180e28071b6799f26c05f79cff031,d1951e1bd60cac3109b39c5e8bc6ba767dc1e1d1276d7b3accee6ad870a5ea8c,False,OUT_OF_SCOPE,False,TN,core_symbol_text contains dt_FB_ without toolchain gate,"Lexical transfer probe only; not runtime semantics, function-boundary correctness, or vulnerability detection.",DERIVED_EVIDENCE
openplcV2_RES_NTC,RES_NTC,OpenPLCv2,fold_2,cbe9125ca7dc684824a3be792c89217fac31645efc598ea6ec66bf28e1024bb1,67a5f559490623945e7619c4db36ea733cae6afa010123e9cb69c8456ffd1f2e,False,OUT_OF_SCOPE,False,TN,core_symbol_text contains dt_FB_ without toolchain gate,"Lexical transfer probe only; not runtime semantics, function-boundary correctness, or vulnerability detection.",DERIVED_EVIDENCE
openplcV2_RES_PT,RES_PT,OpenPLCv2,fold_3,4ef432e1e67a5e6f260d6decabf9fa79e14a48c59db3ff0fffac3273d4fcf986,3ee83a49b927dbadef6ecd83d8c8ac55bcae33b5ffd2ba7e1482c556a3b6fd8d,False,OUT_OF_SCOPE,False,TN,core_symbol_text contains dt_FB_ without toolchain gate,"Lexical transfer probe only; not runtime semantics, function-boundary correctness, or vulnerability detection.",DERIVED_EVIDENCE
openplcV2_RES_SI,RES_SI,OpenPLCv2,fold_4,9990bee7ff68ccf9173ff0690f04916f6d8e187699d469a667dba931e4d5c5b7,0f88ff9f813aa9566dad01a14cc521ace3bef9ce41ee159b80c1127fc63abb9e,False,OUT_OF_SCOPE,False,TN,core_symbol_text contains dt_FB_ without toolchain gate,"Lexical transfer probe only; not runtime semantics, function-boundary correctness, or vulnerability detection.",DERIVED_EVIDENCE
openplcV2_REVERSE,REVERSE,OpenPLCv2,fold_1,781afd234b24632fa8204245acf3cb0c22b1ef33720d314808d88c3cddd37586,0982da1931a41ded8de204d4544454e775bcd34d0b506c865c5b0d38ba893e72,False,OUT_OF_SCOPE,False,TN,core_symbol_text contains dt_FB_ without toolchain gate,"Lexical transfer probe only; not runtime semantics, function-boundary correctness, or vulnerability detection.",DERIVED_EVIDENCE
openplcV2_RMP_B,RMP_B,OpenPLCv2,fold_2,c5e825ccb9a7de0e9e4d664fa8a26a7ec2da7f0d865fe1c4a5d02a1aa3d784fb,9cb53c8c0cca6ed25c84f642491311ce7741e7f824d3690c7caa77b33c3ed8bc,True,OUT_OF_SCOPE,False,FN,core_symbol_text contains dt_FB_ without toolchain gate,"Lexical transfer probe only; not runtime semantics, function-boundary correctness, or vulnerability detection.",DERIVED_EVIDENCE
openplcV2_RMP_SOFT,RMP_SOFT,OpenPLCv2,fold_3,4ea5288837faa1ca393c215fd9a7ff4f713de403ab8bf381bcf43d5297faa7c9,de51614043f14c1485079e1cf76056d1bdf4bfe842425efb17c0d1feb5b1eb04,True,OUT_OF_SCOPE,False,FN,core_symbol_text contains dt_FB_ without toolchain gate,"Lexical transfer probe only; not runtime semantics, function-boundary correctness, or vulnerability detection.",DERIVED_EVIDENCE
openplcV2_RMP_W,RMP_W,OpenPLCv2,fold_4,5127f586f7112219920319a10f91f3b8afb60351b853bc379a83c113cf0f7340,4989b01d46500c036338693a7863a8cb186ab4576961a090f0addb3a6268e2da,True,OUT_OF_SCOPE,False,FN,core_symbol_text contains dt_FB_ without toolchain gate,"Lexical transfer probe only; not runtime semantics, function-boundary correctness, or vulnerability detection.",DERIVED_EVIDENCE
openplcV2_RND,RND,OpenPLCv2,fold_3,fdb7cbad7c1ee7b04af77915aa8c8565a62ece7bc6c2ee10f9b47891a303acdd,85f311d52fa207caa8b88135103ad9824fcfcb07f2031e37e8eb173bf062df39,False,OUT_OF_SCOPE,False,TN,core_symbol_text contains dt_FB_ without toolchain gate,"Lexical transfer probe only; not runtime semantics, function-boundary correctness, or vulnerability detection.",DERIVED_EVIDENCE
openplcV2_ROUND,ROUND,OpenPLCv2,fold_4,f1f6b510d0dc23b4995046ebf59d2459796c493c31928018596a24383bb3ee94,e2269fb9bb33736fc497276ed78a3c9948715971015718daeee8953fdbd1c8f5,False,OUT_OF_SCOPE,False,TN,core_symbol_text contains dt_FB_ without toolchain gate,"Lexical transfer probe only; not runtime semantics, function-boundary correctness, or vulnerability detection.",DERIVED_EVIDENCE
openplcV2_RTC_2,RTC_2,OpenPLCv2,fold_7,a1412cde5cdced373dddb9316a910e824c8f73a1b56061f2768cb60c576b5c65,df0b63cab8a41d08b69192f0a953b60bbf8248c18589ae3f627c6985dbfa22e2,True,OUT_OF_SCOPE,False,FN,core_symbol_text contains dt_FB_ without toolchain gate,"Lexical transfer probe only; not runtime semantics, function-boundary correctness, or vulnerability detection.",DERIVED_EVIDENCE
openplcV2_RTC_MS,RTC_MS,OpenPLCv2,fold_8,46b5fc9e59e443dc8518f1b035492d99aeb9054acaf0d0c4835d16b2ae31fffd,6445784016be0052406a254ff90a7dbf5cc736e6839f632922c49f9706167f0d,True,OUT_OF_SCOPE,False,FN,core_symbol_text contains dt_FB_ without toolchain gate,"Lexical transfer probe only; not runtime semantics, function-boundary correctness, or vulnerability detection.",DERIVED_EVIDENCE
openplcV2_SCALE,SCALE,OpenPLCv2,fold_1,f73a4b7ed0eea755244c4f2e6831a034c60deb89aae46549d35f4ebb50a528d7,dc0f251d67fed6f449739f5efcc216efec9223dec6bf65c753580b532f8f24fb,False,OUT_OF_SCOPE,False,TN,core_symbol_text contains dt_FB_ without toolchain gate,"Lexical transfer probe only; not runtime semantics, function-boundary correctness, or vulnerability detection.",DERIVED_EVIDENCE
openplcV2_SCALE_B,SCALE_B,OpenPLCv2,fold_2,efc7dc62aa4eadbb8180df9a627801f92a8ccf8efcb5dae992cde9ed20e87884,7173a1dd47fb7fa4b7ed8c4962edd267cc0cc5511ecd0f510ed9392dfcbf311d,False,OUT_OF_SCOPE,False,TN,core_symbol_text contains dt_FB_ without toolchain gate,"Lexical transfer probe only; not runtime semantics, function-boundary correctness, or vulnerability detection.",DERIVED_EVIDENCE
openplcV2_SCALE_B2,SCALE_B2,OpenPLCv2,fold_3,3194dc01039409840e88cca9ee929d5493ffdb8ae883fb1af6cce6bf8e7d4792,467e4da94206f463201ce547013ae262de295471a932f4a77ce2bc473ebd8771,False,OUT_OF_SCOPE,False,TN,core_symbol_text contains dt_FB_ without toolchain gate,"Lexical transfer probe only; not runtime semantics, function-boundary correctness, or vulnerability detection.",DERIVED_EVIDENCE
openplcV2_SCALE_B4,SCALE_B4,OpenPLCv2,fold_4,0445b88485619311698a1f65044504fcb81a16ef5a99683fe47db478cad0634f,f243018f5458e2a0f7c4a9d59e1185d73690424d0960b6584312b8ef56b75eae,False,OUT_OF_SCOPE,False,TN,core_symbol_text contains dt_FB_ without toolchain gate,"Lexical transfer probe only; not runtime semantics, function-boundary correctness, or vulnerability detection.",DERIVED_EVIDENCE
openplcV2_SCALE_B8,SCALE_B8,OpenPLCv2,fold_5,cee2f616cd62caa461090f136eed03e7debd10462862983bb7e71b0ab80e7ee8,3b03a15ff5e0f9ad1340bf05f538767776d4a7e5c6ed726bb58a47c789c46358,False,OUT_OF_SCOPE,False,TN,core_symbol_text contains dt_FB_ without toolchain gate,"Lexical transfer probe only; not runtime semantics, function-boundary correctness, or vulnerability detection.",DERIVED_EVIDENCE
openplcV2_SCALE_D,SCALE_D,OpenPLCv2,fold_6,91aa88c255fcd83560b66876c070593454166aafce3e46342e8ff481b9fb3893,c0324cb2829446c2aed8cf767510105b4dd2f732893620dd4a850e5e484b99f1,False,OUT_OF_SCOPE,False,TN,core_symbol_text contains dt_FB_ without toolchain gate,"Lexical transfer probe only; not runtime semantics, function-boundary correctness, or vulnerability detection.",DERIVED_EVIDENCE
openplcV2_SCALE_R,SCALE_R,OpenPLCv2,fold_7,2eacf282987926f2fb913558513e105c934b1a569120e314f1f745ded8cc0a6f,e82b3b65239eebd91a257903c019071553135fbbee36c7abdb84c0cd9a3746d9,False,OUT_OF_SCOPE,False,TN,core_symbol_text contains dt_FB_ without toolchain gate,"Lexical transfer probe only; not runtime semantics, function-boundary correctness, or vulnerability detection.",DERIVED_EVIDENCE
openplcV2_SCALE_X2,SCALE_X2,OpenPLCv2,fold_8,943d8baf92b8d8927f45d37ffc2913f73ed3f3d7b857dabfbf509f9e881f6acb,13a341472b4deb1dc22f490a7ef239ba876f654d2d549afd45bdfe1a93465a0a,False,OUT_OF_SCOPE,False,TN,core_symbol_text contains dt_FB_ without toolchain gate,"Lexical transfer probe only; not runtime semantics, function-boundary correctness, or vulnerability detection.",DERIVED_EVIDENCE
openplcV2_SCALE_X4,SCALE_X4,OpenPLCv2,fold_9,66bc72a97ce6b3003be016eda815cce0df8bd18f3bf6636be9ac62cdedf112b6,2f93bb07b37e54ca3fccd51debb2c603faef3bb3af8fb8711f37cd5d3cf1ca35,False,OUT_OF_SCOPE,False,TN,core_symbol_text contains dt_FB_ without toolchain gate,"Lexical transfer probe only; not runtime semantics, function-boundary correctness, or vulnerability detection.",DERIVED_EVIDENCE
openplcV2_SCALE_X8,SCALE_X8,OpenPLCv2,fold_0,4f0e57b211d0d2e9f8145e89c580a540f9ef0ae67e38a030d24b03a64cf5bd15,0818ea24ea90c0e4d7a28ccf01a797eec8a8a0d0eb11c0e5464767a1d21ecb9a,False,OUT_OF_SCOPE,False,TN,core_symbol_text contains dt_FB_ without toolchain gate,"Lexical transfer probe only; not runtime semantics, function-boundary correctness, or vulnerability detection.",DERIVED_EVIDENCE
openplcV2_SCHEDULER,SCHEDULER,OpenPLCv2,fold_2,ef1f58df75d634d599dd47e6ebc1eff6a386ecb7e89f32ecd97be2ed0192b14b,b9fd8b481e3288ba6a0a1aa86c061eb322806a5efd2aac61145f73436a0219e1,True,OUT_OF_SCOPE,False,FN,core_symbol_text contains dt_FB_ without toolchain gate,"Lexical transfer probe only; not runtime semantics, function-boundary correctness, or vulnerability detection.",DERIVED_EVIDENCE
openplcV2_SCHEDULER_2,SCHEDULER_2,OpenPLCv2,fold_3,de950279a8652df9dd0edad9948ab727687437f913ac4cf140559a5c8207d8bf,97671bdfc166340cbf46a89412019bcfd77199322833e6bc8eef1e348d6b92f5,True,OUT_OF_SCOPE,False,FN,core_symbol_text contains dt_FB_ without toolchain gate,"Lexical transfer probe only; not runtime semantics, function-boundary correctness, or vulnerability detection.",DERIVED_EVIDENCE
openplcV2_SDD,SDD,OpenPLCv2,fold_7,4868d7b125a0fff728527223e420de031c149ca8468eef4ca36455147132a34d,4fe1086fab7f3f0fc1d226ec43bfda49520fa2a08c9489db076acc5da198b9ea,False,OUT_OF_SCOPE,False,TN,core_symbol_text contains dt_FB_ without toolchain gate,"Lexical transfer probe only; not runtime semantics, function-boundary correctness, or vulnerability detection.",DERIVED_EVIDENCE
openplcV2_SDD_NH3,SDD_NH3,OpenPLCv2,fold_8,a961f0405b9007b7344f42dcd9b088e067ce5c910a1cb4db568e2d94d3be4953,4520449c4e5462de5392e54c4050e71cbfd67f2404f73d4c07ec17732f8b4ab0,False,OUT_OF_SCOPE,False,TN,core_symbol_text contains dt_FB_ without toolchain gate,"Lexical transfer probe only; not runtime semantics, function-boundary correctness, or vulnerability detection.",DERIVED_EVIDENCE
openplcV2_SDT_NH3,SDT_NH3,OpenPLCv2,fold_9,d59c2e216d6167b54b2a3cde33f71aaf3ee122c441d8707ed2191a2bbd08169b,4270530a99c06d04e2a837c8f090fe24d314324fa7489d87ef346a89c6b7669d,False,OUT_OF_SCOPE,False,TN,core_symbol_text contains dt_FB_ without toolchain gate,"Lexical transfer probe only; not runtime semantics, function-boundary correctness, or vulnerability detection.",DERIVED_EVIDENCE
openplcV2_SDT_TO_DATE,SDT_TO_DATE,OpenPLCv2,fold_9,cd023244a5a1eae70f3ce6081b5dbeed1b202cffc32c98f4e969d3a7b2728d77,d452bd0878cd48da9934feb238cf0ad224269d88e68d8032973c641f67cac510,True,OUT_OF_SCOPE,False,FN,core_symbol_text contains dt_FB_ without toolchain gate,"Lexical transfer probe only; not runtime semantics, function-boundary correctness, or vulnerability detection.",DERIVED_EVIDENCE
openplcV2_SDT_TO_DT,SDT_TO_DT,OpenPLCv2,fold_0,7ac03fbb589c400a63446c37dc2c067911a77fc44e41841531b0ad22f9b2a00c,d403d101eb778955db23c2977b04417c5b46e624fdc74ff49a0edce4233574dd,True,OUT_OF_SCOPE,False,FN,core_symbol_text contains dt_FB_ without toolchain gate,"Lexical transfer probe only; not runtime semantics, function-boundary correctness, or vulnerability detection.",DERIVED_EVIDENCE
openplcV2_SDT_TO_TOD,SDT_TO_TOD,OpenPLCv2,fold_1,83c58f97baaa01c863544679b218b823a35d31238be4c7616fb5dbd88775b159,8cd5d46b285089270b38d596cdc84c3f47bac825df6f622b983a432c5e63faf0,True,OUT_OF_SCOPE,False,FN,core_symbol_text contains dt_FB_ without toolchain gate,"Lexical transfer probe only; not runtime semantics, function-boundary correctness, or vulnerability detection.",DERIVED_EVIDENCE
openplcV2_SECOND,SECOND,OpenPLCv2,fold_2,a9fe9d651ea2b57ae7de26770572d0c5b862f57c0e01760090c8f387bafe48a0,54993e63ea6cec64522f4a6a89b8a44b3997464f274b15042ae9ecbf5f06254e,False,OUT_OF_SCOPE,False,TN,core_symbol_text contains dt_FB_ without toolchain gate,"Lexical transfer probe only; not runtime semantics, function-boundary correctness, or vulnerability detection.",DERIVED_EVIDENCE
openplcV2_SECOND_OF_DT,SECOND_OF_DT,OpenPLCv2,fold_3,b053b30ec29cf484f48c9cd067c5469005e8d37824ff92827c5c1c17189c227e,ab23ec383c50806bb0fb8f9c576a36e5acf3af1263a7cf5ebf301e82499a8427,False,OUT_OF_SCOPE,False,TN,core_symbol_text contains dt_FB_ without toolchain gate,"Lexical transfer probe only; not runtime semantics, function-boundary correctness, or vulnerability detection.",DERIVED_EVIDENCE
openplcV2_SECOND_TO_TIME,SECOND_TO_TIME,OpenPLCv2,fold_4,b06c028a3e10e9f5b0cbc25b95c03767451c1b24b4d5382581c813cd1018fe4c,421b29e0638e33446ca4d8134768a1208405e0e1a2549f7d60e5143fefc2bc46,False,OUT_OF_SCOPE,False,TN,core_symbol_text contains dt_FB_ without toolchain gate,"Lexical transfer probe only; not runtime semantics, function-boundary correctness, or vulnerability detection.",DERIVED_EVIDENCE
openplcV2_SEL2_OF_3,SEL2_OF_3,OpenPLCv2,fold_1,27e4f85b4c0a5acd59839868d0975881601e828e1ec44a663e317c7174293200,0e781ebcdc1a55a0136c002e6cb97407dfa6d08f583b98c50a3ab8f790e58c6a,True,OUT_OF_SCOPE,False,FN,core_symbol_text contains dt_FB_ without toolchain gate,"Lexical transfer probe only; not runtime semantics, function-boundary correctness, or vulnerability detection.",DERIVED_EVIDENCE
openplcV2_SEL2_OF_3B,SEL2_OF_3B,OpenPLCv2,fold_2,593cc016652b5e42b1a1897defbf900845a1bcf045edbed60fe2e3f6d7fad618,58323f9fbcf20bbb430aee3da273393775ec7dc787fbfda4b65d193582a9a22a,True,OUT_OF_SCOPE,False,FN,core_symbol_text contains dt_FB_ without toolchain gate,"Lexical transfer probe only; not runtime semantics, function-boundary correctness, or vulnerability detection.",DERIVED_EVIDENCE
openplcV2_SELECT_8,SELECT_8,OpenPLCv2,fold_9,345b1521a21c090589919d8b73098164462e367a8c9fa4c913049500b74a4363,31eeee1d99bf0b4d4231a160128b3d75ddf0dcf25891396ced1386608d084b2d,True,OUT_OF_SCOPE,False,FN,core_symbol_text contains dt_FB_ without toolchain gate,"Lexical transfer probe only; not runtime semantics, function-boundary correctness, or vulnerability detection.",DERIVED_EVIDENCE
openplcV2_SENSOR_INT,SENSOR_INT,OpenPLCv2,fold_5,090ed32ca884dd6f997bf1b0a2d17cf5ab9471c1f65ad6ec1edbe9eb0820b745,b6a299d823678aad3cfd8a002006db3daed95f8c9bd8177149182ef56b92c41d,False,OUT_OF_SCOPE,False,TN,core_symbol_text contains dt_FB_ without toolchain gate,"Lexical transfer probe only; not runtime semantics, function-boundary correctness, or vulnerability detection.",DERIVED_EVIDENCE
openplcV2_SEQUENCE_4,SEQUENCE_4,OpenPLCv2,fold_4,6980e5dae6bbef378adef298b5e43b40d5be77824ab251d735e546c46ad38b0c,cd42898a7c32d5b0277336ff3dd024756b951c08a363e0855ab454efd84c060d,True,OUT_OF_SCOPE,False,FN,core_symbol_text contains dt_FB_ without toolchain gate,"Lexical transfer probe only; not runtime semantics, function-boundary correctness, or vulnerability detection.",DERIVED_EVIDENCE
openplcV2_SEQUENCE_64,SEQUENCE_64,OpenPLCv2,fold_5,803f5792d4771a161557e25f1d50a15a23598a96cd1e2b3672dc61a16d4784ce,86a16a391355069ece6ad15efa6e46095d2b9aefab7fdf7a01197ff144810cb8,True,OUT_OF_SCOPE,False,FN,core_symbol_text contains dt_FB_ without toolchain gate,"Lexical transfer probe only; not runtime semantics, function-boundary correctness, or vulnerability detection.",DERIVED_EVIDENCE
openplcV2_SEQUENCE_8,SEQUENCE_8,OpenPLCv2,fold_6,0160706b8a5aac878ef1098996f0d3f8783245936a1de3547cfe0d165d0fc8ed,e902805172ea61dc29e598aab088f753ae13fc49872c7abe348b445bb0c70c46,True,OUT_OF_SCOPE,False,FN,core_symbol_text contains dt_FB_ without toolchain gate,"Lexical transfer probe only; not runtime semantics, function-boundary correctness, or vulnerability detection.",DERIVED_EVIDENCE
openplcV2_SETUP_CHARNAMES,SETUP_CHARNAMES,OpenPLCv2,fold_8,691bdeb22c7640fccffdeec6f55b6824b05021ba02a53bd29901bf88e7959cda,23c9261b7a1bf223ec5cde794dd19ec27f7783c7c3a5f22d48619b6e7d85ecfd,True,OUT_OF_SCOPE,False,FN,core_symbol_text contains dt_FB_ without toolchain gate,"Lexical transfer probe only; not runtime semantics, function-boundary correctness, or vulnerability detection.",DERIVED_EVIDENCE
openplcV2_SETUP_DIRS,SETUP_DIRS,OpenPLCv2,fold_9,d1d9528a869b793d40086e452bb24c4329763935c97e274888bfd473ef771b09,6c2a4b89db2971e0db3915d8211705d2ae0fd9aec45ae5d03a2144c93211d463,True,OUT_OF_SCOPE,False,FN,core_symbol_text contains dt_FB_ without toolchain gate,"Lexical transfer probe only; not runtime semantics, function-boundary correctness, or vulnerability detection.",DERIVED_EVIDENCE
openplcV2_SETUP_EXTENDED_ASCII,SETUP_EXTENDED_ASCII,OpenPLCv2,fold_0,a2ad891186c63c66ea60cbab6455570e3ff57212afb4c90d48e6ff059c1f89a7,456d725a7de0034bfee6c83978d2d532351798f9227778b1b7dab3f6434365cf,False,OUT_OF_SCOPE,False,TN,core_symbol_text contains dt_FB_ without toolchain gate,"Lexical transfer probe only; not runtime semantics, function-boundary correctness, or vulnerability detection.",DERIVED_EVIDENCE
openplcV2_SETUP_HOLIDAY_AT,SETUP_HOLIDAY_AT,OpenPLCv2,fold_1,c9a9a9f6b0feaee2a162aeadb2ce34bc3b0cf66fbbc31002a33c4e043c7724b7,37e5947369242114940c83facc3970057a654c5699d7fa2ef46dda00afa9483b,True,OUT_OF_SCOPE,False,FN,core_symbol_text contains dt_FB_ without toolchain gate,"Lexical transfer probe only; not runtime semantics, function-boundary correctness, or vulnerability detection.",DERIVED_EVIDENCE
openplcV2_SETUP_HOLIDAY_DE,SETUP_HOLIDAY_DE,OpenPLCv2,fold_2,4106e98ec364c07eb1d0e1250bb3b9a21765cc0e7cde4815a176d39106de2c28,12c3faecc051c333443b732e0c70255e87bcc6d70b623b0f7d53db27708bce8a,True,OUT_OF_SCOPE,False,FN,core_symbol_text contains dt_FB_ without toolchain gate,"Lexical transfer probe only; not runtime semantics, function-boundary correctness, or vulnerability detection.",DERIVED_EVIDENCE
openplcV2_SETUP_HOLIDAY_FR,SETUP_HOLIDAY_FR,OpenPLCv2,fold_3,c10a455157997944b7de2a5d1683e4aa9d3a88b91bcb9c26305c8db6a2e1aec4,c26317503437339d17e20bc0ab6a176d4413d6b8e458ff3478de6cfe11d2c26e,True,OUT_OF_SCOPE,False,FN,core_symbol_text contains dt_FB_ without toolchain gate,"Lexical transfer probe only; not runtime semantics, function-boundary correctness, or vulnerability detection.",DERIVED_EVIDENCE
openplcV2_SETUP_LANGUAGE,SETUP_LANGUAGE,OpenPLCv2,fold_4,a44799da41bf9fefd5b38082a9e3eb0e4a95ff8bae87aaa3c0b6f5b4be60eaa1,1c33df45e6f716cec0651bb0160a85d6172ec6ba1e24a57a48ac4a3cabd77a39,True,OUT_OF_SCOPE,False,FN,core_symbol_text contains dt_FB_ without toolchain gate,"Lexical transfer probe only; not runtime semantics, function-boundary correctness, or vulnerability detection.",DERIVED_EVIDENCE
openplcV2_SETUP_LOCATION,SETUP_LOCATION,OpenPLCv2,fold_5,44a04c515d01473ee2c968115953882ca014a9e4d6a41fb04ccab755b7790b74,beaf3cce1392ce913415449a5296fea09eed269452252ba35dece38593232ea1,True,OUT_OF_SCOPE,False,FN,core_symbol_text contains dt_FB_ without toolchain gate,"Lexical transfer probe only; not runtime semantics, function-boundary correctness, or vulnerability detection.",DERIVED_EVIDENCE
openplcV2_SETUP_MONTHS,SETUP_MONTHS,OpenPLCv2,fold_6,82c46ddf662cf7731550557c092f0d54a772f3e8c7e2affce9bd2d20c221c9b3,5e592bfcab1d39aa00dbaed4b461a08ac33bf6b422fada5b330b308c9c0c9dcb,True,OUT_OF_SCOPE,False,FN,core_symbol_text contains dt_FB_ without toolchain gate,"Lexical transfer probe only; not runtime semantics, function-boundary correctness, or vulnerability detection.",DERIVED_EVIDENCE
openplcV2_SETUP_MONTHS3,SETUP_MONTHS3,OpenPLCv2,fold_7,cae988e8381713cb03c676b283bba88469fb887704f1160c1e2c14c582d9b98b,0e5f55fb83fd1de9b84f8b525d46b4b1cf18964e67b730d5b10c67c1bb44a123,True,OUT_OF_SCOPE,False,FN,core_symbol_text contains dt_FB_ without toolchain gate,"Lexical transfer probe only; not runtime semantics, function-boundary correctness, or vulnerability detection.",DERIVED_EVIDENCE
openplcV2_SETUP_WEEKDAYS,SETUP_WEEKDAYS,OpenPLCv2,fold_8,3610718a7b431032f4e14dba632d4f3f0cebbb3b650ab7aac024d3429122c521,c7380e0aedf88b4ed0312c4203c2a9a3698bc389f0fb61b913ea6ca406080d58,True,OUT_OF_SCOPE,False,FN,core_symbol_text contains dt_FB_ without toolchain gate,"Lexical transfer probe only; not runtime semantics, function-boundary correctness, or vulnerability detection.",DERIVED_EVIDENCE
openplcV2_SETUP_WEEKDAYS2,SETUP_WEEKDAYS2,OpenPLCv2,fold_9,708a281deed73c54238a964c156b51b25f141faec598670aed379f938a6f3649,af302cb7ba1533d04abb97e3b0312bc05778edbd04ef20ab94a362a9901bce4c,True,OUT_OF_SCOPE,False,FN,core_symbol_text contains dt_FB_ without toolchain gate,"Lexical transfer probe only; not runtime semantics, function-boundary correctness, or vulnerability detection.",DERIVED_EVIDENCE
openplcV2_SET_DATE,SET_DATE,OpenPLCv2,fold_5,aaa383096760dfb3dff9da97e78a9bd6e4a0dd935f09752afc48c09145a19a41,97ae289851d824919a843387f302d81c3a38a22c0dd4a243a7b13c614614f9ca,False,OUT_OF_SCOPE,False,TN,core_symbol_text contains dt_FB_ without toolchain gate,"Lexical transfer probe only; not runtime semantics, function-boundary correctness, or vulnerability detection.",DERIVED_EVIDENCE
openplcV2_SET_DT,SET_DT,OpenPLCv2,fold_6,0b88fd4e3b6f12ca935645d2bccd0604657fd9e2f96f1287a484b425b9c5284b,0aa43d5ebf0a59aa2dc3fd92d1b6d4e75dae71956bc924014f9d1812f0ab5f59,False,OUT_OF_SCOPE,False,TN,core_symbol_text contains dt_FB_ without toolchain gate,"Lexical transfer probe only; not runtime semantics, function-boundary correctness, or vulnerability detection.",DERIVED_EVIDENCE
openplcV2_SET_TOD,SET_TOD,OpenPLCv2,fold_7,840b2a426b60eb7e6c2ee2d5f4a75467c229f6af449c4f82b8a1e33aebfa1e91,7efd33db3e2ee15efcdcc02e993c5b56feb4cc32578b3405abfb70ca87b9d336,False,OUT_OF_SCOPE,False,TN,core_symbol_text contains dt_FB_ without toolchain gate,"Lexical transfer probe only; not runtime semantics, function-boundary correctness, or vulnerability detection.",DERIVED_EVIDENCE
openplcV2_SGN,SGN,OpenPLCv2,fold_5,8ad76e98d6f0de9f5d8dc8a8c528a827c637094ca200da6074bc4c9f9de59dc7,9a49bdc250b81b0191a06f962da9b53053fd13b7c41f2358c595184c322f45d2,False,OUT_OF_SCOPE,False,TN,core_symbol_text contains dt_FB_ without toolchain gate,"Lexical transfer probe only; not runtime semantics, function-boundary correctness, or vulnerability detection.",DERIVED_EVIDENCE
openplcV2_SH,SH,OpenPLCv2,fold_3,3ed45b3c0e6a40b1212634fd4826de06ec135110851ef526b7e984c2a67f7417,2454cdf119f011241c2c2a1a7f8e116b93c8f6869ba6d7d7f5e1b672ca4ae0f4,True,OUT_OF_SCOPE,False,FN,core_symbol_text contains dt_FB_ without toolchain gate,"Lexical transfer probe only; not runtime semantics, function-boundary correctness, or vulnerability detection.",DERIVED_EVIDENCE
openplcV2_SHA1_STREAM,SHA1_STREAM,OpenPLCv2,fold_6,79999df4892d9283cc6d6e21baa01c9045f7351d73b32b757f0d648027439460,3e9ecf6a811ba0704c6f348ac1f52ecaee20051174b26513e43669a4dd088ab5,True,OUT_OF_SCOPE,False,FN,core_symbol_text contains dt_FB_ without toolchain gate,"Lexical transfer probe only; not runtime semantics, function-boundary correctness, or vulnerability detection.",DERIVED_EVIDENCE
openplcV2_SHL1,SHL1,OpenPLCv2,fold_2,f63e211e94a4f7329051bf34c7951161d1c9aa1af8535c6ceec6de9f281bc20f,be513b6a32cefe23c1c80d5055195b6f6e7da8ea99c43fcab10925fab14452ff,False,OUT_OF_SCOPE,False,TN,core_symbol_text contains dt_FB_ without toolchain gate,"Lexical transfer probe only; not runtime semantics, function-boundary correctness, or vulnerability detection.",DERIVED_EVIDENCE
openplcV2_SHR1,SHR1,OpenPLCv2,fold_3,0e83d237efcf041d96b27f3b83fc83bc79a695141cfe65ddaec2c5b53992c2b4,74c1c0fb3b40d6b5b3d475a1224e3f0dbb81e86f0a3dcc10d37828b720041e67,False,OUT_OF_SCOPE,False,TN,core_symbol_text contains dt_FB_ without toolchain gate,"Lexical transfer probe only; not runtime semantics, function-boundary correctness, or vulnerability detection.",DERIVED_EVIDENCE
openplcV2_SHR_4E,SHR_4E,OpenPLCv2,fold_0,6ce14f8fb63d4b0b9b187863be84085dc0cc0ef6fee3984da471fe93ee212b7c,f9e370672411bf65b2bd385ab187f4271f8f4278d99430c938091b7497ce7f3a,True,OUT_OF_SCOPE,False,FN,core_symbol_text contains dt_FB_ without toolchain gate,"Lexical transfer probe only; not runtime semantics, function-boundary correctness, or vulnerability detection.",DERIVED_EVIDENCE
openplcV2_SHR_4UDE,SHR_4UDE,OpenPLCv2,fold_1,96fac66e98b3e84c5e31acfff512281b1dea379ff0b64e31ba3ffd15d2db1f3c,0946d65d9b735b91504bbc7e6e435656aa37a72396eeaa243000c220a635c22c,True,OUT_OF_SCOPE,False,FN,core_symbol_text contains dt_FB_ without toolchain gate,"Lexical transfer probe only; not runtime semantics, function-boundary correctness, or vulnerability detection.",DERIVED_EVIDENCE
openplcV2_SHR_8PLE,SHR_8PLE,OpenPLCv2,fold_2,4ea597c7b90dc534f98a2c89016baa8b07daf9d5469836a31168478b0737ee3d,9ae375ca9857b50a4c60bacaa58d61d3babf90bfaaa18bca542edc82549f4637,True,OUT_OF_SCOPE,False,FN,core_symbol_text contains dt_FB_ without toolchain gate,"Lexical transfer probe only; not runtime semantics, function-boundary correctness, or vulnerability detection.",DERIVED_EVIDENCE
openplcV2_SHR_8UDE,SHR_8UDE,OpenPLCv2,fold_3,d2368aa3f6e9a25e9b1db7325b5b02c11ea9b704e6d7aeadc3e792b2efed2b5c,f379311d95e0777c454f866db7ccc4839e05c11d9a36707ff1d81ac51a9cabbe,True,OUT_OF_SCOPE,False,FN,core_symbol_text contains dt_FB_ without toolchain gate,"Lexical transfer probe only; not runtime semantics, function-boundary correctness, or vulnerability detection.",DERIVED_EVIDENCE
openplcV2_SH_1,SH_1,OpenPLCv2,fold_4,aa22bb75a576cba0456fd21d414d15879ed2f2aff5b6c3afff6ef5dad075b473,cbf0e8a1fe16b77dedd9e4ad6a52f9558def06674161265e70f8246f9d2e1fb1,True,OUT_OF_SCOPE,False,FN,core_symbol_text contains dt_FB_ without toolchain gate,"Lexical transfer probe only; not runtime semantics, function-boundary correctness, or vulnerability detection.",DERIVED_EVIDENCE
openplcV2_SH_T,SH_T,OpenPLCv2,fold_6,1c3ebcb7473603177649f5f011b91ba5d1d37212e3c60b26465ef6240c047c0d,a29e1d9dc9a343d68c4d9c8b5ec0cfc1faf24133b2de40903f9461a721e39087,True,OUT_OF_SCOPE,False,FN,core_symbol_text contains dt_FB_ without toolchain gate,"Lexical transfer probe only; not runtime semantics, function-boundary correctness, or vulnerability detection.",DERIVED_EVIDENCE
openplcV2_SIGMOID,SIGMOID,OpenPLCv2,fold_6,8d0d56ce0ceb49eeb480cd4a73fdae2513afd15143b2333ab4068939f8ffa97d,0bc476fbeebced90febbfd8bc95b94124095f57ef717b19cd54283f703c64672,False,OUT_OF_SCOPE,False,TN,core_symbol_text contains dt_FB_ without toolchain gate,"Lexical transfer probe only; not runtime semantics, function-boundary correctness, or vulnerability detection.",DERIVED_EVIDENCE
openplcV2_SIGNAL,SIGNAL,OpenPLCv2,fold_5,82e772eff31ea0e3c84392fafa3d6af61ddc576c7252d0dfe9af8f2fc42e5e6d,f70189827410dc4caee68088a0832ac7a8e601cc6c9c15dd34f27e920dc527ad,True,OUT_OF_SCOPE,False,FN,core_symbol_text contains dt_FB_ without toolchain gate,"Lexical transfer probe only; not runtime semantics, function-boundary correctness, or vulnerability detection.",DERIVED_EVIDENCE
openplcV2_SIGNAL_4,SIGNAL_4,OpenPLCv2,fold_6,03d244cacac2af9e9ea61dd9a97cdd5ebb1f58a07813e546c3c52735feaf9799,745f293b3092cce3cca7ec1fe434a488d0bd1977ec8ee4c4a7fd41f032664c26,True,OUT_OF_SCOPE,False,FN,core_symbol_text contains dt_FB_ without toolchain gate,"Lexical transfer probe only; not runtime semantics, function-boundary correctness, or vulnerability detection.",DERIVED_EVIDENCE
openplcV2_SIGN_I,SIGN_I,OpenPLCv2,fold_7,5318e5bbba9bfd8644eeeb9fb10608ad57acdf7c6061273e60748b0e36ebb1d0,0a474f9cd9ad2f5acd7c945a2a077544a17ee624187385eb7cf763f8584f610e,False,OUT_OF_SCOPE,False,TN,core_symbol_text contains dt_FB_ without toolchain gate,"Lexical transfer probe only; not runtime semantics, function-boundary correctness, or vulnerability detection.",DERIVED_EVIDENCE
openplcV2_SIGN_R,SIGN_R,OpenPLCv2,fold_8,bba7bb98492fe5dee2e061106551469fe7f547affc1e2ad291ef1a97f3852940,842fbafde0e5cc4b980553514e37e6e2e272257992ecd9b0e8a0be3f902ef87e,False,OUT_OF_SCOPE,False,TN,core_symbol_text contains dt_FB_ without toolchain gate,"Lexical transfer probe only; not runtime semantics, function-boundary correctness, or vulnerability detection.",DERIVED_EVIDENCE
openplcV2_SINC,SINC,OpenPLCv2,fold_9,add129ee88b1f3290c0830e9a35a8e34ac634c5e65e13345f2ccc8cb02d0c2e0,8ae9d015511395c2a1f5242388899fb208e9e6d91b984c63707c9956b433f5d8,False,OUT_OF_SCOPE,False,TN,core_symbol_text contains dt_FB_ without toolchain gate,"Lexical transfer probe only; not runtime semantics, function-boundary correctness, or vulnerability detection.",DERIVED_EVIDENCE
openplcV2_SINH,SINH,OpenPLCv2,fold_0,36c2e4dd97132f98b696ee5521248cb41960fb7229543aaeb7e188fb19326524,f18f28c296571bf766fe3291eabfc354ae81c0589a117c2b71b794c6d291ed7e,False,OUT_OF_SCOPE,False,TN,core_symbol_text contains dt_FB_ without toolchain gate,"Lexical transfer probe only; not runtime semantics, function-boundary correctness, or vulnerability detection.",DERIVED_EVIDENCE
openplcV2_SNTP_CLIENT,SNTP_CLIENT,OpenPLCv2,fold_7,8d3743620cd4eba99fb5b3967c6e8dbfa7b9ddf8507141e4dec09978a0136daa,de44216a995b7a4b5b7e9e544edced1393ef67b72f6dda319b99afa3af3b0a8b,True,OUT_OF_SCOPE,False,FN,core_symbol_text contains dt_FB_ without toolchain gate,"Lexical transfer probe only; not runtime semantics, function-boundary correctness, or vulnerability detection.",DERIVED_EVIDENCE
openplcV2_SPEED,SPEED,OpenPLCv2,fold_8,1dcab1bd06b1a8a1e30f8a61ed5c2769ef886bb0f4cc65811febcb39609fb849,6a8ab7af1f9eede2071fc1677bca6e415c358a0feb5c85b600a4fec5244d52a3,True,OUT_OF_SCOPE,False,FN,core_symbol_text contains dt_FB_ without toolchain gate,"Lexical transfer probe only; not runtime semantics, function-boundary correctness, or vulnerability detection.",DERIVED_EVIDENCE
openplcV2_SPHERE_V,SPHERE_V,OpenPLCv2,fold_6,d9423fb383cd4b6f885bac7d2f16d1203d91ee2931da5dd9017a490214a1103c,4b81a6f77d538e474d51422d196217f40cabe0d252a562bb45cdf53b3093acc3,False,OUT_OF_SCOPE,False,TN,core_symbol_text contains dt_FB_ without toolchain gate,"Lexical transfer probe only; not runtime semantics, function-boundary correctness, or vulnerability detection.",DERIVED_EVIDENCE
openplcV2_SQRTN,SQRTN,OpenPLCv2,fold_1,3fc9f552bac0dcb8b932568bfa9836958d78db750f96fc6082eec1e6bab31821,1401d0197cee0ad96617813c374ecf88b0c841e614e34f4180e3b563e69a1489,False,OUT_OF_SCOPE,False,TN,core_symbol_text contains dt_FB_ without toolchain gate,"Lexical transfer probe only; not runtime semantics, function-boundary correctness, or vulnerability detection.",DERIVED_EVIDENCE
openplcV2_SRAMP,SRAMP,OpenPLCv2,fold_7,8862899cd6ae3e74f500635ea13a838e2bbeebbff0508df634c809e1f509f505,ef6ab24101fe0d31faef4e57c1562622b7f049811db25bb9d194fd72f237c626,True,OUT_OF_SCOPE,False,FN,core_symbol_text contains dt_FB_ without toolchain gate,"Lexical transfer probe only; not runtime semantics, function-boundary correctness, or vulnerability detection.",DERIVED_EVIDENCE
openplcV2_STACK_16,STACK_16,OpenPLCv2,fold_4,121dfa78d6328514be8e1a42db4b581c937310a548b2c732c1d60f969e94d38a,cb2fc4a281ed54ba53a80820cb5f251ed8f4a1b445b2d6cef39b70e7aea38b34,True,OUT_OF_SCOPE,False,FN,core_symbol_text contains dt_FB_ without toolchain gate,"Lexical transfer probe only; not runtime semantics, function-boundary correctness, or vulnerability detection.",DERIVED_EVIDENCE
openplcV2_STACK_32,STACK_32,OpenPLCv2,fold_5,56ad802507752598c1818f8350d2db11ee2e618e21299ef7ad7fda23f9347045,4086f560363b3fd1207c34c5000e0d391e40801e2abed0efe899ad4b17fcfe75,True,OUT_OF_SCOPE,False,FN,core_symbol_text contains dt_FB_ without toolchain gate,"Lexical transfer probe only; not runtime semantics, function-boundary correctness, or vulnerability detection.",DERIVED_EVIDENCE
openplcV2_STAIR,STAIR,OpenPLCv2,fold_7,6e9c92c8bcdb7d03d58189b6b72764b8efb3c33e88910b08f22b6203e238679b,4c5b0637eb88ebb8bc75600dd928a340409246bba17f587f037829673b8fce43,False,OUT_OF_SCOPE,False,TN,core_symbol_text contains dt_FB_ without toolchain gate,"Lexical transfer probe only; not runtime semantics, function-boundary correctness, or vulnerability detection.",DERIVED_EVIDENCE
openplcV2_STAIR2,STAIR2,OpenPLCv2,fold_8,75c8b6e40ad2c75db3d4a7586f11e030be0ddd173dc5da5a2cf933202d70e17f,49f4df8a960013f79fbead2427b012efa8aea7250c351e19b58897994eaddfae,True,OUT_OF_SCOPE,False,FN,core_symbol_text contains dt_FB_ without toolchain gate,"Lexical transfer probe only; not runtime semantics, function-boundary correctness, or vulnerability detection.",DERIVED_EVIDENCE
openplcV2_STATUS_TO_ESR,STATUS_TO_ESR,OpenPLCv2,fold_7,04f81b926c3554a3bd9af47da79561d8084860c9c7d695caa3249f83048593dc,766a4ff07937e9b91d8a72024445ceed58fb7a6e7f8c76da8e0026dd4d94dde2,True,OUT_OF_SCOPE,False,FN,core_symbol_text contains dt_FB_ without toolchain gate,"Lexical transfer probe only; not runtime semantics, function-boundary correctness, or vulnerability detection.",DERIVED_EVIDENCE
openplcV2_STORE_8,STORE_8,OpenPLCv2,fold_4,3eed2d8b4bc4a36220bc8a4afc70657622d263ae4ca01fe8447bee31ccd71896,1820f19eb4de8662f29f99d6818ddfa67300776e3f0d8f182ba46b6dbf35cfa9,True,OUT_OF_SCOPE,False,FN,core_symbol_text contains dt_FB_ without toolchain gate,"Lexical transfer probe only; not runtime semantics, function-boundary correctness, or vulnerability detection.",DERIVED_EVIDENCE
openplcV2_STRING_TO_TOD,STRING_TO_TOD,OpenPLCv2,fold_3,83f146d1d5247a1ea37a3d386ebf0d42444391d50deaf515065db8d1b2f0af3b,b80c3f33b54ccee7e10959ccd3231b7ebd69248407063d798b894f70d49a9442,True,OUT_OF_SCOPE,False,FN,core_symbol_text contains dt_FB_ without toolchain gate,"Lexical transfer probe only; not runtime semantics, function-boundary correctness, or vulnerability detection.",DERIVED_EVIDENCE
openplcV2_STRING_TO_URL,STRING_TO_URL,OpenPLCv2,fold_8,f0b9c68518f8653df86cd47490388d3e090a592508df2295183af7c6238baf4b,109ebb6b966fac914f734da7f9e210ef32ddf75b4194a0b099312f1aa70a8673,True,OUT_OF_SCOPE,False,FN,core_symbol_text contains dt_FB_ without toolchain gate,"Lexical transfer probe only; not runtime semantics, function-boundary correctness, or vulnerability detection.",DERIVED_EVIDENCE
openplcV2_SUN_MIDDAY,SUN_MIDDAY,OpenPLCv2,fold_0,014274224eaa5c32729cd26f9c974f44bdaa42851b8c1d717fd89a54f2f4a84b,bd2f72716657fc21b58e2c72f370cc12cef221593c0a17bba67670b875bc003c,False,OUT_OF_SCOPE,False,TN,core_symbol_text contains dt_FB_ without toolchain gate,"Lexical transfer probe only; not runtime semantics, function-boundary correctness, or vulnerability detection.",DERIVED_EVIDENCE
openplcV2_SUN_POS,SUN_POS,OpenPLCv2,fold_1,c7a20909b59490033c2f17a5cdd13fd9eef830e69e46890a05248638bfadadaf,0effd02e6e81db82554160ae252ac97cb03a0de9233486f8c3ec6d8ee535bba7,True,OUT_OF_SCOPE,False,FN,core_symbol_text contains dt_FB_ without toolchain gate,"Lexical transfer probe only; not runtime semantics, function-boundary correctness, or vulnerability detection.",DERIVED_EVIDENCE
openplcV2_SWAP_BYTE,SWAP_BYTE,OpenPLCv2,fold_4,92e833c65e25014dfb92466e5d364754d5a0d9da385eebc7aebaf3c8e86453a9,2332975d66bb55325cd77c8a971b2377d2a57fdc352c14bbf1c9aeb4d1cc5a97,False,OUT_OF_SCOPE,False,TN,core_symbol_text contains dt_FB_ without toolchain gate,"Lexical transfer probe only; not runtime semantics, function-boundary correctness, or vulnerability detection.",DERIVED_EVIDENCE
openplcV2_SWAP_BYTE2,SWAP_BYTE2,OpenPLCv2,fold_5,a15871a11881cfe4f0e8250a0eabe041647a7507b8d0d41621169e7bd355ee3e,c9b5d594d64d87f1d7aa0beb4180fa2238e468b4773bc3a9d396762414474dd4,False,OUT_OF_SCOPE,False,TN,core_symbol_text contains dt_FB_ without toolchain gate,"Lexical transfer probe only; not runtime semantics, function-boundary correctness, or vulnerability detection.",DERIVED_EVIDENCE
openplcV2_SWITCH_I,SWITCH_I,OpenPLCv2,fold_9,d0c5154e1914711bdd19e63b38967dbd7c69be27d0e5cf61df87bae7b26e8b52,3a49ceb6a0d670032355116409a4097d234ef2c027ac29f28c14c557eef3fcf9,True,OUT_OF_SCOPE,False,FN,core_symbol_text contains dt_FB_ without toolchain gate,"Lexical transfer probe only; not runtime semantics, function-boundary correctness, or vulnerability detection.",DERIVED_EVIDENCE
openplcV2_SWITCH_X,SWITCH_X,OpenPLCv2,fold_0,c7d2fe26e4e4552059c884eab5c0ab3f447e0ba2ca526323ae57f1ad1ec11e14,12265f9ebd2b0db3f89ac71526b0ad184fe7ac519f21afa9c1b7df71b701a2c4,True,OUT_OF_SCOPE,False,FN,core_symbol_text contains dt_FB_ without toolchain gate,"Lexical transfer probe only; not runtime semantics, function-boundary correctness, or vulnerability detection.",DERIVED_EVIDENCE
openplcV2_SW_RECONFIG,SW_RECONFIG,OpenPLCv2,fold_8,85cb6529c28bec677990f3cf46114414b78bc02794140e61692fe3fee5c79e92,0fd6695ab5dd70f440c3ed3a2722554eaf45d6adc9ef1543519d30c7adae096c,True,OUT_OF_SCOPE,False,FN,core_symbol_text contains dt_FB_ without toolchain gate,"Lexical transfer probe only; not runtime semantics, function-boundary correctness, or vulnerability detection.",DERIVED_EVIDENCE
openplcV2_TANC,TANC,OpenPLCv2,fold_2,c3cdbbda80e74b677a8ead1310d44061b916ad18c109aed5a81935de3c406e3f,ffb8bb8f1f729150476eaee6446419c1e5e86ca25d15ee8fbdffe0bf42ea3311,False,OUT_OF_SCOPE,False,TN,core_symbol_text contains dt_FB_ without toolchain gate,"Lexical transfer probe only; not runtime semantics, function-boundary correctness, or vulnerability detection.",DERIVED_EVIDENCE
openplcV2_TANH,TANH,OpenPLCv2,fold_3,85a5fcf01b2a508d371c1569c5ae6e53a1c29de5bd9c025d0dbca63c1174dfea,d033ae9b00040b4ec4d2cdacab6e836b952943b282f3a9aa91c4ef5e005efc1e,False,OUT_OF_SCOPE,False,TN,core_symbol_text contains dt_FB_ without toolchain gate,"Lexical transfer probe only; not runtime semantics, function-boundary correctness, or vulnerability detection.",DERIVED_EVIDENCE
openplcV2_TANK_LEVEL,TANK_LEVEL,OpenPLCv2,fold_1,276390ec206094e756bca15a2dc79805573c8844ea98afc003b3fa53fc62e1cc,e7302a16bc2137576c502de5b855ee9e5584e59ca221fc3cc50230c7930ad54f,True,OUT_OF_SCOPE,False,FN,core_symbol_text contains dt_FB_ without toolchain gate,"Lexical transfer probe only; not runtime semantics, function-boundary correctness, or vulnerability detection.",DERIVED_EVIDENCE
openplcV2_TANK_VOL1,TANK_VOL1,OpenPLCv2,fold_2,de4221f5e90876f3f56d3919ae75a16e46ee4c1836a8bdf9db011c6131a0c31a,9333ce7314fba2868763c4ca8429049ac0bdeb8d58d68382b5de13926f5ed737,False,OUT_OF_SCOPE,False,TN,core_symbol_text contains dt_FB_ without toolchain gate,"Lexical transfer probe only; not runtime semantics, function-boundary correctness, or vulnerability detection.",DERIVED_EVIDENCE
openplcV2_TANK_VOL2,TANK_VOL2,OpenPLCv2,fold_3,b52eed3224b8ced7f51e0465a9e5a4b1ab342a5793ab05d7480bf88c6838ca13,10d4b50d66a86dd05b0e51e42f67b9e1cfbaccb28add4e6fbc78e45cb738fc5a,False,OUT_OF_SCOPE,False,TN,core_symbol_text contains dt_FB_ without toolchain gate,"Lexical transfer probe only; not runtime semantics, function-boundary correctness, or vulnerability detection.",DERIVED_EVIDENCE
openplcV2_TC_MS,TC_MS,OpenPLCv2,fold_6,1926c821df00ee53950c4b8b0269a1207c769a903987f8dae83ec4411264abe0,ad349351e1ee0a8a2dafe781834ba629322ebb412d91aef0617e4080dca1b812,True,OUT_OF_SCOPE,False,FN,core_symbol_text contains dt_FB_ without toolchain gate,"Lexical transfer probe only; not runtime semantics, function-boundary correctness, or vulnerability detection.",DERIVED_EVIDENCE
openplcV2_TC_S,TC_S,OpenPLCv2,fold_7,d845020f1519f4783483e0f8fd3474b215de8ee94fc6ea339174ac68d15492d4,2f54ea77b5a09b2f153baef950d5f4a87a6319dd8b79342647f3c03f58f12df7,True,OUT_OF_SCOPE,False,FN,core_symbol_text contains dt_FB_ without toolchain gate,"Lexical transfer probe only; not runtime semantics, function-boundary correctness, or vulnerability detection.",DERIVED_EVIDENCE
openplcV2_TC_US,TC_US,OpenPLCv2,fold_8,795156247698ff8ce1d5023e767d78ca348cf3a819543338de2fc4b8dfe8ade0,4ba5fddffe15141d3b484e6061b53e3a920e05a95cf8839e11f0a6c156a97c8a,True,OUT_OF_SCOPE,False,FN,core_symbol_text contains dt_FB_ without toolchain gate,"Lexical transfer probe only; not runtime semantics, function-boundary correctness, or vulnerability detection.",DERIVED_EVIDENCE
openplcV2_TEMPERATURE,TEMPERATURE,OpenPLCv2,fold_9,1654bc6a4a49c21bfb09390fca740b3cbdc71cd1f5f8b2db8e362512231b8a8d,b98bed93d1bfb9605ccdf0d5b3e5f6980bf800b8e80acf869a263b14b0e6cf16,True,OUT_OF_SCOPE,False,FN,core_symbol_text contains dt_FB_ without toolchain gate,"Lexical transfer probe only; not runtime semantics, function-boundary correctness, or vulnerability detection.",DERIVED_EVIDENCE
openplcV2_TEMP_EXT,TEMP_EXT,OpenPLCv2,fold_4,31f535694a62919f0a4ded72ebf31aee4053278e1db74984916739001c804e12,2273138624dccbea6849b0dbd5c1b1633ba7950d2e43e985284357150602c03a,True,OUT_OF_SCOPE,False,FN,core_symbol_text contains dt_FB_ without toolchain gate,"Lexical transfer probe only; not runtime semantics, function-boundary correctness, or vulnerability detection.",DERIVED_EVIDENCE
openplcV2_TEMP_NI,TEMP_NI,OpenPLCv2,fold_6,3ac40469b7954c2169208fb12c320c899ac29aa944ac512077cecf9d6bec117b,2b92819bfee806dcfff6644c7a58f8467c6a3c66e7e19f8714fa96538295885e,False,OUT_OF_SCOPE,False,TN,core_symbol_text contains dt_FB_ without toolchain gate,"Lexical transfer probe only; not runtime semantics, function-boundary correctness, or vulnerability detection.",DERIVED_EVIDENCE
openplcV2_TEMP_NTC,TEMP_NTC,OpenPLCv2,fold_7,81258338bc0766fe2c763a4a3aba327b7a7efa824bb37302da36d0cb0e2dae02,d7f73e5005059e0c5639206253a1bfb0302007ee29ecbc7b6f70e80381f980dc,False,OUT_OF_SCOPE,False,TN,core_symbol_text contains dt_FB_ without toolchain gate,"Lexical transfer probe only; not runtime semantics, function-boundary correctness, or vulnerability detection.",DERIVED_EVIDENCE
openplcV2_TEMP_PT,TEMP_PT,OpenPLCv2,fold_8,48553b76ca445c77b499fb5a1fe15984a4aa20c3708fb7f194fda94805b606fd,0fadc5e563d4b545e157fe691964ea5fa7315d7dd8a2a65baaf4993113980628,False,OUT_OF_SCOPE,False,TN,core_symbol_text contains dt_FB_ without toolchain gate,"Lexical transfer probe only; not runtime semantics, function-boundary correctness, or vulnerability detection.",DERIVED_EVIDENCE
openplcV2_TEMP_SI,TEMP_SI,OpenPLCv2,fold_9,bece8a5bb17e67b58d72e9d832172c8caf302b88b3870a26b5fc7d923b35a56f,969e5023f4c2cc160bccfb8c119955b04c2bcf546e74d1c164fe2209032bc43e,False,OUT_OF_SCOPE,False,TN,core_symbol_text contains dt_FB_ without toolchain gate,"Lexical transfer probe only; not runtime semantics, function-boundary correctness, or vulnerability detection.",DERIVED_EVIDENCE
openplcV2_TICKER,TICKER,OpenPLCv2,fold_4,9fe17064d7ecee089c678bdc6ed0da7c8cffdf4fd10bb010140096f9a3c4894b,e72a60713f7be7e8134f1aaf039a83b421119553447e6a11f64d76fe1618e37a,True,OUT_OF_SCOPE,False,FN,core_symbol_text contains dt_FB_ without toolchain gate,"Lexical transfer probe only; not runtime semantics, function-boundary correctness, or vulnerability detection.",DERIVED_EVIDENCE
openplcV2_TIMECHECK,TIMECHECK,OpenPLCv2,fold_8,7d7d38d0a7e8e513efd440d398cd26745418ad3f9b77fe210409266b109972d2,0f3b0a012f5b5e7d0bec992f48f89afa626b5efa2c3ebed518e4696b576f499f,False,OUT_OF_SCOPE,False,TN,core_symbol_text contains dt_FB_ without toolchain gate,"Lexical transfer probe only; not runtime semantics, function-boundary correctness, or vulnerability detection.",DERIVED_EVIDENCE
openplcV2_TIMER_1,TIMER_1,OpenPLCv2,fold_1,c0e8a98ef0bbadf5323db84fc661dfa8ac050e900959281d9c22e236bb3189e0,261685f8e59e5103e79d9de2904488141c17d9db8f3bf58b14899b28aecc16eb,True,OUT_OF_SCOPE,False,FN,core_symbol_text contains dt_FB_ without toolchain gate,"Lexical transfer probe only; not runtime semantics, function-boundary correctness, or vulnerability detection.",DERIVED_EVIDENCE
openplcV2_TIMER_2,TIMER_2,OpenPLCv2,fold_2,cc57b3417ee2528baf5dcb93b3e620c5f46e4469b33234817485cb7b7d806589,ddee381f8c16ab7f0c350befb93aa074705ebcaa4b0dd248913fa05e2ee3d8f3,True,OUT_OF_SCOPE,False,FN,core_symbol_text contains dt_FB_ without toolchain gate,"Lexical transfer probe only; not runtime semantics, function-boundary correctness, or vulnerability detection.",DERIVED_EVIDENCE
openplcV2_TIMER_EXT,TIMER_EXT,OpenPLCv2,fold_3,16b63c17262f782d96cfd126816f68899a5239ab125dfd910e29fc02ac2185d4,b756e3c509d115ecdfe37c7243d212f80d75c48c51f5dbc501136628d4a625e5,True,OUT_OF_SCOPE,False,FN,core_symbol_text contains dt_FB_ without toolchain gate,"Lexical transfer probe only; not runtime semantics, function-boundary correctness, or vulnerability detection.",DERIVED_EVIDENCE
openplcV2_TIME_TO_DWORD,TIME_TO_DWORD,OpenPLCv2,fold_3,a1543679930f9a1d9dadfd1aafbac82fa749eb2742c204f015d5e4a5d8aacd06,db9ccfb10573b1420b4577e1a28ed36131791ce9433cdb110075653f3ad84fa0,False,OUT_OF_SCOPE,False,TN,core_symbol_text contains dt_FB_ without toolchain gate,"Lexical transfer probe only; not runtime semantics, function-boundary correctness, or vulnerability detection.",DERIVED_EVIDENCE
openplcV2_TIME_TO_INT,TIME_TO_INT,OpenPLCv2,fold_4,98f0536cca1fcd1be784115a52ce7cc2abfa76549345f28f78aa832106aff66d,cfa840eb644c67a8748a42e11b568c63346e4edef742f1ff69b414345df7e852,False,OUT_OF_SCOPE,False,TN,core_symbol_text contains dt_FB_ without toolchain gate,"Lexical transfer probe only; not runtime semantics, function-boundary correctness, or vulnerability detection.",DERIVED_EVIDENCE
openplcV2_TIME_TO_REAL,TIME_TO_REAL,OpenPLCv2,fold_5,6f26103e9bff6c436b6f14afea2e175f934baceacd1db4154da207fce7209811,3f176a0dd0b22cc8a96e5e4a6cea9299828f139377dbfb88e3bbc663ca79baa3,False,OUT_OF_SCOPE,False,TN,core_symbol_text contains dt_FB_ without toolchain gate,"Lexical transfer probe only; not runtime semantics, function-boundary correctness, or vulnerability detection.",DERIVED_EVIDENCE
openplcV2_TIME_TO_TOD,TIME_TO_TOD,OpenPLCv2,fold_6,b2f984c3b80be7e033ca903965031acb83a32d9a11ac0b87b18aff156cf6e256,a4d697bfc1f732a1a1cf8f2f2d33a74548da4f7260cffc8e8bb0964bf1485759,False,OUT_OF_SCOPE,False,TN,core_symbol_text contains dt_FB_ without toolchain gate,"Lexical transfer probe only; not runtime semantics, function-boundary correctness, or vulnerability detection.",DERIVED_EVIDENCE
openplcV2_TIME_TO_UDINT,TIME_TO_UDINT,OpenPLCv2,fold_7,4c1d17c3e51536dc6fcddf671109a3884fef697346aaa97cf362533abdc2ce17,5de66631489ee0a56d58d96357e874219e76b98ae5003cd8c4dd023813ecd6dd,False,OUT_OF_SCOPE,False,TN,core_symbol_text contains dt_FB_ without toolchain gate,"Lexical transfer probe only; not runtime semantics, function-boundary correctness, or vulnerability detection.",DERIVED_EVIDENCE
openplcV2_TMAX,TMAX,OpenPLCv2,fold_7,e95a171207b0b49f6e2ea011b4599188fe0df11fd815cc14fe02d028e50bfa62,cf8a25d1f7d39e1d7432467a16c358d2adf377704350263ed35495c5bfeb2473,True,OUT_OF_SCOPE,False,FN,core_symbol_text contains dt_FB_ without toolchain gate,"Lexical transfer probe only; not runtime semantics, function-boundary correctness, or vulnerability detection.",DERIVED_EVIDENCE
openplcV2_TMIN,TMIN,OpenPLCv2,fold_8,41fd12738b256523c9397c95b2a0a79f6ba19ac0544151d47a63e22cef14e893,9337073c90c29afe85290a1650e9ef48b8a07a92f6c41f84a2940ebc8ae3d033,True,OUT_OF_SCOPE,False,FN,core_symbol_text contains dt_FB_ without toolchain gate,"Lexical transfer probe only; not runtime semantics, function-boundary correctness, or vulnerability detection.",DERIVED_EVIDENCE
openplcV2_TN_RECEIVE,TN_RECEIVE,OpenPLCv2,fold_5,510bf2c94c7bc1b3ee043df0668be5e02ddcd3a9697fbea508c70d83eb84442a,2734fa94e2e193d034e12aec735afc385b7e4c6faf6fe2729fe757b638ae471f,True,OUT_OF_SCOPE,False,FN,core_symbol_text contains dt_FB_ without toolchain gate,"Lexical transfer probe only; not runtime semantics, function-boundary correctness, or vulnerability detection.",DERIVED_EVIDENCE
openplcV2_TN_SC_AREA_SAVE,TN_SC_AREA_SAVE,OpenPLCv2,fold_8,93ac610db1aaf434bf795d6a34a9ade7a7052c54e68dfe56a8ee2b596d47755c,e1c75e70ad0cbb3ca12bab3877ae94468998abb3cb77bc012537f367d626c033,True,OUT_OF_SCOPE,False,FN,core_symbol_text contains dt_FB_ without toolchain gate,"Lexical transfer probe only; not runtime semantics, function-boundary correctness, or vulnerability detection.",DERIVED_EVIDENCE
openplcV2_TN_SC_FILL,TN_SC_FILL,OpenPLCv2,fold_0,9e234474521138b625493ac52df9fc4ebbb71766f7712b2c4b16ce849459b75c,cf5e62d8df0bcd6853b4c8a4c14d73a47a9910fa4c8144a2423a534802b76c50,True,OUT_OF_SCOPE,False,FN,core_symbol_text contains dt_FB_ without toolchain gate,"Lexical transfer probe only; not runtime semantics, function-boundary correctness, or vulnerability detection.",DERIVED_EVIDENCE
openplcV2_TN_SC_READ_ATTR,TN_SC_READ_ATTR,OpenPLCv2,fold_2,9a4a1beb36a4535ea9ee7d98e187ed978289295e7b8e37279b46cd46e9f69a18,b3eafc7ad99860095e5e0e013befd9c52606ccd8cd62234d0a304e9907161121,True,OUT_OF_SCOPE,False,FN,core_symbol_text contains dt_FB_ without toolchain gate,"Lexical transfer probe only; not runtime semantics, function-boundary correctness, or vulnerability detection.",DERIVED_EVIDENCE
openplcV2_TN_SC_READ_CHAR,TN_SC_READ_CHAR,OpenPLCv2,fold_3,7a99bd858f2b571ba00ba02b344a04f78e3f738a2fa65dcd44ed3468a54d20f9,30ba1e7dbb43058ef6d6ae1e108db3d3f4c1873361087b0879b7e1ff031b46fd,True,OUT_OF_SCOPE,False,FN,core_symbol_text contains dt_FB_ without toolchain gate,"Lexical transfer probe only; not runtime semantics, function-boundary correctness, or vulnerability detection.",DERIVED_EVIDENCE
openplcV2_TN_SC_SHADOW_ATTR,TN_SC_SHADOW_ATTR,OpenPLCv2,fold_4,b9ffcdec9f4e50011afe1673e2bb1e2dfec427aeaa22c1d37151a43f3a55530f,1092cfd230e5f3fea3515b7d1f9014c6f65a5ddc580777ba6f98dfe79d458069,False,OUT_OF_SCOPE,False,TN,core_symbol_text contains dt_FB_ without toolchain gate,"Lexical transfer probe only; not runtime semantics, function-boundary correctness, or vulnerability detection.",DERIVED_EVIDENCE
openplcV2_TN_SC_WRITE_ATTR,TN_SC_WRITE_ATTR,OpenPLCv2,fold_5,040cd950a38aacc844dfd78592e7476967fcacac091dd4108ed0238930cc3a72,54f0e7a020eed446c1d5e2197c13261ae90497ebbbe47af31a75987103d5a20c,True,OUT_OF_SCOPE,False,FN,core_symbol_text contains dt_FB_ without toolchain gate,"Lexical transfer probe only; not runtime semantics, function-boundary correctness, or vulnerability detection.",DERIVED_EVIDENCE
openplcV2_TN_SC_WRITE_CHAR,TN_SC_WRITE_CHAR,OpenPLCv2,fold_6,92a5f1bc1eda171b7852d4e80fd57b9e31e5d9afef99931f65ec358224310b8f,e6d02d9a47ce4849ff6a7651e0c2044f1c31741f23733066b31ba29764dbb398,True,OUT_OF_SCOPE,False,FN,core_symbol_text contains dt_FB_ without toolchain gate,"Lexical transfer probe only; not runtime semantics, function-boundary correctness, or vulnerability detection.",DERIVED_EVIDENCE
openplcV2_TN_SC_XY2_ERROR,TN_SC_XY2_ERROR,OpenPLCv2,fold_8,f512b66668f1df84956bd51356e3fbab33c99d9eb3c6ea6e6b743e9cf75c937f,79aee456181567a48294d1a5bbcc21c2302f6c9d86797a1286ed8df146e49638,False,OUT_OF_SCOPE,False,TN,core_symbol_text contains dt_FB_ without toolchain gate,"Lexical transfer probe only; not runtime semantics, function-boundary correctness, or vulnerability detection.",DERIVED_EVIDENCE
openplcV2_TN_SC_XY_ERROR,TN_SC_XY_ERROR,OpenPLCv2,fold_7,0d8ef550ac31ca8dfe0b51d5d8b45b7368b13821d1f62dc2e6f1bd0f7a36423b,d7f250edde873f3ea257396402e02ffc91c1d920329addeaab61a8854034f1dc,False,OUT_OF_SCOPE,False,TN,core_symbol_text contains dt_FB_ without toolchain gate,"Lexical transfer probe only; not runtime semantics, function-boundary correctness, or vulnerability detection.",DERIVED_EVIDENCE
openplcV2_TN_SEND_ROWS,TN_SEND_ROWS,OpenPLCv2,fold_9,fa1700de9fbaacc998113adf4f7932c6b99ee2b0022718e19da7103bb279a50a,f65d7944de18f918a70f2f0bab26daeb38c39ded0b30cbf274456738c76a792a,True,OUT_OF_SCOPE,False,FN,core_symbol_text contains dt_FB_ without toolchain gate,"Lexical transfer probe only; not runtime semantics, function-boundary correctness, or vulnerability detection.",DERIVED_EVIDENCE
openplcV2_TOD_TO_REAL,TOD_TO_REAL,OpenPLCv2,fold_6,3e6959c926bf79d508013e9dde8f58c66fcb71a23d4474e52e5b3ac23166b89c,7f982a2cad7a33ba693a272b464268bebb296984f9df96c2790dbb7db7641cb4,False,OUT_OF_SCOPE,False,TN,core_symbol_text contains dt_FB_ without toolchain gate,"Lexical transfer probe only; not runtime semantics, function-boundary correctness, or vulnerability detection.",DERIVED_EVIDENCE
openplcV2_TOD_TO_STRING,TOD_TO_STRING,OpenPLCv2,fold_8,fc91f3aa666a69778473c2aff1b20ca130758aca08acbe0376f234e84cae24e5,4efca22e2261cca9fd59695da8232dd1dbf5ee107dbffc1923c3615c0dc903b3,True,OUT_OF_SCOPE,False,FN,core_symbol_text contains dt_FB_ without toolchain gate,"Lexical transfer probe only; not runtime semantics, function-boundary correctness, or vulnerability detection.",DERIVED_EVIDENCE
openplcV2_TOD_TO_TIME,TOD_TO_TIME,OpenPLCv2,fold_9,7e54a3fd6644e16583ea607dadf0268166757f002ac1dee33b990208cf1c8219,378914d8939f36ee4aa47e7e35ea4b837ddd404366e0a9d5d71a613f68f9773e,False,OUT_OF_SCOPE,False,TN,core_symbol_text contains dt_FB_ without toolchain gate,"Lexical transfer probe only; not runtime semantics, function-boundary correctness, or vulnerability detection.",DERIVED_EVIDENCE
openplcV2_TOF_1,TOF_1,OpenPLCv2,fold_9,be329a3a8c80046caf8cb023b046f92455c0d139e83ba100ba7326cdcbcb4a01,a2459bb214ae1b516e8c3cc57d4554e51902f7815d20f2b98c94de828e5d4daf,True,OUT_OF_SCOPE,False,FN,core_symbol_text contains dt_FB_ without toolchain gate,"Lexical transfer probe only; not runtime semantics, function-boundary correctness, or vulnerability detection.",DERIVED_EVIDENCE
openplcV2_TOGGLE,TOGGLE,OpenPLCv2,fold_5,7c9bffbb7ff6ecc3abafff2ce0f93e6f6ac2d6167ed94decfa0287ab5a3baae3,53f1a8e9c702799d49aa1671c119e9437c94e1343481c770b6675b5fb4fb86a1,True,OUT_OF_SCOPE,False,FN,core_symbol_text contains dt_FB_ without toolchain gate,"Lexical transfer probe only; not runtime semantics, function-boundary correctness, or vulnerability detection.",DERIVED_EVIDENCE
openplcV2_TONOF,TONOF,OpenPLCv2,fold_0,fdd96f53080ed894a471f6f9fbbff5332ee29297cdd8bfadb7d58a787f5d428e,35d1140a31b1c924d8d7062f22bbcd6442157990b5872321267eed7fcfce6be6,True,OUT_OF_SCOPE,False,FN,core_symbol_text contains dt_FB_ without toolchain gate,"Lexical transfer probe only; not runtime semantics, function-boundary correctness, or vulnerability detection.",DERIVED_EVIDENCE
openplcV2_TO_LOWER,TO_LOWER,OpenPLCv2,fold_5,d9972b7c31b7581dab4c8ac2aad04a6468e4e39364448a71474550226f9f648a,54266c1c7316c97923073d482b929c4e1c7e366096df9450df341baefe1c23bf,False,OUT_OF_SCOPE,False,TN,core_symbol_text contains dt_FB_ without toolchain gate,"Lexical transfer probe only; not runtime semantics, function-boundary correctness, or vulnerability detection.",DERIVED_EVIDENCE
openplcV2_TO_UML,TO_UML,OpenPLCv2,fold_6,13ebf757ca52a977a5108365ebfd8e3e308753dcbfdf7aa8165929713e4f06ea,aa23adb40f98c498d6670c2e0b6e76769004fe4a454f69c04d6f7dfe15eb0658,True,OUT_OF_SCOPE,False,FN,core_symbol_text contains dt_FB_ without toolchain gate,"Lexical transfer probe only; not runtime semantics, function-boundary correctness, or vulnerability detection.",DERIVED_EVIDENCE
openplcV2_TO_UPPER,TO_UPPER,OpenPLCv2,fold_7,d7c02f3c8f62a4a60eff9380ff94d0c8e040fcf8da52898286084e279add1257,526c7ce6bd612b24e93b9b61fca6dc62f1bd41adddee5bc175433dbd4484bcca,False,OUT_OF_SCOPE,False,TN,core_symbol_text contains dt_FB_ without toolchain gate,"Lexical transfer probe only; not runtime semantics, function-boundary correctness, or vulnerability detection.",DERIVED_EVIDENCE
openplcV2_TP_1,TP_1,OpenPLCv2,fold_1,09b7715840932a618b06f1c0c089346ef4a6c9c58dece4cff6dceec7a139d16e,34d21aee82dcefa94bc30b633cd67c09a7ea157f30a7f55dc0012dc3243bd6ba,True,OUT_OF_SCOPE,False,FN,core_symbol_text contains dt_FB_ without toolchain gate,"Lexical transfer probe only; not runtime semantics, function-boundary correctness, or vulnerability detection.",DERIVED_EVIDENCE
openplcV2_TP_1D,TP_1D,OpenPLCv2,fold_2,09ebdd389879e24405eb20e73ee0ccc0707660beb3af943c02196bec48e1ec99,d3a7271392c490ad6b97a04cbd024a40462a5de776ea2aa39bfa50b91a0908a4,True,OUT_OF_SCOPE,False,FN,core_symbol_text contains dt_FB_ without toolchain gate,"Lexical transfer probe only; not runtime semantics, function-boundary correctness, or vulnerability detection.",DERIVED_EVIDENCE
openplcV2_TP_X,TP_X,OpenPLCv2,fold_3,5dff132ae8fb9a939aabcbe4a0f4302141bb8da5e06b521c38e9f6ce31f2ab98,faafcb82608a6b1afe1441fc9d04224ead7b52894706ff5894e9c0f0c270ca2f,True,OUT_OF_SCOPE,False,FN,core_symbol_text contains dt_FB_ without toolchain gate,"Lexical transfer probe only; not runtime semantics, function-boundary correctness, or vulnerability detection.",DERIVED_EVIDENCE
openplcV2_TREND,TREND,OpenPLCv2,fold_9,cb624e6118bb33e1838954f88e96ec3802f4d2ca7ca24b248d3c2bd59d07a3aa,6320b9994937e6edc7cfbbcd23ffc31a70d653c3a2633f4a7340847219aa0cc6,True,OUT_OF_SCOPE,False,FN,core_symbol_text contains dt_FB_ without toolchain gate,"Lexical transfer probe only; not runtime semantics, function-boundary correctness, or vulnerability detection.",DERIVED_EVIDENCE
openplcV2_TREND_DW,TREND_DW,OpenPLCv2,fold_0,bd99c3273bc07db523628fd02a119c96f3f68e72ecb102d0fe0002175a826f82,79f44eaedf904bee41e66fa7921bcad7df1f1af4dc0deccd29317bc62a75700c,True,OUT_OF_SCOPE,False,FN,core_symbol_text contains dt_FB_ without toolchain gate,"Lexical transfer probe only; not runtime semantics, function-boundary correctness, or vulnerability detection.",DERIVED_EVIDENCE
openplcV2_TRIANGLE_A,TRIANGLE_A,OpenPLCv2,fold_8,49a18c1c4f5cd13da8f5951903f97a413ddb42e773f3eeef7540d4822bd3e1a4,36c0feffcf087e073a9ab854545bed0c3722c9bac5bb7c9e4598fe9354eba614,False,OUT_OF_SCOPE,False,TN,core_symbol_text contains dt_FB_ without toolchain gate,"Lexical transfer probe only; not runtime semantics, function-boundary correctness, or vulnerability detection.",DERIVED_EVIDENCE
openplcV2_TRIM,TRIM,OpenPLCv2,fold_9,9363f665bd20e55a213cb4e5831ec2fbdb34c64655e6302cea2aae5a2786bef8,17c091e0f10cb9d357c138205f224835c0d74109ba693194a1f646bdca988261,True,OUT_OF_SCOPE,False,FN,core_symbol_text contains dt_FB_ without toolchain gate,"Lexical transfer probe only; not runtime semantics, function-boundary correctness, or vulnerability detection.",DERIVED_EVIDENCE
openplcV2_TRIM1,TRIM1,OpenPLCv2,fold_0,700212841f2763d3b869d7b78e01b596a11ca111d66d6e60ba598642c243b068,de76116bf85d05c2d4b45f51b8920411dff45be3a57a22cb9ba08c02f54fb4c0,True,OUT_OF_SCOPE,False,FN,core_symbol_text contains dt_FB_ without toolchain gate,"Lexical transfer probe only; not runtime semantics, function-boundary correctness, or vulnerability detection.",DERIVED_EVIDENCE
openplcV2_TRUNC_REAL,TRUNC_REAL,OpenPLCv2,fold_4,214b36bcaa2f92b264089e7210aa19a0501fc55f24597c255b3dbbdd968764d8,f60231babb1beab403ffa8fbdac66eb500088001b8c05e7a6cea4774d98dab8c,False,OUT_OF_SCOPE,False,TN,core_symbol_text contains dt_FB_ without toolchain gate,"Lexical transfer probe only; not runtime semantics, function-boundary correctness, or vulnerability detection.",DERIVED_EVIDENCE
openplcV2_TRUNC_UDINT,TRUNC_UDINT,OpenPLCv2,fold_5,138e3279f224f0e4a2fe947df1f78d5d0536a1ccd3db0cd4617353d195d30f16,f2202a96e1f6f9f91e2d72637248aaf26ac4723c414853ca061b17777ef49bad,False,OUT_OF_SCOPE,False,TN,core_symbol_text contains dt_FB_ without toolchain gate,"Lexical transfer probe only; not runtime semantics, function-boundary correctness, or vulnerability detection.",DERIVED_EVIDENCE
openplcV2_TUNE,TUNE,OpenPLCv2,fold_8,af6f653e978cb3933dcf23dc637b81d8a7710fedcee181dbea023b453323ef18,b594975974eb145a183d43627cd5d3331f2ab348a1bd134442a1bc87dd31a531,True,OUT_OF_SCOPE,False,FN,core_symbol_text contains dt_FB_ without toolchain gate,"Lexical transfer probe only; not runtime semantics, function-boundary correctness, or vulnerability detection.",DERIVED_EVIDENCE
openplcV2_TUNE2,TUNE2,OpenPLCv2,fold_9,b3748bb5b4ba10b8a9a10fd758dca1e15619115c4712c3424c7a5628eaea22c9,9cb67a0cb5e7a68b02c5fcc6bf30e718db445f583917789768f4e7caeb95e6a8,True,OUT_OF_SCOPE,False,FN,core_symbol_text contains dt_FB_ without toolchain gate,"Lexical transfer probe only; not runtime semantics, function-boundary correctness, or vulnerability detection.",DERIVED_EVIDENCE
openplcV2_T_AVG24,T_AVG24,OpenPLCv2,fold_0,1e44c76acbdd8e8676c2c9633b797db71dce4caef2bfed6f6760c8d617262948,4a638d754cc204dbb9c7424975fb3953906ca5dcb7086aa56a6011ac73dd538c,True,OUT_OF_SCOPE,False,FN,core_symbol_text contains dt_FB_ without toolchain gate,"Lexical transfer probe only; not runtime semantics, function-boundary correctness, or vulnerability detection.",DERIVED_EVIDENCE
openplcV2_T_PLC_MS,T_PLC_MS,OpenPLCv2,fold_4,a98103d8077e8a6293407951562d7aa74bea262dde77be5dc011429ea4aec7c7,04bd160d1e5032d392a9cdc3780df40507220adc6eb3973364d613fdb366f502,True,OUT_OF_SCOPE,False,FN,core_symbol_text contains dt_FB_ without toolchain gate,"Lexical transfer probe only; not runtime semantics, function-boundary correctness, or vulnerability detection.",DERIVED_EVIDENCE
openplcV2_T_PLC_US,T_PLC_US,OpenPLCv2,fold_5,88c859148e56913bb7ecb2db9cc55e064b67955d430ea0bb75c550da614c90e5,210d4438210ed891ac0a54b2e7fbc66c1b1305f23a0c790d1168ae905c276344,True,OUT_OF_SCOPE,False,FN,core_symbol_text contains dt_FB_ without toolchain gate,"Lexical transfer probe only; not runtime semantics, function-boundary correctness, or vulnerability detection.",DERIVED_EVIDENCE
openplcV2_UDINT_TO_TIME,UDINT_TO_TIME,OpenPLCv2,fold_0,8c1b56cade301d9d4ada4788d8b3ba5171794f4375b06271d040e3be49b87424,c44aa612c884c786f37ffb619368fc829f28b5336e7644b1704b328aa5c77e94,False,OUT_OF_SCOPE,False,TN,core_symbol_text contains dt_FB_ without toolchain gate,"Lexical transfer probe only; not runtime semantics, function-boundary correctness, or vulnerability detection.",DERIVED_EVIDENCE
openplcV2_URL_TO_STRING,URL_TO_STRING,OpenPLCv2,fold_9,e594b358c061ce7686804395f5995765eef27a115f82018efb7457ba204951de,8de73dd0b0ad49f53ac09e27b8ad5ba998d1c3fdbf653742c787b5f3a0de5762,True,OUT_OF_SCOPE,False,FN,core_symbol_text contains dt_FB_ without toolchain gate,"Lexical transfer probe only; not runtime semantics, function-boundary correctness, or vulnerability detection.",DERIVED_EVIDENCE
openplcV2_V3_ABS,V3_ABS,OpenPLCv2,fold_0,21a30e0b18df692a33d0f81879b90f9cbebf074481ed2d820c4b13b02152c229,72b951296d5b3e15acd211589fdff86c331c84ac3fa76c2eef9d54ab01cc4b92,True,OUT_OF_SCOPE,False,FN,core_symbol_text contains dt_FB_ without toolchain gate,"Lexical transfer probe only; not runtime semantics, function-boundary correctness, or vulnerability detection.",DERIVED_EVIDENCE
openplcV2_V3_ADD,V3_ADD,OpenPLCv2,fold_1,0c4245a0f7cf8048aa3f89b754306a659f55f2a8ba359729f94a25cb4028703b,14753b21db6d4923fe9fa8d58deecd2baed031e5d49a8e6848e375960cc18938,True,OUT_OF_SCOPE,False,FN,core_symbol_text contains dt_FB_ without toolchain gate,"Lexical transfer probe only; not runtime semantics, function-boundary correctness, or vulnerability detection.",DERIVED_EVIDENCE
openplcV2_V3_ANG,V3_ANG,OpenPLCv2,fold_2,26bca6b235f9b3687e6f04406fa087a08a6423fca3f61c880fdb29af23a97060,1762f9de0071e4ccf55e1254c9d21aef83303ac48ee7112ea87c88c5fb81685a,True,OUT_OF_SCOPE,False,FN,core_symbol_text contains dt_FB_ without toolchain gate,"Lexical transfer probe only; not runtime semantics, function-boundary correctness, or vulnerability detection.",DERIVED_EVIDENCE
openplcV2_V3_DPRO,V3_DPRO,OpenPLCv2,fold_3,c30736da393b92c59fcba18de1b21d3fc83d90388c2f7c10bbd9babd14d5e384,14c45b38bd33a2e99e8e82c57eebee14d438cce9b405e94b6bbeade2e4551f29,True,OUT_OF_SCOPE,False,FN,core_symbol_text contains dt_FB_ without toolchain gate,"Lexical transfer probe only; not runtime semantics, function-boundary correctness, or vulnerability detection.",DERIVED_EVIDENCE
openplcV2_V3_NORM,V3_NORM,OpenPLCv2,fold_4,f1087b6ac66c269fc9890b4727a8e8a1478b9b9e36647772b650a96f9080a969,5c811e8b103253d7896d56ae0ddac6246b3dc1c0fa60d312b228dec7d3e0d364,True,OUT_OF_SCOPE,False,FN,core_symbol_text contains dt_FB_ without toolchain gate,"Lexical transfer probe only; not runtime semantics, function-boundary correctness, or vulnerability detection.",DERIVED_EVIDENCE
openplcV2_V3_NUL,V3_NUL,OpenPLCv2,fold_5,4dd7d6297417c890c07c2bb361bdd077c722e209e929abe903d66b87a6227abc,c358a282d52d0dbd73268e2059d1d9c0d34731697960e25e021e1cc256bc79d3,True,OUT_OF_SCOPE,False,FN,core_symbol_text contains dt_FB_ without toolchain gate,"Lexical transfer probe only; not runtime semantics, function-boundary correctness, or vulnerability detection.",DERIVED_EVIDENCE
openplcV2_V3_PAR,V3_PAR,OpenPLCv2,fold_6,fb80c2dd4300357bb8878df2016e45d26c6d6e805451ae72bd30e8223669bcb2,79832f882af1763162afeea657c6fdf1b675fd722e1da3a90b9677d4d2a3c452,True,OUT_OF_SCOPE,False,FN,core_symbol_text contains dt_FB_ without toolchain gate,"Lexical transfer probe only; not runtime semantics, function-boundary correctness, or vulnerability detection.",DERIVED_EVIDENCE
openplcV2_V3_REV,V3_REV,OpenPLCv2,fold_7,dd3df5610a6a3a177e4c51e2b75a9adc44dc82f7784332c9c8f272d361220718,fdd6b1ea91f6c2aca2a3dd823d204a878b605907e9310be1d1186010b21c5ba7,True,OUT_OF_SCOPE,False,FN,core_symbol_text contains dt_FB_ without toolchain gate,"Lexical transfer probe only; not runtime semantics, function-boundary correctness, or vulnerability detection.",DERIVED_EVIDENCE
openplcV2_V3_SMUL,V3_SMUL,OpenPLCv2,fold_8,a7efe2fd81615a6e90f4911a05ef85e7101bd418b5a1b0398f107c0abfa013dc,678ce07dd78e7de2fddac42309890d0e5641027166aa93ad544640e573516e8f,True,OUT_OF_SCOPE,False,FN,core_symbol_text contains dt_FB_ without toolchain gate,"Lexical transfer probe only; not runtime semantics, function-boundary correctness, or vulnerability detection.",DERIVED_EVIDENCE
openplcV2_V3_SUB,V3_SUB,OpenPLCv2,fold_9,795bc9950b129aea21f9e3e481e09465945660f78f4331b47f48b5288bafe158,3a14bc1c90123c95711f97d2353536e3c8f332a7756419212634d819f61de3e7,True,OUT_OF_SCOPE,False,FN,core_symbol_text contains dt_FB_ without toolchain gate,"Lexical transfer probe only; not runtime semantics, function-boundary correctness, or vulnerability detection.",DERIVED_EVIDENCE
openplcV2_V3_XANG,V3_XANG,OpenPLCv2,fold_0,049635434a331795cbe41667535deeaf95fa4360e32640bec4e63723090eaede,c9ed76b6ead5ce212b3c24522847319fe41f10de7c9d0591dfbb66f839754df4,True,OUT_OF_SCOPE,False,FN,core_symbol_text contains dt_FB_ without toolchain gate,"Lexical transfer probe only; not runtime semantics, function-boundary correctness, or vulnerability detection.",DERIVED_EVIDENCE
openplcV2_V3_XPRO,V3_XPRO,OpenPLCv2,fold_1,c28e43ba85a72c642f325eee3ee562e5ecb28ee9a2709bd01b6691bc7beddfb0,89c2bd2eec55d26b56df50dadfd3fca32376e566816b09fdcd0bfcd0fab1c633,True,OUT_OF_SCOPE,False,FN,core_symbol_text contains dt_FB_ without toolchain gate,"Lexical transfer probe only; not runtime semantics, function-boundary correctness, or vulnerability detection.",DERIVED_EVIDENCE
openplcV2_V3_YANG,V3_YANG,OpenPLCv2,fold_2,1c38faba7b4ce352141329e6be4b31510c3700d8fa60ee9bf1721197e9d2a8d3,8e573b4ece37534e1f936935ac29a20268a5501ae430278cb38c07f941caceaf,True,OUT_OF_SCOPE,False,FN,core_symbol_text contains dt_FB_ without toolchain gate,"Lexical transfer probe only; not runtime semantics, function-boundary correctness, or vulnerability detection.",DERIVED_EVIDENCE
openplcV2_V3_ZANG,V3_ZANG,OpenPLCv2,fold_3,6809d3e0531806d219a67c11f06fd789c66951e44d33b1a02b676af62204e83d,513131e4854d6a23cd9fed4fa451bc7291ea1121228fd001b986f94bda74e8ce,True,OUT_OF_SCOPE,False,FN,core_symbol_text contains dt_FB_ without toolchain gate,"Lexical transfer probe only; not runtime semantics, function-boundary correctness, or vulnerability detection.",DERIVED_EVIDENCE
openplcV2_WATER_CP,WATER_CP,OpenPLCv2,fold_5,42be0e5c6f11eadba91e47d3877c401c1971fadd2436596216334349974e5c1b,8a4fc579f95e5917240c4cb3d2ca1adb1953384dc25b771358ee9e331eed5a6b,True,OUT_OF_SCOPE,False,FN,core_symbol_text contains dt_FB_ without toolchain gate,"Lexical transfer probe only; not runtime semantics, function-boundary correctness, or vulnerability detection.",DERIVED_EVIDENCE
openplcV2_WATER_ENTHALPY,WATER_ENTHALPY,OpenPLCv2,fold_7,92f43bbe44b09b6ec6e33b7d59f0a735eeb18f4e62e22b3f714dbf46eaee552a,94154d489dd53d7274dc9a74b0221b8de0622e3efda950e476973fa220731645,True,OUT_OF_SCOPE,False,FN,core_symbol_text contains dt_FB_ without toolchain gate,"Lexical transfer probe only; not runtime semantics, function-boundary correctness, or vulnerability detection.",DERIVED_EVIDENCE
openplcV2_WCT,WCT,OpenPLCv2,fold_8,e3554eb1ad40eebdb5af5e29873f45bcbca9e603e2fd62e45001a7f848a90ac1,0166d216c31c1c1367b32f7f86ce1e8a9778ecbc8d4fd36edd91a6229b49a587,False,OUT_OF_SCOPE,False,TN,core_symbol_text contains dt_FB_ without toolchain gate,"Lexical transfer probe only; not runtime semantics, function-boundary correctness, or vulnerability detection.",DERIVED_EVIDENCE
openplcV2_WINDOW,WINDOW,OpenPLCv2,fold_6,872eaf871659a53561fb8621f68dd6267165b990e414a2abc79ac309ee47759b,97318004dfe905b9b6aae243828267ab35d8145e13be0d4507e177d62971e6b9,False,OUT_OF_SCOPE,False,TN,core_symbol_text contains dt_FB_ without toolchain gate,"Lexical transfer probe only; not runtime semantics, function-boundary correctness, or vulnerability detection.",DERIVED_EVIDENCE
openplcV2_WINDOW2,WINDOW2,OpenPLCv2,fold_7,a6d8cfad4d522c53427b9eb19ffcb70ddf440b781ea42ab5eeb0cd59bd64d2bc,f41d9b77deb9e40c8cf16a206ddaf7d0587b936762ca540002e161160915effa,False,OUT_OF_SCOPE,False,TN,core_symbol_text contains dt_FB_ without toolchain gate,"Lexical transfer probe only; not runtime semantics, function-boundary correctness, or vulnerability detection.",DERIVED_EVIDENCE
openplcV2_WORD_OF_BYTE,WORD_OF_BYTE,OpenPLCv2,fold_7,8ebf3459e3302d8dec9ce043fc74ed8fe670fc34ea3e981270340e1fa26f09d8,23a489b011bdf613a6b83c44828f6a2e750b4e0ec805e9b3b14bbaa4204fa946,False,OUT_OF_SCOPE,False,TN,core_symbol_text contains dt_FB_ without toolchain gate,"Lexical transfer probe only; not runtime semantics, function-boundary correctness, or vulnerability detection.",DERIVED_EVIDENCE
openplcV2_WORD_OF_DWORD,WORD_OF_DWORD,OpenPLCv2,fold_8,4ec09302bc6ebb34c8582f6d241104675bb6cf88f668b10a2e9e7e875dc8dab8,d3397880d6c5a75fa95aa94616f2a1fff5bfa19076271edf07e15033340e8ad2,False,OUT_OF_SCOPE,False,TN,core_symbol_text contains dt_FB_ without toolchain gate,"Lexical transfer probe only; not runtime semantics, function-boundary correctness, or vulnerability detection.",DERIVED_EVIDENCE
openplcV2_WORD_TO_RANGE,WORD_TO_RANGE,OpenPLCv2,fold_1,cf5c1e6f3875fef9ca930deac73e16ebc1cc6247dac4fda2c8a0ed3a61d1f5b4,6ff2f4e5540183d91d246408f9a3f4d340eacaa8f90af8b8d2b0d247f0ef9c68,False,OUT_OF_SCOPE,False,TN,core_symbol_text contains dt_FB_ without toolchain gate,"Lexical transfer probe only; not runtime semantics, function-boundary correctness, or vulnerability detection.",DERIVED_EVIDENCE
openplcV2_WORK_WEEK,WORK_WEEK,OpenPLCv2,fold_2,88b28ed21d0107293c185c34f0fa45d1acf2e76ae1673037826d5a12be824063,18e7f95a249570c88366740e423baa8da067ff81a5164342a20677572a4fae6a,False,OUT_OF_SCOPE,False,TN,core_symbol_text contains dt_FB_ without toolchain gate,"Lexical transfer probe only; not runtime semantics, function-boundary correctness, or vulnerability detection.",DERIVED_EVIDENCE
openplcV2_WORLD_WEATHER_DESC_GE,WORLD_WEATHER_DESC_GE,OpenPLCv2,fold_0,114fc5026e2408bb95980f73fd2db5de277a6b08a63d2d005e76dfce2cdb7617,5ff5dfe04ff6480067a8f7eea67a20f73c491b74dd5f01fd86f2b13f6b39abdf,True,OUT_OF_SCOPE,False,FN,core_symbol_text contains dt_FB_ without toolchain gate,"Lexical transfer probe only; not runtime semantics, function-boundary correctness, or vulnerability detection.",DERIVED_EVIDENCE
openplcV2_WORLD_WEATHER_ICON_OSCAT,WORLD_WEATHER_ICON_OSCAT,OpenPLCv2,fold_1,6e4d30989c3ad0f7e816c88b7d3061d411d2494655393cd6dcd811e8f0c0904e,5328dfdfcd2970850bd421555a11ee5d5914685d190cbeb52bb6594f45e17b3d,True,OUT_OF_SCOPE,False,FN,core_symbol_text contains dt_FB_ without toolchain gate,"Lexical transfer probe only; not runtime semantics, function-boundary correctness, or vulnerability detection.",DERIVED_EVIDENCE
openplcV2_YAHOO_WEATHER_DESC_GE,YAHOO_WEATHER_DESC_GE,OpenPLCv2,fold_2,ebd10f9dab0cfb0cddfa72c14664558c67f3c15d3026377b4b24504f85914e34,c1fd40f9f0454ee0526f5cf5c6836b93f51b6ebf8dcd1ed428dee40353589544,True,OUT_OF_SCOPE,False,FN,core_symbol_text contains dt_FB_ without toolchain gate,"Lexical transfer probe only; not runtime semantics, function-boundary correctness, or vulnerability detection.",DERIVED_EVIDENCE
openplcV2_YAHOO_WEATHER_ICON_OSCAT,YAHOO_WEATHER_ICON_OSCAT,OpenPLCv2,fold_3,affebae0d232128a260b9c783cc9278379822d5cc0e8237fe460a6cad5d620f7,ef825d1e086c09f9863a36a97508cddccccf4a74e6c96429b345ed3ab57c0a7f,True,OUT_OF_SCOPE,False,FN,core_symbol_text contains dt_FB_ without toolchain gate,"Lexical transfer probe only; not runtime semantics, function-boundary correctness, or vulnerability detection.",DERIVED_EVIDENCE
openplcV2_YEAR_BEGIN,YEAR_BEGIN,OpenPLCv2,fold_3,ccc3e1b2aab5fc38f107e3144a700f86f08b2f7ed69e4245f3b57968b18490dc,0057a3dda0a802eed62aa2d7d3eb20c0f86133a9dd0868429664a4ffe0ae7752,False,OUT_OF_SCOPE,False,TN,core_symbol_text contains dt_FB_ without toolchain gate,"Lexical transfer probe only; not runtime semantics, function-boundary correctness, or vulnerability detection.",DERIVED_EVIDENCE
openplcV2_YEAR_END,YEAR_END,OpenPLCv2,fold_4,ae499cbd3f956cc423237ab7b01216a3a7298d4444d34fc8673a69018e1debe9,c3a8285453a21f60c11e2ae78b4dbd4cad524a9304a9bd54e4ccbe4f7c9670b5,False,OUT_OF_SCOPE,False,TN,core_symbol_text contains dt_FB_ without toolchain gate,"Lexical transfer probe only; not runtime semantics, function-boundary correctness, or vulnerability detection.",DERIVED_EVIDENCE
openplcV2_YEAR_OF_DATE,YEAR_OF_DATE,OpenPLCv2,fold_5,be135c85f3accd390ef005a3b7856548d59899dd22d1e4dec79da1649140b0de,238b4813cdd299f0b49fe2af0e8332830ab1787010a49bd92235469b680c6837,False,OUT_OF_SCOPE,False,TN,core_symbol_text contains dt_FB_ without toolchain gate,"Lexical transfer probe only; not runtime semantics, function-boundary correctness, or vulnerability detection.",DERIVED_EVIDENCE
openplcV2__ARRAY_ABS,_ARRAY_ABS,OpenPLCv2,fold_0,e31c36ddf76f058e5b37f85807370297c2e3025da60bdc267372f067340d2291,f9b6fa6d0badd3784a3f2c464259c3d59659c90afdb919157f688ece45035bf5,False,OUT_OF_SCOPE,False,TN,core_symbol_text contains dt_FB_ without toolchain gate,"Lexical transfer probe only; not runtime semantics, function-boundary correctness, or vulnerability detection.",DERIVED_EVIDENCE
openplcV2__ARRAY_ADD,_ARRAY_ADD,OpenPLCv2,fold_1,e82156c2932d73848f4cd32f8d6baac5753dd30827366a321a3d12fef94a47ed,e078d6d82e61fa58843f523e9d0f79a51cf614867a5d0e06e7cea316dd80b747,False,OUT_OF_SCOPE,False,TN,core_symbol_text contains dt_FB_ without toolchain gate,"Lexical transfer probe only; not runtime semantics, function-boundary correctness, or vulnerability detection.",DERIVED_EVIDENCE
openplcV2__ARRAY_INIT,_ARRAY_INIT,OpenPLCv2,fold_2,5a5990342e58fac88ee4d52b5bae71829f38c6461c7476e19e9fea5664d7372a,55a71adbb463eac9eeafa71d2b8b2df52ecf4df95ca83d2298d046baa7c69f4f,True,OUT_OF_SCOPE,False,FN,core_symbol_text contains dt_FB_ without toolchain gate,"Lexical transfer probe only; not runtime semantics, function-boundary correctness, or vulnerability detection.",DERIVED_EVIDENCE
openplcV2__ARRAY_MUL,_ARRAY_MUL,OpenPLCv2,fold_3,4cc3c9884aac879a31e28a4eebf3ae722cfdeab86cfd4a46e25da0d52e0f731d,a81557f14c1359ecbf191f3b4f627cf9330cdf52e940ef3be1eaa4296b0f1849,True,OUT_OF_SCOPE,False,FN,core_symbol_text contains dt_FB_ without toolchain gate,"Lexical transfer probe only; not runtime semantics, function-boundary correctness, or vulnerability detection.",DERIVED_EVIDENCE
openplcV2__ARRAY_SHUFFLE,_ARRAY_SHUFFLE,OpenPLCv2,fold_4,1ff99158dc9a6753818d0176daa7b74ed576bc881e96bbe1b696978296850218,06ab729cf5ac9c5d3723d9c5a7d473beb1818ecfb668ab64d7308f2d4e3fe087,True,OUT_OF_SCOPE,False,FN,core_symbol_text contains dt_FB_ without toolchain gate,"Lexical transfer probe only; not runtime semantics, function-boundary correctness, or vulnerability detection.",DERIVED_EVIDENCE
openplcV2__ARRAY_SORT,_ARRAY_SORT,OpenPLCv2,fold_5,b53dcb9f1d02ff45e67044d97d27ea985fa592de0a2b9756379c8d985775a33a,0e851f0711423c5f0a1abaf175e91ed6e45efb598f1eefbaf0b9edb4e095664d,True,OUT_OF_SCOPE,False,FN,core_symbol_text contains dt_FB_ without toolchain gate,"Lexical transfer probe only; not runtime semantics, function-boundary correctness, or vulnerability detection.",DERIVED_EVIDENCE
openplcV2__BUFFER_UPPERCASE_NW,_BUFFER_UPPERCASE_NW,OpenPLCv2,fold_6,1905c77d60433cb256ce3b2b2e4a41fd3f4f70532be0394fd05b54e1c1401d50,a1072f7bda0e6d75e658899219c7bb2e4d196ddd7c84b33e7c628a7cc7fabd13,True,OUT_OF_SCOPE,False,FN,core_symbol_text contains dt_FB_ without toolchain gate,"Lexical transfer probe only; not runtime semantics, function-boundary correctness, or vulnerability detection.",DERIVED_EVIDENCE
openplcV2__BYTE_TO_DINT,_BYTE_TO_DINT,OpenPLCv2,fold_0,03fd6ffe83c8c010167725b78a386e3289a3fdf1c3ea02bd8f425fedc16ac896,780f748831304612c74392aab8382ca7683d012df3dd7153095f6252e2bcb2ae,False,OUT_OF_SCOPE,False,TN,core_symbol_text contains dt_FB_ without toolchain gate,"Lexical transfer probe only; not runtime semantics, function-boundary correctness, or vulnerability detection.",DERIVED_EVIDENCE
openplcV2__BYTE_TO_INT,_BYTE_TO_INT,OpenPLCv2,fold_1,3e2394ef59848792191734b12b4ae3f2c4c24007136b198e62ca4738e78863a2,53e7c372ac45fb72a1f5f401fdc523569ce757f81520b53427c89573d6a45c9c,False,OUT_OF_SCOPE,False,TN,core_symbol_text contains dt_FB_ without toolchain gate,"Lexical transfer probe only; not runtime semantics, function-boundary correctness, or vulnerability detection.",DERIVED_EVIDENCE
openplcV2__BYTE_TO_REAL,_BYTE_TO_REAL,OpenPLCv2,fold_2,0718f228bfa432d9bc2502eb0f3725760449befaf8850d80ba3f5bfe39cefca4,3623628bcc401154d06dd529f25a3fa8f171fbd0863292ff8f2259bdc2246a28,False,OUT_OF_SCOPE,False,TN,core_symbol_text contains dt_FB_ without toolchain gate,"Lexical transfer probe only; not runtime semantics, function-boundary correctness, or vulnerability detection.",DERIVED_EVIDENCE
openplcV2__DWORD_TO_REAL,_DWORD_TO_REAL,OpenPLCv2,fold_3,fbcb168d48127cc4274fe71eaf5dcd54e7f74493e84ea8ad2eb37283a3a14a9c,37871a61bede1456613c6979b360772d264c019bf04ebc62b4d789329df379ac,False,OUT_OF_SCOPE,False,TN,core_symbol_text contains dt_FB_ without toolchain gate,"Lexical transfer probe only; not runtime semantics, function-boundary correctness, or vulnerability detection.",DERIVED_EVIDENCE
openplcV2__INSERT80,_INSERT80,OpenPLCv2,fold_0,b468a909040e324d85d2aeb55a673039685eabb1525de8e488c06db10f0c6776,44bf83c72e936dbcb4e0d3026cb36f3be6f0db0dc3c27025544e348c139da252,True,OUT_OF_SCOPE,False,FN,core_symbol_text contains dt_FB_ without toolchain gate,"Lexical transfer probe only; not runtime semantics, function-boundary correctness, or vulnerability detection.",DERIVED_EVIDENCE
openplcV2__INT_TO_UDINT,_INT_TO_UDINT,OpenPLCv2,fold_4,7f78752dc472ced664e3c1d4a316bc15b3cb9c408db3043debc9ba6723aa5668,96b80203e2cb0591df6803539029fbda7c8b19fff90c56eaa0cd6939619a01c5,False,OUT_OF_SCOPE,False,TN,core_symbol_text contains dt_FB_ without toolchain gate,"Lexical transfer probe only; not runtime semantics, function-boundary correctness, or vulnerability detection.",DERIVED_EVIDENCE
openplcV2__MOD_INT,_MOD_INT,OpenPLCv2,fold_0,fec3a1efbc9b865abecd04d021bee88e3c2dadaad856277c353a7b5b46627d0d,efcf234b362aa476386f37010679cca23bfa456684961537e7c6610ed2a1519d,False,OUT_OF_SCOPE,False,TN,core_symbol_text contains dt_FB_ without toolchain gate,"Lexical transfer probe only; not runtime semantics, function-boundary correctness, or vulnerability detection.",DERIVED_EVIDENCE
openplcV2__REAL_TO_DINT,_REAL_TO_DINT,OpenPLCv2,fold_5,d34c5de28f64365c16f3009ba0b10cd4ea4bc70c500088cdeb6d7f5b3276be99,af417ac538e06ef7b590178bd9604a6c1286efedd85eb0c7d03ca7e71136493b,False,OUT_OF_SCOPE,False,TN,core_symbol_text contains dt_FB_ without toolchain gate,"Lexical transfer probe only; not runtime semantics, function-boundary correctness, or vulnerability detection.",DERIVED_EVIDENCE
openplcV2__REAL_TO_DWORD,_REAL_TO_DWORD,OpenPLCv2,fold_6,8e77ead89ffcb7da3e95115d6640b8ed6209621307372ced1df1fa9c583433ae,7b3e8d8bf0167b597ebec88ee955001c400a5e12ee155c9641f08c77d04dab1c,False,OUT_OF_SCOPE,False,TN,core_symbol_text contains dt_FB_ without toolchain gate,"Lexical transfer probe only; not runtime semantics, function-boundary correctness, or vulnerability detection.",DERIVED_EVIDENCE
openplcV2__REAL_TO_UDINT,_REAL_TO_UDINT,OpenPLCv2,fold_7,43d965913730971fed50e56a0adb7d872542c2e2759f67b6cf6dca35e8a48d49,21a8d56ca87a6f731fadbc01418cce1e542c80e77a79f9d8e403587c450ac937,False,OUT_OF_SCOPE,False,TN,core_symbol_text contains dt_FB_ without toolchain gate,"Lexical transfer probe only; not runtime semantics, function-boundary correctness, or vulnerability detection.",DERIVED_EVIDENCE
openplcV2__RMP_B,_RMP_B,OpenPLCv2,fold_0,7191a66aea16dc4fe76e833075e64ea52bfbbf40bbe172fbdbb18951bfd9e77b,b49e21359a8bcedb47e99e8e38ba9e9cb23cca335b71e44eed0f456be68dfaf5,True,OUT_OF_SCOPE,False,FN,core_symbol_text contains dt_FB_ without toolchain gate,"Lexical transfer probe only; not runtime semantics, function-boundary correctness, or vulnerability detection.",DERIVED_EVIDENCE
openplcV2__RMP_NEXT,_RMP_NEXT,OpenPLCv2,fold_1,7fcc183a01543c28fd1b8c1113704f6b0f63eeaa859379b6820bd94761daf696,a4f87edea87e65f56e59154a78376440301edc0594dbe940cb19d50fea0d467c,True,OUT_OF_SCOPE,False,FN,core_symbol_text contains dt_FB_ without toolchain gate,"Lexical transfer probe only; not runtime semantics, function-boundary correctness, or vulnerability detection.",DERIVED_EVIDENCE
openplcV2__RMP_W,_RMP_W,OpenPLCv2,fold_2,a8397f30282f7ada78d572aa322a747f09770455dbc9147da3a241802737c8f9,374955832176fa34bcd226352549f432012e996e416c8c848aaa53656f29b28d,True,OUT_OF_SCOPE,False,FN,core_symbol_text contains dt_FB_ without toolchain gate,"Lexical transfer probe only; not runtime semantics, function-boundary correctness, or vulnerability detection.",DERIVED_EVIDENCE
openplcV2__WORD_TO_DINT,_WORD_TO_DINT,OpenPLCv2,fold_8,4c9fd1e4b562101d25abd1dc6e8037c49673161d3e6a7a69f007bd80178b6d31,2fccdca82c4ed52ba10e4d75214059aeea5c81b880f57201f7b0b1a8fd48e69f,False,OUT_OF_SCOPE,False,TN,core_symbol_text contains dt_FB_ without toolchain gate,"Lexical transfer probe only; not runtime semantics, function-boundary correctness, or vulnerability detection.",DERIVED_EVIDENCE
openplcV2__WORD_TO_REAL,_WORD_TO_REAL,OpenPLCv2,fold_9,136cead6b58997c12fada4e5c66cc0ae8a69cc1590a9be2893008fb586b90808,56fe966e86abbd18f989f99e4629e8ea4e83f9041d4713d8d8ab96d8cc72d30d,False,OUT_OF_SCOPE,False,TN,core_symbol_text contains dt_FB_ without toolchain gate,"Lexical transfer probe only; not runtime semantics, function-boundary correctness, or vulnerability detection.",DERIVED_EVIDENCE
openplcV3_ACOSH,ACOSH,OpenPLCv3,fold_1,76d780a8d98780be2abbbcdcaac82041dc0beb0a272c3e365fed1a2571457d2a,f943874cdd763acf7a4fc01ac7ddd7666c7848d9a24a682f2422e3de7f30475d,False,OUT_OF_SCOPE,False,TN,core_symbol_text contains dt_FB_ without toolchain gate,"Lexical transfer probe only; not runtime semantics, function-boundary correctness, or vulnerability detection.",DERIVED_EVIDENCE
openplcV3_ACOTH,ACOTH,OpenPLCv3,fold_2,2f3ed8ea72f9813ea72d72d999147fd50f33cbaeb6df9c4728bc844d218f3ba5,c987abbb3239e902c4b193f23647652ef810f3a56a8e80abe821a95d75ec378c,False,OUT_OF_SCOPE,False,TN,core_symbol_text contains dt_FB_ without toolchain gate,"Lexical transfer probe only; not runtime semantics, function-boundary correctness, or vulnerability detection.",DERIVED_EVIDENCE
openplcV3_ACTUATOR_3P,ACTUATOR_3P,OpenPLCv3,fold_0,f7e08f28bdfc5e0a9bfbdfaaab0fa5c4ec358a7d8413f2957740053593206e91,7df81b7ad58abeeb3c6f34339403fb3462a7155d3ad18270ce93a42aa1c8c3da,True,OUT_OF_SCOPE,False,FN,core_symbol_text contains dt_FB_ without toolchain gate,"Lexical transfer probe only; not runtime semantics, function-boundary correctness, or vulnerability detection.",DERIVED_EVIDENCE
openplcV3_ACTUATOR_A,ACTUATOR_A,OpenPLCv3,fold_1,a41c03d066da42d59dacceb92dc7baa4a1e86fd37623370ae3c37641159b8538,872e2e01653d1ec12d312fcf94f84c002ee7d8af50faa5f6acbfd4f3d1a7823b,True,OUT_OF_SCOPE,False,FN,core_symbol_text contains dt_FB_ without toolchain gate,"Lexical transfer probe only; not runtime semantics, function-boundary correctness, or vulnerability detection.",DERIVED_EVIDENCE
openplcV3_ACTUATOR_COIL,ACTUATOR_COIL,OpenPLCv3,fold_2,2d0ea663d8a92e440f3f27bffc0a625a8735f6fa626de6128e165cfebac93a77,4b88010a26fe0ff350a1760a0649ba200869a2b9242f20a0fbd4e5c7ab385cac,True,OUT_OF_SCOPE,False,FN,core_symbol_text contains dt_FB_ without toolchain gate,"Lexical transfer probe only; not runtime semantics, function-boundary correctness, or vulnerability detection.",DERIVED_EVIDENCE
openplcV3_ACTUATOR_PUMP,ACTUATOR_PUMP,OpenPLCv3,fold_3,c58cbb8d9e16017b09f070d8af11c95845ef13ee0ec6c6dd51d1daf37cb3dabc,52da8b246ab388aebe987ebedb2c9354708edeca0b30a4cc754c3387b9aaa364,True,OUT_OF_SCOPE,False,FN,core_symbol_text contains dt_FB_ without toolchain gate,"Lexical transfer probe only; not runtime semantics, function-boundary correctness, or vulnerability detection.",DERIVED_EVIDENCE
openplcV3_ACTUATOR_UD,ACTUATOR_UD,OpenPLCv3,fold_4,4b2c070947e6042a07762b9ac7b28c10498dedfddcff4ec023f803ea5b42b00f,f5a6f19b6c0c8abe67301cc71ed785003f2228a6d677ac360aa90155035005b1,True,OUT_OF_SCOPE,False,FN,core_symbol_text contains dt_FB_ without toolchain gate,"Lexical transfer probe only; not runtime semantics, function-boundary correctness, or vulnerability detection.",DERIVED_EVIDENCE
openplcV3_AGDF,AGDF,OpenPLCv3,fold_3,369269cf88b932e5367e996a51bdd712ca82ddce1caf98f34f16d3c69db143ba,cfc79a7e5bf1ba8fb021794082079b1714f8a384f49b78449844edbbfc71a257,False,OUT_OF_SCOPE,False,TN,core_symbol_text contains dt_FB_ without toolchain gate,"Lexical transfer probe only; not runtime semantics, function-boundary correctness, or vulnerability detection.",DERIVED_EVIDENCE
openplcV3_AIN,AIN,OpenPLCv3,fold_0,ef496c51f4ae75195e764da89103f882769c6fa078af6c09b75c309c5754a828,f2912d6cc332e297b4cc1cd4c63d49adb61e68070f4d22f37cc6e40c488fda3a,False,OUT_OF_SCOPE,False,TN,core_symbol_text contains dt_FB_ without toolchain gate,"Lexical transfer probe only; not runtime semantics, function-boundary correctness, or vulnerability detection.",DERIVED_EVIDENCE
openplcV3_AIN1,AIN1,OpenPLCv3,fold_1,c3f53dcf8259e22b601fd1c5158aee9ba6ef03b2491cacdf04051eebc36253c7,85a05177ce93a65ffc5f22362bdfc8c8ab311975462c11a7a2e571650ef63ea3,True,OUT_OF_SCOPE,False,FN,core_symbol_text contains dt_FB_ without toolchain gate,"Lexical transfer probe only; not runtime semantics, function-boundary correctness, or vulnerability detection.",DERIVED_EVIDENCE
openplcV3_AIR_DENSITY,AIR_DENSITY,OpenPLCv3,fold_5,dc4996f3bb5ef9e88f8b7b55a6a799f5b6bcf1d935bff38665511d0203a2108d,a585324dc7ae45a10c1fcea5a6b028ac1917ea9f65c2448fe1152dc89518991b,False,OUT_OF_SCOPE,False,TN,core_symbol_text contains dt_FB_ without toolchain gate,"Lexical transfer probe only; not runtime semantics, function-boundary correctness, or vulnerability detection.",DERIVED_EVIDENCE
openplcV3_AIR_ENTHALPY,AIR_ENTHALPY,OpenPLCv3,fold_6,acd534d7faca0aad4c8746b4502bc3d3afc43b1aba6e078e8b1ae62f8ee1ae78,0b0d0ebbe2fab083702abe0b3fb1b04e77c2f96f0fdabc1ae870f0c396a3e983,False,OUT_OF_SCOPE,False,TN,core_symbol_text contains dt_FB_ without toolchain gate,"Lexical transfer probe only; not runtime semantics, function-boundary correctness, or vulnerability detection.",DERIVED_EVIDENCE
openplcV3_ALARM_2,ALARM_2,OpenPLCv3,fold_0,774a49bc870318b55bf214710bb5cd368f1193f2aaec79e47e22be00d88125a8,7e4b7f405384b2de4d80b911bf66a2b4f3ff2978fdb7252b5286bb0e9f0647bb,True,OUT_OF_SCOPE,False,FN,core_symbol_text contains dt_FB_ without toolchain gate,"Lexical transfer probe only; not runtime semantics, function-boundary correctness, or vulnerability detection.",DERIVED_EVIDENCE
openplcV3_AOUT,AOUT,OpenPLCv3,fold_2,deae1b5f0e91ba406f8344c20cfe90d18a61f9d3fbf3bc2039000c033a91ca24,32288891269e306cf1fee4851b31ce780ec28b92788ecbecba213cfce00c2e83,False,OUT_OF_SCOPE,False,TN,core_symbol_text contains dt_FB_ without toolchain gate,"Lexical transfer probe only; not runtime semantics, function-boundary correctness, or vulnerability detection.",DERIVED_EVIDENCE
openplcV3_AOUT1,AOUT1,OpenPLCv3,fold_3,c44f2af77751fbba597c0c16db49d253483752cce07d6f8729cfa521a3a6a9de,31d5ad708f818905f8d49c906ffa41320341ec72633b466f204e29489df5b409,False,OUT_OF_SCOPE,False,TN,core_symbol_text contains dt_FB_ without toolchain gate,"Lexical transfer probe only; not runtime semantics, function-boundary correctness, or vulnerability detection.",DERIVED_EVIDENCE
openplcV3_ARRAY_AVG,ARRAY_AVG,OpenPLCv3,fold_7,f909cf576cc5b9a231585604c220e95d8ba6e4351354ada8d951bf28958cffe3,4a588c8ba32272d0f4157e13796f96d19c61e0ef10c1b0b9836fe422fa04957c,True,OUT_OF_SCOPE,False,FN,core_symbol_text contains dt_FB_ without toolchain gate,"Lexical transfer probe only; not runtime semantics, function-boundary correctness, or vulnerability detection.",DERIVED_EVIDENCE
openplcV3_ARRAY_GAV,ARRAY_GAV,OpenPLCv3,fold_8,5c94e0c7289e2744a505aac6800d168f7db71ba2ab712004fbbe0dac964be4ab,07b43e5ea437696eaf24e6b0e95c7f592dee1c5c218ec1eb4df50cf4528735bc,True,OUT_OF_SCOPE,False,FN,core_symbol_text contains dt_FB_ without toolchain gate,"Lexical transfer probe only; not runtime semantics, function-boundary correctness, or vulnerability detection.",DERIVED_EVIDENCE
openplcV3_ARRAY_HAV,ARRAY_HAV,OpenPLCv3,fold_9,d524235e7db295ab5993aa1f41a7e4d91fd121569a4840ccce9186ddac37bf84,86c1db1bfdb6146dc0615ddf4e1c431f885eb5bcb2081b71f2cf8de178e7de21,True,OUT_OF_SCOPE,False,FN,core_symbol_text contains dt_FB_ without toolchain gate,"Lexical transfer probe only; not runtime semantics, function-boundary correctness, or vulnerability detection.",DERIVED_EVIDENCE
openplcV3_ARRAY_MAX,ARRAY_MAX,OpenPLCv3,fold_0,4220d3b35677d9d63a65726cc7f9084f93c010f94d9999bc9f66343bc47101fd,dc686bead534e5a4e038fa68f31fe750d67339a5beb09be6dd57809ec7ba0511,True,OUT_OF_SCOPE,False,FN,core_symbol_text contains dt_FB_ without toolchain gate,"Lexical transfer probe only; not runtime semantics, function-boundary correctness, or vulnerability detection.",DERIVED_EVIDENCE
openplcV3_ARRAY_MEDIAN,ARRAY_MEDIAN,OpenPLCv3,fold_1,ecd952c59392526ec50418d7f9f35e9a5cc93669c0be42a0264ddc9c4c7105b4,4659be7d513f2f6acbcba05ae7ffea4a8bcd5ca5eb3f05d8fdf088329101a5d3,True,OUT_OF_SCOPE,False,FN,core_symbol_text contains dt_FB_ without toolchain gate,"Lexical transfer probe only; not runtime semantics, function-boundary correctness, or vulnerability detection.",DERIVED_EVIDENCE
openplcV3_ARRAY_MIN,ARRAY_MIN,OpenPLCv3,fold_2,08287b199eeb448e8e7a3a83bc070d61d5c2ed9bb7017b8649f6254995812785,2ca1274d8a10adf9a34c71b0734990179e4b4d2ddb12b1d7371d2b4ffeefd83d,True,OUT_OF_SCOPE,False,FN,core_symbol_text contains dt_FB_ without toolchain gate,"Lexical transfer probe only; not runtime semantics, function-boundary correctness, or vulnerability detection.",DERIVED_EVIDENCE
openplcV3_ARRAY_SDV,ARRAY_SDV,OpenPLCv3,fold_3,ff4e8e5a8b6cdc49ba83b1a12278cc253aa16abf80c3520d775ebca04c218eac,ffc85d4c9cfbecc2a5d0708cd6a09dede30831b219d9f9df520ce48da6949f7c,True,OUT_OF_SCOPE,False,FN,core_symbol_text contains dt_FB_ without toolchain gate,"Lexical transfer probe only; not runtime semantics, function-boundary correctness, or vulnerability detection.",DERIVED_EVIDENCE
openplcV3_ARRAY_SPR,ARRAY_SPR,OpenPLCv3,fold_4,a04548b888cb59f5ad89589aed4986f46e64f3565c408b0f926f1a39c430614a,504850e81fab447d22ec58ab4cd992c2974d27e8c20e3d7fec3f9b7feed589cf,True,OUT_OF_SCOPE,False,FN,core_symbol_text contains dt_FB_ without toolchain gate,"Lexical transfer probe only; not runtime semantics, function-boundary correctness, or vulnerability detection.",DERIVED_EVIDENCE
openplcV3_ARRAY_SUM,ARRAY_SUM,OpenPLCv3,fold_5,e3040daf1079bd8826477f445e5e7b51291fac2487fa1e12fb7c09033c16dd33,d3f51cbed36f6b9a771742db25981c7e096bd0372dabab9093c7c4ed947cf859,True,OUT_OF_SCOPE,False,FN,core_symbol_text contains dt_FB_ without toolchain gate,"Lexical transfer probe only; not runtime semantics, function-boundary correctness, or vulnerability detection.",DERIVED_EVIDENCE
openplcV3_ARRAY_TREND,ARRAY_TREND,OpenPLCv3,fold_6,c9080088cfe5df1ec74a94e58cf68c8290a6a272b390fd77c02bac8a62b45517,1d6a1a07b4647272b6de0a20666fe06bac64f724f74ed845c21b83c796f444bc,True,OUT_OF_SCOPE,False,FN,core_symbol_text contains dt_FB_ without toolchain gate,"Lexical transfer probe only; not runtime semantics, function-boundary correctness, or vulnerability detection.",DERIVED_EVIDENCE
openplcV3_ARRAY_VAR,ARRAY_VAR,OpenPLCv3,fold_7,d9f352af6315adc07c913bb74200f63ae6a34d99771ebb574aa2c0cfcd2b9648,937fb6a5b76f854d2cf7f3e1a0c60cf66be9d038e42a13a0eb769f4203f1f093,True,OUT_OF_SCOPE,False,FN,core_symbol_text contains dt_FB_ without toolchain gate,"Lexical transfer probe only; not runtime semantics, function-boundary correctness, or vulnerability detection.",DERIVED_EVIDENCE
openplcV3_ASINH,ASINH,OpenPLCv3,fold_4,11cd68187cc11e88f4a0c89bf90a26a5cb9b75e949713e0ef76f92126d08fc43,93f4ac90270f4a11bf7081b035fcd72d318c2e809c32b425773ca44f376d5465,False,OUT_OF_SCOPE,False,TN,core_symbol_text contains dt_FB_ without toolchain gate,"Lexical transfer probe only; not runtime semantics, function-boundary correctness, or vulnerability detection.",DERIVED_EVIDENCE
openplcV3_ASTRO,ASTRO,OpenPLCv3,fold_0,677e4407a8632bf89bef073daf472735f0a1aa357c671941b8a5bab66125f0a6,ce06f834e96cc0b7331681b6def3a517ac9db9441675834358f14091d0089920,True,OUT_OF_SCOPE,False,FN,core_symbol_text contains dt_FB_ without toolchain gate,"Lexical transfer probe only; not runtime semantics, function-boundary correctness, or vulnerability detection.",DERIVED_EVIDENCE
openplcV3_ATAN2,ATAN2,OpenPLCv3,fold_5,6dd07ce16b99570b847a6de06f7887f9f1c1e47e69d668566f90b7b1f80ee396,dc5a967941703d43673d89fc1a25f53c156f642a288710e2ac31a16eff48b151,False,OUT_OF_SCOPE,False,TN,core_symbol_text contains dt_FB_ without toolchain gate,"Lexical transfer probe only; not runtime semantics, function-boundary correctness, or vulnerability detection.",DERIVED_EVIDENCE
openplcV3_ATANH,ATANH,OpenPLCv3,fold_6,dc4c024c96632523ce232b840c524414e50f4cd0228bfc46f358575fc5ec7da4,3eca03b4987c91711fd93be89d1a9ba84eaf5fe1df54af54cd6dc60950232564,False,OUT_OF_SCOPE,False,TN,core_symbol_text contains dt_FB_ without toolchain gate,"Lexical transfer probe only; not runtime semantics, function-boundary correctness, or vulnerability detection.",DERIVED_EVIDENCE
openplcV3_AUTORUN,AUTORUN,OpenPLCv3,fold_7,b8c81c14718b90f12e05256b56cf29e7ad4a7734818883921a414f2ad24278c4,6631460e0004ee26cb706cbac5b81dccb1f22f81f628c0739e18ea0009e032fb,True,OUT_OF_SCOPE,False,FN,core_symbol_text contains dt_FB_ without toolchain gate,"Lexical transfer probe only; not runtime semantics, function-boundary correctness, or vulnerability detection.",DERIVED_EVIDENCE
openplcV3_A_TRIG,A_TRIG,OpenPLCv3,fold_0,084d76caa5c42fbf924ca72e31e1dce83a89c9feeaa20831edb16f0d648e10c3,0a68aeef263acbe7027a37892d87db7773b1e8104e8bafc2d38a087bbc0b8f15,True,OUT_OF_SCOPE,False,FN,core_symbol_text contains dt_FB_ without toolchain gate,"Lexical transfer probe only; not runtime semantics, function-boundary correctness, or vulnerability detection.",DERIVED_EVIDENCE
openplcV3_BAND_B,BAND_B,OpenPLCv3,fold_0,47b326542ae713baa55a14c0ff7a4629b1dce009255fd358cb9d16b6fd8e6887,b05e479c988d2f72c45707f806d7ec7b8cd38d47e240acb05113e5e3479ff3f6,False,OUT_OF_SCOPE,False,TN,core_symbol_text contains dt_FB_ without toolchain gate,"Lexical transfer probe only; not runtime semantics, function-boundary correctness, or vulnerability detection.",DERIVED_EVIDENCE
openplcV3_BAR_GRAPH,BAR_GRAPH,OpenPLCv3,fold_1,5716fc388cf272b874a63139c0b00960f356f0d49f46c1c7b9ab68e59f962529,a6f6ee0eaee7e770d4c8fc74b2632d0a9336db58295ce0086c0723346d171b7b,True,OUT_OF_SCOPE,False,FN,core_symbol_text contains dt_FB_ without toolchain gate,"Lexical transfer probe only; not runtime semantics, function-boundary correctness, or vulnerability detection.",DERIVED_EVIDENCE
openplcV3_BASE64_DECODE_STREAM,BASE64_DECODE_STREAM,OpenPLCv3,fold_0,e6f07fdc6748a944cdb1b040398dd8af8d03135148df25e98dfd7858dc066633,b3717e5f647fe15a8de00889a1148fa90ecad983678a4ff8ad2aa9b7f984bf01,True,OUT_OF_SCOPE,False,FN,core_symbol_text contains dt_FB_ without toolchain gate,"Lexical transfer probe only; not runtime semantics, function-boundary correctness, or vulnerability detection.",DERIVED_EVIDENCE
openplcV3_BCDC_TO_INT,BCDC_TO_INT,OpenPLCv3,fold_0,21e231f2848b888ab065c54895567c28d3a5b0eb9f756a86ca75af55f53ea3e9,70f8be37160d2d43e063ad7bb8052f799cbfb223443f0428b1c39c0ab20e97bc,False,OUT_OF_SCOPE,False,TN,core_symbol_text contains dt_FB_ without toolchain gate,"Lexical transfer probe only; not runtime semantics, function-boundary correctness, or vulnerability detection.",DERIVED_EVIDENCE
openplcV3_BETA,BETA,OpenPLCv3,fold_7,d5c3454e234e0c17b3352d4bc9c1382b55e41744a51fdb9fae9e761308963ed1,ab87deabc10e6cf088f22bb732b62acff6246c5a7e3e65f6cf95a450425ecfe0,False,OUT_OF_SCOPE,False,TN,core_symbol_text contains dt_FB_ without toolchain gate,"Lexical transfer probe only; not runtime semantics, function-boundary correctness, or vulnerability detection.",DERIVED_EVIDENCE
openplcV3_BFT_TO_MS,BFT_TO_MS,OpenPLCv3,fold_1,65d932b666cf7c464b1057d79494519a9dadbd44f6423257e21ce02324b63a1f,a0e08a76f7b9bbe3f1f91d508f7eb3359332d6bcb9457ed1bf891bca2b54ee10,False,OUT_OF_SCOPE,False,TN,core_symbol_text contains dt_FB_ without toolchain gate,"Lexical transfer probe only; not runtime semantics, function-boundary correctness, or vulnerability detection.",DERIVED_EVIDENCE
openplcV3_BINOM,BINOM,OpenPLCv3,fold_8,f9556020c713cdca30ddd9fd44ac6c6a08b0c5c8921471db9afcaddf88802cf9,aa175f774cbd74538efa9fd45455cef7ed4a92c1e364458d6a0380e82ca10fa2,False,OUT_OF_SCOPE,False,TN,core_symbol_text contains dt_FB_ without toolchain gate,"Lexical transfer probe only; not runtime semantics, function-boundary correctness, or vulnerability detection.",DERIVED_EVIDENCE
openplcV3_BIT_COUNT,BIT_COUNT,OpenPLCv3,fold_1,ab9073a5efba81f4c0502f586062d3795939a9d776ba33cc5f1d19a49357a96a,ee5fe4082b9cc26d1dbce15e51f34d49e707bac14b3fc03d893102d36e8920da,False,OUT_OF_SCOPE,False,TN,core_symbol_text contains dt_FB_ without toolchain gate,"Lexical transfer probe only; not runtime semantics, function-boundary correctness, or vulnerability detection.",DERIVED_EVIDENCE
openplcV3_BIT_LOAD_B,BIT_LOAD_B,OpenPLCv3,fold_2,773e1da12c3b83c6aaa5a4c48145832c3cc7ab89655440084dc26ced6a1d7c58,1d2c62b4fdbb47992db8e04d2c9de5067c752a30d476af9f23d529d7e18229d3,False,OUT_OF_SCOPE,False,TN,core_symbol_text contains dt_FB_ without toolchain gate,"Lexical transfer probe only; not runtime semantics, function-boundary correctness, or vulnerability detection.",DERIVED_EVIDENCE
openplcV3_BIT_LOAD_B2,BIT_LOAD_B2,OpenPLCv3,fold_3,d0c5c977f28705fffc78c34e18ffb612e83f322aed6d7f582e7a43e9434ee968,13d0e242ed38e05989fcce67d04d79910fb2b905e30d6151fe443f6a3d4fbdc0,False,OUT_OF_SCOPE,False,TN,core_symbol_text contains dt_FB_ without toolchain gate,"Lexical transfer probe only; not runtime semantics, function-boundary correctness, or vulnerability detection.",DERIVED_EVIDENCE
openplcV3_BIT_LOAD_DW,BIT_LOAD_DW,OpenPLCv3,fold_4,4a9ab9675932df0ab1df544dba29e16062b2f11b1aab1cf1054557c5b0464c78,b8d0d19ac6932ac50d969328d454cf39f28992b2c621428cfffe64f8f9a72a2d,False,OUT_OF_SCOPE,False,TN,core_symbol_text contains dt_FB_ without toolchain gate,"Lexical transfer probe only; not runtime semantics, function-boundary correctness, or vulnerability detection.",DERIVED_EVIDENCE
openplcV3_BIT_LOAD_DW2,BIT_LOAD_DW2,OpenPLCv3,fold_5,9fe03101b9139c940797d8d324f8e854e24410b4dbfe2e918945809342354259,76d536728af8a2794443bb8fc4cb6714065f1f66b9757e1a570da2f2e473f60e,False,OUT_OF_SCOPE,False,TN,core_symbol_text contains dt_FB_ without toolchain gate,"Lexical transfer probe only; not runtime semantics, function-boundary correctness, or vulnerability detection.",DERIVED_EVIDENCE
openplcV3_BIT_LOAD_W,BIT_LOAD_W,OpenPLCv3,fold_6,b64c16c718dcfe2e03196c49c07c49b30e41da92609a5183fecd631e19270f52,e4ddc4089af1c1058af184ea7c42677a1b3c483187087e575b6d06df98b45695,False,OUT_OF_SCOPE,False,TN,core_symbol_text contains dt_FB_ without toolchain gate,"Lexical transfer probe only; not runtime semantics, function-boundary correctness, or vulnerability detection.",DERIVED_EVIDENCE
openplcV3_BIT_LOAD_W2,BIT_LOAD_W2,OpenPLCv3,fold_7,6ebd655ae64d7bb3e20a62936e3c369376eaf46f2a9c1b93de0d002eb619be4a,ef6e5d211f70ed48665661c2e3af20cdb78639c778b1b90ec15238b3cff75aff,False,OUT_OF_SCOPE,False,TN,core_symbol_text contains dt_FB_ without toolchain gate,"Lexical transfer probe only; not runtime semantics, function-boundary correctness, or vulnerability detection.",DERIVED_EVIDENCE
openplcV3_BIT_OF_DWORD,BIT_OF_DWORD,OpenPLCv3,fold_8,1a31cd9d6b79c0460d3ff481b008259846987741d4a961f93ab2330580d71e59,8015972ac101c5e63cdd8d4fd9af497821cc2fa8a6285401d80b51b5724de7f0,False,OUT_OF_SCOPE,False,TN,core_symbol_text contains dt_FB_ without toolchain gate,"Lexical transfer probe only; not runtime semantics, function-boundary correctness, or vulnerability detection.",DERIVED_EVIDENCE
openplcV3_BIT_TOGGLE_B,BIT_TOGGLE_B,OpenPLCv3,fold_9,8d2501aeb639ee41edb636198d2cf4ebb0466fc6f5c4f5da2d818e46bd861727,d1889c35c1104b9840952f0a4d6728de40768a335c5753f05416aecd68389dca,False,OUT_OF_SCOPE,False,TN,core_symbol_text contains dt_FB_ without toolchain gate,"Lexical transfer probe only; not runtime semantics, function-boundary correctness, or vulnerability detection.",DERIVED_EVIDENCE
openplcV3_BIT_TOGGLE_DW,BIT_TOGGLE_DW,OpenPLCv3,fold_0,3780cbfdc872ef62563b74e194b2f8cc897f5dbab4bd00b15c6a722715c16442,14af7b7dcc7aae8887c4a2e1f8f9d038ac8ee183b5a3e61d8235706af086fd02,False,OUT_OF_SCOPE,False,TN,core_symbol_text contains dt_FB_ without toolchain gate,"Lexical transfer probe only; not runtime semantics, function-boundary correctness, or vulnerability detection.",DERIVED_EVIDENCE
openplcV3_BIT_TOGGLE_W,BIT_TOGGLE_W,OpenPLCv3,fold_1,8f8d67345c63e0aee16e784cd8134094c36db257521ef8829325ff8537c8e9a4,9b7c6a5a6ce7c2ecdd23353528ba98c30942bca129c2766fa5152f10fcf758a0,False,OUT_OF_SCOPE,False,TN,core_symbol_text contains dt_FB_ without toolchain gate,"Lexical transfer probe only; not runtime semantics, function-boundary correctness, or vulnerability detection.",DERIVED_EVIDENCE
openplcV3_BLIND_ACTUATOR,BLIND_ACTUATOR,OpenPLCv3,fold_0,784812542ee82c10144827e0a5b9b7aced00e9cf3b732415b763dd7c48303f34,d0271e994e43951124efbc3f4138e6e6c3257e05fde8932c642e66f59d31d9dd,True,OUT_OF_SCOPE,False,FN,core_symbol_text contains dt_FB_ without toolchain gate,"Lexical transfer probe only; not runtime semantics, function-boundary correctness, or vulnerability detection.",DERIVED_EVIDENCE
openplcV3_BLIND_CONTROL,BLIND_CONTROL,OpenPLCv3,fold_1,1c778e6622f66fc0307a68cfcd95908f8186ee7225156e6e6c26f1301b310e43,3e9e0125cb885dfa559fb2f2bd34b2df36c6c7687f4514dc6d002ab22b4d8bea,True,OUT_OF_SCOPE,False,FN,core_symbol_text contains dt_FB_ without toolchain gate,"Lexical transfer probe only; not runtime semantics, function-boundary correctness, or vulnerability detection.",DERIVED_EVIDENCE
openplcV3_BLIND_CONTROL_S,BLIND_CONTROL_S,OpenPLCv3,fold_2,ee3f9bb71d5b94bb46e3472073355fa40b01ea8841eee2b3de40f9da9bbb5c12,ef661c63aad6288a37842b22b1a88305a67ecb8c4a1bfa69e125dd3f3499660d,True,OUT_OF_SCOPE,False,FN,core_symbol_text contains dt_FB_ without toolchain gate,"Lexical transfer probe only; not runtime semantics, function-boundary correctness, or vulnerability detection.",DERIVED_EVIDENCE
openplcV3_BLIND_INPUT,BLIND_INPUT,OpenPLCv3,fold_3,26c19ee5a33751683b6b4a96611a8475936cfc9fdd6ab9078d6f4ce2adcef66d,88efc1dc684a3e151eb83689c3f87ba2e6ceea1fc83e033270b9b8b41bf38937,True,OUT_OF_SCOPE,False,FN,core_symbol_text contains dt_FB_ without toolchain gate,"Lexical transfer probe only; not runtime semantics, function-boundary correctness, or vulnerability detection.",DERIVED_EVIDENCE
openplcV3_BLIND_NIGHT,BLIND_NIGHT,OpenPLCv3,fold_4,f4c301358dd38cd46f0c4b5cd17c8b7a29be03cffb758aa906bc49b934cf40e4,63c063519dfe561aa312d36743e07f5ce81a688187832c7c57b3b91b5758e7c5,True,OUT_OF_SCOPE,False,FN,core_symbol_text contains dt_FB_ without toolchain gate,"Lexical transfer probe only; not runtime semantics, function-boundary correctness, or vulnerability detection.",DERIVED_EVIDENCE
openplcV3_BLIND_SCENE,BLIND_SCENE,OpenPLCv3,fold_5,fdc138118941927ea0d2e6aaab52706e250c8e6e03be5277c75d1bde8c63bda1,2a61481f20db644c8163b808f82c47844259b139070d32926342429f1afc4021,True,OUT_OF_SCOPE,False,FN,core_symbol_text contains dt_FB_ without toolchain gate,"Lexical transfer probe only; not runtime semantics, function-boundary correctness, or vulnerability detection.",DERIVED_EVIDENCE
openplcV3_BLIND_SECURITY,BLIND_SECURITY,OpenPLCv3,fold_6,8788e83e0b69cecf4a111319359a60b6677ea3f8e5e3eaec39680a5bb033b320,f890125b18fe7c30473c091e088422eb17cfe67f3e709988821a2e2b802c045b,True,OUT_OF_SCOPE,False,FN,core_symbol_text contains dt_FB_ without toolchain gate,"Lexical transfer probe only; not runtime semantics, function-boundary correctness, or vulnerability detection.",DERIVED_EVIDENCE
openplcV3_BLIND_SET,BLIND_SET,OpenPLCv3,fold_7,8412333a6c0a071caf6ef36c70f9f83400e45b4d3389240b5eee407696354daa,1af82d7f377e1bce43eb1a3c6b408b574a403382a5bbaef3ce478e92fa82a636,True,OUT_OF_SCOPE,False,FN,core_symbol_text contains dt_FB_ without toolchain gate,"Lexical transfer probe only; not runtime semantics, function-boundary correctness, or vulnerability detection.",DERIVED_EVIDENCE
openplcV3_BLIND_SHADE_S,BLIND_SHADE_S,OpenPLCv3,fold_8,7548b582d14e4df5f66ef05efb5dbe89bcadc7e5a065db879bd3d7c504de9d88,67ef32de8fe23378aa12ff77f6ef8b9e41edb974f41e83667d45a3e70f6a1730,True,OUT_OF_SCOPE,False,FN,core_symbol_text contains dt_FB_ without toolchain gate,"Lexical transfer probe only; not runtime semantics, function-boundary correctness, or vulnerability detection.",DERIVED_EVIDENCE
openplcV3_BOILER,BOILER,OpenPLCv3,fold_8,2bcf54895b4e1bafacc0c01df3feef8be9219dbfe92d944b383c680257b3d4f8,c3c92251078e9b0ff82d836d1d6fb0bf370ec2eee3398c6cfa254547044c8e70,True,OUT_OF_SCOPE,False,FN,core_symbol_text contains dt_FB_ without toolchain gate,"Lexical transfer probe only; not runtime semantics, function-boundary correctness, or vulnerability detection.",DERIVED_EVIDENCE
openplcV3_BUFFER_COMP,BUFFER_COMP,OpenPLCv3,fold_8,53623de0c8e6eeba2e64eed83144a591a19279a26d09d780c15f785764f5d5e1,12b0b5649c2efa3f337e788726947352f4d44638afe3d291ed7e9bdd832c16e6,True,OUT_OF_SCOPE,False,FN,core_symbol_text contains dt_FB_ without toolchain gate,"Lexical transfer probe only; not runtime semantics, function-boundary correctness, or vulnerability detection.",DERIVED_EVIDENCE
openplcV3_BUFFER_COMP_NW,BUFFER_COMP_NW,OpenPLCv3,fold_9,81cf062d1c1f1362e4b4a4368fba696a7b33c06168dbefd9ae562f824c3ca697,f93b39f22d491be427ae74974b2960a7629975ed0f034850c00145e3a4ebff35,True,OUT_OF_SCOPE,False,FN,core_symbol_text contains dt_FB_ without toolchain gate,"Lexical transfer probe only; not runtime semantics, function-boundary correctness, or vulnerability detection.",DERIVED_EVIDENCE
openplcV3_BUILDING_VERSION,BUILDING_VERSION,OpenPLCv3,fold_9,64b088cf18c0cbe48a2ce6e0b47a473345ef12812b4825c43a9b03376badacd7,a6891eac87444387ef0e15f56d6f784d6d74438d5ad3e2a45d7daaf2ff73b358,False,OUT_OF_SCOPE,False,TN,core_symbol_text contains dt_FB_ without toolchain gate,"Lexical transfer probe only; not runtime semantics, function-boundary correctness, or vulnerability detection.",DERIVED_EVIDENCE
openplcV3_BURNER,BURNER,OpenPLCv3,fold_9,2f403aa39c008ac43dc57f72cc776f5ebbd03e2a468827875746b8ea28e1e12b,04d2471a758e5d820ab229e755995bb1748be9aee3b5f13abe1ca6035d5a6388,True,OUT_OF_SCOPE,False,FN,core_symbol_text contains dt_FB_ without toolchain gate,"Lexical transfer probe only; not runtime semantics, function-boundary correctness, or vulnerability detection.",DERIVED_EVIDENCE
openplcV3_BYTE_OF_BIT,BYTE_OF_BIT,OpenPLCv3,fold_2,1069f6d17b3b99897b35d180f45c9ca8fec44c762070bd00f58a7754907ec0d3,754c5f5dda9c476236bd47387c65be8eed510945aa3a5f8fa2352038df2def2d,False,OUT_OF_SCOPE,False,TN,core_symbol_text contains dt_FB_ without toolchain gate,"Lexical transfer probe only; not runtime semantics, function-boundary correctness, or vulnerability detection.",DERIVED_EVIDENCE
openplcV3_BYTE_OF_DWORD,BYTE_OF_DWORD,OpenPLCv3,fold_3,d298d92e3a664c04c712c22a5361ca6453a6da0bd7df68352fb0435d5c76c425,6287a6a79eb2fffca5107c867afc452fb8197a69a631770d4a45e35b64c284b5,False,OUT_OF_SCOPE,False,TN,core_symbol_text contains dt_FB_ without toolchain gate,"Lexical transfer probe only; not runtime semantics, function-boundary correctness, or vulnerability detection.",DERIVED_EVIDENCE
openplcV3_BYTE_TO_BITS,BYTE_TO_BITS,OpenPLCv3,fold_4,84c46dbae4992a01ed175e702e3f83d01d9bd63299d8592d6c2b6ddae3162523,e5928c6606a98f44b91a84f4fa8ec0e220834f1230886faf5c09b42d8601004b,True,OUT_OF_SCOPE,False,FN,core_symbol_text contains dt_FB_ without toolchain gate,"Lexical transfer probe only; not runtime semantics, function-boundary correctness, or vulnerability detection.",DERIVED_EVIDENCE
openplcV3_BYTE_TO_GRAY,BYTE_TO_GRAY,OpenPLCv3,fold_5,0bfdbcca5d91e350661fcd6c3fa90ac8bed749b85b0082f98204ea88b5793a28,7266b91bcb3c300cde3fc1b1a089840aa12b261dce33484814e58bb17e46bcc2,False,OUT_OF_SCOPE,False,TN,core_symbol_text contains dt_FB_ without toolchain gate,"Lexical transfer probe only; not runtime semantics, function-boundary correctness, or vulnerability detection.",DERIVED_EVIDENCE
openplcV3_BYTE_TO_RANGE,BYTE_TO_RANGE,OpenPLCv3,fold_4,c02eb7d2e54220f8f592a705f09f21e2326c686ef53b8586f5c015c2ab3d221c,dfca8acffed8871a72e844ba758143de689f07a6d376509ef6f94026a30d2c51,False,OUT_OF_SCOPE,False,TN,core_symbol_text contains dt_FB_ without toolchain gate,"Lexical transfer probe only; not runtime semantics, function-boundary correctness, or vulnerability detection.",DERIVED_EVIDENCE
openplcV3_BYTE_TO_STRB,BYTE_TO_STRB,OpenPLCv3,fold_1,9cb9c218db1d8116c40206b155402f914de47fc1575a8f0b4050d9cf1de5d014,e43dfb7c6f3530c97bec9c7f24c93bd9c567ebc79d99dc04b3d621a9b2eda797,True,OUT_OF_SCOPE,False,FN,core_symbol_text contains dt_FB_ without toolchain gate,"Lexical transfer probe only; not runtime semantics, function-boundary correctness, or vulnerability detection.",DERIVED_EVIDENCE
openplcV3_BYTE_TO_STRH,BYTE_TO_STRH,OpenPLCv3,fold_2,5631b1c8f973736f584dc3e043a1c6ddf94be593388f3448875cd128e79a5784,98d418d6fd6e4a8fd5c84b3385457e04e913076759f30e12b5c380395fcfca65,True,OUT_OF_SCOPE,False,FN,core_symbol_text contains dt_FB_ without toolchain gate,"Lexical transfer probe only; not runtime semantics, function-boundary correctness, or vulnerability detection.",DERIVED_EVIDENCE
openplcV3_BYTE_TO_TIME,BYTE_TO_TIME,OpenPLCv3,fold_6,89be9571cd5fe29785f9f6f6c6471963f7f52919d6478a4a27dea8f70c062244,86bc1f97c41cf1184cc017c4419a11138f938a72908ccf7ff2b11c3e0830ae3c,False,OUT_OF_SCOPE,False,TN,core_symbol_text contains dt_FB_ without toolchain gate,"Lexical transfer probe only; not runtime semantics, function-boundary correctness, or vulnerability detection.",DERIVED_EVIDENCE
openplcV3_B_TRIG,B_TRIG,OpenPLCv3,fold_1,0b239b0c3d97733d16a8c265756f3fd5fb4e84fe42ea412a29475453ed9c410a,c3eeb7007608e8eb0b3c96b1fd282c9c1d5cd393d19b0daa13f6a245c8959bff,True,OUT_OF_SCOPE,False,FN,core_symbol_text contains dt_FB_ without toolchain gate,"Lexical transfer probe only; not runtime semantics, function-boundary correctness, or vulnerability detection.",DERIVED_EVIDENCE
openplcV3_CABS,CABS,OpenPLCv3,fold_0,d15f7044b5c1c4dd03a80c830af7df6ad551f052aa90752ef5d2a2ec8a6d52a1,8a6889341b02f82a06d58bf4dc2cb2fde22a33e5ed8599ee14cd68b2860ccdde,True,OUT_OF_SCOPE,False,FN,core_symbol_text contains dt_FB_ without toolchain gate,"Lexical transfer probe only; not runtime semantics, function-boundary correctness, or vulnerability detection.",DERIVED_EVIDENCE
openplcV3_CACOS,CACOS,OpenPLCv3,fold_1,beaa306d41bf213fdcc1d5a822121a94809b1479b5e046ed0aeca1dd09e4b002,0a78cb66d3753710b92a52b76fe14ad1600b3c306d3d0dbc891e277679287148,True,OUT_OF_SCOPE,False,FN,core_symbol_text contains dt_FB_ without toolchain gate,"Lexical transfer probe only; not runtime semantics, function-boundary correctness, or vulnerability detection.",DERIVED_EVIDENCE
openplcV3_CACOSH,CACOSH,OpenPLCv3,fold_2,838f89b75147683785fb734c5599d78be321f8c45d2049dd9552c676fe046253,730bd2269cf3cb978ae4b7d9f9984b3111ab7cd0e277150d554772f96d5736a2,True,OUT_OF_SCOPE,False,FN,core_symbol_text contains dt_FB_ without toolchain gate,"Lexical transfer probe only; not runtime semantics, function-boundary correctness, or vulnerability detection.",DERIVED_EVIDENCE
openplcV3_CADD,CADD,OpenPLCv3,fold_3,006d99df4e20fe85fc8a07601b3d22a0e94cefe709bccab613c309e1942eb53e,bf386a62151565f2002f7cdf0b50af92d26a43d218f2c2c325daa870e7288a46,True,OUT_OF_SCOPE,False,FN,core_symbol_text contains dt_FB_ without toolchain gate,"Lexical transfer probe only; not runtime semantics, function-boundary correctness, or vulnerability detection.",DERIVED_EVIDENCE
openplcV3_CALENDAR_CALC,CALENDAR_CALC,OpenPLCv3,fold_0,765c3935464fb941a4340ea7c0391d4ebc95ca0fd6cca9c498431a847944acf4,35afd4172ecc5dadbbbf9105d0c3b41f7cdfeb854fa6118b0ed3139929e25a6e,True,OUT_OF_SCOPE,False,FN,core_symbol_text contains dt_FB_ without toolchain gate,"Lexical transfer probe only; not runtime semantics, function-boundary correctness, or vulnerability detection.",DERIVED_EVIDENCE
openplcV3_CALIBRATE,CALIBRATE,OpenPLCv3,fold_2,3b2c79e8ecd7c68f3aa74a4b2c3254de7f945d8b9fe4910d7d930231a7e72eb3,1b37d093946eb31b9f106dcd9dc1056986d2b53f3583c9eda5ada505abbca9ad,True,OUT_OF_SCOPE,False,FN,core_symbol_text contains dt_FB_ without toolchain gate,"Lexical transfer probe only; not runtime semantics, function-boundary correctness, or vulnerability detection.",DERIVED_EVIDENCE
openplcV3_CARG,CARG,OpenPLCv3,fold_4,6f8f9ba3e531105f9b5652c3f30af6a64eea4bccfef43d61bc85e4b1de346af2,c97a4ba3bae6386bb4cbc9d9a2b1e906ee96e9c7b8963c8ea4224b905538c3bc,True,OUT_OF_SCOPE,False,FN,core_symbol_text contains dt_FB_ without toolchain gate,"Lexical transfer probe only; not runtime semantics, function-boundary correctness, or vulnerability detection.",DERIVED_EVIDENCE
openplcV3_CASIN,CASIN,OpenPLCv3,fold_5,1e20d9a57a9daf579e9eff310d4b8879862dedf1ebb7135c7fd7ea8b143526f1,0eb674b59c40c7c6999698a578900a34bef0a7a9d0e4b52a5c2171049eff070f,True,OUT_OF_SCOPE,False,FN,core_symbol_text contains dt_FB_ without toolchain gate,"Lexical transfer probe only; not runtime semantics, function-boundary correctness, or vulnerability detection.",DERIVED_EVIDENCE
openplcV3_CASINH,CASINH,OpenPLCv3,fold_6,58ca1dde58ddf6be7f07bb88149a932b0c81e20bc03af4dcd140fe8e3bb134fd,28124c28b2092d8a6b851d077c7383a11b62eb715984639d194cfa81570be5cb,True,OUT_OF_SCOPE,False,FN,core_symbol_text contains dt_FB_ without toolchain gate,"Lexical transfer probe only; not runtime semantics, function-boundary correctness, or vulnerability detection.",DERIVED_EVIDENCE
openplcV3_CATAN,CATAN,OpenPLCv3,fold_7,51ba0870f43d2c5be692f80df67a7914610afaa5a8d1b9ba55dfa13356672695,ce3e4af41bc8abdb9ba21cd02cb452e8933a02cbb493e83b4cad22a02c1dada7,True,OUT_OF_SCOPE,False,FN,core_symbol_text contains dt_FB_ without toolchain gate,"Lexical transfer probe only; not runtime semantics, function-boundary correctness, or vulnerability detection.",DERIVED_EVIDENCE
openplcV3_CATANH,CATANH,OpenPLCv3,fold_8,add6d5e06189fce7b3788ac79cfce281e7fabc66d739a79d66997a2d71f04aa2,4e073ae083dc0b25a16da35e63bfccce14c844876a58c00a9cf77ab412f6a985,True,OUT_OF_SCOPE,False,FN,core_symbol_text contains dt_FB_ without toolchain gate,"Lexical transfer probe only; not runtime semantics, function-boundary correctness, or vulnerability detection.",DERIVED_EVIDENCE
openplcV3_CAUCHY,CAUCHY,OpenPLCv3,fold_9,2551de3f4d15b2c89e80a2462dcb157321e7415722e97578104ee932088c1a5b,0d77e98eee4524803657163d608aa27460d2ec4b1caff4441e006d75f666fcef,False,OUT_OF_SCOPE,False,TN,core_symbol_text contains dt_FB_ without toolchain gate,"Lexical transfer probe only; not runtime semantics, function-boundary correctness, or vulnerability detection.",DERIVED_EVIDENCE
openplcV3_CAUCHYCD,CAUCHYCD,OpenPLCv3,fold_0,5101126f5af35f4cea27a6c998087c7020c8c4e01a16ca42b75a240230ff9cc6,c933126200eb0cfcaed98a1af2fddcb4d2b9dadd92a420fa16155ce4d20f9d5f,False,OUT_OF_SCOPE,False,TN,core_symbol_text contains dt_FB_ without toolchain gate,"Lexical transfer probe only; not runtime semantics, function-boundary correctness, or vulnerability detection.",DERIVED_EVIDENCE
openplcV3_CCON,CCON,OpenPLCv3,fold_9,969551892218f5d730ad8e1297afb2145a6adb6683a0e0b4667699bb4449a944,567b492ac4a97e7d1b9c479b518ed04ef817f7dba12ea28a3572b1d64069f5f4,True,OUT_OF_SCOPE,False,FN,core_symbol_text contains dt_FB_ without toolchain gate,"Lexical transfer probe only; not runtime semantics, function-boundary correctness, or vulnerability detection.",DERIVED_EVIDENCE
openplcV3_CCOS,CCOS,OpenPLCv3,fold_0,92533340a1314ea64665557e16e0a798b02168d5237fbef2e95b51ae6917cb23,6fba38e45aa03d212a4120ede1de99df980f336c93c4d826e91d88dc79b70650,True,OUT_OF_SCOPE,False,FN,core_symbol_text contains dt_FB_ without toolchain gate,"Lexical transfer probe only; not runtime semantics, function-boundary correctness, or vulnerability detection.",DERIVED_EVIDENCE
openplcV3_CCOSH,CCOSH,OpenPLCv3,fold_1,730dc0cda44a289995f19090d5ca93ae9d8046743f773cff2c59d601093c35e7,02160dc07ca31030609300c979c6492ec21245fe2ef7fd19fa59f1b12a704d6b,True,OUT_OF_SCOPE,False,FN,core_symbol_text contains dt_FB_ without toolchain gate,"Lexical transfer probe only; not runtime semantics, function-boundary correctness, or vulnerability detection.",DERIVED_EVIDENCE
openplcV3_CDIV,CDIV,OpenPLCv3,fold_2,b7788707e68cd3d8c42e9621a3344587bd076f81ffa586c2ea892612d7cc0830,d440901bcc8fcd871b06b811061a41dc91063a57c13be0bae75966ebe65f2b23,True,OUT_OF_SCOPE,False,FN,core_symbol_text contains dt_FB_ without toolchain gate,"Lexical transfer probe only; not runtime semantics, function-boundary correctness, or vulnerability detection.",DERIVED_EVIDENCE
openplcV3_CEIL,CEIL,OpenPLCv3,fold_1,2bedbfd40bac95d27bdb4d959e7dcc7f94249211c0401b96e95d1c1ec21e0332,d49667af71f4d9bdabf84a07ab8ee24d7fb272aaabba1e342841aa873b433189,False,OUT_OF_SCOPE,False,TN,core_symbol_text contains dt_FB_ without toolchain gate,"Lexical transfer probe only; not runtime semantics, function-boundary correctness, or vulnerability detection.",DERIVED_EVIDENCE
openplcV3_CEIL2,CEIL2,OpenPLCv3,fold_2,fdb4be7e9a487a51dd01d8c1a6ce7462219ee21797eb10be2a270a5f05f523ae,fed5c9b251b7cb4f59ab3aefea3fd64dec1d929bed03dbaf28257447b708c3cd,False,OUT_OF_SCOPE,False,TN,core_symbol_text contains dt_FB_ without toolchain gate,"Lexical transfer probe only; not runtime semantics, function-boundary correctness, or vulnerability detection.",DERIVED_EVIDENCE
openplcV3_CEXP,CEXP,OpenPLCv3,fold_3,1580767054d146d0473b8be102d8362db71e70dc8280e55063069a6697f8b283,5f226a401d8ba938ae650b3d7df299c356c515ec120098591ffbd0fd3c68a5fe,True,OUT_OF_SCOPE,False,FN,core_symbol_text contains dt_FB_ without toolchain gate,"Lexical transfer probe only; not runtime semantics, function-boundary correctness, or vulnerability detection.",DERIVED_EVIDENCE
openplcV3_CHARNAME,CHARNAME,OpenPLCv3,fold_3,c2e69d44b0a1a9e97fb8ddbe2c59249d7ba74fca98d263ccbf39415e92d00238,b61011dde6f8136761b3b151a348d625fbe6071ee9a7a7042ef17a45c746ee98,True,OUT_OF_SCOPE,False,FN,core_symbol_text contains dt_FB_ without toolchain gate,"Lexical transfer probe only; not runtime semantics, function-boundary correctness, or vulnerability detection.",DERIVED_EVIDENCE
openplcV3_CHECK_PARITY,CHECK_PARITY,OpenPLCv3,fold_7,4cc58e8c220475fca4d280a7b0dffd7a5538ea9745f60d1b78afa1f2b76daf7b,e31b98865650efde494609f4e6dcc30935b2cd129315d940db406ecc6adbe134,False,OUT_OF_SCOPE,False,TN,core_symbol_text contains dt_FB_ without toolchain gate,"Lexical transfer probe only; not runtime semantics, function-boundary correctness, or vulnerability detection.",DERIVED_EVIDENCE
openplcV3_CHR_TO_STRING,CHR_TO_STRING,OpenPLCv3,fold_4,16255c61b8d32f5510b1bfd71a256d8d363858ffd6cb42da7383c4715c8c5b91,fb3dd3624a61158e9f3f5f1ba643451946028f9db1da8201b0826ff0983177b0,True,OUT_OF_SCOPE,False,FN,core_symbol_text contains dt_FB_ without toolchain gate,"Lexical transfer probe only; not runtime semantics, function-boundary correctness, or vulnerability detection.",DERIVED_EVIDENCE
openplcV3_CINV,CINV,OpenPLCv3,fold_4,09e710f38d99ac0538c7dec51e721e86239e7b635e6bb7738f8f173a704f610a,fccdee186393d30e072ad39b1c07ec2cd2edb8bda1711d7301b56c339cb1c235,True,OUT_OF_SCOPE,False,FN,core_symbol_text contains dt_FB_ without toolchain gate,"Lexical transfer probe only; not runtime semantics, function-boundary correctness, or vulnerability detection.",DERIVED_EVIDENCE
openplcV3_CIRCLE_A,CIRCLE_A,OpenPLCv3,fold_0,32ecdcfe0b2d3d977ab8f42ed7d892f63605f2a2a1c21754a98db016f3a9df63,4cdf23f6031ed697ddf9a8851b9196df4695a03d34760b74d6ba14d156fff169,False,OUT_OF_SCOPE,False,TN,core_symbol_text contains dt_FB_ without toolchain gate,"Lexical transfer probe only; not runtime semantics, function-boundary correctness, or vulnerability detection.",DERIVED_EVIDENCE
openplcV3_CIRCLE_C,CIRCLE_C,OpenPLCv3,fold_1,4e335d11b7dfacad0720198809c26be675f77a031f0b0c82774c1982457236e1,508ba57b0a0396e9d52f51e32104d9c1a9e3efc44b648ed1c6819a2db84d1580,False,OUT_OF_SCOPE,False,TN,core_symbol_text contains dt_FB_ without toolchain gate,"Lexical transfer probe only; not runtime semantics, function-boundary correctness, or vulnerability detection.",DERIVED_EVIDENCE
openplcV3_CIRCLE_SEG,CIRCLE_SEG,OpenPLCv3,fold_2,b72c4d986aca09bb6b8a81f33a344deaaea0796a2e1ac3ef28bab608fdcedc02,33daa714f9e008a084c1b1d7c39001d877764ee83bd3f362363f8344c60a4816,False,OUT_OF_SCOPE,False,TN,core_symbol_text contains dt_FB_ without toolchain gate,"Lexical transfer probe only; not runtime semantics, function-boundary correctness, or vulnerability detection.",DERIVED_EVIDENCE
openplcV3_CLEAN,CLEAN,OpenPLCv3,fold_5,0922dc6477540c9c25b5b133b469c97f035b29c55b2c1fd29073081c9576d754,0eb433c28637db27cfd9446bdbf234a9ca95aa6a68d004d53536028d007a8e8e,True,OUT_OF_SCOPE,False,FN,core_symbol_text contains dt_FB_ without toolchain gate,"Lexical transfer probe only; not runtime semantics, function-boundary correctness, or vulnerability detection.",DERIVED_EVIDENCE
openplcV3_CLICK,CLICK,OpenPLCv3,fold_0,f73600299877af9e465637119448b4a1b22a5470a79d7e7880c7c583c7a02c9c,0026c7dc3bf1d267408c022cafcc39b69595dcd58ba60a38dc0d410ecc6be64e,True,OUT_OF_SCOPE,False,FN,core_symbol_text contains dt_FB_ without toolchain gate,"Lexical transfer probe only; not runtime semantics, function-boundary correctness, or vulnerability detection.",DERIVED_EVIDENCE
openplcV3_CLICK_CNT,CLICK_CNT,OpenPLCv3,fold_2,cb430582e8640a41a6c25e95e3b0d76b1713123d51197e587a5d5eeb75c10582,3f0ce01ec886c10a66bd9d01455987c474231e4c4a1ba03aed03a81c3b72a649,True,OUT_OF_SCOPE,False,FN,core_symbol_text contains dt_FB_ without toolchain gate,"Lexical transfer probe only; not runtime semantics, function-boundary correctness, or vulnerability detection.",DERIVED_EVIDENCE
openplcV3_CLICK_DEC,CLICK_DEC,OpenPLCv3,fold_3,3c8ac40f6c6288cbcf82e41bace24c7156f4df03e0d1393dafcba19602062034,f49500457712e974a6da60fee03de0d72cfd7ce55b12e7faae7aa26e877ec34d,True,OUT_OF_SCOPE,False,FN,core_symbol_text contains dt_FB_ without toolchain gate,"Lexical transfer probe only; not runtime semantics, function-boundary correctness, or vulnerability detection.",DERIVED_EVIDENCE
openplcV3_CLICK_MODE,CLICK_MODE,OpenPLCv3,fold_1,e20ddc95b66dca6fc61103005c9849746c27e0995e728a579fc30382164b904f,b18a2ef9ac52eaa253a5c1369d845f695164f77ea4a72de02e6cac60c98fd493,True,OUT_OF_SCOPE,False,FN,core_symbol_text contains dt_FB_ without toolchain gate,"Lexical transfer probe only; not runtime semantics, function-boundary correctness, or vulnerability detection.",DERIVED_EVIDENCE
openplcV3_CLK_DIV,CLK_DIV,OpenPLCv3,fold_4,1fdcbc72a0ee61c9955ab59bde7d28692ad5d42b11f6de87e1812c59b3cf9620,89b34c3959a8a23f63d4e567e82f4547042b7941282abcc5cab29427570d8ecd,True,OUT_OF_SCOPE,False,FN,core_symbol_text contains dt_FB_ without toolchain gate,"Lexical transfer probe only; not runtime semantics, function-boundary correctness, or vulnerability detection.",DERIVED_EVIDENCE
openplcV3_CLK_N,CLK_N,OpenPLCv3,fold_5,f59c1704b3d9e8de5f2cdb4e96cdeee11bb8d1d783effab16aec97374c13ee95,727ae55ab85b7a0c70e10a7faa57c94de4b94b64c617633bff55fe2535eedec1,True,OUT_OF_SCOPE,False,FN,core_symbol_text contains dt_FB_ without toolchain gate,"Lexical transfer probe only; not runtime semantics, function-boundary correctness, or vulnerability detection.",DERIVED_EVIDENCE
openplcV3_CLK_PRG,CLK_PRG,OpenPLCv3,fold_6,0497a96f83cb964d7f5a1bd63bb94aa3a351bdb3250c69089aa36b9116a06e84,531c9795ebe1d072b30e359cc0cecbe9c1e34e2177987983df4215061aed7783,True,OUT_OF_SCOPE,False,FN,core_symbol_text contains dt_FB_ without toolchain gate,"Lexical transfer probe only; not runtime semantics, function-boundary correctness, or vulnerability detection.",DERIVED_EVIDENCE
openplcV3_CLK_PULSE,CLK_PULSE,OpenPLCv3,fold_7,3aee49b22e73f36d93f2f406592cc01646d5bd80242a77eb12c71301f72f4094,be6194b2104c385b53fa168ff3689aca459dc56857070f03458c90fcc6363cc1,True,OUT_OF_SCOPE,False,FN,core_symbol_text contains dt_FB_ without toolchain gate,"Lexical transfer probe only; not runtime semantics, function-boundary correctness, or vulnerability detection.",DERIVED_EVIDENCE
openplcV3_CLOG,CLOG,OpenPLCv3,fold_5,644bd79cf8b3a0e277c140b028a02f386f86f245eab91f6cd62d6a51061871b6,1fce4353f9b594386f54fe52ae9f465205d4ebbbe86bfe611bcad8f50f0ac25b,True,OUT_OF_SCOPE,False,FN,core_symbol_text contains dt_FB_ without toolchain gate,"Lexical transfer probe only; not runtime semantics, function-boundary correctness, or vulnerability detection.",DERIVED_EVIDENCE
openplcV3_CMP,CMP,OpenPLCv3,fold_3,2d23aa99147671622edd6edde329f63a409b3c024c9aacb84a12aa0e4535e0a9,e77c82e601b0454cbd6fb0cc4be38db8a0fcc0210bfa85ccd38394d7ed5ef89c,False,OUT_OF_SCOPE,False,TN,core_symbol_text contains dt_FB_ without toolchain gate,"Lexical transfer probe only; not runtime semantics, function-boundary correctness, or vulnerability detection.",DERIVED_EVIDENCE
openplcV3_CMUL,CMUL,OpenPLCv3,fold_6,6bbae68318cf2d426ed07fc3ce3b33d42905009c249f3c561826a631017570e8,2d55aaf4460457f04340b33e84dc4d682460f39780989f1edcc9274c7943d002,True,OUT_OF_SCOPE,False,FN,core_symbol_text contains dt_FB_ without toolchain gate,"Lexical transfer probe only; not runtime semantics, function-boundary correctness, or vulnerability detection.",DERIVED_EVIDENCE
openplcV3_CONE_V,CONE_V,OpenPLCv3,fold_3,3bdc909881aaadc754fa59d94e6ab7e67622f5af4f1ed867812b3187a5bbe853,e4bca92fa51515b71a9dacff3f72ca26e21e03850a027f644964b7ddebb2f346,False,OUT_OF_SCOPE,False,TN,core_symbol_text contains dt_FB_ without toolchain gate,"Lexical transfer probe only; not runtime semantics, function-boundary correctness, or vulnerability detection.",DERIVED_EVIDENCE
openplcV3_CONTROL_SET1,CONTROL_SET1,OpenPLCv3,fold_1,5be653184ef12e7ec5c5fa58be3f5ca42de3bc61d824f7f8c27cc857c3e6d1ae,c18f6de694038bce8ee1aceeb36337458693f3ec66255b696442344d18dec4e8,True,OUT_OF_SCOPE,False,FN,core_symbol_text contains dt_FB_ without toolchain gate,"Lexical transfer probe only; not runtime semantics, function-boundary correctness, or vulnerability detection.",DERIVED_EVIDENCE
openplcV3_CONTROL_SET2,CONTROL_SET2,OpenPLCv3,fold_2,ddb7153d5b8ec03f8856c16baa6f41060d827fa052027fa7fd5756ba59a60b8d,6dfc6cbfde24a0cc1893ffc374ec8063b963833c6bb4a3888aaae43e208a535b,True,OUT_OF_SCOPE,False,FN,core_symbol_text contains dt_FB_ without toolchain gate,"Lexical transfer probe only; not runtime semantics, function-boundary correctness, or vulnerability detection.",DERIVED_EVIDENCE
openplcV3_COSH,COSH,OpenPLCv3,fold_4,5b2151e5d75fdea51824cea982976dfb1218c7d8c491584d838a6feb22f14161,d34e2e6f9405f7bfd9433e3bb6632cbba07abdc30e2a421b4b867c04f386a4c1,False,OUT_OF_SCOPE,False,TN,core_symbol_text contains dt_FB_ without toolchain gate,"Lexical transfer probe only; not runtime semantics, function-boundary correctness, or vulnerability detection.",DERIVED_EVIDENCE
openplcV3_COTH,COTH,OpenPLCv3,fold_5,6b91ac9add115cbb640b5f8c8837e79438b2b0ab9a05c5abd2ec894dea2ff16f,996abbd90040b40744146b4158ad858256ec56509707fc575554c3ea83ba13ec,False,OUT_OF_SCOPE,False,TN,core_symbol_text contains dt_FB_ without toolchain gate,"Lexical transfer probe only; not runtime semantics, function-boundary correctness, or vulnerability detection.",DERIVED_EVIDENCE
openplcV3_COUNT_BR,COUNT_BR,OpenPLCv3,fold_0,ef18d3b868c3f4696ebb4d1cf27cfd9f4c509d482d056334f52cd10935ecad33,dd4a7a67a6e34220b98b5fb18c8cd438648b1f928d4e4d1a1e1fed181609508d,True,OUT_OF_SCOPE,False,FN,core_symbol_text contains dt_FB_ without toolchain gate,"Lexical transfer probe only; not runtime semantics, function-boundary correctness, or vulnerability detection.",DERIVED_EVIDENCE
openplcV3_COUNT_DR,COUNT_DR,OpenPLCv3,fold_1,b322252b42b0cc37de8a21289058a3abbf6a32ae20bf30ad612984bc10f13c96,8c093b4f00ef1cbdf505a21eddc33af92f9d0d7d86d09b4bc193e0f1eadbaa7a,True,OUT_OF_SCOPE,False,FN,core_symbol_text contains dt_FB_ without toolchain gate,"Lexical transfer probe only; not runtime semantics, function-boundary correctness, or vulnerability detection.",DERIVED_EVIDENCE
openplcV3_COUNT_SUBSTRING,COUNT_SUBSTRING,OpenPLCv3,fold_6,955d135560bf24e4689d58f6b3debcc5a2c401e7fa39da61fece0ec961ba0d39,21e01880278b32d4e31651268dc7fb72f1547235e4fb9e38a260da9702ca5e3a,True,OUT_OF_SCOPE,False,FN,core_symbol_text contains dt_FB_ without toolchain gate,"Lexical transfer probe only; not runtime semantics, function-boundary correctness, or vulnerability detection.",DERIVED_EVIDENCE
openplcV3_CPOL,CPOL,OpenPLCv3,fold_7,abcd0f4eb5ed4870b21630c412c4de8793d1c47353ee8d6ad74235d23d367948,f18923b8057a497a9bc182ddbf287a0cacbc4fb96ee2b49279325debf229dab5,True,OUT_OF_SCOPE,False,FN,core_symbol_text contains dt_FB_ without toolchain gate,"Lexical transfer probe only; not runtime semantics, function-boundary correctness, or vulnerability detection.",DERIVED_EVIDENCE
openplcV3_CPOW,CPOW,OpenPLCv3,fold_8,90936420b8d36e56081cba3b3dc30bd56bd7f47e2d51838b4cd497dd89251cac,81cf4c4f4666f47bf84caa16ec9c9d9f93039b8036ef53becf1a74f5476e3ff7,True,OUT_OF_SCOPE,False,FN,core_symbol_text contains dt_FB_ without toolchain gate,"Lexical transfer probe only; not runtime semantics, function-boundary correctness, or vulnerability detection.",DERIVED_EVIDENCE
openplcV3_CRC_GEN,CRC_GEN,OpenPLCv3,fold_8,f51e3762ca7a60afbf2bbf86dd9d87ad8df1c9439bad40b8eab6771941a70be8,ea0149b5a6dd9df0b98a41e7e612a305923a0da707a7fc6a750aeb7f4bec5b4c,True,OUT_OF_SCOPE,False,FN,core_symbol_text contains dt_FB_ without toolchain gate,"Lexical transfer probe only; not runtime semantics, function-boundary correctness, or vulnerability detection.",DERIVED_EVIDENCE
openplcV3_CSET,CSET,OpenPLCv3,fold_9,50f0b59076e53a996cf11f59d95f6fd73112c748acf08067bcc5f3e782b6c092,bd8d28a4ac5bc0ce6f81a06f5e09f11deda54a9945a65cb65ef73da3f65ad855,True,OUT_OF_SCOPE,False,FN,core_symbol_text contains dt_FB_ without toolchain gate,"Lexical transfer probe only; not runtime semantics, function-boundary correctness, or vulnerability detection.",DERIVED_EVIDENCE
openplcV3_CSIN,CSIN,OpenPLCv3,fold_0,4297ee055765b35e8ac5b5d96c9e83c58f255c5ca968425c58434bbc1838950c,abaf5d5fb70f32d17fb4732ef6572dfa3f07f7083904c99c34b0ee971a8970ec,True,OUT_OF_SCOPE,False,FN,core_symbol_text contains dt_FB_ without toolchain gate,"Lexical transfer probe only; not runtime semantics, function-boundary correctness, or vulnerability detection.",DERIVED_EVIDENCE
openplcV3_CSINH,CSINH,OpenPLCv3,fold_1,789aafa16039a87d6fd0b5bb80c7a9455cbdc7f53b6effbdb6d3fce772214094,3e002c0f4f3d28f352b187ad28330819bf2465206ce1e9277f015a121a07e4e8,True,OUT_OF_SCOPE,False,FN,core_symbol_text contains dt_FB_ without toolchain gate,"Lexical transfer probe only; not runtime semantics, function-boundary correctness, or vulnerability detection.",DERIVED_EVIDENCE
openplcV3_CSQRT,CSQRT,OpenPLCv3,fold_2,85d01faf66dbe9d2294724e6ef349c5eb7d4c7161ded7269db10e88a661e5e13,4bbeb42afa0fff7e5b741d2adeff7ecdf04a276d8f7ccfafd71da2308cd316dc,True,OUT_OF_SCOPE,False,FN,core_symbol_text contains dt_FB_ without toolchain gate,"Lexical transfer probe only; not runtime semantics, function-boundary correctness, or vulnerability detection.",DERIVED_EVIDENCE
openplcV3_CSUB,CSUB,OpenPLCv3,fold_3,83e2c8522f6b3ce12d80726c725b99e5e637ae55c953e737b72c9b1b1b366e0d,70884bfcb4ae4958667ac645f999b5812de11e32562cb468697c2d148fcc4cbc,True,OUT_OF_SCOPE,False,FN,core_symbol_text contains dt_FB_ without toolchain gate,"Lexical transfer probe only; not runtime semantics, function-boundary correctness, or vulnerability detection.",DERIVED_EVIDENCE
openplcV3_CTAN,CTAN,OpenPLCv3,fold_4,d772ac8ebf4af7bb04295555d4cc1edbec2707105039cb3803c5b27317240931,161eeea3f688a24e669c364b34c045285d6586d51acbceecb5481cb4797d2729,True,OUT_OF_SCOPE,False,FN,core_symbol_text contains dt_FB_ without toolchain gate,"Lexical transfer probe only; not runtime semantics, function-boundary correctness, or vulnerability detection.",DERIVED_EVIDENCE
openplcV3_CTANH,CTANH,OpenPLCv3,fold_5,33e1d6ab2329bae8bc171be232f49315a7ef1962d36a88d8a3ea71e60daab100,101b01ba731711340085e386aa2a1946121282703a731c0bc8562fc7179eba94,True,OUT_OF_SCOPE,False,FN,core_symbol_text contains dt_FB_ without toolchain gate,"Lexical transfer probe only; not runtime semantics, function-boundary correctness, or vulnerability detection.",DERIVED_EVIDENCE
openplcV3_CTRL_IN,CTRL_IN,OpenPLCv3,fold_3,0ca04c5933eab98f6dd9080163a016b7b623ed1118f699c59b8dd58e91cf4798,6da9df6819e34fb28c238d0671216524192a1718f33a40d860d7ab7d6a072fb2,False,OUT_OF_SCOPE,False,TN,core_symbol_text contains dt_FB_ without toolchain gate,"Lexical transfer probe only; not runtime semantics, function-boundary correctness, or vulnerability detection.",DERIVED_EVIDENCE
openplcV3_CTRL_OUT,CTRL_OUT,OpenPLCv3,fold_4,a55841dc8cca9528f73cbf3942b1452dc10c80a94f8b4f71c2511a7874afc1f9,f37a596be43c917d1102c411147fff2e06eee13204b29ba373c0127cd73fd295,True,OUT_OF_SCOPE,False,FN,core_symbol_text contains dt_FB_ without toolchain gate,"Lexical transfer probe only; not runtime semantics, function-boundary correctness, or vulnerability detection.",DERIVED_EVIDENCE
openplcV3_CTRL_PI,CTRL_PI,OpenPLCv3,fold_5,9a8189458ba3b3d9f64668cffa7c2af63dba2b074e032c8511f14bcf8dde5c2a,48eacfa69c9e044884f0332216ea9983f2761efb14c3c98576c51b2fe02530f5,True,OUT_OF_SCOPE,False,FN,core_symbol_text contains dt_FB_ without toolchain gate,"Lexical transfer probe only; not runtime semantics, function-boundary correctness, or vulnerability detection.",DERIVED_EVIDENCE
openplcV3_CTRL_PID,CTRL_PID,OpenPLCv3,fold_6,b5690af38458026f4aa5dfe9b6b993c75eb7baccc99c381dd9cc3e823c76ebb7,fc8e746c10e47c6d6f15007dd1de31151dc1d44719116a93701092b70cac47a3,True,OUT_OF_SCOPE,False,FN,core_symbol_text contains dt_FB_ without toolchain gate,"Lexical transfer probe only; not runtime semantics, function-boundary correctness, or vulnerability detection.",DERIVED_EVIDENCE
openplcV3_CTRL_PWM,CTRL_PWM,OpenPLCv3,fold_7,57bb5f42ff22679e9b4632e663bfc1c5478e7a9ae50afebd604a4ca17f30a21b,388e0b649f3e802f80dd85f3ac86f4f2c92c4fb9c759c7c075e3d4eafeacd1fd,True,OUT_OF_SCOPE,False,FN,core_symbol_text contains dt_FB_ without toolchain gate,"Lexical transfer probe only; not runtime semantics, function-boundary correctness, or vulnerability detection.",DERIVED_EVIDENCE
openplcV3_CYCLE_4,CYCLE_4,OpenPLCv3,fold_8,3a956920ec2a87ef0e71b071de4f5a66ed5c1e59ef3a4b9fff6cc24d0bfd0231,6d8646d43dc11279d86cb9787e2e02082a88f14b9c3aa5714d77d259ff141880,True,OUT_OF_SCOPE,False,FN,core_symbol_text contains dt_FB_ without toolchain gate,"Lexical transfer probe only; not runtime semantics, function-boundary correctness, or vulnerability detection.",DERIVED_EVIDENCE
openplcV3_CYCLE_TIME,CYCLE_TIME,OpenPLCv3,fold_3,d4a192517f1e1ec20608b60d4152c2da55e9ff870421f7e882fe04b8eceeccfa,547d3b940e06831bac8b051718b26cbbce60a32006a10353bd5eb8ad7f667ecb,True,OUT_OF_SCOPE,False,FN,core_symbol_text contains dt_FB_ without toolchain gate,"Lexical transfer probe only; not runtime semantics, function-boundary correctness, or vulnerability detection.",DERIVED_EVIDENCE
openplcV3_C_TO_F,C_TO_F,OpenPLCv3,fold_2,61c60818ef90cec8d3035eca83379cfbc01056a339174e2cc060d90014a9c3e1,91f70264134f62933a718e7c1d6d358193df20968b521508afdad079a0b5b722,False,OUT_OF_SCOPE,False,TN,core_symbol_text contains dt_FB_ without toolchain gate,"Lexical transfer probe only; not runtime semantics, function-boundary correctness, or vulnerability detection.",DERIVED_EVIDENCE
openplcV3_C_TO_K,C_TO_K,OpenPLCv3,fold_3,4d838d6f4c24abbcde4c4112ea03dffb4e50bde7e243031680b1cf49c08f8ea1,443d569ce0f52f9b28ba3ff4e45e1f4c6c747a6a42018733088e4016ece3c846,False,OUT_OF_SCOPE,False,TN,core_symbol_text contains dt_FB_ without toolchain gate,"Lexical transfer probe only; not runtime semantics, function-boundary correctness, or vulnerability detection.",DERIVED_EVIDENCE
openplcV3_DATE_ADD,DATE_ADD,OpenPLCv3,fold_1,54c725640a6e2729e1f54a97bbe2e9a6f1b3065c7acffb844453fd3586c514b2,c67fc773f8db40424acb59498118ca7ddc0ab9abe3ef6143329404d1d143ce35,False,OUT_OF_SCOPE,False,TN,core_symbol_text contains dt_FB_ without toolchain gate,"Lexical transfer probe only; not runtime semantics, function-boundary correctness, or vulnerability detection.",DERIVED_EVIDENCE
openplcV3_DATE_TO_DT,DATE_TO_DT,OpenPLCv3,fold_2,8e2aef9929914ef59a049c18f2b2f0b591c7e9c606a50da28ec282b20c8d9c1a,24ba49fdfe890ded8e2cf16955dfb3d848a7c624490f9e1b4387c2ab6da82fc6,False,OUT_OF_SCOPE,False,TN,core_symbol_text contains dt_FB_ without toolchain gate,"Lexical transfer probe only; not runtime semantics, function-boundary correctness, or vulnerability detection.",DERIVED_EVIDENCE
openplcV3_DATE_TO_DWORD,DATE_TO_DWORD,OpenPLCv3,fold_3,f0365b4976624403047e05b88877c18427da795507cf4b8877a5bbb224933a70,088a7ee16c352c5e42854c3765661c1a5f74567016be299a15b52e2f5e0a2fcc,False,OUT_OF_SCOPE,False,TN,core_symbol_text contains dt_FB_ without toolchain gate,"Lexical transfer probe only; not runtime semantics, function-boundary correctness, or vulnerability detection.",DERIVED_EVIDENCE
openplcV3_DATE_TO_REAL,DATE_TO_REAL,OpenPLCv3,fold_4,81d3a77ac2f0d98dceb454b717de192bb25938849b0917a5cb436edae8aef93d,f1cbe96a1e88583175361880e99ba88d5f0ecb43c7cff1e9b037c75b65ca66ae,False,OUT_OF_SCOPE,False,TN,core_symbol_text contains dt_FB_ without toolchain gate,"Lexical transfer probe only; not runtime semantics, function-boundary correctness, or vulnerability detection.",DERIVED_EVIDENCE
openplcV3_DATE_TO_STRING,DATE_TO_STRING,OpenPLCv3,fold_7,92477fed37a7c534e7fb0e4dd771e478fceba925876ccb8c64c9fa09da2d4b35,599a3e7130143977822ad377d054d68ba9a99533b3dfda7cd10c35b86b390ae1,True,OUT_OF_SCOPE,False,FN,core_symbol_text contains dt_FB_ without toolchain gate,"Lexical transfer probe only; not runtime semantics, function-boundary correctness, or vulnerability detection.",DERIVED_EVIDENCE
openplcV3_DATE_TO_UDINT,DATE_TO_UDINT,OpenPLCv3,fold_5,1710a88eb87eb2dd0669292b8e146bd04a230a0706840e3e5313b92e3b135d16,856e155980fdecada4495e48bc91d0f2c107fba6e8aa6e3b6b235aa969d590d0,False,OUT_OF_SCOPE,False,TN,core_symbol_text contains dt_FB_ without toolchain gate,"Lexical transfer probe only; not runtime semantics, function-boundary correctness, or vulnerability detection.",DERIVED_EVIDENCE
openplcV3_DAYS_DELTA,DAYS_DELTA,OpenPLCv3,fold_1,4bd5fbdbb865e26b428475eb3d2374351eb0878b3b49896529f8a48e10a41e94,2f8fd5ea7fe275bd5f8010e59d6209054c7510da67d1e7b7f1ea5cbbb056e04d,False,OUT_OF_SCOPE,False,TN,core_symbol_text contains dt_FB_ without toolchain gate,"Lexical transfer probe only; not runtime semantics, function-boundary correctness, or vulnerability detection.",DERIVED_EVIDENCE
openplcV3_DAYS_IN_MONTH,DAYS_IN_MONTH,OpenPLCv3,fold_2,3df08c23202d1b47ebbbd0de982a68c1186fe6171c3249806f05ddffd275b761,50cfac504034ce2a25a04bb7c257e47376793cabddd5fb5e0cd085e8709c3893,False,OUT_OF_SCOPE,False,TN,core_symbol_text contains dt_FB_ without toolchain gate,"Lexical transfer probe only; not runtime semantics, function-boundary correctness, or vulnerability detection.",DERIVED_EVIDENCE
openplcV3_DAYS_IN_YEAR,DAYS_IN_YEAR,OpenPLCv3,fold_3,4f8f9c9c2df44a7d2a6caa5d8455ae5197a71e581efc6ae87adea6d298eaae2a,f5bb360f155f2b4d663814b3b0f7dafbda47dcd63f531cf6a658ca039b5c1b87,False,OUT_OF_SCOPE,False,TN,core_symbol_text contains dt_FB_ without toolchain gate,"Lexical transfer probe only; not runtime semantics, function-boundary correctness, or vulnerability detection.",DERIVED_EVIDENCE
openplcV3_DAY_OF_DATE,DAY_OF_DATE,OpenPLCv3,fold_6,eec20cea7c7383352485da26f250d17b0030a8c1797513d3a807ec7edd1c5c6d,f83fcfdb56c218a8d92332d7dd944447d7d08e6532ab423f6bf40348eea63777,False,OUT_OF_SCOPE,False,TN,core_symbol_text contains dt_FB_ without toolchain gate,"Lexical transfer probe only; not runtime semantics, function-boundary correctness, or vulnerability detection.",DERIVED_EVIDENCE
openplcV3_DAY_OF_MONTH,DAY_OF_MONTH,OpenPLCv3,fold_7,acf5ca96a5053194d7293de887dea08564ba1b151ed670a31c31ff5b2d80acae,826995db704efef300b1e1c98ddbdfe9912907023ab168db9044bdcd857bd3be,False,OUT_OF_SCOPE,False,TN,core_symbol_text contains dt_FB_ without toolchain gate,"Lexical transfer probe only; not runtime semantics, function-boundary correctness, or vulnerability detection.",DERIVED_EVIDENCE
openplcV3_DAY_OF_WEEK,DAY_OF_WEEK,OpenPLCv3,fold_8,bebdc92052a985a36c524bfbec2be4c26a49d987138c8a0ae94bb019d34b7e2b,49dae63366edd31143ea334e070b22d22cba110002484152ce8475e6e0d706f1,False,OUT_OF_SCOPE,False,TN,core_symbol_text contains dt_FB_ without toolchain gate,"Lexical transfer probe only; not runtime semantics, function-boundary correctness, or vulnerability detection.",DERIVED_EVIDENCE
openplcV3_DAY_OF_YEAR,DAY_OF_YEAR,OpenPLCv3,fold_9,7de96839a70983c542fd7909b5a060339026db187e8f57a85205f30b47a4b8af,6e4771664da90fcbfe3a5dfeca192cab9c73c3baee5b651a4760f3b37691759d,False,OUT_OF_SCOPE,False,TN,core_symbol_text contains dt_FB_ without toolchain gate,"Lexical transfer probe only; not runtime semantics, function-boundary correctness, or vulnerability detection.",DERIVED_EVIDENCE
openplcV3_DAY_TO_TIME,DAY_TO_TIME,OpenPLCv3,fold_0,254964f50fc8cf5af0132cef4c60f53d46991ae00b8d42c1321df3705dd52fb5,63c15695c66ad80e702ed8a00bea8622fcbc89765fb8f7c5a27471049a1ed017,False,OUT_OF_SCOPE,False,TN,core_symbol_text contains dt_FB_ without toolchain gate,"Lexical transfer probe only; not runtime semantics, function-boundary correctness, or vulnerability detection.",DERIVED_EVIDENCE
openplcV3_DCF77,DCF77,OpenPLCv3,fold_4,0fb301b416ddad63dfb47b7c9d41c4f2b100388043a9d8bfabca78e9d92fdf2b,d76a91355e23a88c4756313f518127b92d03f2f3294cb969d055df64f5a11e1d,True,OUT_OF_SCOPE,False,FN,core_symbol_text contains dt_FB_ without toolchain gate,"Lexical transfer probe only; not runtime semantics, function-boundary correctness, or vulnerability detection.",DERIVED_EVIDENCE
openplcV3_DEAD_BAND,DEAD_BAND,OpenPLCv3,fold_8,43f20aaf68c62fbd292e7f11f8fab66dcbd236abc9075d0741d4cbf1bdbe6e11,e0b620767e8ee7b8bb4eaa429f763866af75f3ae358be89722f5cc1002d45e44,False,OUT_OF_SCOPE,False,TN,core_symbol_text contains dt_FB_ without toolchain gate,"Lexical transfer probe only; not runtime semantics, function-boundary correctness, or vulnerability detection.",DERIVED_EVIDENCE
openplcV3_DEAD_BAND_A,DEAD_BAND_A,OpenPLCv3,fold_9,c582548316b9cb789287126f606a370daf558bb5b79daca8c907a43f1a61ff00,c40d215ffa6d7ceea200d0311e0208e84c1d41fe68f4fd9d9d1c66a8a291376e,True,OUT_OF_SCOPE,False,FN,core_symbol_text contains dt_FB_ without toolchain gate,"Lexical transfer probe only; not runtime semantics, function-boundary correctness, or vulnerability detection.",DERIVED_EVIDENCE
openplcV3_DEAD_ZONE,DEAD_ZONE,OpenPLCv3,fold_0,997ed9788fff708a468b234b6bbcaf0c6cdecaa4360064d727a649ba80335ea3,88400a7032d341acbf9cc5fbab68fca29aaf7203add0f1971854041dc2a64083,False,OUT_OF_SCOPE,False,TN,core_symbol_text contains dt_FB_ without toolchain gate,"Lexical transfer probe only; not runtime semantics, function-boundary correctness, or vulnerability detection.",DERIVED_EVIDENCE
openplcV3_DEAD_ZONE2,DEAD_ZONE2,OpenPLCv3,fold_1,0412b11fac60344b03286e2b541ff5771317bfa2803770e5d08337acec6f995f,97ddceea460cdad5af36aa656888689926d27bb1caf6014e7be0b4d22aac8ee9,True,OUT_OF_SCOPE,False,FN,core_symbol_text contains dt_FB_ without toolchain gate,"Lexical transfer probe only; not runtime semantics, function-boundary correctness, or vulnerability detection.",DERIVED_EVIDENCE
openplcV3_DEBOUNCE,DEBOUNCE,OpenPLCv3,fold_2,d7d291f0acb4d2c0f3ffb10a6b1d6a92c0922a2e852957dba766f391468561ff,d1aeb49b556bc1dd66c46ca366998c4fb8be2cb6086ccf3030d874fe1c5a2db9,True,OUT_OF_SCOPE,False,FN,core_symbol_text contains dt_FB_ without toolchain gate,"Lexical transfer probe only; not runtime semantics, function-boundary correctness, or vulnerability detection.",DERIVED_EVIDENCE
openplcV3_DEC_2,DEC_2,OpenPLCv3,fold_9,4f5bb9c9e0d2a9575b6333adb61b93ee4bdf3635497647045bc5dcafb2abaa0e,4c3eff3249f77d762068ddab7f3df10dcafe61c7ca6a3138e976ee9f1c15a7e0,True,OUT_OF_SCOPE,False,FN,core_symbol_text contains dt_FB_ without toolchain gate,"Lexical transfer probe only; not runtime semantics, function-boundary correctness, or vulnerability detection.",DERIVED_EVIDENCE
openplcV3_DEC_4,DEC_4,OpenPLCv3,fold_0,276032ea677d40590c022d1a581899994a6afe809c51760ac2067a728d522f20,a4723eb611b7eb345ae89e77b78315506d99e8481ce80a32516987ba09b6a656,True,OUT_OF_SCOPE,False,FN,core_symbol_text contains dt_FB_ without toolchain gate,"Lexical transfer probe only; not runtime semantics, function-boundary correctness, or vulnerability detection.",DERIVED_EVIDENCE
openplcV3_DEC_8,DEC_8,OpenPLCv3,fold_1,018ff958a7ad8ac0b159343015742ab26a23533e27519a47564e00ebe90a480c,b57fe640cfef636c95df3d814917e82cd1071d4f3661890ee6d2755e2e4d0b31,True,OUT_OF_SCOPE,False,FN,core_symbol_text contains dt_FB_ without toolchain gate,"Lexical transfer probe only; not runtime semantics, function-boundary correctness, or vulnerability detection.",DERIVED_EVIDENCE
openplcV3_DEG,DEG,OpenPLCv3,fold_7,64885441f3fb9f99785f178658d86080c1e900be3358f9fd627c6cb4998d9cd2,a94de3eff51b718a108a22102d5f97f719fcd05347c4371579d187dd1a2719bd,False,OUT_OF_SCOPE,False,TN,core_symbol_text contains dt_FB_ without toolchain gate,"Lexical transfer probe only; not runtime semantics, function-boundary correctness, or vulnerability detection.",DERIVED_EVIDENCE
openplcV3_DEG_TO_DIR,DEG_TO_DIR,OpenPLCv3,fold_4,eccf1443d673b19aed8470f714d27cb5d076aaccf6af01869410afec4f7e703a,8dbce8e0ded2358a221b655b249c1ffac1f4ff29912f1c50746df73d3d61aae9,True,OUT_OF_SCOPE,False,FN,core_symbol_text contains dt_FB_ without toolchain gate,"Lexical transfer probe only; not runtime semantics, function-boundary correctness, or vulnerability detection.",DERIVED_EVIDENCE
openplcV3_DELAY,DELAY,OpenPLCv3,fold_5,284e3362253ef7a384431488cc9906efcf33f0c9bedd3f3aed86e99668721441,ac28586bf5903f6518166780db3a528c34bbaf0f12a5eb4f761d704c77abcd18,True,OUT_OF_SCOPE,False,FN,core_symbol_text contains dt_FB_ without toolchain gate,"Lexical transfer probe only; not runtime semantics, function-boundary correctness, or vulnerability detection.",DERIVED_EVIDENCE
openplcV3_DELAY_4,DELAY_4,OpenPLCv3,fold_6,bf5412e24323bcfd3539d146ce9419cb785889a5591220c176edc7cab37c3df7,749ce1b93f669418280005b01175ed4d2704398fb49a87d86b1f415b410d068a,True,OUT_OF_SCOPE,False,FN,core_symbol_text contains dt_FB_ without toolchain gate,"Lexical transfer probe only; not runtime semantics, function-boundary correctness, or vulnerability detection.",DERIVED_EVIDENCE
openplcV3_DEL_CHARS,DEL_CHARS,OpenPLCv3,fold_8,5c0122ba841a17d01cc9104a7e2173bac9ec6ee599a4010595957fa416730ecf,f2073102eca93357a2c35fe9217c88a61c94c908f7c9d38d530a282b315a605d,True,OUT_OF_SCOPE,False,FN,core_symbol_text contains dt_FB_ without toolchain gate,"Lexical transfer probe only; not runtime semantics, function-boundary correctness, or vulnerability detection.",DERIVED_EVIDENCE
openplcV3_DEW_CON,DEW_CON,OpenPLCv3,fold_0,ac24bb1fd066fa3c13448fb130eee4a6f3d147ebcdedc1bc9b205fbc7a22fa9e,de66ce74952ce4c8b4cda8cf5ace2762779fd4152d98ac1afc5dd9e2b6ba9c92,False,OUT_OF_SCOPE,False,TN,core_symbol_text contains dt_FB_ without toolchain gate,"Lexical transfer probe only; not runtime semantics, function-boundary correctness, or vulnerability detection.",DERIVED_EVIDENCE
openplcV3_DEW_RH,DEW_RH,OpenPLCv3,fold_1,9fd1c76efcae82faf1814efced4796e9014e1ac3018860db8e2dffeebd1ad846,764a3bb06bdf514b0f0573571323b6f41734aee001ebd117f824df7473d4e3b1,False,OUT_OF_SCOPE,False,TN,core_symbol_text contains dt_FB_ without toolchain gate,"Lexical transfer probe only; not runtime semantics, function-boundary correctness, or vulnerability detection.",DERIVED_EVIDENCE
openplcV3_DEW_TEMP,DEW_TEMP,OpenPLCv3,fold_2,e245c978e7996b89880c4ea84fee538ff39b44b5a172493decf7704068c928ee,6ef94f1577f270c857897671185476874efe8c53fd565709243a37c63382786c,False,OUT_OF_SCOPE,False,TN,core_symbol_text contains dt_FB_ without toolchain gate,"Lexical transfer probe only; not runtime semantics, function-boundary correctness, or vulnerability detection.",DERIVED_EVIDENCE
openplcV3_DIFFER,DIFFER,OpenPLCv3,fold_8,bd8f5566a084373b7f6ba51233c71427c998a550c52e52c2220169316798571d,52759e07f86125acb78cb070ee661a33111eb88925fce0a5790ee603c577b236,False,OUT_OF_SCOPE,False,TN,core_symbol_text contains dt_FB_ without toolchain gate,"Lexical transfer probe only; not runtime semantics, function-boundary correctness, or vulnerability detection.",DERIVED_EVIDENCE
openplcV3_DIMM_2,DIMM_2,OpenPLCv3,fold_3,81f0083b39bc80fb5a4cb0966638e2edb8a90d2cd61036b69e74ca07484c613f,86f63da06f6a52a20d457a426ddd60cb9f55ecb5f820625cdcbefd33e60cecec,True,OUT_OF_SCOPE,False,FN,core_symbol_text contains dt_FB_ without toolchain gate,"Lexical transfer probe only; not runtime semantics, function-boundary correctness, or vulnerability detection.",DERIVED_EVIDENCE
openplcV3_DIMM_I,DIMM_I,OpenPLCv3,fold_4,809322ff33ac54c10ea5c7f154678714c5eb1798274029c05c4f63e10678fd9b,192cbe62c40da2ad10f93a79bc145c50ce998dedb11a05dafcc6130325e9243e,True,OUT_OF_SCOPE,False,FN,core_symbol_text contains dt_FB_ without toolchain gate,"Lexical transfer probe only; not runtime semantics, function-boundary correctness, or vulnerability detection.",DERIVED_EVIDENCE
openplcV3_DIR_TO_DEG,DIR_TO_DEG,OpenPLCv3,fold_5,2da3cab7d8334c9878b4866fa7176f0b5f666b90687be4a2c60673606c88ae40,dce3ef92a4bf46cf8498306be157aed0617871e897bf5d7ab37ce5d108954067,True,OUT_OF_SCOPE,False,FN,core_symbol_text contains dt_FB_ without toolchain gate,"Lexical transfer probe only; not runtime semantics, function-boundary correctness, or vulnerability detection.",DERIVED_EVIDENCE
openplcV3_DRIVER_1,DRIVER_1,OpenPLCv3,fold_0,927a144b223dad3f40083052fdb418b89984927a873668d1a8f92fdf3c0e63d5,8b10b4020d1dfb6ca868de34f02c575b7c342bdd55b0825df7043f413636f9d0,True,OUT_OF_SCOPE,False,FN,core_symbol_text contains dt_FB_ without toolchain gate,"Lexical transfer probe only; not runtime semantics, function-boundary correctness, or vulnerability detection.",DERIVED_EVIDENCE
openplcV3_DRIVER_4,DRIVER_4,OpenPLCv3,fold_1,ba53df8116e73d3a8cfd274b41552c4baa9aa54226b0ffc3efb23321ef7e9fdb,c95fe45ccda106fbd7c7196f9b3a1c182d7d82bfc24c1fb103909e177a5c35b0,True,OUT_OF_SCOPE,False,FN,core_symbol_text contains dt_FB_ without toolchain gate,"Lexical transfer probe only; not runtime semantics, function-boundary correctness, or vulnerability detection.",DERIVED_EVIDENCE
openplcV3_DRIVER_4C,DRIVER_4C,OpenPLCv3,fold_2,773229354cf17f159eb9e5cb66b088b6b0831db8569c75de13102af72f948f0f,a6684cd1625597372cc2a1c77a106d4490308d254a65010fb8b3ce5c2898ffb6,True,OUT_OF_SCOPE,False,FN,core_symbol_text contains dt_FB_ without toolchain gate,"Lexical transfer probe only; not runtime semantics, function-boundary correctness, or vulnerability detection.",DERIVED_EVIDENCE
openplcV3_DST,DST,OpenPLCv3,fold_5,7debadc308c056df1b11073ebc5c7ca2b57c1b17ab308a9f5c6bbe9fe49e9164,e367ffe97ca432cf7226b9f1642f730e61d8cf51da651b8f8b692395727b7c5c,False,OUT_OF_SCOPE,False,TN,core_symbol_text contains dt_FB_ without toolchain gate,"Lexical transfer probe only; not runtime semantics, function-boundary correctness, or vulnerability detection.",DERIVED_EVIDENCE
openplcV3_DT2_TO_SDT,DT2_TO_SDT,OpenPLCv3,fold_8,916fed532c2c62f1bf0a0c32fab0f5b034be65084624838f1ff8573c9514a518,2d21cae75e65b05f87cc4ec6353f88befb060e16a9448e0afb2ac2b43f2b4ac9,True,OUT_OF_SCOPE,False,FN,core_symbol_text contains dt_FB_ without toolchain gate,"Lexical transfer probe only; not runtime semantics, function-boundary correctness, or vulnerability detection.",DERIVED_EVIDENCE
openplcV3_DT_SIMU,DT_SIMU,OpenPLCv3,fold_4,cff79e00e7374fd88a53ec860810a039aabb2b1686e54f8741da070b55668e10,db1b7f12dbe9651f0699e1106a8efe564312969bfd21874a0aab33336637f40e,True,OUT_OF_SCOPE,False,FN,core_symbol_text contains dt_FB_ without toolchain gate,"Lexical transfer probe only; not runtime semantics, function-boundary correctness, or vulnerability detection.",DERIVED_EVIDENCE
openplcV3_DT_TO_SDT,DT_TO_SDT,OpenPLCv3,fold_6,77b10c5bdacad107584f2837d84faa047698da2f31b9498be97e9b187f7ec38f,552cacc14541c8bcd38d3d68e6c3516b50bcdfd8af19bbb11ac9dfaeb0daa302,True,OUT_OF_SCOPE,False,FN,core_symbol_text contains dt_FB_ without toolchain gate,"Lexical transfer probe only; not runtime semantics, function-boundary correctness, or vulnerability detection.",DERIVED_EVIDENCE
openplcV3_DT_TO_STRING,DT_TO_STRING,OpenPLCv3,fold_9,4b8d789f0081f4bdc47c62f3c217423db3fd0b895917bef8c878c50ca01a1935,0228bd30d220412b54e647758be02821cbf67ca36b8fc4ad01a223a1e66ec197,True,OUT_OF_SCOPE,False,FN,core_symbol_text contains dt_FB_ without toolchain gate,"Lexical transfer probe only; not runtime semantics, function-boundary correctness, or vulnerability detection.",DERIVED_EVIDENCE
openplcV3_DT_TO_TOD,DT_TO_TOD,OpenPLCv3,fold_7,deb5dbcfb904c39ddbd8f7058feb65aa0c3f64e9523699ac0c1d775dce0984f5,6ce480fdb1684e639c1d33978a4d2540d4825e2d15c2f42daab9b188476aec09,False,OUT_OF_SCOPE,False,TN,core_symbol_text contains dt_FB_ without toolchain gate,"Lexical transfer probe only; not runtime semantics, function-boundary correctness, or vulnerability detection.",DERIVED_EVIDENCE
openplcV3_DWORD_OF_BYTE,DWORD_OF_BYTE,OpenPLCv3,fold_2,69cbf3919ce06348c8bbf3f3ccd28812ec48daefade54d83d23bf4825c3fb5c9,16ac14971601d72bae4af1b4a12c845070e0ce0b95f12ffea0a716b53817cebc,False,OUT_OF_SCOPE,False,TN,core_symbol_text contains dt_FB_ without toolchain gate,"Lexical transfer probe only; not runtime semantics, function-boundary correctness, or vulnerability detection.",DERIVED_EVIDENCE
openplcV3_DWORD_OF_WORD,DWORD_OF_WORD,OpenPLCv3,fold_3,49a18164c68abe381a13bcf0c600c63dd61a69b1e9e1684c1c0e23156154e61c,2380348ead5fb76d2af234dd93bbed5c9e2f6346727b6439dbeb09cf05a51731,False,OUT_OF_SCOPE,False,TN,core_symbol_text contains dt_FB_ without toolchain gate,"Lexical transfer probe only; not runtime semantics, function-boundary correctness, or vulnerability detection.",DERIVED_EVIDENCE
openplcV3_DWORD_TO_DATE,DWORD_TO_DATE,OpenPLCv3,fold_9,cc08ea10a1bb25a28d72c6c085f1bcba16483f0a36cd7404d0203a2ac430ea67,799a716a062ee9bbfc738abb385a74c3fbcc9e824021f920131f51e18cd70f65,False,OUT_OF_SCOPE,False,TN,core_symbol_text contains dt_FB_ without toolchain gate,"Lexical transfer probe only; not runtime semantics, function-boundary correctness, or vulnerability detection.",DERIVED_EVIDENCE
openplcV3_DWORD_TO_DT,DWORD_TO_DT,OpenPLCv3,fold_0,3e85337d59428c3f69ba97bacd1f63fc2ab35d88b6b10a93ee7f7d292fa7c102,5c5a844eab9030367337b1c86ce843092d3236dcb51fff6bac5a16f782b93890,False,OUT_OF_SCOPE,False,TN,core_symbol_text contains dt_FB_ without toolchain gate,"Lexical transfer probe only; not runtime semantics, function-boundary correctness, or vulnerability detection.",DERIVED_EVIDENCE
openplcV3_DWORD_TO_STRB,DWORD_TO_STRB,OpenPLCv3,fold_0,8925790cc98b16f56d58c94b93e5323a5d6187561f7f7094646c8139110ffa61,7ef0bac542a411f57a055ab6db87daeed46ba5bfe8077f255e710cf70e8bea2d,True,OUT_OF_SCOPE,False,FN,core_symbol_text contains dt_FB_ without toolchain gate,"Lexical transfer probe only; not runtime semantics, function-boundary correctness, or vulnerability detection.",DERIVED_EVIDENCE
openplcV3_DWORD_TO_STRF,DWORD_TO_STRF,OpenPLCv3,fold_1,e7c98b519ccf831fbd2b550fc9a60751ce25c86231194c1962b79d3ea785b461,0468dc383282ca3b2cc9e3da3af8be02ead9269d8b26ff1bb023a335354e7f3b,True,OUT_OF_SCOPE,False,FN,core_symbol_text contains dt_FB_ without toolchain gate,"Lexical transfer probe only; not runtime semantics, function-boundary correctness, or vulnerability detection.",DERIVED_EVIDENCE
openplcV3_DWORD_TO_STRH,DWORD_TO_STRH,OpenPLCv3,fold_2,7bb479322e391f7c67c7a811fbbba7baa534c309f07eda60e00bc3b20033ad56,21c51c03077611a36d829f282659822e9172d88f89b4c2cec86e5aa948559ae7,True,OUT_OF_SCOPE,False,FN,core_symbol_text contains dt_FB_ without toolchain gate,"Lexical transfer probe only; not runtime semantics, function-boundary correctness, or vulnerability detection.",DERIVED_EVIDENCE
openplcV3_DWORD_TO_TIME,DWORD_TO_TIME,OpenPLCv3,fold_1,378e6da6199535e5f86590a6759722fad2794f422b1f2462d580c9ba37c489f1,d605fd1bdd4ba19b588aabb6c9a050090c7c15ca9e021bf89823bb5e61dde6f5,False,OUT_OF_SCOPE,False,TN,core_symbol_text contains dt_FB_ without toolchain gate,"Lexical transfer probe only; not runtime semantics, function-boundary correctness, or vulnerability detection.",DERIVED_EVIDENCE
openplcV3_DWORD_TO_TOD,DWORD_TO_TOD,OpenPLCv3,fold_2,44a7c100e104dfcdb3c281ab9d41b9e7157d254ef7c68109d9bbc046f5d660fb,fd92f9dec743f2b1327c35586706713cc7dfd30313d8551b63df0c40bdced785,False,OUT_OF_SCOPE,False,TN,core_symbol_text contains dt_FB_ without toolchain gate,"Lexical transfer probe only; not runtime semantics, function-boundary correctness, or vulnerability detection.",DERIVED_EVIDENCE
openplcV3_D_TRIG,D_TRIG,OpenPLCv3,fold_9,8a68825afe35026685b09339de2efbb6f94dae0aba3ce5006960e19790d5f669,d0602bea49ee9e46c18ca8ca640ff2d5958ee87b880ad48a3fd00a010a28b0bc,True,OUT_OF_SCOPE,False,FN,core_symbol_text contains dt_FB_ without toolchain gate,"Lexical transfer probe only; not runtime semantics, function-boundary correctness, or vulnerability detection.",DERIVED_EVIDENCE
openplcV3_D_TRUNC,D_TRUNC,OpenPLCv3,fold_6,bf097abc9819a47b2b1c3223b26ab8b9b4fc718632318399d05154c2f5d22b07,c01203f71e552acbb4eafde3d7a173546d5cdd325a772278895fa06621287e15,False,OUT_OF_SCOPE,False,TN,core_symbol_text contains dt_FB_ without toolchain gate,"Lexical transfer probe only; not runtime semantics, function-boundary correctness, or vulnerability detection.",DERIVED_EVIDENCE
openplcV3_EASTER,EASTER,OpenPLCv3,fold_3,de162547118778b98457f00f14b972bbc05b80f91206cca825d7bd875006ebf5,2a9ee995b5959bc33e9c5ae2eebe8f45baead62ccc281214df8e2b172af64c9f,False,OUT_OF_SCOPE,False,TN,core_symbol_text contains dt_FB_ without toolchain gate,"Lexical transfer probe only; not runtime semantics, function-boundary correctness, or vulnerability detection.",DERIVED_EVIDENCE
openplcV3_ELLIPSE_A,ELLIPSE_A,OpenPLCv3,fold_4,f1de0ff74312801bc79edc313472051042480a63e17f394b4cf90a8db4727b4a,eb364339600d4b3ea6fbb819d5f9c92086749dac2b0cb33bb2a2ea9313b98f55,False,OUT_OF_SCOPE,False,TN,core_symbol_text contains dt_FB_ without toolchain gate,"Lexical transfer probe only; not runtime semantics, function-boundary correctness, or vulnerability detection.",DERIVED_EVIDENCE
openplcV3_ELLIPSE_C,ELLIPSE_C,OpenPLCv3,fold_5,c6b7a591b32e0510b81a19c11736f9bc02c7e03d86958ab56467eebc65a39eca,314fa450d3218f70be7cf4f6dae85414e5806f7787ecb5e283db7f4ade66e600,False,OUT_OF_SCOPE,False,TN,core_symbol_text contains dt_FB_ without toolchain gate,"Lexical transfer probe only; not runtime semantics, function-boundary correctness, or vulnerability detection.",DERIVED_EVIDENCE
openplcV3_ENERGY,ENERGY,OpenPLCv3,fold_6,1c3c6dd64b17c7568deaf65d86caa0890f35ba207c67c0921d281898c4f56cb5,ae161653f87896542db8fd4db61907bdbbf9f29b8ba892f6feb7f49bbf6d595c,True,OUT_OF_SCOPE,False,FN,core_symbol_text contains dt_FB_ without toolchain gate,"Lexical transfer probe only; not runtime semantics, function-boundary correctness, or vulnerability detection.",DERIVED_EVIDENCE
openplcV3_ERF,ERF,OpenPLCv3,fold_9,95f73be5f1725e434aa93db1f3870501e7d4396f912f2e9d1651dfc958c1ff2c,16c761f01081624e49e9911e129bd502f3ae46b37d96a60e5c4f25850f661ecb,False,OUT_OF_SCOPE,False,TN,core_symbol_text contains dt_FB_ without toolchain gate,"Lexical transfer probe only; not runtime semantics, function-boundary correctness, or vulnerability detection.",DERIVED_EVIDENCE
openplcV3_ERFC,ERFC,OpenPLCv3,fold_0,d084dde41799337fa7eb401bad8993d8368389dc6bda7c667a05ad28fb55e7d2,676b4bbac569c49602e471bc674af530f7f5c63f9f511bedeaa667755e42f4bf,False,OUT_OF_SCOPE,False,TN,core_symbol_text contains dt_FB_ without toolchain gate,"Lexical transfer probe only; not runtime semantics, function-boundary correctness, or vulnerability detection.",DERIVED_EVIDENCE
openplcV3_ESR_COLLECT,ESR_COLLECT,OpenPLCv3,fold_6,97aab11c9242252ec2cd319ca6c9ca0f18334efe7b4d0182ea993e31a7e53d58,0a9eb6baeb472cdee182e79fbd882d8aa51849be2ed84b89705979a4d6ee84d0,True,OUT_OF_SCOPE,False,FN,core_symbol_text contains dt_FB_ without toolchain gate,"Lexical transfer probe only; not runtime semantics, function-boundary correctness, or vulnerability detection.",DERIVED_EVIDENCE
openplcV3_ESR_MON_B8,ESR_MON_B8,OpenPLCv3,fold_7,4fa36ba50096914680b765769b68181ec1c3bbb93347da89d17b514a05633a5c,5b93e1f7f2ca7ca56b8b1a988512e7db3303b1a346b8f401088d06f1b50ea2de,True,OUT_OF_SCOPE,False,FN,core_symbol_text contains dt_FB_ without toolchain gate,"Lexical transfer probe only; not runtime semantics, function-boundary correctness, or vulnerability detection.",DERIVED_EVIDENCE
openplcV3_ESR_MON_X8,ESR_MON_X8,OpenPLCv3,fold_8,eb524f508b93b5d57745180c05ec83a83d4e2e23647e8859d0aa8a145c507267,42eca2d99b132a7343b0cde1f2d0243440e68db17e17e974a9ef7ea61f47845c,True,OUT_OF_SCOPE,False,FN,core_symbol_text contains dt_FB_ without toolchain gate,"Lexical transfer probe only; not runtime semantics, function-boundary correctness, or vulnerability detection.",DERIVED_EVIDENCE
openplcV3_EVEN,EVEN,OpenPLCv3,fold_1,c7ba5a68f5aa8a9812ff2711f38e23762eaff52cc103999c04c7e672815c2541,d2ec836a2656d0519e6374612afe77f69a367eccde74a0c5d8ae38c6fc75ff75,False,OUT_OF_SCOPE,False,TN,core_symbol_text contains dt_FB_ without toolchain gate,"Lexical transfer probe only; not runtime semantics, function-boundary correctness, or vulnerability detection.",DERIVED_EVIDENCE
openplcV3_EVENTS,EVENTS,OpenPLCv3,fold_4,77680c88a7a2b32a6cc29d02c151437df1e44fc6bb49ed17830b1fda9d6e3d5e,0b440ecd41e33f00c1e95acce5876a92ea88cf71f0a0f1fb452caeb58493f0e2,True,OUT_OF_SCOPE,False,FN,core_symbol_text contains dt_FB_ without toolchain gate,"Lexical transfer probe only; not runtime semantics, function-boundary correctness, or vulnerability detection.",DERIVED_EVIDENCE
openplcV3_EXP10,EXP10,OpenPLCv3,fold_2,4c4a7bcc9d8f5bfced79a872c7b6f871d32190de67714816e359a333f86a7b2a,b87702b820ee779d23b497991afbbb758fe7260cce3d3091cb52ee0743773133,False,OUT_OF_SCOPE,False,TN,core_symbol_text contains dt_FB_ without toolchain gate,"Lexical transfer probe only; not runtime semantics, function-boundary correctness, or vulnerability detection.",DERIVED_EVIDENCE
openplcV3_EXPN,EXPN,OpenPLCv3,fold_3,7aa5330537d65d038d180082eaea222d48e082a952e52bb20df3a8fea90ba0ef,fe4f1fae5d4d50d2ce03ee0d904be9dda0eb987bed7fd653139a694242057afd,False,OUT_OF_SCOPE,False,TN,core_symbol_text contains dt_FB_ without toolchain gate,"Lexical transfer probe only; not runtime semantics, function-boundary correctness, or vulnerability detection.",DERIVED_EVIDENCE
openplcV3_FACT,FACT,OpenPLCv3,fold_4,55cdcdf68cb4ba25e13f86d1a97dc87e6737818e5c98862b41d25b324df42da7,55cb801c3f3fd34ddaba02f8a3b27b2d6177d77c2e175f06a9ad95759430ba7b,False,OUT_OF_SCOPE,False,TN,core_symbol_text contains dt_FB_ without toolchain gate,"Lexical transfer probe only; not runtime semantics, function-boundary correctness, or vulnerability detection.",DERIVED_EVIDENCE
openplcV3_FADE,FADE,OpenPLCv3,fold_7,24d98be5f0eb0df531ea712749e4c7ec3bd11326f05083d6338991e542511135,5339146fcf59d1c034ee2048d0f3a2eb3e89a3eb5a4f707a4700f29e965748e3,True,OUT_OF_SCOPE,False,FN,core_symbol_text contains dt_FB_ without toolchain gate,"Lexical transfer probe only; not runtime semantics, function-boundary correctness, or vulnerability detection.",DERIVED_EVIDENCE
openplcV3_FF_D2E,FF_D2E,OpenPLCv3,fold_2,0029feaf1231291b98faf2a617c5a50517c0d616c3bc414653db709f29da377d,a99968a49a20669b8517cdc24ff73c9a4e2e0f5410a4b1496eaaad5d408034c5,True,OUT_OF_SCOPE,False,FN,core_symbol_text contains dt_FB_ without toolchain gate,"Lexical transfer probe only; not runtime semantics, function-boundary correctness, or vulnerability detection.",DERIVED_EVIDENCE
openplcV3_FF_D4E,FF_D4E,OpenPLCv3,fold_3,9e6b10179e8420f2853415783a17f4d0a8f834d0d8792f7797093f71fcb161ae,0e91ca884f8c6aedc2ce3a6043196e389ad0ba20474e8067968c8839192035ab,True,OUT_OF_SCOPE,False,FN,core_symbol_text contains dt_FB_ without toolchain gate,"Lexical transfer probe only; not runtime semantics, function-boundary correctness, or vulnerability detection.",DERIVED_EVIDENCE
openplcV3_FF_DRE,FF_DRE,OpenPLCv3,fold_4,730fe37dc4be73b6bcbd0410cd5a457232d7652e4a250074d8f3654eb7669281,8105d89ad22f11b28d2564ff7f0880dc7c964b36f0c24f18c6aec5a7726f1e06,True,OUT_OF_SCOPE,False,FN,core_symbol_text contains dt_FB_ without toolchain gate,"Lexical transfer probe only; not runtime semantics, function-boundary correctness, or vulnerability detection.",DERIVED_EVIDENCE
openplcV3_FF_JKE,FF_JKE,OpenPLCv3,fold_5,17fce061cc05f60aae94c2b541542d82506108756c5c041e691566176f7c30fc,72fa24fb0d9167cd90f96ad5d267d58d6e82f11f275e438272b29834ba0920bb,True,OUT_OF_SCOPE,False,FN,core_symbol_text contains dt_FB_ without toolchain gate,"Lexical transfer probe only; not runtime semantics, function-boundary correctness, or vulnerability detection.",DERIVED_EVIDENCE
openplcV3_FF_RSE,FF_RSE,OpenPLCv3,fold_6,a34d906c53b65fa99b31cb3405e0a7c0a085d6f887d74aae25789391b9a1d1b3,0499edf1b03802238aa37f86a61ccba3ef07812ec76b72157cf0aec056f336df,True,OUT_OF_SCOPE,False,FN,core_symbol_text contains dt_FB_ without toolchain gate,"Lexical transfer probe only; not runtime semantics, function-boundary correctness, or vulnerability detection.",DERIVED_EVIDENCE
openplcV3_FIB,FIB,OpenPLCv3,fold_5,f32ff54046fbfd52a4f41665569bf38e177ca900a56d224795cba674790e025e,9a5b46687f7810ddb6cebf1e681772daca4815ee7ab7a5dd530104af621d0e04,False,OUT_OF_SCOPE,False,TN,core_symbol_text contains dt_FB_ without toolchain gate,"Lexical transfer probe only; not runtime semantics, function-boundary correctness, or vulnerability detection.",DERIVED_EVIDENCE
openplcV3_FIFO_16,FIFO_16,OpenPLCv3,fold_0,91d5052465ed8c5de886044a687f45708385a593b0027251684a619f491cfcb6,0983f364c9d153a9fa77b78e8cd8ebada613fe44fb790513fdb4c15d8d2bab90,True,OUT_OF_SCOPE,False,FN,core_symbol_text contains dt_FB_ without toolchain gate,"Lexical transfer probe only; not runtime semantics, function-boundary correctness, or vulnerability detection.",DERIVED_EVIDENCE
openplcV3_FIFO_32,FIFO_32,OpenPLCv3,fold_1,49784c9b5a9f1ed226f1fc9f0745088d5bc3090d961a54572a3fc8b56965b752,7d47b7fe6bb6977706d7011e990f223ac92cabbac9d6fd90c141ed8df1de81a8,True,OUT_OF_SCOPE,False,FN,core_symbol_text contains dt_FB_ without toolchain gate,"Lexical transfer probe only; not runtime semantics, function-boundary correctness, or vulnerability detection.",DERIVED_EVIDENCE
openplcV3_FILE_BLOCK,FILE_BLOCK,OpenPLCv3,fold_1,ba744347c37fe399ae606084cf7088feaa0593b7249727e51ee6fc9962430282,b686b6670afc0bcb953498e8af72f5b7eae1d0d17cfdcc3d8e0e2a79a6718c0e,True,OUT_OF_SCOPE,False,FN,core_symbol_text contains dt_FB_ without toolchain gate,"Lexical transfer probe only; not runtime semantics, function-boundary correctness, or vulnerability detection.",DERIVED_EVIDENCE
openplcV3_FILE_PATH_SPLIT,FILE_PATH_SPLIT,OpenPLCv3,fold_2,21333ed3e07b3420a85e83199aab623a4d4252b547a4f21bfe941bd3805f17d2,879f513fad365ad885b0200be6e3f5a8879bb9ad4861b8325ac692fb5780ab48,True,OUT_OF_SCOPE,False,FN,core_symbol_text contains dt_FB_ without toolchain gate,"Lexical transfer probe only; not runtime semantics, function-boundary correctness, or vulnerability detection.",DERIVED_EVIDENCE
openplcV3_FILL,FILL,OpenPLCv3,fold_3,5ed9be65abe7886ebe3a6b2621596c2e0295879c93f4021819b60a3d3791b544,aa7f25e84586cdaf6f6bfa555ca891b02575e9dec70d7da78672e4280d9af0c9,True,OUT_OF_SCOPE,False,FN,core_symbol_text contains dt_FB_ without toolchain gate,"Lexical transfer probe only; not runtime semantics, function-boundary correctness, or vulnerability detection.",DERIVED_EVIDENCE
openplcV3_FILTER_DW,FILTER_DW,OpenPLCv3,fold_8,aa3df30029d0e59a435a81af2b9fa13dcc87d8cc24f8af26cd05cbca20758015,a9f2cbd241c3dcf0f927afaf4a35477bd58f7b12887a288f67238c800a5e5881,True,OUT_OF_SCOPE,False,FN,core_symbol_text contains dt_FB_ without toolchain gate,"Lexical transfer probe only; not runtime semantics, function-boundary correctness, or vulnerability detection.",DERIVED_EVIDENCE
openplcV3_FILTER_I,FILTER_I,OpenPLCv3,fold_9,e730f137a68b4bd15cb323f65533e2a124cfb384058a472c06305c9334142292,641fa0734c10849b2e6ef908927842760f08e11458122fd522984fb5b5c4ecf7,True,OUT_OF_SCOPE,False,FN,core_symbol_text contains dt_FB_ without toolchain gate,"Lexical transfer probe only; not runtime semantics, function-boundary correctness, or vulnerability detection.",DERIVED_EVIDENCE
openplcV3_FILTER_MAV_DW,FILTER_MAV_DW,OpenPLCv3,fold_0,5c2e7a4e3b4091cb0cd59388da0718cdbb4be0e54b04d7dcab140e737270d070,92843ba139b24d407c0d27c6f6fab40820531e8604f5d2e97dead3383503a444,True,OUT_OF_SCOPE,False,FN,core_symbol_text contains dt_FB_ without toolchain gate,"Lexical transfer probe only; not runtime semantics, function-boundary correctness, or vulnerability detection.",DERIVED_EVIDENCE
openplcV3_FILTER_MAV_W,FILTER_MAV_W,OpenPLCv3,fold_1,0e58f600a393b414e38d55a53e8a8424ff5ddaf848ab90c5f4debeb3046347e5,aee55b432e9ef58483ca359cda18d78bf53fba011910d74e01541e753b4a852a,True,OUT_OF_SCOPE,False,FN,core_symbol_text contains dt_FB_ without toolchain gate,"Lexical transfer probe only; not runtime semantics, function-boundary correctness, or vulnerability detection.",DERIVED_EVIDENCE
openplcV3_FILTER_W,FILTER_W,OpenPLCv3,fold_2,143165a2e9687a66faea9375e5bc9f8f4a88c8c8e261746bfdf1791744f125b9,d5edd99f37da770623aafbfdafe73529fa68a4bd94c653ceac6fcb39a101fca3,True,OUT_OF_SCOPE,False,FN,core_symbol_text contains dt_FB_ without toolchain gate,"Lexical transfer probe only; not runtime semantics, function-boundary correctness, or vulnerability detection.",DERIVED_EVIDENCE
openplcV3_FILTER_WAV,FILTER_WAV,OpenPLCv3,fold_3,49e4eb5c05d483a16c00f93a9fd99211831f0a3c938d679c8834de7ad219f0a5,dd17a109ce9f3cb8f650b3a223eac4798434718a7178315e49ffce4a497a097f,True,OUT_OF_SCOPE,False,FN,core_symbol_text contains dt_FB_ without toolchain gate,"Lexical transfer probe only; not runtime semantics, function-boundary correctness, or vulnerability detection.",DERIVED_EVIDENCE
openplcV3_FINDB,FINDB,OpenPLCv3,fold_4,c4c47145790989f2d6eb678759ba93eae393de9d86ef0878a3ae544dc5abff76,97c3d750738771653a6b9f3d46fda20c5b0dee90366c3f4948d48044ca3316be,True,OUT_OF_SCOPE,False,FN,core_symbol_text contains dt_FB_ without toolchain gate,"Lexical transfer probe only; not runtime semantics, function-boundary correctness, or vulnerability detection.",DERIVED_EVIDENCE
openplcV3_FINDP,FINDP,OpenPLCv3,fold_5,0e9bfa04f6fe5ba254c9cf1ca4de6c61a9788bf6855bd4b25b1e41f5bef29ab5,5a715f6ce4de3fea337c3762b54120c3196978b1860af7d173c35619e9f7fc06,True,OUT_OF_SCOPE,False,FN,core_symbol_text contains dt_FB_ without toolchain gate,"Lexical transfer probe only; not runtime semantics, function-boundary correctness, or vulnerability detection.",DERIVED_EVIDENCE
openplcV3_FIX,FIX,OpenPLCv3,fold_6,39bcc424e4cf3857a6e9c0102ed5dea5e87d33d9af8211660de90e4933cbc5b0,5f77f344f3064c5dfd6dd4dac40680b0e2dbc9a23f074af3366b9de3dd47436a,True,OUT_OF_SCOPE,False,FN,core_symbol_text contains dt_FB_ without toolchain gate,"Lexical transfer probe only; not runtime semantics, function-boundary correctness, or vulnerability detection.",DERIVED_EVIDENCE
openplcV3_FLOOR,FLOOR,OpenPLCv3,fold_6,1b26c055f49e021c0ee1a76f70592ec6ccb18a06889741f4cf87c17bb585e785,a159f4ab469a12c31cddc8e06f4a9c3366d5247fcec0a10fc6a7ba608666be3c,False,OUT_OF_SCOPE,False,TN,core_symbol_text contains dt_FB_ without toolchain gate,"Lexical transfer probe only; not runtime semantics, function-boundary correctness, or vulnerability detection.",DERIVED_EVIDENCE
openplcV3_FLOOR2,FLOOR2,OpenPLCv3,fold_7,b050bb6c8a97450b54a0b70dbeffac629ed764163419b154f05823d0fe31d5f6,47d9c5e9c22972e6e01df5da37a411139f86d7be94c5f98cb0fc1464ecd52359,False,OUT_OF_SCOPE,False,TN,core_symbol_text contains dt_FB_ without toolchain gate,"Lexical transfer probe only; not runtime semantics, function-boundary correctness, or vulnerability detection.",DERIVED_EVIDENCE
openplcV3_FLOW_CONTROL,FLOW_CONTROL,OpenPLCv3,fold_3,b7dcf5fe560418956276f284856e0b4cf4629925a1ed7a255c16b3856c4d1015,042c6dd236cd5aa48be326454cefb74161fa5711a5a733963f0e13f550cd56b7,True,OUT_OF_SCOPE,False,FN,core_symbol_text contains dt_FB_ without toolchain gate,"Lexical transfer probe only; not runtime semantics, function-boundary correctness, or vulnerability detection.",DERIVED_EVIDENCE
openplcV3_FLOW_CONTROL_4,FLOW_CONTROL_4,OpenPLCv3,fold_4,2495a3fc469a7d73604b1bc7adf2a27d63388090257773024d6a3b2de9551741,502c35fd294ecc737a0d2c054754dc207986f8297ba0bc720e4668263f6c90be,True,OUT_OF_SCOPE,False,FN,core_symbol_text contains dt_FB_ without toolchain gate,"Lexical transfer probe only; not runtime semantics, function-boundary correctness, or vulnerability detection.",DERIVED_EVIDENCE
openplcV3_FLOW_METER,FLOW_METER,OpenPLCv3,fold_5,7616247b14fb3e5dda269498ae63ebea619a0e1c198267368f7e9745f978801f,0c57e469ffcee1637e405aaf813953e5b237e40ff0feca20f950ba54b6845dd2,True,OUT_OF_SCOPE,False,FN,core_symbol_text contains dt_FB_ without toolchain gate,"Lexical transfer probe only; not runtime semantics, function-boundary correctness, or vulnerability detection.",DERIVED_EVIDENCE
openplcV3_FRACT,FRACT,OpenPLCv3,fold_8,bf7499e595910744b0b9958ddda8a91fe450e484694c8e30f2e68ec619c1507c,4b46b17ed18ff2e93c9b01a86ff8bcea08365339491f3bb66dd9f2f39d93f262,False,OUT_OF_SCOPE,False,TN,core_symbol_text contains dt_FB_ without toolchain gate,"Lexical transfer probe only; not runtime semantics, function-boundary correctness, or vulnerability detection.",DERIVED_EVIDENCE
openplcV3_FRMP_B,FRMP_B,OpenPLCv3,fold_5,0c797be4cd89e2164e31f184f2c3dce150ae4ed4a0b50dbdc2c169a47cce444b,b06cb125f831093f95fb85e6ae221ca60e3c3dbf4e6a55bf272167551b1146cd,False,OUT_OF_SCOPE,False,TN,core_symbol_text contains dt_FB_ without toolchain gate,"Lexical transfer probe only; not runtime semantics, function-boundary correctness, or vulnerability detection.",DERIVED_EVIDENCE
openplcV3_FT_AVG,FT_AVG,OpenPLCv3,fold_6,c87266c7886961d0edc3b45db3a6afd12afee3f873c2e6ec9121dc5f22f29b6e,5bcb427d4f538526a6eb3eb62079e7825f48550ee82f164aa2f8a1cd288054a0,True,OUT_OF_SCOPE,False,FN,core_symbol_text contains dt_FB_ without toolchain gate,"Lexical transfer probe only; not runtime semantics, function-boundary correctness, or vulnerability detection.",DERIVED_EVIDENCE
openplcV3_FT_DERIV,FT_DERIV,OpenPLCv3,fold_2,4b5f03f682ae5813ec8c7d5ce045b452829203e7f1cbb94501df019a7f8a0a17,c7da30115530f6d02c70742d1c2f6b40f643150424185663cf74c3366932fc26,True,OUT_OF_SCOPE,False,FN,core_symbol_text contains dt_FB_ without toolchain gate,"Lexical transfer probe only; not runtime semantics, function-boundary correctness, or vulnerability detection.",DERIVED_EVIDENCE
openplcV3_FT_IMP,FT_IMP,OpenPLCv3,fold_3,315a7fe6aca61cfb29f97119ef23f7c2e0a6db6aea8efc628c45aecbf97de243,1773253fd73c4a10e2f93be10e26c57a6ec6ca0ac9a42aba616cb7b12172d455,True,OUT_OF_SCOPE,False,FN,core_symbol_text contains dt_FB_ without toolchain gate,"Lexical transfer probe only; not runtime semantics, function-boundary correctness, or vulnerability detection.",DERIVED_EVIDENCE
openplcV3_FT_INT,FT_INT,OpenPLCv3,fold_4,cb91024e8b06c8c4de9c98bf8c62bfc0cd60e5dd118d9ed79be44bbcb6675bb4,3d2ecb69a80eb9e085e9cda534ae6ec4da09ec88dfa0ac33e53d68dcadee065b,True,OUT_OF_SCOPE,False,FN,core_symbol_text contains dt_FB_ without toolchain gate,"Lexical transfer probe only; not runtime semantics, function-boundary correctness, or vulnerability detection.",DERIVED_EVIDENCE
openplcV3_FT_INT2,FT_INT2,OpenPLCv3,fold_5,65eb451ceef629efc413e02780b3569f6d37bbfc41793c2e06428045fe3d9695,393206d168b2bca1a898b162b8e731afcad4f511e8920f522b45951cb6b98313,True,OUT_OF_SCOPE,False,FN,core_symbol_text contains dt_FB_ without toolchain gate,"Lexical transfer probe only; not runtime semantics, function-boundary correctness, or vulnerability detection.",DERIVED_EVIDENCE
openplcV3_FT_MIN_MAX,FT_MIN_MAX,OpenPLCv3,fold_7,8eb4b4ca88c0564dbf3ef26238dcd4b167c433d1ffe5b66a50978a6a22eeb6d4,b94cbb2173cd00c7b2aa8cc023870c01ada5cb9bb490262b762bf41e958c7500,True,OUT_OF_SCOPE,False,FN,core_symbol_text contains dt_FB_ without toolchain gate,"Lexical transfer probe only; not runtime semantics, function-boundary correctness, or vulnerability detection.",DERIVED_EVIDENCE
openplcV3_FT_PD,FT_PD,OpenPLCv3,fold_6,576b76fb60bbd15e59ce22846175a62ef5973dff4c35a9e868b4d56e289c1085,80f741d9f4672507315761b2a4bab43abc525ae716df088d11105e857793f00e,True,OUT_OF_SCOPE,False,FN,core_symbol_text contains dt_FB_ without toolchain gate,"Lexical transfer probe only; not runtime semantics, function-boundary correctness, or vulnerability detection.",DERIVED_EVIDENCE
openplcV3_FT_PDT1,FT_PDT1,OpenPLCv3,fold_7,c6896d276178aba7321f0c42883d4f0a2de4aa31d7101bf60ac3f5fedd80766b,58f484465f58980ecc16e75dfb20c638f44e57fdc8474f6f072bad5c7117c48f,True,OUT_OF_SCOPE,False,FN,core_symbol_text contains dt_FB_ without toolchain gate,"Lexical transfer probe only; not runtime semantics, function-boundary correctness, or vulnerability detection.",DERIVED_EVIDENCE
openplcV3_FT_PI,FT_PI,OpenPLCv3,fold_8,368906dcbeb32d9f1f4a01ea5fe1f1ab32cdcdb103246fe4b781c2dc3faad6ab,0444a4ecd3f61ff1c89f4b9c66985f59be37a33b0dd0c1e9678e630eccdd7f1f,True,OUT_OF_SCOPE,False,FN,core_symbol_text contains dt_FB_ without toolchain gate,"Lexical transfer probe only; not runtime semantics, function-boundary correctness, or vulnerability detection.",DERIVED_EVIDENCE
openplcV3_FT_PID,FT_PID,OpenPLCv3,fold_9,88bb0eac21dfaf9e53f661a3170ba1d27a80760b131ea4e906b77363867c349d,e13f27b0c9e605536e59945b8f9942b0d1942301221a9a10f97ba2882c36c1a0,True,OUT_OF_SCOPE,False,FN,core_symbol_text contains dt_FB_ without toolchain gate,"Lexical transfer probe only; not runtime semantics, function-boundary correctness, or vulnerability detection.",DERIVED_EVIDENCE
openplcV3_FT_PIDW,FT_PIDW,OpenPLCv3,fold_0,f735d6c34fecb6a22bffc9f79667bd76d6fc77c1a276a2adb664223e7883ee11,c75a45211926bfc44795ddbd720ae903047ad75a367c9ca3fe48e688d01363ed,True,OUT_OF_SCOPE,False,FN,core_symbol_text contains dt_FB_ without toolchain gate,"Lexical transfer probe only; not runtime semantics, function-boundary correctness, or vulnerability detection.",DERIVED_EVIDENCE
openplcV3_FT_PIDWL,FT_PIDWL,OpenPLCv3,fold_1,009803a9ba7a8b1f9f6874ac61254782c41a55f0204845cb1f89c19b18d515ae,558de92d913d8d4d56af8c85709e1549c9f1de8a6ac96ba02991963fc013fb43,True,OUT_OF_SCOPE,False,FN,core_symbol_text contains dt_FB_ without toolchain gate,"Lexical transfer probe only; not runtime semantics, function-boundary correctness, or vulnerability detection.",DERIVED_EVIDENCE
openplcV3_FT_PIW,FT_PIW,OpenPLCv3,fold_2,df6e99a601639051295c4bab8c560abb865cd3d9bcd1691cb3c4d6c385d4fbb9,4aca8fa6e9b14aa8732386d654fece328524f8b543f5c08940d6a8df17aae191,True,OUT_OF_SCOPE,False,FN,core_symbol_text contains dt_FB_ without toolchain gate,"Lexical transfer probe only; not runtime semantics, function-boundary correctness, or vulnerability detection.",DERIVED_EVIDENCE
openplcV3_FT_PIWL,FT_PIWL,OpenPLCv3,fold_3,19cb6f9bbb0af9121ab30144e926136211a7ddb0dde20e7f219cd19ef69762c7,07564115c779594f25eb2b1da7e68c6ef109e6e1085a838ea30459d8b28a1580,True,OUT_OF_SCOPE,False,FN,core_symbol_text contains dt_FB_ without toolchain gate,"Lexical transfer probe only; not runtime semantics, function-boundary correctness, or vulnerability detection.",DERIVED_EVIDENCE
openplcV3_FT_PROFILE,FT_PROFILE,OpenPLCv3,fold_5,6c98d7660d345e09a575bf408dae874cecaa09ce19c5e73952df5cd24d8ed132,6565cc661954986f7e17ee3385fc9694ffb21f4f2f2c0ceb9d8f5eb7990fc71e,True,OUT_OF_SCOPE,False,FN,core_symbol_text contains dt_FB_ without toolchain gate,"Lexical transfer probe only; not runtime semantics, function-boundary correctness, or vulnerability detection.",DERIVED_EVIDENCE
openplcV3_FT_PT1,FT_PT1,OpenPLCv3,fold_4,76936b0dc45c98fc661f7e3e5a5b8e2475f73d25198ea930c1eefe9b3a291156,df364f94cb46bf3b7d9669464fd28cc4230ab3d806ce1d7f807742f6fdbfe8d2,True,OUT_OF_SCOPE,False,FN,core_symbol_text contains dt_FB_ without toolchain gate,"Lexical transfer probe only; not runtime semantics, function-boundary correctness, or vulnerability detection.",DERIVED_EVIDENCE
openplcV3_FT_PT2,FT_PT2,OpenPLCv3,fold_5,d0e0939a52df0eaf2c9118b7fa125d8bf3f9ed977b5f289fcd1e0bfacc526dc0,5e52ef8116062516c2f5159f745e4f20563345852aefdda03ee20d69bba0ac19,True,OUT_OF_SCOPE,False,FN,core_symbol_text contains dt_FB_ without toolchain gate,"Lexical transfer probe only; not runtime semantics, function-boundary correctness, or vulnerability detection.",DERIVED_EVIDENCE
openplcV3_FT_RMP,FT_RMP,OpenPLCv3,fold_8,564e20d64bcfe8f9fb5bca43882507b2913449b46afc65f16c3f95d399a01d2b,e05d466acd43752624cc7a205ad2b4c44186d9f1fbde04f0c404a6296ad0ebdc,True,OUT_OF_SCOPE,False,FN,core_symbol_text contains dt_FB_ without toolchain gate,"Lexical transfer probe only; not runtime semantics, function-boundary correctness, or vulnerability detection.",DERIVED_EVIDENCE
openplcV3_FT_TN16,FT_TN16,OpenPLCv3,fold_6,5399e51f65f945a391c2729ebc6dd0b7fcbce7964e38cf555f3e868fade4cb91,3ac244d0c377508459a62ed89958cace6af1549563f0be286921d3f03f9d007b,True,OUT_OF_SCOPE,False,FN,core_symbol_text contains dt_FB_ without toolchain gate,"Lexical transfer probe only; not runtime semantics, function-boundary correctness, or vulnerability detection.",DERIVED_EVIDENCE
openplcV3_FT_TN64,FT_TN64,OpenPLCv3,fold_7,9c877376a539e0e3706144c2b9aab275ff233e181f4ef45f59832649f908a5ce,8a3e7d65ddfe8a203850db2854478120ccaf6e46f727c79c814b42f56316a305,True,OUT_OF_SCOPE,False,FN,core_symbol_text contains dt_FB_ without toolchain gate,"Lexical transfer probe only; not runtime semantics, function-boundary correctness, or vulnerability detection.",DERIVED_EVIDENCE
openplcV3_FT_TN8,FT_TN8,OpenPLCv3,fold_8,996813c2d2af990b2088cf492d62aad7487bbfa3be2db499c1e713d6a7fe8a58,99c0c1720899e9b73220f18687d3b7da5f8d7a7d089e19258db5d7ca12937de3,True,OUT_OF_SCOPE,False,FN,core_symbol_text contains dt_FB_ without toolchain gate,"Lexical transfer probe only; not runtime semantics, function-boundary correctness, or vulnerability detection.",DERIVED_EVIDENCE
openplcV3_F_LAMP,F_LAMP,OpenPLCv3,fold_5,de9680a2c3c2d3635d4af3a24fef1ccaa24045657659edff06e7c54dcb36647f,7c7360e293810ebf7e60a8d95abb850b346e9d3794af5edb933b5559d5d56d58,True,OUT_OF_SCOPE,False,FN,core_symbol_text contains dt_FB_ without toolchain gate,"Lexical transfer probe only; not runtime semantics, function-boundary correctness, or vulnerability detection.",DERIVED_EVIDENCE
openplcV3_F_LIN,F_LIN,OpenPLCv3,fold_0,de662166745844e8ccadd127c2b02441473540ead96c27ff03b6c0d18769a58a,ecdbba993424d4d08f8589cceb835f9ea46539360dfd495767ba7269d9ceef38,False,OUT_OF_SCOPE,False,TN,core_symbol_text contains dt_FB_ without toolchain gate,"Lexical transfer probe only; not runtime semantics, function-boundary correctness, or vulnerability detection.",DERIVED_EVIDENCE
openplcV3_F_LIN2,F_LIN2,OpenPLCv3,fold_1,9e48b13fd759d257ac644e23a0c9a2dadff68b33e816fd05a853f31254915452,c72724c312a6fef6cef35fc6f1d33f064a9d4857d3319e973b7b18669c9146bf,False,OUT_OF_SCOPE,False,TN,core_symbol_text contains dt_FB_ without toolchain gate,"Lexical transfer probe only; not runtime semantics, function-boundary correctness, or vulnerability detection.",DERIVED_EVIDENCE
openplcV3_F_POLY,F_POLY,OpenPLCv3,fold_2,f5414360675bff300f3c0af2cdab8f34048189dff5f2e03658282f9e4a869bf0,fe9d980622de19704f597ac411e5db1d57f8b450b03b29fc53845e40e4bccecd,True,OUT_OF_SCOPE,False,FN,core_symbol_text contains dt_FB_ without toolchain gate,"Lexical transfer probe only; not runtime semantics, function-boundary correctness, or vulnerability detection.",DERIVED_EVIDENCE
openplcV3_F_POWER,F_POWER,OpenPLCv3,fold_3,09e65237c49d359597b38af0d20ba6d2d0028f8e52f3988a18a13d480d3e2252,a70b058ab4b68b9a46ec7a5ccde3631bc75b19a226c35b26ea51bc48f7f56e20,False,OUT_OF_SCOPE,False,TN,core_symbol_text contains dt_FB_ without toolchain gate,"Lexical transfer probe only; not runtime semantics, function-boundary correctness, or vulnerability detection.",DERIVED_EVIDENCE
openplcV3_F_QUAD,F_QUAD,OpenPLCv3,fold_4,5977516cf8c65bb96828216579f2a383969e03bce1ec775a5a2e4ff4be07a419,a1ce3db4115b46d7959f77ec3247ae0283f287b9cffc6d16ec6b2e1fd690cd22,False,OUT_OF_SCOPE,False,TN,core_symbol_text contains dt_FB_ without toolchain gate,"Lexical transfer probe only; not runtime semantics, function-boundary correctness, or vulnerability detection.",DERIVED_EVIDENCE
openplcV3_F_TO_C,F_TO_C,OpenPLCv3,fold_7,8facdc2093c6e73c98ef6dcfa9b5d0775300d35e299bcf3c6bd6d263068fa1d8,7caa9a27009a074ac62778fb8e5caec75c308bbc39e426d6355ba13c810654f0,False,OUT_OF_SCOPE,False,TN,core_symbol_text contains dt_FB_ without toolchain gate,"Lexical transfer probe only; not runtime semantics, function-boundary correctness, or vulnerability detection.",DERIVED_EVIDENCE
openplcV3_F_TO_OM,F_TO_OM,OpenPLCv3,fold_8,5a0cabded7acb0142c41f3f54d733967503dc36a86badf23faf74c162512048c,63463ac849176d2c73d0b23f3198dbdf6ab51ca3f7cbb470f6c95c00138dcec4,False,OUT_OF_SCOPE,False,TN,core_symbol_text contains dt_FB_ without toolchain gate,"Lexical transfer probe only; not runtime semantics, function-boundary correctness, or vulnerability detection.",DERIVED_EVIDENCE
openplcV3_F_TO_PT,F_TO_PT,OpenPLCv3,fold_9,ac2a80609d2d3e4255f56bd8feade86ceb4292c8948e18a0e67d9320a936bbd3,e4d5bdac198c374aefd9fd2537c96fdd24dfc64f4d0aedd4ee2dd29fa0f72006,False,OUT_OF_SCOPE,False,TN,core_symbol_text contains dt_FB_ without toolchain gate,"Lexical transfer probe only; not runtime semantics, function-boundary correctness, or vulnerability detection.",DERIVED_EVIDENCE
openplcV3_GAMMA,GAMMA,OpenPLCv3,fold_9,32cfaf8a3fe9509f35c076103158c8401098aee145475b78493788104bf19bc7,f997e3f1f8988f3c0302ac8181e76b856a4c54fb23e82aebb581427d8eabfb74,False,OUT_OF_SCOPE,False,TN,core_symbol_text contains dt_FB_ without toolchain gate,"Lexical transfer probe only; not runtime semantics, function-boundary correctness, or vulnerability detection.",DERIVED_EVIDENCE
openplcV3_GAUSS,GAUSS,OpenPLCv3,fold_0,c01104ca372b90b0e1e1f5c0ce9be04bfa30c94bc0a99e05078365c1e685b6df,364574c9930ded67d426f37b0312a34f5dbc6b090ab9b18d3abdd247a1a9b2e4,False,OUT_OF_SCOPE,False,TN,core_symbol_text contains dt_FB_ without toolchain gate,"Lexical transfer probe only; not runtime semantics, function-boundary correctness, or vulnerability detection.",DERIVED_EVIDENCE
openplcV3_GAUSSCD,GAUSSCD,OpenPLCv3,fold_1,b64787aab3d70b71aa52f312072b004505ff94071c39d04795d74ff5edeb1ba7,3876f583becd28c235ca3da60bb36709d70fb5afd036a90a871842a1caa8b02b,False,OUT_OF_SCOPE,False,TN,core_symbol_text contains dt_FB_ without toolchain gate,"Lexical transfer probe only; not runtime semantics, function-boundary correctness, or vulnerability detection.",DERIVED_EVIDENCE
openplcV3_GCD,GCD,OpenPLCv3,fold_2,0b4e87b3e729b83a68e2fb3c6f0ef828073d41523b31f3f42334a28ea6190cdf,418e4514efc5c507fa36e4844378541d19614e243950738bad9ed7b8dc2e76c9,False,OUT_OF_SCOPE,False,TN,core_symbol_text contains dt_FB_ without toolchain gate,"Lexical transfer probe only; not runtime semantics, function-boundary correctness, or vulnerability detection.",DERIVED_EVIDENCE
openplcV3_GDF,GDF,OpenPLCv3,fold_3,eb98bfd8032595430b8f019f25f1a7de8393db70c3f54d454f96e7ae0860c563,b12f444ed846aee63a6bdb3d640b6ae27d2dd6dff4a90043a39b864647638189,False,OUT_OF_SCOPE,False,TN,core_symbol_text contains dt_FB_ without toolchain gate,"Lexical transfer probe only; not runtime semantics, function-boundary correctness, or vulnerability detection.",DERIVED_EVIDENCE
openplcV3_GEN_BIT,GEN_BIT,OpenPLCv3,fold_0,134b676086870a05ea97e6d17990529f3371f9a707d9738a8f37541bb4fc47c3,88bf0c01d453692701876d6bf272919a2e6e1307d2455b690285c61a470af73a,True,OUT_OF_SCOPE,False,FN,core_symbol_text contains dt_FB_ without toolchain gate,"Lexical transfer probe only; not runtime semantics, function-boundary correctness, or vulnerability detection.",DERIVED_EVIDENCE
openplcV3_GEN_PULSE,GEN_PULSE,OpenPLCv3,fold_3,0ed5c89db172a225f47efe183eacf6595f792cdbcfbc4b35c1820c3a51c6d879,07426deee3d0d44a258dc355f5c53b0de32a71db626bfa14d27a8b8818719977,True,OUT_OF_SCOPE,False,FN,core_symbol_text contains dt_FB_ without toolchain gate,"Lexical transfer probe only; not runtime semantics, function-boundary correctness, or vulnerability detection.",DERIVED_EVIDENCE
openplcV3_GEN_PW2,GEN_PW2,OpenPLCv3,fold_4,a42b5258f2e88aab648c073e760241f9df76b0287f336b5f8502a3bc222f0e0f,23b630fa987fe1e3ad44c1e41bef11903cba64423ddac3cf6c7d1f906db8568a,True,OUT_OF_SCOPE,False,FN,core_symbol_text contains dt_FB_ without toolchain gate,"Lexical transfer probe only; not runtime semantics, function-boundary correctness, or vulnerability detection.",DERIVED_EVIDENCE
openplcV3_GEN_RDM,GEN_RDM,OpenPLCv3,fold_5,640d83b28e23f6dd0037c36e30dc64a9b4c94f4c4d696427b8d6d73523c6f25a,f76ca6f3b2c5aa1c9276c4c58ece5bc281b3d57ab31e630576867de08fc17fa0,True,OUT_OF_SCOPE,False,FN,core_symbol_text contains dt_FB_ without toolchain gate,"Lexical transfer probe only; not runtime semantics, function-boundary correctness, or vulnerability detection.",DERIVED_EVIDENCE
openplcV3_GEN_RDT,GEN_RDT,OpenPLCv3,fold_6,2697e9bc1ccdb20d2903e401e0fac3260d4248e18711f7776533f79b82b63ca3,9f6897b2e6f49a8dc6e928b806b55893a28e762b733794cf1e99df048d719091,True,OUT_OF_SCOPE,False,FN,core_symbol_text contains dt_FB_ without toolchain gate,"Lexical transfer probe only; not runtime semantics, function-boundary correctness, or vulnerability detection.",DERIVED_EVIDENCE
openplcV3_GEN_RMP,GEN_RMP,OpenPLCv3,fold_7,bc6a621543853fd08a69796b1b113290be9a5ef2df1c339f0f0188b617557c30,a6f5fcdd3263bc5ea2a4672d00318946a6e4c0783399fd203d7a0de41c6ac990,True,OUT_OF_SCOPE,False,FN,core_symbol_text contains dt_FB_ without toolchain gate,"Lexical transfer probe only; not runtime semantics, function-boundary correctness, or vulnerability detection.",DERIVED_EVIDENCE
openplcV3_GEN_SIN,GEN_SIN,OpenPLCv3,fold_8,a509567931af141c5c7814ec960b32a4036c14b8f4f855be933c9bcb48664257,2530093a40422e76d067885ce67b2cfe94d4dc9dcdc36db2b47e5c2f987a7eda,True,OUT_OF_SCOPE,False,FN,core_symbol_text contains dt_FB_ without toolchain gate,"Lexical transfer probe only; not runtime semantics, function-boundary correctness, or vulnerability detection.",DERIVED_EVIDENCE
openplcV3_GEN_SQ,GEN_SQ,OpenPLCv3,fold_1,9e4fb9c97c440f033671e647a9358f3e0080b53fbbfcd5c8ad372e3c2fc878d4,e8186e844471cff5bdaf81b6d219fde51271ddc5ea9adeac5d197a8ee95fdee6,True,OUT_OF_SCOPE,False,FN,core_symbol_text contains dt_FB_ without toolchain gate,"Lexical transfer probe only; not runtime semantics, function-boundary correctness, or vulnerability detection.",DERIVED_EVIDENCE
openplcV3_GEN_SQR,GEN_SQR,OpenPLCv3,fold_9,d1dc98d38ea31e7b475cda14ef8bf5152787916ce75d635a5c1ca6bddcf60788,542a4262f9125d3222704fdf51d308c481038885b6fba13eea22f7812a057cd0,True,OUT_OF_SCOPE,False,FN,core_symbol_text contains dt_FB_ without toolchain gate,"Lexical transfer probe only; not runtime semantics, function-boundary correctness, or vulnerability detection.",DERIVED_EVIDENCE
openplcV3_GEO_TO_DEG,GEO_TO_DEG,OpenPLCv3,fold_0,9839eecbf0f923a51d5397ed06584df906fb39e485fa31554dc38d417b703637,504e0c69880dff78d6393b1ec21979c8e83151d58dcee834af846d47fe675cc3,False,OUT_OF_SCOPE,False,TN,core_symbol_text contains dt_FB_ without toolchain gate,"Lexical transfer probe only; not runtime semantics, function-boundary correctness, or vulnerability detection.",DERIVED_EVIDENCE
openplcV3_GOLD,GOLD,OpenPLCv3,fold_4,7ddb61414989fbdb3a23732137bbb5cd325f1f42aa2fa8041f3a05eaaf642ed5,8c28cfbf7eb263278b35795c4ef5d22dec8a2ff3040a7fb67b694394bc845a7c,False,OUT_OF_SCOPE,False,TN,core_symbol_text contains dt_FB_ without toolchain gate,"Lexical transfer probe only; not runtime semantics, function-boundary correctness, or vulnerability detection.",DERIVED_EVIDENCE
openplcV3_GRAY_TO_BYTE,GRAY_TO_BYTE,OpenPLCv3,fold_4,bbaecf6da1355ef6849695c647eabacc45a67b38ae87e700b4aa36c59d91303c,eb82d85a4d8b59740a9df7240f40b975190824d25769cbbdca1c33c4f6926028,False,OUT_OF_SCOPE,False,TN,core_symbol_text contains dt_FB_ without toolchain gate,"Lexical transfer probe only; not runtime semantics, function-boundary correctness, or vulnerability detection.",DERIVED_EVIDENCE
openplcV3_HEAT_INDEX,HEAT_INDEX,OpenPLCv3,fold_3,51cc906fde005797c638ea49d850d4aa0ab30e3b41843e26e685667e0591cc6d,d259996ddc775db50e678977976c8654d80106b59861a76907a21d7b7d4dffbd,False,OUT_OF_SCOPE,False,TN,core_symbol_text contains dt_FB_ without toolchain gate,"Lexical transfer probe only; not runtime semantics, function-boundary correctness, or vulnerability detection.",DERIVED_EVIDENCE
openplcV3_HEAT_METER,HEAT_METER,OpenPLCv3,fold_4,150cddd213bc0107cced41bc6b3b99d9270855a8ed643d8711ce07b3985d6c82,0da18a8248e394ddefb9909f5768ddec9840c17b236048f63cdee4ca47d9ce34,True,OUT_OF_SCOPE,False,FN,core_symbol_text contains dt_FB_ without toolchain gate,"Lexical transfer probe only; not runtime semantics, function-boundary correctness, or vulnerability detection.",DERIVED_EVIDENCE
openplcV3_HEAT_TEMP,HEAT_TEMP,OpenPLCv3,fold_5,c9f057479d7d6614229dc83b984552f3286fde148c50557efaf62edfbd1148b7,7e714ac44228264091927eb263ceb04ccb7c99b62e67ee4075690184e2ed045b,True,OUT_OF_SCOPE,False,FN,core_symbol_text contains dt_FB_ without toolchain gate,"Lexical transfer probe only; not runtime semantics, function-boundary correctness, or vulnerability detection.",DERIVED_EVIDENCE
openplcV3_HOLIDAY,HOLIDAY,OpenPLCv3,fold_5,e0e24acf5fc1be8135bfca0b0dcc59068130b4adb05da69b125f7c2f0eca61c1,3bf32dc8f55a529aae03109e7034eed9e1fec012fb4ae89a800f19bfc43dc42e,True,OUT_OF_SCOPE,False,FN,core_symbol_text contains dt_FB_ without toolchain gate,"Lexical transfer probe only; not runtime semantics, function-boundary correctness, or vulnerability detection.",DERIVED_EVIDENCE
openplcV3_HOUR,HOUR,OpenPLCv3,fold_6,71634e28e6ff05d7c239a7bde98616f1a667c1af1e27b2c220768060bdddb475,d5efff50622eda3f67446381cc89fc09351533f899c2d949929142111fd53f18,False,OUT_OF_SCOPE,False,TN,core_symbol_text contains dt_FB_ without toolchain gate,"Lexical transfer probe only; not runtime semantics, function-boundary correctness, or vulnerability detection.",DERIVED_EVIDENCE
openplcV3_HOUR_OF_DT,HOUR_OF_DT,OpenPLCv3,fold_7,002792fcc5bbaf5f4384392ee49c925aa69ae0144f5ee41c57c11a7ca5f4c8f1,e53235f46cc26f6161ad62a891120e6577ca376fa0841c8e68f2fbd136c72e3a,False,OUT_OF_SCOPE,False,TN,core_symbol_text contains dt_FB_ without toolchain gate,"Lexical transfer probe only; not runtime semantics, function-boundary correctness, or vulnerability detection.",DERIVED_EVIDENCE
openplcV3_HOUR_TO_TIME,HOUR_TO_TIME,OpenPLCv3,fold_8,dd8529683201ce77ea6a9c463b5d7b9b4c268541baf6d1c0910b2efe84cd24f2,f250a8e2f97830a2d4ee57f74afef5fe34393d7ed0ca2263435e061f3cc80951,False,OUT_OF_SCOPE,False,TN,core_symbol_text contains dt_FB_ without toolchain gate,"Lexical transfer probe only; not runtime semantics, function-boundary correctness, or vulnerability detection.",DERIVED_EVIDENCE
openplcV3_HOUR_TO_TOD,HOUR_TO_TOD,OpenPLCv3,fold_9,dcde89c577c62b9700b57f0dd633108b3360e84f3b59ec17a2d520043cc94948,1195c27ea430a01321916e5e0a2340b5e7ef4add0743686af1b30d296bf1554f,False,OUT_OF_SCOPE,False,TN,core_symbol_text contains dt_FB_ without toolchain gate,"Lexical transfer probe only; not runtime semantics, function-boundary correctness, or vulnerability detection.",DERIVED_EVIDENCE
openplcV3_HYPOT,HYPOT,OpenPLCv3,fold_5,5f7449b41cf4a270149b751d892e61d0c2488c66e090df804e94a83e2fe9fc81,aa7f51c516fc0b9f4909ae1987ffd9b1c2d80a3095e599de9cc7e5f2848d326f,False,OUT_OF_SCOPE,False,TN,core_symbol_text contains dt_FB_ without toolchain gate,"Lexical transfer probe only; not runtime semantics, function-boundary correctness, or vulnerability detection.",DERIVED_EVIDENCE
openplcV3_HYST,HYST,OpenPLCv3,fold_9,87009a1713b229a736febbc00db668681f2a6448146e5abe5724515af4564edd,b3a4fdab026342f90bf034b83f0f6c73a73c779f5a712fa9755671c4e9f11c17,True,OUT_OF_SCOPE,False,FN,core_symbol_text contains dt_FB_ without toolchain gate,"Lexical transfer probe only; not runtime semantics, function-boundary correctness, or vulnerability detection.",DERIVED_EVIDENCE
openplcV3_HYST_1,HYST_1,OpenPLCv3,fold_0,9c9060027edb1e8ae6904468467b1cb87d69bbbeafbcb6c22e0ceefdffe2b85d,5483c29f4f9d7ae9f5b4835440e8e66e5defa44346713f7f3fb9de9d1285b62c,True,OUT_OF_SCOPE,False,FN,core_symbol_text contains dt_FB_ without toolchain gate,"Lexical transfer probe only; not runtime semantics, function-boundary correctness, or vulnerability detection.",DERIVED_EVIDENCE
openplcV3_HYST_2,HYST_2,OpenPLCv3,fold_1,e2c29ccd2613c7cc12844c44413e3d8c785e9a71e91c78a374c220a71ebc8765,68b0bd38e713dd7a81c7d0d8925240e66eeeee56843e5e28dc50ce2faf3efd0c,True,OUT_OF_SCOPE,False,FN,core_symbol_text contains dt_FB_ without toolchain gate,"Lexical transfer probe only; not runtime semantics, function-boundary correctness, or vulnerability detection.",DERIVED_EVIDENCE
openplcV3_HYST_3,HYST_3,OpenPLCv3,fold_2,54926ec3259f797f22ce5dbe9c7b018bd935e8fd94ae6814727c13c51ea704df,d0583df201810680a3525024968220ce2887242d469837309fa57d42936917ab,True,OUT_OF_SCOPE,False,FN,core_symbol_text contains dt_FB_ without toolchain gate,"Lexical transfer probe only; not runtime semantics, function-boundary correctness, or vulnerability detection.",DERIVED_EVIDENCE
openplcV3_INC,INC,OpenPLCv3,fold_6,2a9e7a41bcce51ba4604b309bcbb9fe6c6eb6413f14c57ecf6429ff427ad5ddc,ee1bf36eea73a0b277dc0ba914e4dcbac087b863247527811df7089c766a106b,False,OUT_OF_SCOPE,False,TN,core_symbol_text contains dt_FB_ without toolchain gate,"Lexical transfer probe only; not runtime semantics, function-boundary correctness, or vulnerability detection.",DERIVED_EVIDENCE
openplcV3_INC1,INC1,OpenPLCv3,fold_7,8982a626943dda7a5e1fe60ab670569d76032570a21a2bb5e4066908d3ec4ab9,0bc00800edf96f45a79e72e5c0828afb696b2147686cc0e87ad5bb197e77dfb3,False,OUT_OF_SCOPE,False,TN,core_symbol_text contains dt_FB_ without toolchain gate,"Lexical transfer probe only; not runtime semantics, function-boundary correctness, or vulnerability detection.",DERIVED_EVIDENCE
openplcV3_INC2,INC2,OpenPLCv3,fold_8,ab82297a415a87035e84075a23184a7dc4ec3d8e8f6434956ead3e585e66fda6,6d3ec0f4c8a12301793531eaf182be4a061d0dd1cb1cbc1d8ef7f7972acddb90,False,OUT_OF_SCOPE,False,TN,core_symbol_text contains dt_FB_ without toolchain gate,"Lexical transfer probe only; not runtime semantics, function-boundary correctness, or vulnerability detection.",DERIVED_EVIDENCE
openplcV3_INC_DEC,INC_DEC,OpenPLCv3,fold_6,d497cf170011f2b9be500fcd0b262aa804cadceba716a46ff688c11a1ed57e7a,e18ea86a4d7231007aa7d4be66e4f60ac7f3489c48fd16fe068b378d19bdece0,True,OUT_OF_SCOPE,False,FN,core_symbol_text contains dt_FB_ without toolchain gate,"Lexical transfer probe only; not runtime semantics, function-boundary correctness, or vulnerability detection.",DERIVED_EVIDENCE
openplcV3_INSERT250,INSERT250,OpenPLCv3,fold_7,7db351368bc6058949a44923415884699c5748ac3fa0967c68ea2d829fb74d51,275aa06743b5abff8200a3976d0ee62c1498fde5d61d67dc12b67083278170af,True,OUT_OF_SCOPE,False,FN,core_symbol_text contains dt_FB_ without toolchain gate,"Lexical transfer probe only; not runtime semantics, function-boundary correctness, or vulnerability detection.",DERIVED_EVIDENCE
openplcV3_INTEGRATE,INTEGRATE,OpenPLCv3,fold_3,8ba3f2c7d335c466c04ec54a308fb2a24347dc760e2fd162897f4fb610c6ea0f,e40e550378a0dd304d00428439ef4f8bb7f5bc2a74bfb3f6e06fd7cdb4cbac42,True,OUT_OF_SCOPE,False,FN,core_symbol_text contains dt_FB_ without toolchain gate,"Lexical transfer probe only; not runtime semantics, function-boundary correctness, or vulnerability detection.",DERIVED_EVIDENCE
openplcV3_INTERLOCK,INTERLOCK,OpenPLCv3,fold_7,a8f1dc3bc8742a33bf0903231e4fc94c014494deddc0648b8098c1b9c54bd198,dad496a0f8f6f233ea45b4d09bce2aac36a533ec1bb28db734b79cdf81c59251,True,OUT_OF_SCOPE,False,FN,core_symbol_text contains dt_FB_ without toolchain gate,"Lexical transfer probe only; not runtime semantics, function-boundary correctness, or vulnerability detection.",DERIVED_EVIDENCE
openplcV3_INTERLOCK_4,INTERLOCK_4,OpenPLCv3,fold_8,b3fc181f00bfaaf0e8e28af84e666abc9b7746340ad9f1e26fe259e70b8b8736,4d17a7c53d0aaa6065a3b8b2e9710cf76a983bf8353ea36a4cce97bc666de926,True,OUT_OF_SCOPE,False,FN,core_symbol_text contains dt_FB_ without toolchain gate,"Lexical transfer probe only; not runtime semantics, function-boundary correctness, or vulnerability detection.",DERIVED_EVIDENCE
openplcV3_INT_TO_BCDC,INT_TO_BCDC,OpenPLCv3,fold_5,3ab84703fb426a61532a6f9c48b6caa860bb5ee3143ccc1ade54deba93cd9d10,cf602a7609192b0006c4be73510de3315dae448080f2cb4d91357cef4cd201a6,False,OUT_OF_SCOPE,False,TN,core_symbol_text contains dt_FB_ without toolchain gate,"Lexical transfer probe only; not runtime semantics, function-boundary correctness, or vulnerability detection.",DERIVED_EVIDENCE
openplcV3_INT_TO_TIME,INT_TO_TIME,OpenPLCv3,fold_0,e8823c2f1d22d113b33c6e029a49fb787799e1eb58fff579271023f92b9a3e57,a11eec435d17f59579507165778d26269369a99c52625692ca62e3a2ee0c66c2,False,OUT_OF_SCOPE,False,TN,core_symbol_text contains dt_FB_ without toolchain gate,"Lexical transfer probe only; not runtime semantics, function-boundary correctness, or vulnerability detection.",DERIVED_EVIDENCE
openplcV3_INV,INV,OpenPLCv3,fold_9,cb4313356a4b0c6777d71a0f238111fa2310228447e8e94ea779d7b054023429,86e7dcb1352a4be4ad64b382b922131fdd5380853e9e3bc0ea9d8eb67025c4b4,False,OUT_OF_SCOPE,False,TN,core_symbol_text contains dt_FB_ without toolchain gate,"Lexical transfer probe only; not runtime semantics, function-boundary correctness, or vulnerability detection.",DERIVED_EVIDENCE
openplcV3_IP4_CHECK,IP4_CHECK,OpenPLCv3,fold_4,6f583197c3b3992faad26fca2e0c1c12f11b65d4a07d9f4b33f62756439a902d,4c7a0354d4bbca80a74efad20a77bc232ff2cbe2de04643f424423435e57db4b,False,OUT_OF_SCOPE,False,TN,core_symbol_text contains dt_FB_ without toolchain gate,"Lexical transfer probe only; not runtime semantics, function-boundary correctness, or vulnerability detection.",DERIVED_EVIDENCE
openplcV3_IP4_TO_STRING,IP4_TO_STRING,OpenPLCv3,fold_5,b85dfe89d4334ff04b3d686ec933bf10655e6bdcac55e6ab02ad5b4251f8fad6,8da98e853c9a8c25f5aeefb7f5587bdca7c88b7384f784115bba9c748e3882b4,True,OUT_OF_SCOPE,False,FN,core_symbol_text contains dt_FB_ without toolchain gate,"Lexical transfer probe only; not runtime semantics, function-boundary correctness, or vulnerability detection.",DERIVED_EVIDENCE
openplcV3_IP_FIFO,IP_FIFO,OpenPLCv3,fold_3,43b47e503402fa9502b43d537335d99efed52f77c3b8d9f751484b8595e3418a,3a72452ae576ec323aa59ab6ecd34f910f7703df803abc8047e3660d95a696b5,True,OUT_OF_SCOPE,False,FN,core_symbol_text contains dt_FB_ without toolchain gate,"Lexical transfer probe only; not runtime semantics, function-boundary correctness, or vulnerability detection.",DERIVED_EVIDENCE
openplcV3_IRTRANS_DECODE,IRTRANS_DECODE,OpenPLCv3,fold_0,5c622b23a84626cfd6a9e5814c2dc8628c018d58bc7946befc4078b27a0eba9c,d2ebba69df698b7ce7894751851049658ae418c7f701f0b99c6b7464659f46c3,True,OUT_OF_SCOPE,False,FN,core_symbol_text contains dt_FB_ without toolchain gate,"Lexical transfer probe only; not runtime semantics, function-boundary correctness, or vulnerability detection.",DERIVED_EVIDENCE
openplcV3_IRTRANS_RCV_1,IRTRANS_RCV_1,OpenPLCv3,fold_1,4a19858c870b8fbc4a725491a6e0d99975a316994131dd948431452ff52a201a,6521ff44748c7e8cbceaac47730812a9770687970d066e19f25996c111994808,True,OUT_OF_SCOPE,False,FN,core_symbol_text contains dt_FB_ without toolchain gate,"Lexical transfer probe only; not runtime semantics, function-boundary correctness, or vulnerability detection.",DERIVED_EVIDENCE
openplcV3_IRTRANS_RCV_4,IRTRANS_RCV_4,OpenPLCv3,fold_2,e2d0c0a3ae952c284b514f55ceaa6ae22bcf08c1d9599a5c0d524492b01fb2f5,357df07719567c68d883928c1d735562a8b4badc772c0a42f6d9de8508357f75,True,OUT_OF_SCOPE,False,FN,core_symbol_text contains dt_FB_ without toolchain gate,"Lexical transfer probe only; not runtime semantics, function-boundary correctness, or vulnerability detection.",DERIVED_EVIDENCE
openplcV3_IRTRANS_RCV_8,IRTRANS_RCV_8,OpenPLCv3,fold_3,752318c90991025f3123a972ab98a05282ef6a3c943d155986dfca4ab68dbc13,b331df2a96ca75a488e479b7c0af91f163a658d70b61d2b500e758ca2f88ed72,True,OUT_OF_SCOPE,False,FN,core_symbol_text contains dt_FB_ without toolchain gate,"Lexical transfer probe only; not runtime semantics, function-boundary correctness, or vulnerability detection.",DERIVED_EVIDENCE
openplcV3_IRTRANS_SERVER,IRTRANS_SERVER,OpenPLCv3,fold_4,b6552981a38a16d0ef098f72fe85983db1d4181ba8c229da98656271179421fb,0b7dd9327fb332393ba90f908f8e690a5e62c26012fbe3aa7dceefd4d2b8eccd,True,OUT_OF_SCOPE,False,FN,core_symbol_text contains dt_FB_ without toolchain gate,"Lexical transfer probe only; not runtime semantics, function-boundary correctness, or vulnerability detection.",DERIVED_EVIDENCE
openplcV3_ISC_ALPHA,ISC_ALPHA,OpenPLCv3,fold_0,4b989da805e4f7a2e8bfe220ec303ada9b319570412cca866bde4f0c8f0995de,6176f43185af2b35b3a7d098df80130c4fd9912e9c75994eb4b2878a68ffc73b,False,OUT_OF_SCOPE,False,TN,core_symbol_text contains dt_FB_ without toolchain gate,"Lexical transfer probe only; not runtime semantics, function-boundary correctness, or vulnerability detection.",DERIVED_EVIDENCE
openplcV3_ISC_CTRL,ISC_CTRL,OpenPLCv3,fold_1,4bb734d537a75842ba0647084e6df19197f96b8be83e2c7847d270a6b06e1509,be61eaaba175c4b01d2a4229d277ec7789dbb4d7653748d35efeedb00fc0f25f,False,OUT_OF_SCOPE,False,TN,core_symbol_text contains dt_FB_ without toolchain gate,"Lexical transfer probe only; not runtime semantics, function-boundary correctness, or vulnerability detection.",DERIVED_EVIDENCE
openplcV3_ISC_HEX,ISC_HEX,OpenPLCv3,fold_2,9d2dfec6bf3f62594e8e0625642be3f9c22f46a7414f5bc82c6799921fdad346,9658b975e45e921fddae3140457edf4c9e5e7c60fa4972dedaac6a20bb036f36,False,OUT_OF_SCOPE,False,TN,core_symbol_text contains dt_FB_ without toolchain gate,"Lexical transfer probe only; not runtime semantics, function-boundary correctness, or vulnerability detection.",DERIVED_EVIDENCE
openplcV3_ISC_LOWER,ISC_LOWER,OpenPLCv3,fold_3,1b755cd8158f0ce2c4063f53073ac1be0ede769cf457ffdb4629a5e8359cb4e3,8058bd2344a8482c684dc26ea724b6e304e121c3e1653fd78ab2781c4538fe9d,False,OUT_OF_SCOPE,False,TN,core_symbol_text contains dt_FB_ without toolchain gate,"Lexical transfer probe only; not runtime semantics, function-boundary correctness, or vulnerability detection.",DERIVED_EVIDENCE
openplcV3_ISC_NUM,ISC_NUM,OpenPLCv3,fold_4,3ada99aee8bce23934e36db36753dbd4327084298da802c6de1a109f563084d8,13d47b5ea4a194c32abc9d66c4182b73d0ceaf2dc586c1c36367a06582eb718f,False,OUT_OF_SCOPE,False,TN,core_symbol_text contains dt_FB_ without toolchain gate,"Lexical transfer probe only; not runtime semantics, function-boundary correctness, or vulnerability detection.",DERIVED_EVIDENCE
openplcV3_ISC_UPPER,ISC_UPPER,OpenPLCv3,fold_5,2b1750c106d3cc97bbbc9ca50f9287f7e100a2b9c7a4c09a37bca9a6eab8ab4d,6549e1ba46dab297330c017009f3d4a56186186e8421d4e83681d6393d6a1bcc,False,OUT_OF_SCOPE,False,TN,core_symbol_text contains dt_FB_ without toolchain gate,"Lexical transfer probe only; not runtime semantics, function-boundary correctness, or vulnerability detection.",DERIVED_EVIDENCE
openplcV3_IS_CC,IS_CC,OpenPLCv3,fold_8,84570de25939a555436d575e4e6982352066966d65b1f0fa1c5ea618f6fef33f,02e1c688cb0f4fd36a4ebb61798f8c56e7063f9047521a339ba4aeab74889de4,True,OUT_OF_SCOPE,False,FN,core_symbol_text contains dt_FB_ without toolchain gate,"Lexical transfer probe only; not runtime semantics, function-boundary correctness, or vulnerability detection.",DERIVED_EVIDENCE
openplcV3_IS_NCC,IS_NCC,OpenPLCv3,fold_9,eac1543c903ea3aedf5a578303bdfd00a89d0870e1dfec274194bdfc06a35e61,d5ec33806ce20ea6cfc3efe4d1119ee098d59e12aa0f3aa6798a16fb11e02c10,True,OUT_OF_SCOPE,False,FN,core_symbol_text contains dt_FB_ without toolchain gate,"Lexical transfer probe only; not runtime semantics, function-boundary correctness, or vulnerability detection.",DERIVED_EVIDENCE
openplcV3_IS_SORTED,IS_SORTED,OpenPLCv3,fold_2,2f99da02a099185bae1f5480aecbc7f4cd637723ad2c6d8e787492d8b18a8406,5fab5bb9b44cc6c9e94ec45bd3d9d29003800df8889cc0db6910db65c0f813ee,True,OUT_OF_SCOPE,False,FN,core_symbol_text contains dt_FB_ without toolchain gate,"Lexical transfer probe only; not runtime semantics, function-boundary correctness, or vulnerability detection.",DERIVED_EVIDENCE
openplcV3_IS_URLCHR,IS_URLCHR,OpenPLCv3,fold_6,3d80a817ab800a9656eeac67266108ff538f063f84ffc087bf0430df6e5f1b80,36bb0b34fa2b3f8e1d8c358f8f2b55c048bd05d3eaa7b815e67397bae1407c65,False,OUT_OF_SCOPE,False,TN,core_symbol_text contains dt_FB_ without toolchain gate,"Lexical transfer probe only; not runtime semantics, function-boundary correctness, or vulnerability detection.",DERIVED_EVIDENCE
openplcV3_JD2000,JD2000,OpenPLCv3,fold_1,b7c538c2e069d9501248288730ba4030aae9d7444fc39c2ee1b2ee417afb8c5d,50dbe52feac2ccc426559ff7f636c02ab68883b034e6c3bb11d5fd39c2dac6aa,False,OUT_OF_SCOPE,False,TN,core_symbol_text contains dt_FB_ without toolchain gate,"Lexical transfer probe only; not runtime semantics, function-boundary correctness, or vulnerability detection.",DERIVED_EVIDENCE
openplcV3_KMH_TO_MS,KMH_TO_MS,OpenPLCv3,fold_2,1c845195a40062b20989bfc55916d97bd1172aa2dde557ae6d27213720616f04,ab6fd6d1ba73311a9891f3bb3bbb9c7f81ec214fa52e0ddc4f7bae3a87e30909,False,OUT_OF_SCOPE,False,TN,core_symbol_text contains dt_FB_ without toolchain gate,"Lexical transfer probe only; not runtime semantics, function-boundary correctness, or vulnerability detection.",DERIVED_EVIDENCE
openplcV3_K_TO_C,K_TO_C,OpenPLCv3,fold_1,28ce757541665d5ab94c5a31c305ee8dbe1c13e51c51858e676c1fa4298cd0b3,8a666b76bb9d2d32f52037bbeba16473e3dcebfcb83d88dd424586f18b6f1d48,False,OUT_OF_SCOPE,False,TN,core_symbol_text contains dt_FB_ without toolchain gate,"Lexical transfer probe only; not runtime semantics, function-boundary correctness, or vulnerability detection.",DERIVED_EVIDENCE
openplcV3_LAMBERT_W,LAMBERT_W,OpenPLCv3,fold_0,047dbf93fd6fca1191fe7a1894351c3746aed89a1fa3a4c96207bec7ccd9e298,45b6992363a71838326ddef50e385a224def088cc9995a8931e395ac82628b04,True,OUT_OF_SCOPE,False,FN,core_symbol_text contains dt_FB_ without toolchain gate,"Lexical transfer probe only; not runtime semantics, function-boundary correctness, or vulnerability detection.",DERIVED_EVIDENCE
openplcV3_LANGEVIN,LANGEVIN,OpenPLCv3,fold_1,ee0643a753cd9c3861da5d8bc3caad1da4745b8c96fed1f111d1bb47f3b3973b,3b6f3dba56b2dbeac4b9e24bd7a1a9d1f49cbac2e4bb02fee9cd7560f81c6bd5,False,OUT_OF_SCOPE,False,TN,core_symbol_text contains dt_FB_ without toolchain gate,"Lexical transfer probe only; not runtime semantics, function-boundary correctness, or vulnerability detection.",DERIVED_EVIDENCE
openplcV3_LEAP_DAY,LEAP_DAY,OpenPLCv3,fold_2,23c3583d2d81dff43674aa761b36807c9547bca6af3087b5dfc29d3c3f63dd65,c0d603d241659c74f167bb9aacf18e10b23ff5975900f4593b404a91486dc542,False,OUT_OF_SCOPE,False,TN,core_symbol_text contains dt_FB_ without toolchain gate,"Lexical transfer probe only; not runtime semantics, function-boundary correctness, or vulnerability detection.",DERIVED_EVIDENCE
openplcV3_LEAP_OF_DATE,LEAP_OF_DATE,OpenPLCv3,fold_3,617a91a97364b90a787bd412e2fe31e17ad46c9eff6cadfecda5012f17f94467,a5fadba00fae0bdb1940ce7738a12221e4d8181ce1145be6bfc0afbbec5467af,False,OUT_OF_SCOPE,False,TN,core_symbol_text contains dt_FB_ without toolchain gate,"Lexical transfer probe only; not runtime semantics, function-boundary correctness, or vulnerability detection.",DERIVED_EVIDENCE
openplcV3_LEAP_YEAR,LEAP_YEAR,OpenPLCv3,fold_4,dd94c109a1ee3dd658eb4eb24ed0a28c9c24f07c80ef6ea35343faf7bd196ed3,3aa2679d7acba9884414d9d2e107b8e18e7f647488fd1f1322edf83e2e4372bc,False,OUT_OF_SCOPE,False,TN,core_symbol_text contains dt_FB_ without toolchain gate,"Lexical transfer probe only; not runtime semantics, function-boundary correctness, or vulnerability detection.",DERIVED_EVIDENCE
openplcV3_LEGIONELLA,LEGIONELLA,OpenPLCv3,fold_6,df9889c6ad628a4be8b97bf74859c8ea75f0714d483351bb7e51e940d5720bf1,a9aad8c316daa337dd6e8644ba9a7def0b8ec456cf6fe73e5ad867a9eaf7bc64,True,OUT_OF_SCOPE,False,FN,core_symbol_text contains dt_FB_ without toolchain gate,"Lexical transfer probe only; not runtime semantics, function-boundary correctness, or vulnerability detection.",DERIVED_EVIDENCE
openplcV3_LENGTH,LENGTH,OpenPLCv3,fold_6,9c53fec2f4545221acbcbc842cf62e4999fb2ad5ea34421bf4932d1dd1422844,c413f6cb3ad856f051eb8db8e31629c548522155388496fa78833554b0b9aae1,True,OUT_OF_SCOPE,False,FN,core_symbol_text contains dt_FB_ without toolchain gate,"Lexical transfer probe only; not runtime semantics, function-boundary correctness, or vulnerability detection.",DERIVED_EVIDENCE
openplcV3_LINEAR_INT,LINEAR_INT,OpenPLCv3,fold_9,94172a96a6be6ae960f8a65ec2b70f47374d974ee6964129460d6c33443c8937,f1385990c4c8cfb5e8afc0d5a2c380a2ab058a86b658a14c159d82501d1bae4d,True,OUT_OF_SCOPE,False,FN,core_symbol_text contains dt_FB_ without toolchain gate,"Lexical transfer probe only; not runtime semantics, function-boundary correctness, or vulnerability detection.",DERIVED_EVIDENCE
openplcV3_LIST_ADD,LIST_ADD,OpenPLCv3,fold_3,08b22be7895fdb3535eb7cc4d8ee93c27089971aced754c1a3ec54e3b09d54b6,ffaf8fe253e98a73e7a259d21a433d746b5d6d7714dcdc3b42b68a29ac3a5ba0,True,OUT_OF_SCOPE,False,FN,core_symbol_text contains dt_FB_ without toolchain gate,"Lexical transfer probe only; not runtime semantics, function-boundary correctness, or vulnerability detection.",DERIVED_EVIDENCE
openplcV3_LOG_VIEWPORT,LOG_VIEWPORT,OpenPLCv3,fold_7,2ae8ec03142e67a72eb9bf6c2a9039ea8433fe17f296679d6cd3e3b887d66c5f,d72042711e76bf3ff12e48cc5fdf89091138839b16221497ce994327aea9a893,True,OUT_OF_SCOPE,False,FN,core_symbol_text contains dt_FB_ without toolchain gate,"Lexical transfer probe only; not runtime semantics, function-boundary correctness, or vulnerability detection.",DERIVED_EVIDENCE
openplcV3_LTCH,LTCH,OpenPLCv3,fold_7,26901c4910edbd8c25f95a4f143617c0353cd77096f0234489fa61c632f0cd49,1a466d439d75bcf3142321e20a03380303df12c45ee0ac16d367e1a0a88e1f11,True,OUT_OF_SCOPE,False,FN,core_symbol_text contains dt_FB_ without toolchain gate,"Lexical transfer probe only; not runtime semantics, function-boundary correctness, or vulnerability detection.",DERIVED_EVIDENCE
openplcV3_LTCH_4,LTCH_4,OpenPLCv3,fold_8,350210d20cfcd7b86a9eebf167cfe597ef0047d6209014fc7a5c760b5303cbed,5db9c061e904eb1a88b29582db0833a995475ea25c1efa11c57787d25b0d4b36,True,OUT_OF_SCOPE,False,FN,core_symbol_text contains dt_FB_ without toolchain gate,"Lexical transfer probe only; not runtime semantics, function-boundary correctness, or vulnerability detection.",DERIVED_EVIDENCE
openplcV3_LTIME_TO_UTC,LTIME_TO_UTC,OpenPLCv3,fold_5,fe957777a7c9629678d068304f396830a7e0930b78bf08e0efc9cb24f415adee,452dab2caa51d8b0d34420f55b3454c0924d15987cd69e6fae2df7dba354f314,False,OUT_OF_SCOPE,False,TN,core_symbol_text contains dt_FB_ without toolchain gate,"Lexical transfer probe only; not runtime semantics, function-boundary correctness, or vulnerability detection.",DERIVED_EVIDENCE
openplcV3_MANUAL,MANUAL,OpenPLCv3,fold_9,f45b875fc736f019cc1e0bd9f6b01e53086a6ea6486f1355e92fedb292f18a29,5447640d951f7147edec8a2b8dda7c1afc55622b460a8a6bfbef8facb39ee2a4,False,OUT_OF_SCOPE,False,TN,core_symbol_text contains dt_FB_ without toolchain gate,"Lexical transfer probe only; not runtime semantics, function-boundary correctness, or vulnerability detection.",DERIVED_EVIDENCE
openplcV3_MANUAL_1,MANUAL_1,OpenPLCv3,fold_0,3e87a9263a61bbe0f07c0a81d44a73e2589f79081d6189693101edea1971aa25,624de20e7a109d857d7def6fd865a2c2cd3a1f4cfe215f2b81c523c0f026fcd9,True,OUT_OF_SCOPE,False,FN,core_symbol_text contains dt_FB_ without toolchain gate,"Lexical transfer probe only; not runtime semantics, function-boundary correctness, or vulnerability detection.",DERIVED_EVIDENCE
openplcV3_MANUAL_2,MANUAL_2,OpenPLCv3,fold_1,4d61455585a3954029a28509d4982d2d84f011b19946bfbb31ca91b4717fb7e8,299735b8a573e397bc9d97b7bb0979a4716e96024fbde268ea6d36d801ddf4c2,True,OUT_OF_SCOPE,False,FN,core_symbol_text contains dt_FB_ without toolchain gate,"Lexical transfer probe only; not runtime semantics, function-boundary correctness, or vulnerability detection.",DERIVED_EVIDENCE
openplcV3_MANUAL_4,MANUAL_4,OpenPLCv3,fold_2,ebffe24dd6a860ce6ba799844bc20b1288a88e00826086bed3271a24f972c461,edea95bfa63a8bfb53f8562cb1998ea2d5c0e527a0e09898dfea39fbe54fe2ca,True,OUT_OF_SCOPE,False,FN,core_symbol_text contains dt_FB_ without toolchain gate,"Lexical transfer probe only; not runtime semantics, function-boundary correctness, or vulnerability detection.",DERIVED_EVIDENCE
openplcV3_MATRIX,MATRIX,OpenPLCv3,fold_6,726824ec01e69d0c16e8968b3d6618a718ecc9454672093e9607e7d672764c50,c71fccbeee9750feeaa0a07e9d0e4fb87fb6191d740613529726cc24c8fd78b8,True,OUT_OF_SCOPE,False,FN,core_symbol_text contains dt_FB_ without toolchain gate,"Lexical transfer probe only; not runtime semantics, function-boundary correctness, or vulnerability detection.",DERIVED_EVIDENCE
openplcV3_MAX3,MAX3,OpenPLCv3,fold_2,507c024e5916baaca25da61c467c0734cae629c0be7dcc0526bd6f1275a00697,bd2b90880cc0eeab878cd35d4fcead08fcabf4c10b300c06751f4cd83046ec1f,False,OUT_OF_SCOPE,False,TN,core_symbol_text contains dt_FB_ without toolchain gate,"Lexical transfer probe only; not runtime semantics, function-boundary correctness, or vulnerability detection.",DERIVED_EVIDENCE
openplcV3_MAX_TIME,MAX_TIME,OpenPLCv3,fold_0,6e7307840dfe612ee592c86d083b703f12929f95965b86e32607edc421d8b40d,099cc859a339b6d65f6d9c663364a49b88ebed83f1978ff3f78ef5b94cf09a80,False,OUT_OF_SCOPE,False,TN,core_symbol_text contains dt_FB_ without toolchain gate,"Lexical transfer probe only; not runtime semantics, function-boundary correctness, or vulnerability detection.",DERIVED_EVIDENCE
openplcV3_MB_CLIENT,MB_CLIENT,OpenPLCv3,fold_8,dfa383bd47ca87971708d99f8d1dcad628df0cc59300963f5bc838e658f62fb6,893979fc21b14a7d24269a30be206044df880e00fb9ceb7f54e26a092692564c,True,OUT_OF_SCOPE,False,FN,core_symbol_text contains dt_FB_ without toolchain gate,"Lexical transfer probe only; not runtime semantics, function-boundary correctness, or vulnerability detection.",DERIVED_EVIDENCE
openplcV3_MB_SERVER,MB_SERVER,OpenPLCv3,fold_9,e2c4f7a59727acd5122ca8dacf71cef4e8445cd0faa2f59b3a4c76cf6429d87a,b2d602096b3ec224efd5f9159c3ce19f0e2ae20e14170bd3716478681c4c90ff,True,OUT_OF_SCOPE,False,FN,core_symbol_text contains dt_FB_ without toolchain gate,"Lexical transfer probe only; not runtime semantics, function-boundary correctness, or vulnerability detection.",DERIVED_EVIDENCE
openplcV3_MB_VMAP,MB_VMAP,OpenPLCv3,fold_0,594f90e7f3866730d92f637ae9551c2c7269e61576b46ce0d33887df34b3beac,3c49a056338dc2043b89051bd058db4f9587039a8b6a676db43101f6457daf60,True,OUT_OF_SCOPE,False,FN,core_symbol_text contains dt_FB_ without toolchain gate,"Lexical transfer probe only; not runtime semantics, function-boundary correctness, or vulnerability detection.",DERIVED_EVIDENCE
openplcV3_MESSAGE_4R,MESSAGE_4R,OpenPLCv3,fold_6,436e3c42f714af46ec65ccdbd647e02345c3cc314542d3024b93c3f4c276bf04,f1d64e9a325f39dbe6869362600215d057495c74e572b0f1677410d24bbab0a8,True,OUT_OF_SCOPE,False,FN,core_symbol_text contains dt_FB_ without toolchain gate,"Lexical transfer probe only; not runtime semantics, function-boundary correctness, or vulnerability detection.",DERIVED_EVIDENCE
openplcV3_MESSAGE_8,MESSAGE_8,OpenPLCv3,fold_7,9827636dc1890f4f4c1260a77813d4eacda49a9b20f86992e9957eb387651a7e,5a55cb82fdbdec708c8c1acc0fb2946df8ac7aa78265f708fe2948a58835b305,True,OUT_OF_SCOPE,False,FN,core_symbol_text contains dt_FB_ without toolchain gate,"Lexical transfer probe only; not runtime semantics, function-boundary correctness, or vulnerability detection.",DERIVED_EVIDENCE
openplcV3_METER,METER,OpenPLCv3,fold_1,df58568c4ad2e2a1c78bf5d06102a330a2e2176d4789c2ba6066e64d5ac64235,4b6a1efa722a049ba778747021de090a49b3348a9318fe5d1b49cd162b5c882a,True,OUT_OF_SCOPE,False,FN,core_symbol_text contains dt_FB_ without toolchain gate,"Lexical transfer probe only; not runtime semantics, function-boundary correctness, or vulnerability detection.",DERIVED_EVIDENCE
openplcV3_METER_STAT,METER_STAT,OpenPLCv3,fold_2,59f2622ea2f106f9b1e983eb63cca7fe570cedaa9a2111228c62bcd2f2a6d381,1950c33f5c1403fcfb29d8ddea5b55608dab44cd052daf29abfe24871454bb3e,True,OUT_OF_SCOPE,False,FN,core_symbol_text contains dt_FB_ without toolchain gate,"Lexical transfer probe only; not runtime semantics, function-boundary correctness, or vulnerability detection.",DERIVED_EVIDENCE
openplcV3_MID3,MID3,OpenPLCv3,fold_3,4bfd57ed880cb922f1e789ad6e07231fe9a994184159b58bde6a4a9de2890caa,464179a88565c8d3144691be6eb4a48d6a735b91c52095bacf1434b0beb04f69,False,OUT_OF_SCOPE,False,TN,core_symbol_text contains dt_FB_ without toolchain gate,"Lexical transfer probe only; not runtime semantics, function-boundary correctness, or vulnerability detection.",DERIVED_EVIDENCE
openplcV3_MIN3,MIN3,OpenPLCv3,fold_4,8e3b879253fbef829d99d45f62dbfb96f50fabafe8119387cff65866deb6393d,82d72d5073c1cba96980316275448afd2b1531b5c30e65c170d4677fa0f12d17,False,OUT_OF_SCOPE,False,TN,core_symbol_text contains dt_FB_ without toolchain gate,"Lexical transfer probe only; not runtime semantics, function-boundary correctness, or vulnerability detection.",DERIVED_EVIDENCE
openplcV3_MINUTE,MINUTE,OpenPLCv3,fold_6,0251df8443a2affe070581b8cc0638b3a9738ec2d1f02f2dae2154c2a1f57e6b,2a7ee595d735c392c02436607554abc2f8324d868e2c7b91088f2f789cf25ea6,False,OUT_OF_SCOPE,False,TN,core_symbol_text contains dt_FB_ without toolchain gate,"Lexical transfer probe only; not runtime semantics, function-boundary correctness, or vulnerability detection.",DERIVED_EVIDENCE
openplcV3_MINUTE_OF_DT,MINUTE_OF_DT,OpenPLCv3,fold_7,9b746412f6c916744f80fe8231ca479125fdee8c1f718a80d47647597dec9679,627dc5aad61af8d591f0bba8f991c9c6c26c137e6d6522e03721f3991b211278,False,OUT_OF_SCOPE,False,TN,core_symbol_text contains dt_FB_ without toolchain gate,"Lexical transfer probe only; not runtime semantics, function-boundary correctness, or vulnerability detection.",DERIVED_EVIDENCE
openplcV3_MINUTE_TO_TIME,MINUTE_TO_TIME,OpenPLCv3,fold_8,4ce949c892f3f9c3d896ffab4a28b4ba4ee84d5d54c1cf0cd45b95c0723c1595,069dc2bf709fbf35cea43dd2fd28b01cff1c7958f849fc048fc07bec249a3037,False,OUT_OF_SCOPE,False,TN,core_symbol_text contains dt_FB_ without toolchain gate,"Lexical transfer probe only; not runtime semantics, function-boundary correctness, or vulnerability detection.",DERIVED_EVIDENCE
openplcV3_MIRROR,MIRROR,OpenPLCv3,fold_8,b244492585aef6091fa21ba637eea4fa1f1739844db7f74819d433873324b735,6e2da33e86d087d5f36eb9a3f485b4c2bd2365623f4a130202b02a4dd57b93a1,True,OUT_OF_SCOPE,False,FN,core_symbol_text contains dt_FB_ without toolchain gate,"Lexical transfer probe only; not runtime semantics, function-boundary correctness, or vulnerability detection.",DERIVED_EVIDENCE
openplcV3_MIX,MIX,OpenPLCv3,fold_4,8d3ea055cf0f4d44dd6de36c6d76dbdd5745ca764c34dcc6bbe94226ee83bd1e,867a8c101878d213b2f035373d472295ef85e2f01ba2e458c8d35dd8fc5f8a1a,False,OUT_OF_SCOPE,False,TN,core_symbol_text contains dt_FB_ without toolchain gate,"Lexical transfer probe only; not runtime semantics, function-boundary correctness, or vulnerability detection.",DERIVED_EVIDENCE
openplcV3_MODR,MODR,OpenPLCv3,fold_5,690117b983c31dcb07aaee88e11542e11d9a91686017833a81cbb532b9fc0be9,643a0f72bdbb26325964327ba2103cf462791e0869dbd8dc4f14b8c5cd511bd4,False,OUT_OF_SCOPE,False,TN,core_symbol_text contains dt_FB_ without toolchain gate,"Lexical transfer probe only; not runtime semantics, function-boundary correctness, or vulnerability detection.",DERIVED_EVIDENCE
openplcV3_MONTH_BEGIN,MONTH_BEGIN,OpenPLCv3,fold_9,ff4912232ab84d9dc6f5b272d06b598795ab456d45a7c0235a485002d2e3de0a,09c4ce27fad1b4ed18056bbda8224ae804324170c4497f10ac70b4ca7b52ce95,False,OUT_OF_SCOPE,False,TN,core_symbol_text contains dt_FB_ without toolchain gate,"Lexical transfer probe only; not runtime semantics, function-boundary correctness, or vulnerability detection.",DERIVED_EVIDENCE
openplcV3_MONTH_END,MONTH_END,OpenPLCv3,fold_0,b4c299ba7d3366ba83d72e72b025f72a816d095b8380fac5e24810d8e4567e36,ff82587577a5be6d8dac9993b571a3eb4a7ce62a40b61c5b30fa2edd390be4c5,False,OUT_OF_SCOPE,False,TN,core_symbol_text contains dt_FB_ without toolchain gate,"Lexical transfer probe only; not runtime semantics, function-boundary correctness, or vulnerability detection.",DERIVED_EVIDENCE
openplcV3_MONTH_OF_DATE,MONTH_OF_DATE,OpenPLCv3,fold_1,a8c344261568f9bb0486149492c9c7a934edffd1a48fd6b2a1c2e4965281c065,13c41139a7a3bc5322085ce99a85025bb38396723785656935b14cfc8d4f97c1,False,OUT_OF_SCOPE,False,TN,core_symbol_text contains dt_FB_ without toolchain gate,"Lexical transfer probe only; not runtime semantics, function-boundary correctness, or vulnerability detection.",DERIVED_EVIDENCE
openplcV3_MONTH_TO_STRING,MONTH_TO_STRING,OpenPLCv3,fold_9,1b45112ee62dd864f205d102e7d3a3b15f89070c8b0313d6255a09a498518637,a619751bde5ccdaa3b6969a63df227e18c008ab645036026bb1ed825b6e45f0c,True,OUT_OF_SCOPE,False,FN,core_symbol_text contains dt_FB_ without toolchain gate,"Lexical transfer probe only; not runtime semantics, function-boundary correctness, or vulnerability detection.",DERIVED_EVIDENCE
openplcV3_MOON_PHASE,MOON_PHASE,OpenPLCv3,fold_1,2b3c29c443549971ac9d0c8c6382d32465cfb615984111d277adf78a7f79cebf,be46d1edbb7847a6ce763a7c982ca034e52de28a8fe35d01cfb9f19921843119,True,OUT_OF_SCOPE,False,FN,core_symbol_text contains dt_FB_ without toolchain gate,"Lexical transfer probe only; not runtime semantics, function-boundary correctness, or vulnerability detection.",DERIVED_EVIDENCE
openplcV3_MS_TO_BFT,MS_TO_BFT,OpenPLCv3,fold_3,e2a8fa22a3f59ccf2b79ed556f2cd24f66b16569b8e5f3b138c9dd407e632648,01c1ce6d2aedeb60f41b54aad0a471c061aeb60314565ae254d64c68936289b6,False,OUT_OF_SCOPE,False,TN,core_symbol_text contains dt_FB_ without toolchain gate,"Lexical transfer probe only; not runtime semantics, function-boundary correctness, or vulnerability detection.",DERIVED_EVIDENCE
openplcV3_MS_TO_KMH,MS_TO_KMH,OpenPLCv3,fold_4,c9d704605226b268fe11878630f55291a33a89bba9c706790c91d314eae23fa1,a32e898921f4d2b78430ad0be7d12bb669fadc7bc4c1b27be0fb4313205c7ea5,False,OUT_OF_SCOPE,False,TN,core_symbol_text contains dt_FB_ without toolchain gate,"Lexical transfer probe only; not runtime semantics, function-boundary correctness, or vulnerability detection.",DERIVED_EVIDENCE
openplcV3_MULTIME,MULTIME,OpenPLCv3,fold_2,fc8ff7d935349cbf8090764ef57bbd38aefb175ff150040e8f54a7a9985a3055,2d2b93403dd170d98167f0cf2ae4a4f246b3f43d4f9af0187b9c889ff81cd3b0,False,OUT_OF_SCOPE,False,TN,core_symbol_text contains dt_FB_ without toolchain gate,"Lexical transfer probe only; not runtime semantics, function-boundary correctness, or vulnerability detection.",DERIVED_EVIDENCE
openplcV3_MULTI_IN,MULTI_IN,OpenPLCv3,fold_0,086f670b37422252917ba55557174a90e7e2c19cca039308bfda7b43a10bf2ab,5b401af30c5c03a8b63877d39599e4b9378ea92fe385fef0f7e6700c05bab632,False,OUT_OF_SCOPE,False,TN,core_symbol_text contains dt_FB_ without toolchain gate,"Lexical transfer probe only; not runtime semantics, function-boundary correctness, or vulnerability detection.",DERIVED_EVIDENCE
openplcV3_MUL_ADD,MUL_ADD,OpenPLCv3,fold_6,2448e23a8a61d212b7e6cee72523557cde8c8a1f5e557b3b3c9151e67d7cde3f,e8bf770f972457e3b9cc568bf566e06c3e16001fb4c5e08743c3f90ff7326c7f,False,OUT_OF_SCOPE,False,TN,core_symbol_text contains dt_FB_ without toolchain gate,"Lexical transfer probe only; not runtime semantics, function-boundary correctness, or vulnerability detection.",DERIVED_EVIDENCE
openplcV3_MUX_2,MUX_2,OpenPLCv3,fold_7,d70328782687dff98c4d9bfa0b6d1aa16f4ce03f1e20852491b7282a270e9d02,e6c80855bd24376107df91c6fd9c7b3a7cfc82db878cb945d7353e380d1b9a47,False,OUT_OF_SCOPE,False,TN,core_symbol_text contains dt_FB_ without toolchain gate,"Lexical transfer probe only; not runtime semantics, function-boundary correctness, or vulnerability detection.",DERIVED_EVIDENCE
openplcV3_MUX_4,MUX_4,OpenPLCv3,fold_8,47bbf6dadf8ec5e27f8dfd273affdfdf2d17e2dff5299576a6e5924345e07abf,70ed8e039d70b7be5d92d882495396f6b5a5019ea131f54ae07d7b948a23efa8,False,OUT_OF_SCOPE,False,TN,core_symbol_text contains dt_FB_ without toolchain gate,"Lexical transfer probe only; not runtime semantics, function-boundary correctness, or vulnerability detection.",DERIVED_EVIDENCE
openplcV3_MUX_R2,MUX_R2,OpenPLCv3,fold_5,274a767ecac10249a033261dd631165b5e537e8ca6dcc1cafb9f5f4e16e5102e,d5f47ab440a8e783db69b4e7833003260dee7a7985ff2c04781efb72ebeda9c1,False,OUT_OF_SCOPE,False,TN,core_symbol_text contains dt_FB_ without toolchain gate,"Lexical transfer probe only; not runtime semantics, function-boundary correctness, or vulnerability detection.",DERIVED_EVIDENCE
openplcV3_MUX_R4,MUX_R4,OpenPLCv3,fold_6,be358e4935755270094ae9ddd57e58531ee052e7b68aa797744e94d056acf931,d817c1eb6c9640a3db95123c8461ce80ac274bba119fa3deaabb4de45dccd2a4,False,OUT_OF_SCOPE,False,TN,core_symbol_text contains dt_FB_ without toolchain gate,"Lexical transfer probe only; not runtime semantics, function-boundary correctness, or vulnerability detection.",DERIVED_EVIDENCE
openplcV3_M_D,M_D,OpenPLCv3,fold_7,6ce764092072b61aabb943bef7659e9185d2283f8b65892251166de80280ba32,83203fce26cc7267723b6eaf4ac299b9c898a1515479a9440594529a2f003e41,True,OUT_OF_SCOPE,False,FN,core_symbol_text contains dt_FB_ without toolchain gate,"Lexical transfer probe only; not runtime semantics, function-boundary correctness, or vulnerability detection.",DERIVED_EVIDENCE
openplcV3_M_T,M_T,OpenPLCv3,fold_8,88450eebcdb32cd80d99c9f17fecae904ea0acf2c11e5c52f64f376df7bd7f24,76b6f864ff65d7a055cda88d4d8a3eba791a40c0e62ca556c311c1b5f7bdee89,True,OUT_OF_SCOPE,False,FN,core_symbol_text contains dt_FB_ without toolchain gate,"Lexical transfer probe only; not runtime semantics, function-boundary correctness, or vulnerability detection.",DERIVED_EVIDENCE
openplcV3_M_TX,M_TX,OpenPLCv3,fold_9,4a4bf14e8256f3280b559e79cb505fa917168b3bfee369ecc6ff12f0ec51b3bc,8c750018e83822eae605af134c87bda118b02a7d66df8acd7124beccf6e465a8,True,OUT_OF_SCOPE,False,FN,core_symbol_text contains dt_FB_ without toolchain gate,"Lexical transfer probe only; not runtime semantics, function-boundary correctness, or vulnerability detection.",DERIVED_EVIDENCE
openplcV3_NEGX,NEGX,OpenPLCv3,fold_7,e779f32a9d137bb075bb67811539571f5297f74c56bff3f93095618815b6ac1c,9e54af399fd10c8a0dcdebdefd47ae9906c46a06e477b7779cd6556d2eb7c068,False,OUT_OF_SCOPE,False,TN,core_symbol_text contains dt_FB_ without toolchain gate,"Lexical transfer probe only; not runtime semantics, function-boundary correctness, or vulnerability detection.",DERIVED_EVIDENCE
openplcV3_NETWORK_VERSION,NETWORK_VERSION,OpenPLCv3,fold_5,b4fbde9a0fdccfb4522100cdf9fee147aa70e5a644dd43757f76a9fa2fe4e930,1f7678146245ec74af7bdb3111a207d26a2baf19f78a02abce4ee0432a9a729f,False,OUT_OF_SCOPE,False,TN,core_symbol_text contains dt_FB_ without toolchain gate,"Lexical transfer probe only; not runtime semantics, function-boundary correctness, or vulnerability detection.",DERIVED_EVIDENCE
openplcV3_NET_VAR_BOOL8,NET_VAR_BOOL8,OpenPLCv3,fold_2,eea2bdf922f93e0b1a1be79bf8cd02cb324866f1e40a3b8cb96783f6d9c99f7b,e1c96fc3ae8217e5424c48c1318b9626e1b63efb1985dd1fb50e4c54208d47ae,True,OUT_OF_SCOPE,False,FN,core_symbol_text contains dt_FB_ without toolchain gate,"Lexical transfer probe only; not runtime semantics, function-boundary correctness, or vulnerability detection.",DERIVED_EVIDENCE
openplcV3_NET_VAR_BUFFER,NET_VAR_BUFFER,OpenPLCv3,fold_3,ae30a4451abf48f045a280f042ed3afbf460a36f81be7d8cc6aa35838ce94828,eebd0420f54c339ef14b746d764ec1dc45638496497fe58980792034aee5cda8,True,OUT_OF_SCOPE,False,FN,core_symbol_text contains dt_FB_ without toolchain gate,"Lexical transfer probe only; not runtime semantics, function-boundary correctness, or vulnerability detection.",DERIVED_EVIDENCE
openplcV3_NET_VAR_DWORD8,NET_VAR_DWORD8,OpenPLCv3,fold_4,5a68b72110bf367e195457b7e530e6eba4ceecdb1f15b398b9868f321fc7a858,fd862f59e93649c03853169875181b0ca1cdccf0b4b3b0f2ac3bab1ba7e8eff5,True,OUT_OF_SCOPE,False,FN,core_symbol_text contains dt_FB_ without toolchain gate,"Lexical transfer probe only; not runtime semantics, function-boundary correctness, or vulnerability detection.",DERIVED_EVIDENCE
openplcV3_OFFSET,OFFSET,OpenPLCv3,fold_7,222812605a34a1afd1818f228956a52342ffde6cbfaeedb5ac25802b74f3527f,6662aa89c5e9c5bd3c71b2c6c27862302b789520db3e50aefc77abe662da45fe,False,OUT_OF_SCOPE,False,TN,core_symbol_text contains dt_FB_ without toolchain gate,"Lexical transfer probe only; not runtime semantics, function-boundary correctness, or vulnerability detection.",DERIVED_EVIDENCE
openplcV3_OFFSET2,OFFSET2,OpenPLCv3,fold_8,8b8ef6c8cbf73e72649f8277fceaa4237ffa51e0417750665ab0b8f7179be2a2,6b686db60c705aa458129128ef82796acf0cafd5db748d783c55b5011f3be0b7,False,OUT_OF_SCOPE,False,TN,core_symbol_text contains dt_FB_ without toolchain gate,"Lexical transfer probe only; not runtime semantics, function-boundary correctness, or vulnerability detection.",DERIVED_EVIDENCE
openplcV3_OM_TO_F,OM_TO_F,OpenPLCv3,fold_5,a42b609986aefe08e04c3648f233d330a4a2e73e9446302dfb062be1bbf527eb,f4008f1222b0f297a3b1241e23189cf40ad16ebfb461de4fb32ea02da88c5c21,False,OUT_OF_SCOPE,False,TN,core_symbol_text contains dt_FB_ without toolchain gate,"Lexical transfer probe only; not runtime semantics, function-boundary correctness, or vulnerability detection.",DERIVED_EVIDENCE
openplcV3_ONTIME,ONTIME,OpenPLCv3,fold_3,74b3d7eab3c191ea004ac1a296d4cfdae372cd6ccf310453b800863d34e98efd,282836361a6dd711424a551159c6afef4a3e076efdfd2627dccb8427b9fc5e9e,True,OUT_OF_SCOPE,False,FN,core_symbol_text contains dt_FB_ without toolchain gate,"Lexical transfer probe only; not runtime semantics, function-boundary correctness, or vulnerability detection.",DERIVED_EVIDENCE
openplcV3_OSCAT_VERSION,OSCAT_VERSION,OpenPLCv3,fold_9,7da6148a273d2b99baa134c7542abe645df7982c7dafa39d01e4bf431f647832,4637c3c6d7c2e2b13d228e6d55afc6de0f8e1feec0abca90e76a82004e62d2e9,False,OUT_OF_SCOPE,False,TN,core_symbol_text contains dt_FB_ without toolchain gate,"Lexical transfer probe only; not runtime semantics, function-boundary correctness, or vulnerability detection.",DERIVED_EVIDENCE
openplcV3_PARITY,PARITY,OpenPLCv3,fold_9,584f4f370de7f4f9d2b5270d67bafc67ba76f8f954a205d188c0d358774fcff4,81d9896819df418ec9d8403a441b0279dec73deb0fbd7c0e296e4f82d19a93bb,False,OUT_OF_SCOPE,False,TN,core_symbol_text contains dt_FB_ without toolchain gate,"Lexical transfer probe only; not runtime semantics, function-boundary correctness, or vulnerability detection.",DERIVED_EVIDENCE
openplcV3_PARSET,PARSET,OpenPLCv3,fold_3,0de603510f7ba1c27ef6ff73b30a118c2a51c212602ca4ed8a48aacd2b5a9981,753f7c643e8fcf4ecf6be069245c76775c37ef1f4a9ce95a0106aad9314b17bc,True,OUT_OF_SCOPE,False,FN,core_symbol_text contains dt_FB_ without toolchain gate,"Lexical transfer probe only; not runtime semantics, function-boundary correctness, or vulnerability detection.",DERIVED_EVIDENCE
openplcV3_PARSET2,PARSET2,OpenPLCv3,fold_4,e8bece3cf23587d98ed4bc041416c1fca1bd5b6da85a8ff5ebfddf15c9e32fb7,88b8411b525e90a7894b710c3249d05c8b190c7e054eff4c675e3ade4180bda7,True,OUT_OF_SCOPE,False,FN,core_symbol_text contains dt_FB_ without toolchain gate,"Lexical transfer probe only; not runtime semantics, function-boundary correctness, or vulnerability detection.",DERIVED_EVIDENCE
openplcV3_PERIOD,PERIOD,OpenPLCv3,fold_3,087a3e5aba4b7ad8e058578620790f6a8cb6bc73778ea7c7963f78e13d39c52d,a917e980788931966170bd6c068dc50b6e26eb45573dc6372530665e7d65a387,False,OUT_OF_SCOPE,False,TN,core_symbol_text contains dt_FB_ without toolchain gate,"Lexical transfer probe only; not runtime semantics, function-boundary correctness, or vulnerability detection.",DERIVED_EVIDENCE
openplcV3_PERIOD2,PERIOD2,OpenPLCv3,fold_4,d58d16d7b976e69f977dbb9551d41b3802ea329556e022b0af97813af4a8fe4c,8f7bb3a3928e469ff058746b8a780cc14b66e9169c68dc36ebc148e13b29ecef,True,OUT_OF_SCOPE,False,FN,core_symbol_text contains dt_FB_ without toolchain gate,"Lexical transfer probe only; not runtime semantics, function-boundary correctness, or vulnerability detection.",DERIVED_EVIDENCE
openplcV3_POLYNOM_INT,POLYNOM_INT,OpenPLCv3,fold_0,6d0652b7657164195138b69be3f13cc5d853da723a2ffa0a7cfdf5f9db352a7b,9904a48a64faaf6c49bb1c5e871c519f473725da779abe050da560f12723c6ce,True,OUT_OF_SCOPE,False,FN,core_symbol_text contains dt_FB_ without toolchain gate,"Lexical transfer probe only; not runtime semantics, function-boundary correctness, or vulnerability detection.",DERIVED_EVIDENCE
openplcV3_PRESSURE,PRESSURE,OpenPLCv3,fold_6,9182fe8a7053a4b55aa4488fb033c294a99033d7b495190107ed76da45deeed6,6fae2066a87047990bb36fb82075d401807ce6b66972e0cc6ecec45c11ffbe44,True,OUT_OF_SCOPE,False,FN,core_symbol_text contains dt_FB_ without toolchain gate,"Lexical transfer probe only; not runtime semantics, function-boundary correctness, or vulnerability detection.",DERIVED_EVIDENCE
openplcV3_PT_TO_F,PT_TO_F,OpenPLCv3,fold_7,6d4eea2470ee023e959e59ff9fd5fc3be6902d5f0ba796108f2eca296807c793,572b356676bc7fc3350e54ce4c516c04bcf4dff0f5d23c504adb754bbeace8df,False,OUT_OF_SCOPE,False,TN,core_symbol_text contains dt_FB_ without toolchain gate,"Lexical transfer probe only; not runtime semantics, function-boundary correctness, or vulnerability detection.",DERIVED_EVIDENCE
openplcV3_PULSE_LENGTH,PULSE_LENGTH,OpenPLCv3,fold_6,fc49f3c7f5d58ece23259e3cbf05bb420207c9b8784b0e2d1505e1931c65f131,64ea60fd9b07a4cdc28055ac70c97b2f24f6dc10e7676c4192a98b5677045198,True,OUT_OF_SCOPE,False,FN,core_symbol_text contains dt_FB_ without toolchain gate,"Lexical transfer probe only; not runtime semantics, function-boundary correctness, or vulnerability detection.",DERIVED_EVIDENCE
openplcV3_PULSE_T,PULSE_T,OpenPLCv3,fold_7,72c5bd7aad637fe5d408a10b7e22ac559c3c6f647bce9fead37e3cbaab1a2854,a0aa57773cf4ac893555014f12abb8ddb2110f5791aac3955c02c27c2a3b8d2b,True,OUT_OF_SCOPE,False,FN,core_symbol_text contains dt_FB_ without toolchain gate,"Lexical transfer probe only; not runtime semantics, function-boundary correctness, or vulnerability detection.",DERIVED_EVIDENCE
openplcV3_PWM_DC,PWM_DC,OpenPLCv3,fold_0,067724e757c7ffead1bb1d2e61ab21f72a2e0a1a9eb898f82ada37a3375cafa9,3e9200e7f6e264fd4189f641900e7b69dc977f8f3924b838401d0a5bd7067f58,True,OUT_OF_SCOPE,False,FN,core_symbol_text contains dt_FB_ without toolchain gate,"Lexical transfer probe only; not runtime semantics, function-boundary correctness, or vulnerability detection.",DERIVED_EVIDENCE
openplcV3_PWM_PW,PWM_PW,OpenPLCv3,fold_1,78ba4a50ff2c15311760887c9d5ff3be3f8dbff09739d161de794feccc1898ef,ca38011a868822dfd937acb433286b5e5923a70bb00709dd49dc3c0a773a8816,True,OUT_OF_SCOPE,False,FN,core_symbol_text contains dt_FB_ without toolchain gate,"Lexical transfer probe only; not runtime semantics, function-boundary correctness, or vulnerability detection.",DERIVED_EVIDENCE
openplcV3_R2_ABS,R2_ABS,OpenPLCv3,fold_0,064eec4534da80f2a62e3153b18cf5d7660cef00216a5fbcd9a074402043e87c,9f0e0084e559d1b6583d48f8664ef0bf3ca9ac34e484a4c29a7909d50f74f91b,True,OUT_OF_SCOPE,False,FN,core_symbol_text contains dt_FB_ without toolchain gate,"Lexical transfer probe only; not runtime semantics, function-boundary correctness, or vulnerability detection.",DERIVED_EVIDENCE
openplcV3_R2_ADD,R2_ADD,OpenPLCv3,fold_1,d2a1f375672ce351e42a168c27efda371f63e9755829db17cd9aba28c4a3faf7,59868bcc26b51e865416e5cf141cb9fa213297c4d15e38238c6a798cc7c483ba,True,OUT_OF_SCOPE,False,FN,core_symbol_text contains dt_FB_ without toolchain gate,"Lexical transfer probe only; not runtime semantics, function-boundary correctness, or vulnerability detection.",DERIVED_EVIDENCE
openplcV3_R2_ADD2,R2_ADD2,OpenPLCv3,fold_2,7e77a289bbc38776fed2d9d0080f93724e6e726650aea02fee0d84de47cb218b,5eb6559dbb883515d27121f0c1a26d89b79a9b3fce78f08984a70c9492a0fe61,True,OUT_OF_SCOPE,False,FN,core_symbol_text contains dt_FB_ without toolchain gate,"Lexical transfer probe only; not runtime semantics, function-boundary correctness, or vulnerability detection.",DERIVED_EVIDENCE
openplcV3_R2_DIV,R2_DIV,OpenPLCv3,fold_3,a3bffa4fd737ee1be3425f10951d776698e4d88febae8df1382785edf2270fea,b4c26df685e693ac2ac63888f55d5cd9feb9198adaa1a3f7f0b5aed69e7f50cd,True,OUT_OF_SCOPE,False,FN,core_symbol_text contains dt_FB_ without toolchain gate,"Lexical transfer probe only; not runtime semantics, function-boundary correctness, or vulnerability detection.",DERIVED_EVIDENCE
openplcV3_R2_MUL,R2_MUL,OpenPLCv3,fold_4,5e0519644108c84cb16e9940266f86711e8cf6bbfc31e1e750c05cae0fa6f330,bcc258370e7719b0c676a716e2c071498d3a7f86795becda56fbed585d36a756,True,OUT_OF_SCOPE,False,FN,core_symbol_text contains dt_FB_ without toolchain gate,"Lexical transfer probe only; not runtime semantics, function-boundary correctness, or vulnerability detection.",DERIVED_EVIDENCE
openplcV3_R2_SET,R2_SET,OpenPLCv3,fold_5,788b4f48c837cd738b3164f3d4efb9131196957de4eaabb797ddc12bce0501b2,b843da9850461e1ded6689c79ab261ace7f8eb244ba4fc135e23c0880717cd42,True,OUT_OF_SCOPE,False,FN,core_symbol_text contains dt_FB_ without toolchain gate,"Lexical transfer probe only; not runtime semantics, function-boundary correctness, or vulnerability detection.",DERIVED_EVIDENCE
openplcV3_RAD,RAD,OpenPLCv3,fold_8,5505cb684b35c998b65bf5f20fdcfd56450bc5d52922a4dfaa9ff04e79e93575,d0efa2b69e3937092f4d9e6272ac0648c4d0061d816835461ecd9d322c50d5ec,False,OUT_OF_SCOPE,False,TN,core_symbol_text contains dt_FB_ without toolchain gate,"Lexical transfer probe only; not runtime semantics, function-boundary correctness, or vulnerability detection.",DERIVED_EVIDENCE
openplcV3_RANGE_TO_BYTE,RANGE_TO_BYTE,OpenPLCv3,fold_9,9f55c40741a61d7f6c08a353028bd3721474273398ef2d2e23cedf49f158c948,222f6ef4550041ca12bbedd0bdfdf1fcd10ccaa31fd586e1c77288ccba1a1601,False,OUT_OF_SCOPE,False,TN,core_symbol_text contains dt_FB_ without toolchain gate,"Lexical transfer probe only; not runtime semantics, function-boundary correctness, or vulnerability detection.",DERIVED_EVIDENCE
openplcV3_RANGE_TO_WORD,RANGE_TO_WORD,OpenPLCv3,fold_0,a7bc2969302004b061f0914694aba49e5b31bde5919c0606bd7f334053456650,7b9f6c3b2cdb54234596277767e20f64ef2cee54c980f8d24b8eaea3e437a649,False,OUT_OF_SCOPE,False,TN,core_symbol_text contains dt_FB_ without toolchain gate,"Lexical transfer probe only; not runtime semantics, function-boundary correctness, or vulnerability detection.",DERIVED_EVIDENCE
openplcV3_RDM,RDM,OpenPLCv3,fold_9,f8feb85c723b60abd997629d05127e9dbcacafb64d74b9645ee40a9876a2d637,7634f20243e1d37325df91e4abf881df9c281205cb1127d4dcc3b7ae562ec440,True,OUT_OF_SCOPE,False,FN,core_symbol_text contains dt_FB_ without toolchain gate,"Lexical transfer probe only; not runtime semantics, function-boundary correctness, or vulnerability detection.",DERIVED_EVIDENCE
openplcV3_RDM2,RDM2,OpenPLCv3,fold_0,e8866d3daed4921c888cff5cea5fe146d461da959c9915eb7cd32c7480fd7d0a,f8433b07ae881396720f3d1db2a1696190b20e5ca9fa2e65266205b52855fee1,True,OUT_OF_SCOPE,False,FN,core_symbol_text contains dt_FB_ without toolchain gate,"Lexical transfer probe only; not runtime semantics, function-boundary correctness, or vulnerability detection.",DERIVED_EVIDENCE
openplcV3_RDMDW,RDMDW,OpenPLCv3,fold_1,656da8fa467cfe1117a218d9381bfcd9fc4abb219c2f24982949649805424605,e0efe97f211aeae0b3c777c3de85dc706f84fea9cdef204822d0b18f2ff8bfe3,True,OUT_OF_SCOPE,False,FN,core_symbol_text contains dt_FB_ without toolchain gate,"Lexical transfer probe only; not runtime semantics, function-boundary correctness, or vulnerability detection.",DERIVED_EVIDENCE
openplcV3_REAL_TO_FRAC,REAL_TO_FRAC,OpenPLCv3,fold_2,75aadfe24bb90331cd927ec644ea8c8a8b91f547fe68be75e1725f83ada8b41a,ed55a464e29dfc7a5ee8c76875e2f84625b221b57def7bd04dcc0a908b1b23a2,True,OUT_OF_SCOPE,False,FN,core_symbol_text contains dt_FB_ without toolchain gate,"Lexical transfer probe only; not runtime semantics, function-boundary correctness, or vulnerability detection.",DERIVED_EVIDENCE
openplcV3_REAL_TO_STRF,REAL_TO_STRF,OpenPLCv3,fold_0,da4ad47705b2e5728e563e07caeda000beb90d7664a7896fba5981608c70d390,ac34c161301fe783ff59087f11f71762fa774f45de5cc14999808c3f5e98dd3f,True,OUT_OF_SCOPE,False,FN,core_symbol_text contains dt_FB_ without toolchain gate,"Lexical transfer probe only; not runtime semantics, function-boundary correctness, or vulnerability detection.",DERIVED_EVIDENCE
openplcV3_REAL_TO_TIME,REAL_TO_TIME,OpenPLCv3,fold_5,fe1d4c573d063e58335884a2476dd3a093057bc95457e101175741a89b72345f,b26523e3827274adbfb8c64077fa6f3b58ac0d6922d729d6f097cee08dadecb8,False,OUT_OF_SCOPE,False,TN,core_symbol_text contains dt_FB_ without toolchain gate,"Lexical transfer probe only; not runtime semantics, function-boundary correctness, or vulnerability detection.",DERIVED_EVIDENCE
openplcV3_REFLECT,REFLECT,OpenPLCv3,fold_0,aee8f29e95237ec374b6ff48e93418e95b33a97d125380419e8347bd280f6ec7,8217c9e6bb9fdbf89562212c333ca87f09cdf23b26a60924032ab9c6f908b0f0,False,OUT_OF_SCOPE,False,TN,core_symbol_text contains dt_FB_ without toolchain gate,"Lexical transfer probe only; not runtime semantics, function-boundary correctness, or vulnerability detection.",DERIVED_EVIDENCE
openplcV3_REFRACTION,REFRACTION,OpenPLCv3,fold_6,83f7e27bb187ebe501770cd1b73af8b295e9d5c077fb830d2ebc6474d6fb33fc,974d19162e606295fc0699dfbebf64f389b02a6bc1c9e8dfa99e763a29bee3eb,False,OUT_OF_SCOPE,False,TN,core_symbol_text contains dt_FB_ without toolchain gate,"Lexical transfer probe only; not runtime semantics, function-boundary correctness, or vulnerability detection.",DERIVED_EVIDENCE
openplcV3_REPLACE_ALL,REPLACE_ALL,OpenPLCv3,fold_1,79cb2790429dcb98bbba92eab7b6822d61d5867ad3402449555f9dc84cb1509e,5cc3af3739a22c35fc9774f0d2303f42c44b8927bd6fe594e61e7dbd6aa6b4ba,True,OUT_OF_SCOPE,False,FN,core_symbol_text contains dt_FB_ without toolchain gate,"Lexical transfer probe only; not runtime semantics, function-boundary correctness, or vulnerability detection.",DERIVED_EVIDENCE
openplcV3_REPLACE_CHARS,REPLACE_CHARS,OpenPLCv3,fold_2,beff734440657d6a0984a9fddc67687f554b4fac39596ec20954b5d6e2933810,03020852cd19f1e2d4f09ac394011fe38cc3d3aac61b80a178cdae6dcecec62b,True,OUT_OF_SCOPE,False,FN,core_symbol_text contains dt_FB_ without toolchain gate,"Lexical transfer probe only; not runtime semantics, function-boundary correctness, or vulnerability detection.",DERIVED_EVIDENCE
openplcV3_RES_NI,RES_NI,OpenPLCv3,fold_1,c335de59f201929114831fb8bab003d205c2b9654db01a300437e460943e46d0,d1951e1bd60cac3109b39c5e8bc6ba767dc1e1d1276d7b3accee6ad870a5ea8c,False,OUT_OF_SCOPE,False,TN,core_symbol_text contains dt_FB_ without toolchain gate,"Lexical transfer probe only; not runtime semantics, function-boundary correctness, or vulnerability detection.",DERIVED_EVIDENCE
openplcV3_RES_NTC,RES_NTC,OpenPLCv3,fold_2,b29d43370a0c36e5a9141b7469c42f98ed0a391aa0e3bab93c588a5b47f782e1,67a5f559490623945e7619c4db36ea733cae6afa010123e9cb69c8456ffd1f2e,False,OUT_OF_SCOPE,False,TN,core_symbol_text contains dt_FB_ without toolchain gate,"Lexical transfer probe only; not runtime semantics, function-boundary correctness, or vulnerability detection.",DERIVED_EVIDENCE
openplcV3_RES_PT,RES_PT,OpenPLCv3,fold_3,95e7f6c93361bfb56a90ec6dc05e5e05bdd3b6e0b85186c4e69682c0c3411908,3ee83a49b927dbadef6ecd83d8c8ac55bcae33b5ffd2ba7e1482c556a3b6fd8d,False,OUT_OF_SCOPE,False,TN,core_symbol_text contains dt_FB_ without toolchain gate,"Lexical transfer probe only; not runtime semantics, function-boundary correctness, or vulnerability detection.",DERIVED_EVIDENCE
openplcV3_RES_SI,RES_SI,OpenPLCv3,fold_4,a2218d8d662a139ae28e094b817001c451dbd23128e034f051f42d55508f076a,0f88ff9f813aa9566dad01a14cc521ace3bef9ce41ee159b80c1127fc63abb9e,False,OUT_OF_SCOPE,False,TN,core_symbol_text contains dt_FB_ without toolchain gate,"Lexical transfer probe only; not runtime semantics, function-boundary correctness, or vulnerability detection.",DERIVED_EVIDENCE
openplcV3_REVERSE,REVERSE,OpenPLCv3,fold_1,10cbc5371d1dbe28adcdf1a19d2c36ba26cc0ad374ff5a85024f5fe3bf308f99,0982da1931a41ded8de204d4544454e775bcd34d0b506c865c5b0d38ba893e72,False,OUT_OF_SCOPE,False,TN,core_symbol_text contains dt_FB_ without toolchain gate,"Lexical transfer probe only; not runtime semantics, function-boundary correctness, or vulnerability detection.",DERIVED_EVIDENCE
openplcV3_RMP_B,RMP_B,OpenPLCv3,fold_2,05ad684cf390f294d595b62e11436e692adf3a949c91da3f4fe33bbffe0e9306,9cb53c8c0cca6ed25c84f642491311ce7741e7f824d3690c7caa77b33c3ed8bc,True,OUT_OF_SCOPE,False,FN,core_symbol_text contains dt_FB_ without toolchain gate,"Lexical transfer probe only; not runtime semantics, function-boundary correctness, or vulnerability detection.",DERIVED_EVIDENCE
openplcV3_RMP_SOFT,RMP_SOFT,OpenPLCv3,fold_3,7b0d03c1f8b5b9d93ad1c9c5419b068f350d0ca561794734a0d9bd8c67c0c018,de51614043f14c1485079e1cf76056d1bdf4bfe842425efb17c0d1feb5b1eb04,True,OUT_OF_SCOPE,False,FN,core_symbol_text contains dt_FB_ without toolchain gate,"Lexical transfer probe only; not runtime semantics, function-boundary correctness, or vulnerability detection.",DERIVED_EVIDENCE
openplcV3_RMP_W,RMP_W,OpenPLCv3,fold_4,a3fc224cb8b6f7cd3a9742d50eed47928b6b61e59cc114348591742b19ccd810,4989b01d46500c036338693a7863a8cb186ab4576961a090f0addb3a6268e2da,True,OUT_OF_SCOPE,False,FN,core_symbol_text contains dt_FB_ without toolchain gate,"Lexical transfer probe only; not runtime semantics, function-boundary correctness, or vulnerability detection.",DERIVED_EVIDENCE
openplcV3_RND,RND,OpenPLCv3,fold_3,004000680d295de2979b6d985f788e1c0400f9af8070e3bff299dec2c51fbfd1,85f311d52fa207caa8b88135103ad9824fcfcb07f2031e37e8eb173bf062df39,False,OUT_OF_SCOPE,False,TN,core_symbol_text contains dt_FB_ without toolchain gate,"Lexical transfer probe only; not runtime semantics, function-boundary correctness, or vulnerability detection.",DERIVED_EVIDENCE
openplcV3_ROUND,ROUND,OpenPLCv3,fold_4,6acef7d8d0e7cf3e020919b23177c62b9420be9a2dc09d1943b92e3eec885416,e2269fb9bb33736fc497276ed78a3c9948715971015718daeee8953fdbd1c8f5,False,OUT_OF_SCOPE,False,TN,core_symbol_text contains dt_FB_ without toolchain gate,"Lexical transfer probe only; not runtime semantics, function-boundary correctness, or vulnerability detection.",DERIVED_EVIDENCE
openplcV3_RTC_2,RTC_2,OpenPLCv3,fold_7,d5fa1ff8c2a03045b71cbb94f515f54def06a20fc0086b86a20c0795cc93feaa,df0b63cab8a41d08b69192f0a953b60bbf8248c18589ae3f627c6985dbfa22e2,True,OUT_OF_SCOPE,False,FN,core_symbol_text contains dt_FB_ without toolchain gate,"Lexical transfer probe only; not runtime semantics, function-boundary correctness, or vulnerability detection.",DERIVED_EVIDENCE
openplcV3_RTC_MS,RTC_MS,OpenPLCv3,fold_8,8e1517ca564e07636395821a84993408fa9fd3c62e1bd19c9f1677f284e2cbbc,6445784016be0052406a254ff90a7dbf5cc736e6839f632922c49f9706167f0d,True,OUT_OF_SCOPE,False,FN,core_symbol_text contains dt_FB_ without toolchain gate,"Lexical transfer probe only; not runtime semantics, function-boundary correctness, or vulnerability detection.",DERIVED_EVIDENCE
openplcV3_SCALE,SCALE,OpenPLCv3,fold_1,81e8e6ab8f0a7b841140011795fa5b9b83c1d4048b10b0828633076d0d827fae,dc0f251d67fed6f449739f5efcc216efec9223dec6bf65c753580b532f8f24fb,False,OUT_OF_SCOPE,False,TN,core_symbol_text contains dt_FB_ without toolchain gate,"Lexical transfer probe only; not runtime semantics, function-boundary correctness, or vulnerability detection.",DERIVED_EVIDENCE
openplcV3_SCALE_B,SCALE_B,OpenPLCv3,fold_2,b398a900ca9fd19fbdd9da63b21eb4fd65a171bb42fc9f0d5d3e69475fad0bcf,7173a1dd47fb7fa4b7ed8c4962edd267cc0cc5511ecd0f510ed9392dfcbf311d,False,OUT_OF_SCOPE,False,TN,core_symbol_text contains dt_FB_ without toolchain gate,"Lexical transfer probe only; not runtime semantics, function-boundary correctness, or vulnerability detection.",DERIVED_EVIDENCE
openplcV3_SCALE_B2,SCALE_B2,OpenPLCv3,fold_3,c6f201bde3ae568cf4900bdd7111b11d1710464ca0a380c7e3b292764d968413,467e4da94206f463201ce547013ae262de295471a932f4a77ce2bc473ebd8771,False,OUT_OF_SCOPE,False,TN,core_symbol_text contains dt_FB_ without toolchain gate,"Lexical transfer probe only; not runtime semantics, function-boundary correctness, or vulnerability detection.",DERIVED_EVIDENCE
openplcV3_SCALE_B4,SCALE_B4,OpenPLCv3,fold_4,4a3add194a4349053b9ea6f3e6a99ed758411140649dedb6ff4ad642c7fad177,f243018f5458e2a0f7c4a9d59e1185d73690424d0960b6584312b8ef56b75eae,False,OUT_OF_SCOPE,False,TN,core_symbol_text contains dt_FB_ without toolchain gate,"Lexical transfer probe only; not runtime semantics, function-boundary correctness, or vulnerability detection.",DERIVED_EVIDENCE
openplcV3_SCALE_B8,SCALE_B8,OpenPLCv3,fold_5,9336d6f8208f590533e24b279a6aa469cc1f20d6372176caeb4d42da151c3fdd,3b03a15ff5e0f9ad1340bf05f538767776d4a7e5c6ed726bb58a47c789c46358,False,OUT_OF_SCOPE,False,TN,core_symbol_text contains dt_FB_ without toolchain gate,"Lexical transfer probe only; not runtime semantics, function-boundary correctness, or vulnerability detection.",DERIVED_EVIDENCE
openplcV3_SCALE_D,SCALE_D,OpenPLCv3,fold_6,de3104dacb5dc2197ecc4178c08185455c71355fc60bfa16766080a46ceefc20,c0324cb2829446c2aed8cf767510105b4dd2f732893620dd4a850e5e484b99f1,False,OUT_OF_SCOPE,False,TN,core_symbol_text contains dt_FB_ without toolchain gate,"Lexical transfer probe only; not runtime semantics, function-boundary correctness, or vulnerability detection.",DERIVED_EVIDENCE
openplcV3_SCALE_R,SCALE_R,OpenPLCv3,fold_7,040412e62b3985ea0b5abd4bcb82ffcfc654772ae53432cf44f6bffb07991294,e82b3b65239eebd91a257903c019071553135fbbee36c7abdb84c0cd9a3746d9,False,OUT_OF_SCOPE,False,TN,core_symbol_text contains dt_FB_ without toolchain gate,"Lexical transfer probe only; not runtime semantics, function-boundary correctness, or vulnerability detection.",DERIVED_EVIDENCE
openplcV3_SCALE_X2,SCALE_X2,OpenPLCv3,fold_8,15aa1f20004defc44d0d17da8a4b54dc75b6cf5bca93d8e7ba82bcdfced20288,13a341472b4deb1dc22f490a7ef239ba876f654d2d549afd45bdfe1a93465a0a,False,OUT_OF_SCOPE,False,TN,core_symbol_text contains dt_FB_ without toolchain gate,"Lexical transfer probe only; not runtime semantics, function-boundary correctness, or vulnerability detection.",DERIVED_EVIDENCE
openplcV3_SCALE_X4,SCALE_X4,OpenPLCv3,fold_9,ded5abc15a42a31e5b953db305458b9ff9b84c0077aa789968dffd4368e73bde,2f93bb07b37e54ca3fccd51debb2c603faef3bb3af8fb8711f37cd5d3cf1ca35,False,OUT_OF_SCOPE,False,TN,core_symbol_text contains dt_FB_ without toolchain gate,"Lexical transfer probe only; not runtime semantics, function-boundary correctness, or vulnerability detection.",DERIVED_EVIDENCE
openplcV3_SCALE_X8,SCALE_X8,OpenPLCv3,fold_0,86a6878d18b47f56b2c819341c649ca8ee415d3580b2ff33cc648b8bc6161b22,0818ea24ea90c0e4d7a28ccf01a797eec8a8a0d0eb11c0e5464767a1d21ecb9a,False,OUT_OF_SCOPE,False,TN,core_symbol_text contains dt_FB_ without toolchain gate,"Lexical transfer probe only; not runtime semantics, function-boundary correctness, or vulnerability detection.",DERIVED_EVIDENCE
openplcV3_SCHEDULER,SCHEDULER,OpenPLCv3,fold_2,47b6719d55f4790a61d7334305e1e82e830d52caf34bf74111b02d0c3c5a730a,b9fd8b481e3288ba6a0a1aa86c061eb322806a5efd2aac61145f73436a0219e1,True,OUT_OF_SCOPE,False,FN,core_symbol_text contains dt_FB_ without toolchain gate,"Lexical transfer probe only; not runtime semantics, function-boundary correctness, or vulnerability detection.",DERIVED_EVIDENCE
openplcV3_SCHEDULER_2,SCHEDULER_2,OpenPLCv3,fold_3,252e38a7a8804a0dbbfe49b2c287ee34358ae987ac8d887ec2aa90508c1016e0,97671bdfc166340cbf46a89412019bcfd77199322833e6bc8eef1e348d6b92f5,True,OUT_OF_SCOPE,False,FN,core_symbol_text contains dt_FB_ without toolchain gate,"Lexical transfer probe only; not runtime semantics, function-boundary correctness, or vulnerability detection.",DERIVED_EVIDENCE
openplcV3_SDD,SDD,OpenPLCv3,fold_7,e1d06ccbee4424900571c32d05f7d1df0778e8a93eb340a5605e7057bde34530,4fe1086fab7f3f0fc1d226ec43bfda49520fa2a08c9489db076acc5da198b9ea,False,OUT_OF_SCOPE,False,TN,core_symbol_text contains dt_FB_ without toolchain gate,"Lexical transfer probe only; not runtime semantics, function-boundary correctness, or vulnerability detection.",DERIVED_EVIDENCE
openplcV3_SDD_NH3,SDD_NH3,OpenPLCv3,fold_8,0d083a7de4e44d84fbf180e5632b3a5165dacec046704a2950f875893d1c3247,4520449c4e5462de5392e54c4050e71cbfd67f2404f73d4c07ec17732f8b4ab0,False,OUT_OF_SCOPE,False,TN,core_symbol_text contains dt_FB_ without toolchain gate,"Lexical transfer probe only; not runtime semantics, function-boundary correctness, or vulnerability detection.",DERIVED_EVIDENCE
openplcV3_SDT_NH3,SDT_NH3,OpenPLCv3,fold_9,c3674362a65808c61abfef2f451c70d9d9f0f3b9b87c2fb713a8234d956241dc,4270530a99c06d04e2a837c8f090fe24d314324fa7489d87ef346a89c6b7669d,False,OUT_OF_SCOPE,False,TN,core_symbol_text contains dt_FB_ without toolchain gate,"Lexical transfer probe only; not runtime semantics, function-boundary correctness, or vulnerability detection.",DERIVED_EVIDENCE
openplcV3_SDT_TO_DATE,SDT_TO_DATE,OpenPLCv3,fold_9,83ab29bc3d8a3aadcdb06d3e23a402dc8c03064ab0beef8d13aef2f261c0a88a,d452bd0878cd48da9934feb238cf0ad224269d88e68d8032973c641f67cac510,True,OUT_OF_SCOPE,False,FN,core_symbol_text contains dt_FB_ without toolchain gate,"Lexical transfer probe only; not runtime semantics, function-boundary correctness, or vulnerability detection.",DERIVED_EVIDENCE
openplcV3_SDT_TO_DT,SDT_TO_DT,OpenPLCv3,fold_0,f8fee9f91f4d31e5f5b62ddf967fa473c440a34467d798908ff9deb5763671cb,d403d101eb778955db23c2977b04417c5b46e624fdc74ff49a0edce4233574dd,True,OUT_OF_SCOPE,False,FN,core_symbol_text contains dt_FB_ without toolchain gate,"Lexical transfer probe only; not runtime semantics, function-boundary correctness, or vulnerability detection.",DERIVED_EVIDENCE
openplcV3_SDT_TO_TOD,SDT_TO_TOD,OpenPLCv3,fold_1,0bd853e86d734b05a301b91dc0073045216a5c1f6215606df168413a244a3862,8cd5d46b285089270b38d596cdc84c3f47bac825df6f622b983a432c5e63faf0,True,OUT_OF_SCOPE,False,FN,core_symbol_text contains dt_FB_ without toolchain gate,"Lexical transfer probe only; not runtime semantics, function-boundary correctness, or vulnerability detection.",DERIVED_EVIDENCE
openplcV3_SECOND,SECOND,OpenPLCv3,fold_2,5fa4bedfe2c85a578a85b8d4ba8b6d5b26ae7f0373fe4b1c6be1d5b97884388b,54993e63ea6cec64522f4a6a89b8a44b3997464f274b15042ae9ecbf5f06254e,False,OUT_OF_SCOPE,False,TN,core_symbol_text contains dt_FB_ without toolchain gate,"Lexical transfer probe only; not runtime semantics, function-boundary correctness, or vulnerability detection.",DERIVED_EVIDENCE
openplcV3_SECOND_OF_DT,SECOND_OF_DT,OpenPLCv3,fold_3,793bd03907d80661bc978294c4e592b47a65aa946b827ce6d741fe83c807cbc6,ab23ec383c50806bb0fb8f9c576a36e5acf3af1263a7cf5ebf301e82499a8427,False,OUT_OF_SCOPE,False,TN,core_symbol_text contains dt_FB_ without toolchain gate,"Lexical transfer probe only; not runtime semantics, function-boundary correctness, or vulnerability detection.",DERIVED_EVIDENCE
openplcV3_SECOND_TO_TIME,SECOND_TO_TIME,OpenPLCv3,fold_4,d7f48152cafb1925a6797561047a9afb53098618271e8fd29163f35c00dc220a,421b29e0638e33446ca4d8134768a1208405e0e1a2549f7d60e5143fefc2bc46,False,OUT_OF_SCOPE,False,TN,core_symbol_text contains dt_FB_ without toolchain gate,"Lexical transfer probe only; not runtime semantics, function-boundary correctness, or vulnerability detection.",DERIVED_EVIDENCE
openplcV3_SEL2_OF_3,SEL2_OF_3,OpenPLCv3,fold_1,53eba5ac4d1e1a56fe7c5e1d6bab8ba88674bfbb61ef1ec770061ba88da9a425,0e781ebcdc1a55a0136c002e6cb97407dfa6d08f583b98c50a3ab8f790e58c6a,True,OUT_OF_SCOPE,False,FN,core_symbol_text contains dt_FB_ without toolchain gate,"Lexical transfer probe only; not runtime semantics, function-boundary correctness, or vulnerability detection.",DERIVED_EVIDENCE
openplcV3_SEL2_OF_3B,SEL2_OF_3B,OpenPLCv3,fold_2,4767d23541756fe740131ef9b75816bd57ca839d4485f29b42194e4567e6d630,58323f9fbcf20bbb430aee3da273393775ec7dc787fbfda4b65d193582a9a22a,True,OUT_OF_SCOPE,False,FN,core_symbol_text contains dt_FB_ without toolchain gate,"Lexical transfer probe only; not runtime semantics, function-boundary correctness, or vulnerability detection.",DERIVED_EVIDENCE
openplcV3_SELECT_8,SELECT_8,OpenPLCv3,fold_9,444b1f19eabd50fc51830a290bcfa02f587a274eda2676f7ce77d446833219df,31eeee1d99bf0b4d4231a160128b3d75ddf0dcf25891396ced1386608d084b2d,True,OUT_OF_SCOPE,False,FN,core_symbol_text contains dt_FB_ without toolchain gate,"Lexical transfer probe only; not runtime semantics, function-boundary correctness, or vulnerability detection.",DERIVED_EVIDENCE
openplcV3_SENSOR_INT,SENSOR_INT,OpenPLCv3,fold_5,687ea4986cf4ecf3268a4af20e8164a91bf9e4dd8e6ce2ed93ffacfefa3fb798,b6a299d823678aad3cfd8a002006db3daed95f8c9bd8177149182ef56b92c41d,False,OUT_OF_SCOPE,False,TN,core_symbol_text contains dt_FB_ without toolchain gate,"Lexical transfer probe only; not runtime semantics, function-boundary correctness, or vulnerability detection.",DERIVED_EVIDENCE
openplcV3_SEQUENCE_4,SEQUENCE_4,OpenPLCv3,fold_4,4e49dd8f37bb8f0e5f3c58ff4a8d5dcb983594c9fc00620f214bce165233b1de,cd42898a7c32d5b0277336ff3dd024756b951c08a363e0855ab454efd84c060d,True,OUT_OF_SCOPE,False,FN,core_symbol_text contains dt_FB_ without toolchain gate,"Lexical transfer probe only; not runtime semantics, function-boundary correctness, or vulnerability detection.",DERIVED_EVIDENCE
openplcV3_SEQUENCE_64,SEQUENCE_64,OpenPLCv3,fold_5,2ad2941e1fa09c08d582f4b1441e2c755f28cffd3d02f74ed5f59bbdcaa2abf2,86a16a391355069ece6ad15efa6e46095d2b9aefab7fdf7a01197ff144810cb8,True,OUT_OF_SCOPE,False,FN,core_symbol_text contains dt_FB_ without toolchain gate,"Lexical transfer probe only; not runtime semantics, function-boundary correctness, or vulnerability detection.",DERIVED_EVIDENCE
openplcV3_SEQUENCE_8,SEQUENCE_8,OpenPLCv3,fold_6,81eb2c88753d5780b51e4442953b686579092cd5e8e5bcf2c89c891acafdda18,e902805172ea61dc29e598aab088f753ae13fc49872c7abe348b445bb0c70c46,True,OUT_OF_SCOPE,False,FN,core_symbol_text contains dt_FB_ without toolchain gate,"Lexical transfer probe only; not runtime semantics, function-boundary correctness, or vulnerability detection.",DERIVED_EVIDENCE
openplcV3_SETUP_CHARNAMES,SETUP_CHARNAMES,OpenPLCv3,fold_8,2490af66e3d4e248a4fb285fcfa18456947797ee361d2fc78addc5f180aaad40,23c9261b7a1bf223ec5cde794dd19ec27f7783c7c3a5f22d48619b6e7d85ecfd,True,OUT_OF_SCOPE,False,FN,core_symbol_text contains dt_FB_ without toolchain gate,"Lexical transfer probe only; not runtime semantics, function-boundary correctness, or vulnerability detection.",DERIVED_EVIDENCE
openplcV3_SETUP_DIRS,SETUP_DIRS,OpenPLCv3,fold_9,3669f70bf10406a71ac16268d4300c3362f1bfaff26bb8601f86f60944e1aa85,6c2a4b89db2971e0db3915d8211705d2ae0fd9aec45ae5d03a2144c93211d463,True,OUT_OF_SCOPE,False,FN,core_symbol_text contains dt_FB_ without toolchain gate,"Lexical transfer probe only; not runtime semantics, function-boundary correctness, or vulnerability detection.",DERIVED_EVIDENCE
openplcV3_SETUP_EXTENDED_ASCII,SETUP_EXTENDED_ASCII,OpenPLCv3,fold_0,f0dc6f5613634737c634e7d0dd9254b890305c602621dbf063026ef6de58d9b4,456d725a7de0034bfee6c83978d2d532351798f9227778b1b7dab3f6434365cf,False,OUT_OF_SCOPE,False,TN,core_symbol_text contains dt_FB_ without toolchain gate,"Lexical transfer probe only; not runtime semantics, function-boundary correctness, or vulnerability detection.",DERIVED_EVIDENCE
openplcV3_SETUP_HOLIDAY_AT,SETUP_HOLIDAY_AT,OpenPLCv3,fold_1,393ba3314757673d6078f2a8312d06a17586d76dcddd0b38b49687db6270c6dc,37e5947369242114940c83facc3970057a654c5699d7fa2ef46dda00afa9483b,True,OUT_OF_SCOPE,False,FN,core_symbol_text contains dt_FB_ without toolchain gate,"Lexical transfer probe only; not runtime semantics, function-boundary correctness, or vulnerability detection.",DERIVED_EVIDENCE
openplcV3_SETUP_HOLIDAY_DE,SETUP_HOLIDAY_DE,OpenPLCv3,fold_2,ce1c03d20ffe3d048f6d1458009ba6414e9d6b2338776937e2304fbd1a7c7d52,12c3faecc051c333443b732e0c70255e87bcc6d70b623b0f7d53db27708bce8a,True,OUT_OF_SCOPE,False,FN,core_symbol_text contains dt_FB_ without toolchain gate,"Lexical transfer probe only; not runtime semantics, function-boundary correctness, or vulnerability detection.",DERIVED_EVIDENCE
openplcV3_SETUP_HOLIDAY_FR,SETUP_HOLIDAY_FR,OpenPLCv3,fold_3,04aaf35c4ee6a4e4ebb01d4ada66317c92a0d57607f644668ce8054d65d95c24,c26317503437339d17e20bc0ab6a176d4413d6b8e458ff3478de6cfe11d2c26e,True,OUT_OF_SCOPE,False,FN,core_symbol_text contains dt_FB_ without toolchain gate,"Lexical transfer probe only; not runtime semantics, function-boundary correctness, or vulnerability detection.",DERIVED_EVIDENCE
openplcV3_SETUP_LANGUAGE,SETUP_LANGUAGE,OpenPLCv3,fold_4,78a5647f6d5e53c2fb60dfc6a44db998c1079765a6d863e52750964072e5fb28,1c33df45e6f716cec0651bb0160a85d6172ec6ba1e24a57a48ac4a3cabd77a39,True,OUT_OF_SCOPE,False,FN,core_symbol_text contains dt_FB_ without toolchain gate,"Lexical transfer probe only; not runtime semantics, function-boundary correctness, or vulnerability detection.",DERIVED_EVIDENCE
openplcV3_SETUP_LOCATION,SETUP_LOCATION,OpenPLCv3,fold_5,3f788d9cecf71680921d8e2f6ca08b63731f540b3e74f0f1e23767f0ee53e536,beaf3cce1392ce913415449a5296fea09eed269452252ba35dece38593232ea1,True,OUT_OF_SCOPE,False,FN,core_symbol_text contains dt_FB_ without toolchain gate,"Lexical transfer probe only; not runtime semantics, function-boundary correctness, or vulnerability detection.",DERIVED_EVIDENCE
openplcV3_SETUP_MONTHS,SETUP_MONTHS,OpenPLCv3,fold_6,1c3c1daeac844d1feb26ff051381ddd2ccfed938d06388d9d01b623852ccd672,5e592bfcab1d39aa00dbaed4b461a08ac33bf6b422fada5b330b308c9c0c9dcb,True,OUT_OF_SCOPE,False,FN,core_symbol_text contains dt_FB_ without toolchain gate,"Lexical transfer probe only; not runtime semantics, function-boundary correctness, or vulnerability detection.",DERIVED_EVIDENCE
openplcV3_SETUP_MONTHS3,SETUP_MONTHS3,OpenPLCv3,fold_7,b1581253bfff189ce56624c906002ff7f27fc4087b2575b2e8d1da1a0ca85129,0e5f55fb83fd1de9b84f8b525d46b4b1cf18964e67b730d5b10c67c1bb44a123,True,OUT_OF_SCOPE,False,FN,core_symbol_text contains dt_FB_ without toolchain gate,"Lexical transfer probe only; not runtime semantics, function-boundary correctness, or vulnerability detection.",DERIVED_EVIDENCE
openplcV3_SETUP_WEEKDAYS,SETUP_WEEKDAYS,OpenPLCv3,fold_8,be6575df8e87099a78a9dde0193ae020c341ba70bf458d6fdb2015875fd75a6e,c7380e0aedf88b4ed0312c4203c2a9a3698bc389f0fb61b913ea6ca406080d58,True,OUT_OF_SCOPE,False,FN,core_symbol_text contains dt_FB_ without toolchain gate,"Lexical transfer probe only; not runtime semantics, function-boundary correctness, or vulnerability detection.",DERIVED_EVIDENCE
openplcV3_SETUP_WEEKDAYS2,SETUP_WEEKDAYS2,OpenPLCv3,fold_9,b37e40c05982269db64ee65f49abe828cbdd515313944f33e3bc5cf18da45037,af302cb7ba1533d04abb97e3b0312bc05778edbd04ef20ab94a362a9901bce4c,True,OUT_OF_SCOPE,False,FN,core_symbol_text contains dt_FB_ without toolchain gate,"Lexical transfer probe only; not runtime semantics, function-boundary correctness, or vulnerability detection.",DERIVED_EVIDENCE
openplcV3_SET_DATE,SET_DATE,OpenPLCv3,fold_5,c7056fa5cb48c30ab8e88feeeb126c851190c266128ec94d857ba9929f07ae40,97ae289851d824919a843387f302d81c3a38a22c0dd4a243a7b13c614614f9ca,False,OUT_OF_SCOPE,False,TN,core_symbol_text contains dt_FB_ without toolchain gate,"Lexical transfer probe only; not runtime semantics, function-boundary correctness, or vulnerability detection.",DERIVED_EVIDENCE
openplcV3_SET_DT,SET_DT,OpenPLCv3,fold_6,b37a04ca83d73ea08626f0baf178ab9e1105fd2c8eeeaa904d2b82503bd857d1,0aa43d5ebf0a59aa2dc3fd92d1b6d4e75dae71956bc924014f9d1812f0ab5f59,False,OUT_OF_SCOPE,False,TN,core_symbol_text contains dt_FB_ without toolchain gate,"Lexical transfer probe only; not runtime semantics, function-boundary correctness, or vulnerability detection.",DERIVED_EVIDENCE
openplcV3_SET_TOD,SET_TOD,OpenPLCv3,fold_7,5eb95af87f59d8254f04ab25351d66745c193d83484f92d10c93a1ba8b0db9b4,7efd33db3e2ee15efcdcc02e993c5b56feb4cc32578b3405abfb70ca87b9d336,False,OUT_OF_SCOPE,False,TN,core_symbol_text contains dt_FB_ without toolchain gate,"Lexical transfer probe only; not runtime semantics, function-boundary correctness, or vulnerability detection.",DERIVED_EVIDENCE
openplcV3_SGN,SGN,OpenPLCv3,fold_5,80e797b04949a8d24ad80de9f4c6c2ad1b5f5cf76547382fe8cbb41e5793e203,9a49bdc250b81b0191a06f962da9b53053fd13b7c41f2358c595184c322f45d2,False,OUT_OF_SCOPE,False,TN,core_symbol_text contains dt_FB_ without toolchain gate,"Lexical transfer probe only; not runtime semantics, function-boundary correctness, or vulnerability detection.",DERIVED_EVIDENCE
openplcV3_SH,SH,OpenPLCv3,fold_3,1027f8c581d92c317fdd9be59dc229b75ea42f11eb76eae1dc0c6bfc297e5302,2454cdf119f011241c2c2a1a7f8e116b93c8f6869ba6d7d7f5e1b672ca4ae0f4,True,OUT_OF_SCOPE,False,FN,core_symbol_text contains dt_FB_ without toolchain gate,"Lexical transfer probe only; not runtime semantics, function-boundary correctness, or vulnerability detection.",DERIVED_EVIDENCE
openplcV3_SHA1_STREAM,SHA1_STREAM,OpenPLCv3,fold_6,53dd8f662f6e99a849988c32378c25c8d4dac63e2c992ca34fc8ed0e47efce12,3e9ecf6a811ba0704c6f348ac1f52ecaee20051174b26513e43669a4dd088ab5,True,OUT_OF_SCOPE,False,FN,core_symbol_text contains dt_FB_ without toolchain gate,"Lexical transfer probe only; not runtime semantics, function-boundary correctness, or vulnerability detection.",DERIVED_EVIDENCE
openplcV3_SHL1,SHL1,OpenPLCv3,fold_2,b4ff057a200e4a76aa614ee53e7a0f4d1377b0fbd068d2fc34396f87813363a9,be513b6a32cefe23c1c80d5055195b6f6e7da8ea99c43fcab10925fab14452ff,False,OUT_OF_SCOPE,False,TN,core_symbol_text contains dt_FB_ without toolchain gate,"Lexical transfer probe only; not runtime semantics, function-boundary correctness, or vulnerability detection.",DERIVED_EVIDENCE
openplcV3_SHR1,SHR1,OpenPLCv3,fold_3,ae43d057285512f1a8ca8c60421201a479184be4379d56beb735d04c16a49533,74c1c0fb3b40d6b5b3d475a1224e3f0dbb81e86f0a3dcc10d37828b720041e67,False,OUT_OF_SCOPE,False,TN,core_symbol_text contains dt_FB_ without toolchain gate,"Lexical transfer probe only; not runtime semantics, function-boundary correctness, or vulnerability detection.",DERIVED_EVIDENCE
openplcV3_SHR_4E,SHR_4E,OpenPLCv3,fold_0,c8e16f1609bbec46eceb50fa0d0841be5d8562e0843de296a4044afaeae17e2a,f9e370672411bf65b2bd385ab187f4271f8f4278d99430c938091b7497ce7f3a,True,OUT_OF_SCOPE,False,FN,core_symbol_text contains dt_FB_ without toolchain gate,"Lexical transfer probe only; not runtime semantics, function-boundary correctness, or vulnerability detection.",DERIVED_EVIDENCE
openplcV3_SHR_4UDE,SHR_4UDE,OpenPLCv3,fold_1,676cf1f8907a6fb3e94149cfe218d42f3be073947f8393ce837076e8b91a1fbf,0946d65d9b735b91504bbc7e6e435656aa37a72396eeaa243000c220a635c22c,True,OUT_OF_SCOPE,False,FN,core_symbol_text contains dt_FB_ without toolchain gate,"Lexical transfer probe only; not runtime semantics, function-boundary correctness, or vulnerability detection.",DERIVED_EVIDENCE
openplcV3_SHR_8PLE,SHR_8PLE,OpenPLCv3,fold_2,18ad85955fef253c208c13b6f1f86cebc79d4fb6c20f5c427046ef0272c80d89,9ae375ca9857b50a4c60bacaa58d61d3babf90bfaaa18bca542edc82549f4637,True,OUT_OF_SCOPE,False,FN,core_symbol_text contains dt_FB_ without toolchain gate,"Lexical transfer probe only; not runtime semantics, function-boundary correctness, or vulnerability detection.",DERIVED_EVIDENCE
openplcV3_SHR_8UDE,SHR_8UDE,OpenPLCv3,fold_3,3d2f9ac2196517c7befff6158bac2a1abebfb011e666068c8ce21f32482e1928,f379311d95e0777c454f866db7ccc4839e05c11d9a36707ff1d81ac51a9cabbe,True,OUT_OF_SCOPE,False,FN,core_symbol_text contains dt_FB_ without toolchain gate,"Lexical transfer probe only; not runtime semantics, function-boundary correctness, or vulnerability detection.",DERIVED_EVIDENCE
openplcV3_SH_1,SH_1,OpenPLCv3,fold_4,a2f80ba7e2b6b213d93a157f52956b404edb0edce9ccd6088f0150a0d399f2f5,cbf0e8a1fe16b77dedd9e4ad6a52f9558def06674161265e70f8246f9d2e1fb1,True,OUT_OF_SCOPE,False,FN,core_symbol_text contains dt_FB_ without toolchain gate,"Lexical transfer probe only; not runtime semantics, function-boundary correctness, or vulnerability detection.",DERIVED_EVIDENCE
openplcV3_SH_2,SH_2,OpenPLCv3,fold_5,24b6eddaf2cf85d189fda3fe6fdf6d7b44e96cd54c243b994236406066055a0d,47104c85a4e1cd50752a8e93b6eade0e0b704df5c3540572c29bec10b8f00afe,True,OUT_OF_SCOPE,False,FN,core_symbol_text contains dt_FB_ without toolchain gate,"Lexical transfer probe only; not runtime semantics, function-boundary correctness, or vulnerability detection.",DERIVED_EVIDENCE
openplcV3_SH_T,SH_T,OpenPLCv3,fold_6,869d57dedec0d56934553c64aac07eba96c2e632b4e3b3468e7f57b5ff6392b9,a29e1d9dc9a343d68c4d9c8b5ec0cfc1faf24133b2de40903f9461a721e39087,True,OUT_OF_SCOPE,False,FN,core_symbol_text contains dt_FB_ without toolchain gate,"Lexical transfer probe only; not runtime semantics, function-boundary correctness, or vulnerability detection.",DERIVED_EVIDENCE
openplcV3_SIGMOID,SIGMOID,OpenPLCv3,fold_6,4afae1e0a1ee18fb80546802ec6158f1aecdc329120bdc488c3075fa17458167,0bc476fbeebced90febbfd8bc95b94124095f57ef717b19cd54283f703c64672,False,OUT_OF_SCOPE,False,TN,core_symbol_text contains dt_FB_ without toolchain gate,"Lexical transfer probe only; not runtime semantics, function-boundary correctness, or vulnerability detection.",DERIVED_EVIDENCE
openplcV3_SIGNAL,SIGNAL,OpenPLCv3,fold_5,856d291c5e42ac697c7cb027ffad82f025f84fe412452c7cf9db1e0ade0d3492,f70189827410dc4caee68088a0832ac7a8e601cc6c9c15dd34f27e920dc527ad,True,OUT_OF_SCOPE,False,FN,core_symbol_text contains dt_FB_ without toolchain gate,"Lexical transfer probe only; not runtime semantics, function-boundary correctness, or vulnerability detection.",DERIVED_EVIDENCE
openplcV3_SIGNAL_4,SIGNAL_4,OpenPLCv3,fold_6,3582f635fa43ed090af0bd1fa60646f09b7af9127cd6e0d19967b0253fedf230,745f293b3092cce3cca7ec1fe434a488d0bd1977ec8ee4c4a7fd41f032664c26,True,OUT_OF_SCOPE,False,FN,core_symbol_text contains dt_FB_ without toolchain gate,"Lexical transfer probe only; not runtime semantics, function-boundary correctness, or vulnerability detection.",DERIVED_EVIDENCE
openplcV3_SIGN_I,SIGN_I,OpenPLCv3,fold_7,388ba426d6de57d280f1cd2ed5e3d4399145a1b4fff677795c29166b3f104af8,0a474f9cd9ad2f5acd7c945a2a077544a17ee624187385eb7cf763f8584f610e,False,OUT_OF_SCOPE,False,TN,core_symbol_text contains dt_FB_ without toolchain gate,"Lexical transfer probe only; not runtime semantics, function-boundary correctness, or vulnerability detection.",DERIVED_EVIDENCE
openplcV3_SIGN_R,SIGN_R,OpenPLCv3,fold_8,9b0b881738fcef51f6d0af3ec0757c8816db01a6eff0ab7ba1ec641dcd26fd6b,842fbafde0e5cc4b980553514e37e6e2e272257992ecd9b0e8a0be3f902ef87e,False,OUT_OF_SCOPE,False,TN,core_symbol_text contains dt_FB_ without toolchain gate,"Lexical transfer probe only; not runtime semantics, function-boundary correctness, or vulnerability detection.",DERIVED_EVIDENCE
openplcV3_SINC,SINC,OpenPLCv3,fold_9,5ff28a82406e8920203569b71b39b5e7e5d2a34aeb018899460cb8b1ca784c40,8ae9d015511395c2a1f5242388899fb208e9e6d91b984c63707c9956b433f5d8,False,OUT_OF_SCOPE,False,TN,core_symbol_text contains dt_FB_ without toolchain gate,"Lexical transfer probe only; not runtime semantics, function-boundary correctness, or vulnerability detection.",DERIVED_EVIDENCE
openplcV3_SINH,SINH,OpenPLCv3,fold_0,0b8c1b53903801a49e511e2150b50d2a7258e602c77e9926aba591784785e68c,f18f28c296571bf766fe3291eabfc354ae81c0589a117c2b71b794c6d291ed7e,False,OUT_OF_SCOPE,False,TN,core_symbol_text contains dt_FB_ without toolchain gate,"Lexical transfer probe only; not runtime semantics, function-boundary correctness, or vulnerability detection.",DERIVED_EVIDENCE
openplcV3_SNTP_CLIENT,SNTP_CLIENT,OpenPLCv3,fold_7,acd1430957bb5ad4fa2c2fd62c00b66034d902d3ada109b9e1b424b0a9ba52e7,de44216a995b7a4b5b7e9e544edced1393ef67b72f6dda319b99afa3af3b0a8b,True,OUT_OF_SCOPE,False,FN,core_symbol_text contains dt_FB_ without toolchain gate,"Lexical transfer probe only; not runtime semantics, function-boundary correctness, or vulnerability detection.",DERIVED_EVIDENCE
openplcV3_SPEED,SPEED,OpenPLCv3,fold_8,cd5323d22cf240a9e21210099d8623a49fab08c5da1f9fba70a802c58137590d,6a8ab7af1f9eede2071fc1677bca6e415c358a0feb5c85b600a4fec5244d52a3,True,OUT_OF_SCOPE,False,FN,core_symbol_text contains dt_FB_ without toolchain gate,"Lexical transfer probe only; not runtime semantics, function-boundary correctness, or vulnerability detection.",DERIVED_EVIDENCE
openplcV3_SPHERE_V,SPHERE_V,OpenPLCv3,fold_6,ec4dfca5fc51e84dfd69861305cc4d6e93f43c05403af8f3a6fde32e7f4993ad,4b81a6f77d538e474d51422d196217f40cabe0d252a562bb45cdf53b3093acc3,False,OUT_OF_SCOPE,False,TN,core_symbol_text contains dt_FB_ without toolchain gate,"Lexical transfer probe only; not runtime semantics, function-boundary correctness, or vulnerability detection.",DERIVED_EVIDENCE
openplcV3_SQRTN,SQRTN,OpenPLCv3,fold_1,a2f1c09d0be07f8a074bc53edd95bbc9facfcf92429d64bde217c26ed3114a82,1401d0197cee0ad96617813c374ecf88b0c841e614e34f4180e3b563e69a1489,False,OUT_OF_SCOPE,False,TN,core_symbol_text contains dt_FB_ without toolchain gate,"Lexical transfer probe only; not runtime semantics, function-boundary correctness, or vulnerability detection.",DERIVED_EVIDENCE
openplcV3_SRAMP,SRAMP,OpenPLCv3,fold_7,ab4413899e88ee901eeb49eabd18e36da6156b8a0129e93ff7a79548c3cafcf9,ef6ab24101fe0d31faef4e57c1562622b7f049811db25bb9d194fd72f237c626,True,OUT_OF_SCOPE,False,FN,core_symbol_text contains dt_FB_ without toolchain gate,"Lexical transfer probe only; not runtime semantics, function-boundary correctness, or vulnerability detection.",DERIVED_EVIDENCE
openplcV3_STACK_16,STACK_16,OpenPLCv3,fold_4,b525c3ee9318be4c5c8f564bcf4957b9e153578cc5346359be6bc338e096027f,cb2fc4a281ed54ba53a80820cb5f251ed8f4a1b445b2d6cef39b70e7aea38b34,True,OUT_OF_SCOPE,False,FN,core_symbol_text contains dt_FB_ without toolchain gate,"Lexical transfer probe only; not runtime semantics, function-boundary correctness, or vulnerability detection.",DERIVED_EVIDENCE
openplcV3_STACK_32,STACK_32,OpenPLCv3,fold_5,ed8b208e6dde1c8032512822cd740d1263683dc95ea531e70e291144065fc99d,4086f560363b3fd1207c34c5000e0d391e40801e2abed0efe899ad4b17fcfe75,True,OUT_OF_SCOPE,False,FN,core_symbol_text contains dt_FB_ without toolchain gate,"Lexical transfer probe only; not runtime semantics, function-boundary correctness, or vulnerability detection.",DERIVED_EVIDENCE
openplcV3_STAIR,STAIR,OpenPLCv3,fold_7,e9a8e90c990fd3105a5dde818f655cd6653ec6a943e1ba6e55af409ab4113701,4c5b0637eb88ebb8bc75600dd928a340409246bba17f587f037829673b8fce43,False,OUT_OF_SCOPE,False,TN,core_symbol_text contains dt_FB_ without toolchain gate,"Lexical transfer probe only; not runtime semantics, function-boundary correctness, or vulnerability detection.",DERIVED_EVIDENCE
openplcV3_STAIR2,STAIR2,OpenPLCv3,fold_8,69f557ca0537a39a31add26cca1b1f330ff3ef2194e8033801504724e8d27231,49f4df8a960013f79fbead2427b012efa8aea7250c351e19b58897994eaddfae,True,OUT_OF_SCOPE,False,FN,core_symbol_text contains dt_FB_ without toolchain gate,"Lexical transfer probe only; not runtime semantics, function-boundary correctness, or vulnerability detection.",DERIVED_EVIDENCE
openplcV3_STATUS_TO_ESR,STATUS_TO_ESR,OpenPLCv3,fold_7,c55952fb104909dc8c6af065e16148cebf829caf2f29cf9051890d5d48085aa2,766a4ff07937e9b91d8a72024445ceed58fb7a6e7f8c76da8e0026dd4d94dde2,True,OUT_OF_SCOPE,False,FN,core_symbol_text contains dt_FB_ without toolchain gate,"Lexical transfer probe only; not runtime semantics, function-boundary correctness, or vulnerability detection.",DERIVED_EVIDENCE
openplcV3_STORE_8,STORE_8,OpenPLCv3,fold_4,2a50acccfcfab915a67c650fe3763da217a981c5eaa85bd354ec448a9b2db0b6,1820f19eb4de8662f29f99d6818ddfa67300776e3f0d8f182ba46b6dbf35cfa9,True,OUT_OF_SCOPE,False,FN,core_symbol_text contains dt_FB_ without toolchain gate,"Lexical transfer probe only; not runtime semantics, function-boundary correctness, or vulnerability detection.",DERIVED_EVIDENCE
openplcV3_STRING_TO_TOD,STRING_TO_TOD,OpenPLCv3,fold_3,598eb23f8efe095d1c4066126151c06f9a4b7c912a55bf7a6dc10c17f5e069a4,b80c3f33b54ccee7e10959ccd3231b7ebd69248407063d798b894f70d49a9442,True,OUT_OF_SCOPE,False,FN,core_symbol_text contains dt_FB_ without toolchain gate,"Lexical transfer probe only; not runtime semantics, function-boundary correctness, or vulnerability detection.",DERIVED_EVIDENCE
openplcV3_STRING_TO_URL,STRING_TO_URL,OpenPLCv3,fold_8,c28fa202d292a2c85c23e249d0e60d500c816aee7c0db7e38c463eafe17d3b7a,109ebb6b966fac914f734da7f9e210ef32ddf75b4194a0b099312f1aa70a8673,True,OUT_OF_SCOPE,False,FN,core_symbol_text contains dt_FB_ without toolchain gate,"Lexical transfer probe only; not runtime semantics, function-boundary correctness, or vulnerability detection.",DERIVED_EVIDENCE
openplcV3_SUN_MIDDAY,SUN_MIDDAY,OpenPLCv3,fold_0,dc020e5f1c3b68e4e826a9550d0fe56ec4e1285a4ac80c92669b985da9fdbf83,bd2f72716657fc21b58e2c72f370cc12cef221593c0a17bba67670b875bc003c,False,OUT_OF_SCOPE,False,TN,core_symbol_text contains dt_FB_ without toolchain gate,"Lexical transfer probe only; not runtime semantics, function-boundary correctness, or vulnerability detection.",DERIVED_EVIDENCE
openplcV3_SUN_POS,SUN_POS,OpenPLCv3,fold_1,10d6a9ba47a1b46d5347ce4ca1eecec1fc942e70e895cafd7f6000cfe72588cc,0effd02e6e81db82554160ae252ac97cb03a0de9233486f8c3ec6d8ee535bba7,True,OUT_OF_SCOPE,False,FN,core_symbol_text contains dt_FB_ without toolchain gate,"Lexical transfer probe only; not runtime semantics, function-boundary correctness, or vulnerability detection.",DERIVED_EVIDENCE
openplcV3_SUN_TIME,SUN_TIME,OpenPLCv3,fold_2,91aacb942bbae31a962688ab9bdc173cd1406447d8939f6b9b15b2b1a05e1608,0a8ee883f3bddbf58517210c9c7722a1ce72eb88a76a7328b56e2e46beafdcc7,True,OUT_OF_SCOPE,False,FN,core_symbol_text contains dt_FB_ without toolchain gate,"Lexical transfer probe only; not runtime semantics, function-boundary correctness, or vulnerability detection.",DERIVED_EVIDENCE
openplcV3_SWAP_BYTE,SWAP_BYTE,OpenPLCv3,fold_4,81300dcca3aa989f227a6f13ac0ff93977a3447b02f58330f0b8c0b2064d2fdf,2332975d66bb55325cd77c8a971b2377d2a57fdc352c14bbf1c9aeb4d1cc5a97,False,OUT_OF_SCOPE,False,TN,core_symbol_text contains dt_FB_ without toolchain gate,"Lexical transfer probe only; not runtime semantics, function-boundary correctness, or vulnerability detection.",DERIVED_EVIDENCE
openplcV3_SWAP_BYTE2,SWAP_BYTE2,OpenPLCv3,fold_5,0fa766d67abee8dd82568a4dcd39f505cb34e69bc12d426eeb214500cd8c7c6e,c9b5d594d64d87f1d7aa0beb4180fa2238e468b4773bc3a9d396762414474dd4,False,OUT_OF_SCOPE,False,TN,core_symbol_text contains dt_FB_ without toolchain gate,"Lexical transfer probe only; not runtime semantics, function-boundary correctness, or vulnerability detection.",DERIVED_EVIDENCE
openplcV3_SWITCH_I,SWITCH_I,OpenPLCv3,fold_9,d21f711f430d6ad8895f787eb58261d05fdd018b10206ad6a4b0a05225bb37f2,3a49ceb6a0d670032355116409a4097d234ef2c027ac29f28c14c557eef3fcf9,True,OUT_OF_SCOPE,False,FN,core_symbol_text contains dt_FB_ without toolchain gate,"Lexical transfer probe only; not runtime semantics, function-boundary correctness, or vulnerability detection.",DERIVED_EVIDENCE
openplcV3_SWITCH_X,SWITCH_X,OpenPLCv3,fold_0,2a17d0e9b221fe796b89cf4a66cc51e812443a58bdad8451df7a8cef2f58221f,12265f9ebd2b0db3f89ac71526b0ad184fe7ac519f21afa9c1b7df71b701a2c4,True,OUT_OF_SCOPE,False,FN,core_symbol_text contains dt_FB_ without toolchain gate,"Lexical transfer probe only; not runtime semantics, function-boundary correctness, or vulnerability detection.",DERIVED_EVIDENCE
openplcV3_SW_RECONFIG,SW_RECONFIG,OpenPLCv3,fold_8,505d46b5270033ab0f1ad99b85556c8fc5bc4a889bdcbf5b71233989ab26d3dc,0fd6695ab5dd70f440c3ed3a2722554eaf45d6adc9ef1543519d30c7adae096c,True,OUT_OF_SCOPE,False,FN,core_symbol_text contains dt_FB_ without toolchain gate,"Lexical transfer probe only; not runtime semantics, function-boundary correctness, or vulnerability detection.",DERIVED_EVIDENCE
openplcV3_TANC,TANC,OpenPLCv3,fold_2,635e56e0aac4e2d9d1906ddb5c6d97becc8de4cafda9f65429d1f8af84d6be91,ffb8bb8f1f729150476eaee6446419c1e5e86ca25d15ee8fbdffe0bf42ea3311,False,OUT_OF_SCOPE,False,TN,core_symbol_text contains dt_FB_ without toolchain gate,"Lexical transfer probe only; not runtime semantics, function-boundary correctness, or vulnerability detection.",DERIVED_EVIDENCE
openplcV3_TANH,TANH,OpenPLCv3,fold_3,af3ca77ad86249364d11b7d9bbc0d135faee9d1b902f113fef4e46df410870d3,d033ae9b00040b4ec4d2cdacab6e836b952943b282f3a9aa91c4ef5e005efc1e,False,OUT_OF_SCOPE,False,TN,core_symbol_text contains dt_FB_ without toolchain gate,"Lexical transfer probe only; not runtime semantics, function-boundary correctness, or vulnerability detection.",DERIVED_EVIDENCE
openplcV3_TANK_LEVEL,TANK_LEVEL,OpenPLCv3,fold_1,ac0867644b80ba6f6ec71bca12195e16936f76e7be9a81f7ff1b5133b33d92f5,e7302a16bc2137576c502de5b855ee9e5584e59ca221fc3cc50230c7930ad54f,True,OUT_OF_SCOPE,False,FN,core_symbol_text contains dt_FB_ without toolchain gate,"Lexical transfer probe only; not runtime semantics, function-boundary correctness, or vulnerability detection.",DERIVED_EVIDENCE
openplcV3_TANK_VOL1,TANK_VOL1,OpenPLCv3,fold_2,911e019a54508ba772381cf68b44bc55ec34063a73445490491b9bd12e72dd3d,9333ce7314fba2868763c4ca8429049ac0bdeb8d58d68382b5de13926f5ed737,False,OUT_OF_SCOPE,False,TN,core_symbol_text contains dt_FB_ without toolchain gate,"Lexical transfer probe only; not runtime semantics, function-boundary correctness, or vulnerability detection.",DERIVED_EVIDENCE
openplcV3_TANK_VOL2,TANK_VOL2,OpenPLCv3,fold_3,14cae2c4ba144e1900f183c98205cb9e3e51ad05b070e7149018881a5ea92d7a,10d4b50d66a86dd05b0e51e42f67b9e1cfbaccb28add4e6fbc78e45cb738fc5a,False,OUT_OF_SCOPE,False,TN,core_symbol_text contains dt_FB_ without toolchain gate,"Lexical transfer probe only; not runtime semantics, function-boundary correctness, or vulnerability detection.",DERIVED_EVIDENCE
openplcV3_TC_MS,TC_MS,OpenPLCv3,fold_6,3587cfd58900f9d01775afbc05ace5e6f0b0aacacd762cd27399ca999dde77db,ad349351e1ee0a8a2dafe781834ba629322ebb412d91aef0617e4080dca1b812,True,OUT_OF_SCOPE,False,FN,core_symbol_text contains dt_FB_ without toolchain gate,"Lexical transfer probe only; not runtime semantics, function-boundary correctness, or vulnerability detection.",DERIVED_EVIDENCE
openplcV3_TC_S,TC_S,OpenPLCv3,fold_7,55570e3e7109a7d29aafcc3a916818e390d8ac1ebca846243b3a191373fa759f,2f54ea77b5a09b2f153baef950d5f4a87a6319dd8b79342647f3c03f58f12df7,True,OUT_OF_SCOPE,False,FN,core_symbol_text contains dt_FB_ without toolchain gate,"Lexical transfer probe only; not runtime semantics, function-boundary correctness, or vulnerability detection.",DERIVED_EVIDENCE
openplcV3_TC_US,TC_US,OpenPLCv3,fold_8,bb3d523c68cab9f4be1c01a1396ac6119076fb0798adcd284456a67560afacf1,4ba5fddffe15141d3b484e6061b53e3a920e05a95cf8839e11f0a6c156a97c8a,True,OUT_OF_SCOPE,False,FN,core_symbol_text contains dt_FB_ without toolchain gate,"Lexical transfer probe only; not runtime semantics, function-boundary correctness, or vulnerability detection.",DERIVED_EVIDENCE
openplcV3_TEMPERATURE,TEMPERATURE,OpenPLCv3,fold_9,5b622440622c5751b4cbc59da9d6cc369c94fff4c6d65a9fe079b818a913e873,b98bed93d1bfb9605ccdf0d5b3e5f6980bf800b8e80acf869a263b14b0e6cf16,True,OUT_OF_SCOPE,False,FN,core_symbol_text contains dt_FB_ without toolchain gate,"Lexical transfer probe only; not runtime semantics, function-boundary correctness, or vulnerability detection.",DERIVED_EVIDENCE
openplcV3_TEMP_EXT,TEMP_EXT,OpenPLCv3,fold_4,b968c086ad7d00a7190a2d503faff8750670820366a8c6df121d775fb0463332,2273138624dccbea6849b0dbd5c1b1633ba7950d2e43e985284357150602c03a,True,OUT_OF_SCOPE,False,FN,core_symbol_text contains dt_FB_ without toolchain gate,"Lexical transfer probe only; not runtime semantics, function-boundary correctness, or vulnerability detection.",DERIVED_EVIDENCE
openplcV3_TEMP_NI,TEMP_NI,OpenPLCv3,fold_6,aadc2e439de384b7ae48679ee1c7da10916642a4ecb63addfade8509712e61da,2b92819bfee806dcfff6644c7a58f8467c6a3c66e7e19f8714fa96538295885e,False,OUT_OF_SCOPE,False,TN,core_symbol_text contains dt_FB_ without toolchain gate,"Lexical transfer probe only; not runtime semantics, function-boundary correctness, or vulnerability detection.",DERIVED_EVIDENCE
openplcV3_TEMP_NTC,TEMP_NTC,OpenPLCv3,fold_7,666698d2cff0c1b92256f5ad540b81668ae65cbfece873a3c356376d96c3e5ec,d7f73e5005059e0c5639206253a1bfb0302007ee29ecbc7b6f70e80381f980dc,False,OUT_OF_SCOPE,False,TN,core_symbol_text contains dt_FB_ without toolchain gate,"Lexical transfer probe only; not runtime semantics, function-boundary correctness, or vulnerability detection.",DERIVED_EVIDENCE
openplcV3_TEMP_PT,TEMP_PT,OpenPLCv3,fold_8,8c9cda20f757cc4727dfe265fe09109c405ef82ad870971535f7031a1a79fe57,0fadc5e563d4b545e157fe691964ea5fa7315d7dd8a2a65baaf4993113980628,False,OUT_OF_SCOPE,False,TN,core_symbol_text contains dt_FB_ without toolchain gate,"Lexical transfer probe only; not runtime semantics, function-boundary correctness, or vulnerability detection.",DERIVED_EVIDENCE
openplcV3_TEMP_SI,TEMP_SI,OpenPLCv3,fold_9,2976061624112e5588099f761be8d0657c680674f75a6488c8df7291d13afa2b,969e5023f4c2cc160bccfb8c119955b04c2bcf546e74d1c164fe2209032bc43e,False,OUT_OF_SCOPE,False,TN,core_symbol_text contains dt_FB_ without toolchain gate,"Lexical transfer probe only; not runtime semantics, function-boundary correctness, or vulnerability detection.",DERIVED_EVIDENCE
openplcV3_TICKER,TICKER,OpenPLCv3,fold_4,45df0a1bc8f2499d5f358f49fa24a4574a4d680364ae39be795a0b370062ba29,e72a60713f7be7e8134f1aaf039a83b421119553447e6a11f64d76fe1618e37a,True,OUT_OF_SCOPE,False,FN,core_symbol_text contains dt_FB_ without toolchain gate,"Lexical transfer probe only; not runtime semantics, function-boundary correctness, or vulnerability detection.",DERIVED_EVIDENCE
openplcV3_TIMECHECK,TIMECHECK,OpenPLCv3,fold_8,d09d459e7eb1703fdf2ee2b86b090987b3bf1e22d8339bdf96afbc4aeb1997f7,0f3b0a012f5b5e7d0bec992f48f89afa626b5efa2c3ebed518e4696b576f499f,False,OUT_OF_SCOPE,False,TN,core_symbol_text contains dt_FB_ without toolchain gate,"Lexical transfer probe only; not runtime semantics, function-boundary correctness, or vulnerability detection.",DERIVED_EVIDENCE
openplcV3_TIMER_1,TIMER_1,OpenPLCv3,fold_1,56888a4c66eed3c5f8015f34d4f77dcc78e1451d8ccc226fe4daeed3a820e20c,261685f8e59e5103e79d9de2904488141c17d9db8f3bf58b14899b28aecc16eb,True,OUT_OF_SCOPE,False,FN,core_symbol_text contains dt_FB_ without toolchain gate,"Lexical transfer probe only; not runtime semantics, function-boundary correctness, or vulnerability detection.",DERIVED_EVIDENCE
openplcV3_TIMER_2,TIMER_2,OpenPLCv3,fold_2,f31648acbc137334b62f7305d48bea5952988dfab2f228c4972af76ddf3fa297,ddee381f8c16ab7f0c350befb93aa074705ebcaa4b0dd248913fa05e2ee3d8f3,True,OUT_OF_SCOPE,False,FN,core_symbol_text contains dt_FB_ without toolchain gate,"Lexical transfer probe only; not runtime semantics, function-boundary correctness, or vulnerability detection.",DERIVED_EVIDENCE
openplcV3_TIMER_EXT,TIMER_EXT,OpenPLCv3,fold_3,9ec417892166e24d57f1c8058eeabb3e773e38febd38b06251d6325e996cbd9b,b756e3c509d115ecdfe37c7243d212f80d75c48c51f5dbc501136628d4a625e5,True,OUT_OF_SCOPE,False,FN,core_symbol_text contains dt_FB_ without toolchain gate,"Lexical transfer probe only; not runtime semantics, function-boundary correctness, or vulnerability detection.",DERIVED_EVIDENCE
openplcV3_TIMER_P4,TIMER_P4,OpenPLCv3,fold_4,b3ae539d1c3ddee495e9789f87084d437b0b02afc3f6a63f31c3cbba4c7cdd87,c7456e0a529036eb12ad42fddfaafa4631511f6500a8ae378db0122dcbd0169c,True,OUT_OF_SCOPE,False,FN,core_symbol_text contains dt_FB_ without toolchain gate,"Lexical transfer probe only; not runtime semantics, function-boundary correctness, or vulnerability detection.",DERIVED_EVIDENCE
openplcV3_TIME_TO_DWORD,TIME_TO_DWORD,OpenPLCv3,fold_3,7841a0df5286197dc7ebdb91a50e459e985a04e7be31b7fc64a695da54d553a1,db9ccfb10573b1420b4577e1a28ed36131791ce9433cdb110075653f3ad84fa0,False,OUT_OF_SCOPE,False,TN,core_symbol_text contains dt_FB_ without toolchain gate,"Lexical transfer probe only; not runtime semantics, function-boundary correctness, or vulnerability detection.",DERIVED_EVIDENCE
openplcV3_TIME_TO_INT,TIME_TO_INT,OpenPLCv3,fold_4,a1dda62923cc097bd6a4590eee4a7129714b5b54351acc96685ea2190a463de2,cfa840eb644c67a8748a42e11b568c63346e4edef742f1ff69b414345df7e852,False,OUT_OF_SCOPE,False,TN,core_symbol_text contains dt_FB_ without toolchain gate,"Lexical transfer probe only; not runtime semantics, function-boundary correctness, or vulnerability detection.",DERIVED_EVIDENCE
openplcV3_TIME_TO_REAL,TIME_TO_REAL,OpenPLCv3,fold_5,aa8b80842f8bb6e7218d5d4b2fb10b45a6c697ec4e1249f01c8fd1a14b790115,3f176a0dd0b22cc8a96e5e4a6cea9299828f139377dbfb88e3bbc663ca79baa3,False,OUT_OF_SCOPE,False,TN,core_symbol_text contains dt_FB_ without toolchain gate,"Lexical transfer probe only; not runtime semantics, function-boundary correctness, or vulnerability detection.",DERIVED_EVIDENCE
openplcV3_TIME_TO_TOD,TIME_TO_TOD,OpenPLCv3,fold_6,04b8d48fad8e12226da4d08576e4136382fbddec41bbb7bdc5319570db15b3f6,a4d697bfc1f732a1a1cf8f2f2d33a74548da4f7260cffc8e8bb0964bf1485759,False,OUT_OF_SCOPE,False,TN,core_symbol_text contains dt_FB_ without toolchain gate,"Lexical transfer probe only; not runtime semantics, function-boundary correctness, or vulnerability detection.",DERIVED_EVIDENCE
openplcV3_TIME_TO_UDINT,TIME_TO_UDINT,OpenPLCv3,fold_7,7c16f4fc2ac0a9f1d08f5d7a1c69e5429da89b5ad671e5b96e4a05e2f42b75dd,5de66631489ee0a56d58d96357e874219e76b98ae5003cd8c4dd023813ecd6dd,False,OUT_OF_SCOPE,False,TN,core_symbol_text contains dt_FB_ without toolchain gate,"Lexical transfer probe only; not runtime semantics, function-boundary correctness, or vulnerability detection.",DERIVED_EVIDENCE
openplcV3_TMAX,TMAX,OpenPLCv3,fold_7,b81111f60882ab50018602dd414f15c0c89cb314d11b155dc4741cfb801c49d7,cf8a25d1f7d39e1d7432467a16c358d2adf377704350263ed35495c5bfeb2473,True,OUT_OF_SCOPE,False,FN,core_symbol_text contains dt_FB_ without toolchain gate,"Lexical transfer probe only; not runtime semantics, function-boundary correctness, or vulnerability detection.",DERIVED_EVIDENCE
openplcV3_TMIN,TMIN,OpenPLCv3,fold_8,6f44cb5a542b5894a076ed3bc974aa7c5ce29a99195c9db5712186dd8af7b8df,9337073c90c29afe85290a1650e9ef48b8a07a92f6c41f84a2940ebc8ae3d033,True,OUT_OF_SCOPE,False,FN,core_symbol_text contains dt_FB_ without toolchain gate,"Lexical transfer probe only; not runtime semantics, function-boundary correctness, or vulnerability detection.",DERIVED_EVIDENCE
openplcV3_TN_RECEIVE,TN_RECEIVE,OpenPLCv3,fold_5,854269e46d4c2ee18bc6b73b1f9ed958a4988b62f55cb119272ea7afab6c3ff7,2734fa94e2e193d034e12aec735afc385b7e4c6faf6fe2729fe757b638ae471f,True,OUT_OF_SCOPE,False,FN,core_symbol_text contains dt_FB_ without toolchain gate,"Lexical transfer probe only; not runtime semantics, function-boundary correctness, or vulnerability detection.",DERIVED_EVIDENCE
openplcV3_TN_SC_ADD_SHADOW,TN_SC_ADD_SHADOW,OpenPLCv3,fold_6,e88b0bd6caf22c0b3119d3279cc859ac06ec083ac98938d464ea1b17b4ce7c3a,0cfbbc2c1ad7fbbcf5a37e0e3e30608537f9e70b40ded63c866c342bb6d6eb33,True,OUT_OF_SCOPE,False,FN,core_symbol_text contains dt_FB_ without toolchain gate,"Lexical transfer probe only; not runtime semantics, function-boundary correctness, or vulnerability detection.",DERIVED_EVIDENCE
openplcV3_TN_SC_AREA_RESTORE,TN_SC_AREA_RESTORE,OpenPLCv3,fold_7,2744cde78d4a3c62f6d45c3630a62e9f3fd15e8518aa56d3961b2023c6e49a04,d43fc9395a59f2ce97d6369e0413d69258baa2b813e0346a53c60466a8d6ae96,True,OUT_OF_SCOPE,False,FN,core_symbol_text contains dt_FB_ without toolchain gate,"Lexical transfer probe only; not runtime semantics, function-boundary correctness, or vulnerability detection.",DERIVED_EVIDENCE
openplcV3_TN_SC_AREA_SAVE,TN_SC_AREA_SAVE,OpenPLCv3,fold_8,f3757168485b4319e490fca53c25ea3d60aa3c3fbece6fc2b8bea193befd9ae4,e1c75e70ad0cbb3ca12bab3877ae94468998abb3cb77bc012537f367d626c033,True,OUT_OF_SCOPE,False,FN,core_symbol_text contains dt_FB_ without toolchain gate,"Lexical transfer probe only; not runtime semantics, function-boundary correctness, or vulnerability detection.",DERIVED_EVIDENCE
openplcV3_TN_SC_BOX,TN_SC_BOX,OpenPLCv3,fold_9,15c0753a1dff0b2af72b3aff9de331b5e7a6bdc99da4f50968273e68238f4a6c,7dabf55609a757d2d963f16650ceb98a3fccb0cc0e857802756779b43f3a22e0,True,OUT_OF_SCOPE,False,FN,core_symbol_text contains dt_FB_ without toolchain gate,"Lexical transfer probe only; not runtime semantics, function-boundary correctness, or vulnerability detection.",DERIVED_EVIDENCE
openplcV3_TN_SC_FILL,TN_SC_FILL,OpenPLCv3,fold_0,c44961c32690dc92fdad058c19d19c7cb2ec7cae4503f6c231619d5809bdabde,cf5e62d8df0bcd6853b4c8a4c14d73a47a9910fa4c8144a2423a534802b76c50,True,OUT_OF_SCOPE,False,FN,core_symbol_text contains dt_FB_ without toolchain gate,"Lexical transfer probe only; not runtime semantics, function-boundary correctness, or vulnerability detection.",DERIVED_EVIDENCE
openplcV3_TN_SC_LINE,TN_SC_LINE,OpenPLCv3,fold_1,d208cee0d63c39c96162d02399fec958efdef6051ec54877cac6bf70543691fe,73ae6b1ac8f605799850bda01fda869a633548f9e0841320b51dd0af79973af1,True,OUT_OF_SCOPE,False,FN,core_symbol_text contains dt_FB_ without toolchain gate,"Lexical transfer probe only; not runtime semantics, function-boundary correctness, or vulnerability detection.",DERIVED_EVIDENCE
openplcV3_TN_SC_READ_ATTR,TN_SC_READ_ATTR,OpenPLCv3,fold_2,115fa0e90d71f7b8e1616ec8d1e1b9ec7473434345d636a4d3df608bfa2c609e,b3eafc7ad99860095e5e0e013befd9c52606ccd8cd62234d0a304e9907161121,True,OUT_OF_SCOPE,False,FN,core_symbol_text contains dt_FB_ without toolchain gate,"Lexical transfer probe only; not runtime semantics, function-boundary correctness, or vulnerability detection.",DERIVED_EVIDENCE
openplcV3_TN_SC_READ_CHAR,TN_SC_READ_CHAR,OpenPLCv3,fold_3,652e2fb1f7509b83111881137f9c176c60ae37dcd33910b15b2f31c74f5c5b83,30ba1e7dbb43058ef6d6ae1e108db3d3f4c1873361087b0879b7e1ff031b46fd,True,OUT_OF_SCOPE,False,FN,core_symbol_text contains dt_FB_ without toolchain gate,"Lexical transfer probe only; not runtime semantics, function-boundary correctness, or vulnerability detection.",DERIVED_EVIDENCE
openplcV3_TN_SC_SHADOW_ATTR,TN_SC_SHADOW_ATTR,OpenPLCv3,fold_4,2897ac46fca0988c2f3a94d477b9b6b1a41a8ac137a69607a6da5cf2f212e026,1092cfd230e5f3fea3515b7d1f9014c6f65a5ddc580777ba6f98dfe79d458069,False,OUT_OF_SCOPE,False,TN,core_symbol_text contains dt_FB_ without toolchain gate,"Lexical transfer probe only; not runtime semantics, function-boundary correctness, or vulnerability detection.",DERIVED_EVIDENCE
openplcV3_TN_SC_WRITE_ATTR,TN_SC_WRITE_ATTR,OpenPLCv3,fold_5,da635868ba90de0662789d39bd165b46958e6bea3e185f36f35419963b871963,54f0e7a020eed446c1d5e2197c13261ae90497ebbbe47af31a75987103d5a20c,True,OUT_OF_SCOPE,False,FN,core_symbol_text contains dt_FB_ without toolchain gate,"Lexical transfer probe only; not runtime semantics, function-boundary correctness, or vulnerability detection.",DERIVED_EVIDENCE
openplcV3_TN_SC_WRITE_CHAR,TN_SC_WRITE_CHAR,OpenPLCv3,fold_6,c8c77f24655f8bb28bd29ccb9ccaf49da6fa6c4935a6152be72c40b444f1f409,e6d02d9a47ce4849ff6a7651e0c2044f1c31741f23733066b31ba29764dbb398,True,OUT_OF_SCOPE,False,FN,core_symbol_text contains dt_FB_ without toolchain gate,"Lexical transfer probe only; not runtime semantics, function-boundary correctness, or vulnerability detection.",DERIVED_EVIDENCE
openplcV3_TN_SC_XY2_ERROR,TN_SC_XY2_ERROR,OpenPLCv3,fold_8,87422dfb0b025fc7c8da245e0e4a5906b4f35c0bdbf392acce798a45700a9fe4,79aee456181567a48294d1a5bbcc21c2302f6c9d86797a1286ed8df146e49638,False,OUT_OF_SCOPE,False,TN,core_symbol_text contains dt_FB_ without toolchain gate,"Lexical transfer probe only; not runtime semantics, function-boundary correctness, or vulnerability detection.",DERIVED_EVIDENCE
openplcV3_TN_SC_XY_ERROR,TN_SC_XY_ERROR,OpenPLCv3,fold_7,7fc04ba21b816a767dc5d69ba2f4adf4f08faa6281dd41bcecf904bb822a7357,d7f250edde873f3ea257396402e02ffc91c1d920329addeaab61a8854034f1dc,False,OUT_OF_SCOPE,False,TN,core_symbol_text contains dt_FB_ without toolchain gate,"Lexical transfer probe only; not runtime semantics, function-boundary correctness, or vulnerability detection.",DERIVED_EVIDENCE
openplcV3_TN_SEND_ROWS,TN_SEND_ROWS,OpenPLCv3,fold_9,4cb9878985f8d24ba4c7329fc6b419bfa1d701d22ac10b09fc7d026910aa6e37,f65d7944de18f918a70f2f0bab26daeb38c39ded0b30cbf274456738c76a792a,True,OUT_OF_SCOPE,False,FN,core_symbol_text contains dt_FB_ without toolchain gate,"Lexical transfer probe only; not runtime semantics, function-boundary correctness, or vulnerability detection.",DERIVED_EVIDENCE
openplcV3_TOD_TO_REAL,TOD_TO_REAL,OpenPLCv3,fold_6,3a69c613f573b57c70b2285e1ba15d0eaf15181376d43e9c57b12ef516d4dbf8,7f982a2cad7a33ba693a272b464268bebb296984f9df96c2790dbb7db7641cb4,False,OUT_OF_SCOPE,False,TN,core_symbol_text contains dt_FB_ without toolchain gate,"Lexical transfer probe only; not runtime semantics, function-boundary correctness, or vulnerability detection.",DERIVED_EVIDENCE
openplcV3_TOD_TO_STRING,TOD_TO_STRING,OpenPLCv3,fold_8,341601bba76e978866bafb01dfcee01673b94be5e2e0e38c0977de2e1077dd66,4efca22e2261cca9fd59695da8232dd1dbf5ee107dbffc1923c3615c0dc903b3,True,OUT_OF_SCOPE,False,FN,core_symbol_text contains dt_FB_ without toolchain gate,"Lexical transfer probe only; not runtime semantics, function-boundary correctness, or vulnerability detection.",DERIVED_EVIDENCE
openplcV3_TOD_TO_TIME,TOD_TO_TIME,OpenPLCv3,fold_9,4dfc0a288b06f6bcb08a08b47973eab18dd598ca4ffcf6a2951ece679e30ab30,378914d8939f36ee4aa47e7e35ea4b837ddd404366e0a9d5d71a613f68f9773e,False,OUT_OF_SCOPE,False,TN,core_symbol_text contains dt_FB_ without toolchain gate,"Lexical transfer probe only; not runtime semantics, function-boundary correctness, or vulnerability detection.",DERIVED_EVIDENCE
openplcV3_TOF_1,TOF_1,OpenPLCv3,fold_9,29d697b439140d3b162d18a59376f43c05c09347cba313db3e35344e62bfeea0,a2459bb214ae1b516e8c3cc57d4554e51902f7815d20f2b98c94de828e5d4daf,True,OUT_OF_SCOPE,False,FN,core_symbol_text contains dt_FB_ without toolchain gate,"Lexical transfer probe only; not runtime semantics, function-boundary correctness, or vulnerability detection.",DERIVED_EVIDENCE
openplcV3_TOGGLE,TOGGLE,OpenPLCv3,fold_5,4bb95e4c78829694e5297ec23bb073bdb6f1952438f5bc4f429c937b49605ce9,53f1a8e9c702799d49aa1671c119e9437c94e1343481c770b6675b5fb4fb86a1,True,OUT_OF_SCOPE,False,FN,core_symbol_text contains dt_FB_ without toolchain gate,"Lexical transfer probe only; not runtime semantics, function-boundary correctness, or vulnerability detection.",DERIVED_EVIDENCE
openplcV3_TONOF,TONOF,OpenPLCv3,fold_0,dae8590e34e81271606221d9c636f7a2352e897f3bf92a028276467481693388,35d1140a31b1c924d8d7062f22bbcd6442157990b5872321267eed7fcfce6be6,True,OUT_OF_SCOPE,False,FN,core_symbol_text contains dt_FB_ without toolchain gate,"Lexical transfer probe only; not runtime semantics, function-boundary correctness, or vulnerability detection.",DERIVED_EVIDENCE
openplcV3_TO_LOWER,TO_LOWER,OpenPLCv3,fold_5,d85e8721d0086b73799be87fac7797e27bcbd8ff192960e91b09f5326624d30b,54266c1c7316c97923073d482b929c4e1c7e366096df9450df341baefe1c23bf,False,OUT_OF_SCOPE,False,TN,core_symbol_text contains dt_FB_ without toolchain gate,"Lexical transfer probe only; not runtime semantics, function-boundary correctness, or vulnerability detection.",DERIVED_EVIDENCE
openplcV3_TO_UML,TO_UML,OpenPLCv3,fold_6,86faf9ece11d2730ec47a6253735300322165844e2df75fbe26985cc045a84d1,aa23adb40f98c498d6670c2e0b6e76769004fe4a454f69c04d6f7dfe15eb0658,True,OUT_OF_SCOPE,False,FN,core_symbol_text contains dt_FB_ without toolchain gate,"Lexical transfer probe only; not runtime semantics, function-boundary correctness, or vulnerability detection.",DERIVED_EVIDENCE
openplcV3_TO_UPPER,TO_UPPER,OpenPLCv3,fold_7,ce60328d852fe863e076c751802e893849edf07ea163a9c7f84f83ed173025c1,526c7ce6bd612b24e93b9b61fca6dc62f1bd41adddee5bc175433dbd4484bcca,False,OUT_OF_SCOPE,False,TN,core_symbol_text contains dt_FB_ without toolchain gate,"Lexical transfer probe only; not runtime semantics, function-boundary correctness, or vulnerability detection.",DERIVED_EVIDENCE
openplcV3_TP_1,TP_1,OpenPLCv3,fold_1,35cf6812f317be5dd5e7250af79286eb9b452f268b545429355a1ba494e54804,34d21aee82dcefa94bc30b633cd67c09a7ea157f30a7f55dc0012dc3243bd6ba,True,OUT_OF_SCOPE,False,FN,core_symbol_text contains dt_FB_ without toolchain gate,"Lexical transfer probe only; not runtime semantics, function-boundary correctness, or vulnerability detection.",DERIVED_EVIDENCE
openplcV3_TP_1D,TP_1D,OpenPLCv3,fold_2,f0ec8476768dcbc4bfb3ecf4aba756ec404f0ea31e6b9998c5660de05d848e89,d3a7271392c490ad6b97a04cbd024a40462a5de776ea2aa39bfa50b91a0908a4,True,OUT_OF_SCOPE,False,FN,core_symbol_text contains dt_FB_ without toolchain gate,"Lexical transfer probe only; not runtime semantics, function-boundary correctness, or vulnerability detection.",DERIVED_EVIDENCE
openplcV3_TP_X,TP_X,OpenPLCv3,fold_3,0b0a1959a4c8298aab66391fc04d945af65ad3b38bd45c715b6cab37c4f2307e,faafcb82608a6b1afe1441fc9d04224ead7b52894706ff5894e9c0f0c270ca2f,True,OUT_OF_SCOPE,False,FN,core_symbol_text contains dt_FB_ without toolchain gate,"Lexical transfer probe only; not runtime semantics, function-boundary correctness, or vulnerability detection.",DERIVED_EVIDENCE
openplcV3_TREND,TREND,OpenPLCv3,fold_9,418376d262ded023ece12cf834395d091854aa1644657571ca3994ea12bf8560,6320b9994937e6edc7cfbbcd23ffc31a70d653c3a2633f4a7340847219aa0cc6,True,OUT_OF_SCOPE,False,FN,core_symbol_text contains dt_FB_ without toolchain gate,"Lexical transfer probe only; not runtime semantics, function-boundary correctness, or vulnerability detection.",DERIVED_EVIDENCE
openplcV3_TREND_DW,TREND_DW,OpenPLCv3,fold_0,08a3d4c821bbcabf5edf507b9120de9fefbfc57253efd216648316f00a59b77d,79f44eaedf904bee41e66fa7921bcad7df1f1af4dc0deccd29317bc62a75700c,True,OUT_OF_SCOPE,False,FN,core_symbol_text contains dt_FB_ without toolchain gate,"Lexical transfer probe only; not runtime semantics, function-boundary correctness, or vulnerability detection.",DERIVED_EVIDENCE
openplcV3_TRIANGLE_A,TRIANGLE_A,OpenPLCv3,fold_8,098abf56e58a6d0673305fd5284b8e6eb0340c1e9b7733cd96b4706994df8b68,36c0feffcf087e073a9ab854545bed0c3722c9bac5bb7c9e4598fe9354eba614,False,OUT_OF_SCOPE,False,TN,core_symbol_text contains dt_FB_ without toolchain gate,"Lexical transfer probe only; not runtime semantics, function-boundary correctness, or vulnerability detection.",DERIVED_EVIDENCE
openplcV3_TRIM,TRIM,OpenPLCv3,fold_9,95ef2b327ea2dcb2c62cc721e55deedcba84651ca26e2b21823cfc0f54f13bdf,17c091e0f10cb9d357c138205f224835c0d74109ba693194a1f646bdca988261,True,OUT_OF_SCOPE,False,FN,core_symbol_text contains dt_FB_ without toolchain gate,"Lexical transfer probe only; not runtime semantics, function-boundary correctness, or vulnerability detection.",DERIVED_EVIDENCE
openplcV3_TRIM1,TRIM1,OpenPLCv3,fold_0,cb5245030a82fd35d684764df9604631ef6f7e637da944c4dd42e3bfaf82b8cf,de76116bf85d05c2d4b45f51b8920411dff45be3a57a22cb9ba08c02f54fb4c0,True,OUT_OF_SCOPE,False,FN,core_symbol_text contains dt_FB_ without toolchain gate,"Lexical transfer probe only; not runtime semantics, function-boundary correctness, or vulnerability detection.",DERIVED_EVIDENCE
openplcV3_TRUNC_REAL,TRUNC_REAL,OpenPLCv3,fold_4,0b152e19092cd32c73ac9e299b12946cbf14b57fefb28a64bd22f494da249e02,f60231babb1beab403ffa8fbdac66eb500088001b8c05e7a6cea4774d98dab8c,False,OUT_OF_SCOPE,False,TN,core_symbol_text contains dt_FB_ without toolchain gate,"Lexical transfer probe only; not runtime semantics, function-boundary correctness, or vulnerability detection.",DERIVED_EVIDENCE
openplcV3_TRUNC_UDINT,TRUNC_UDINT,OpenPLCv3,fold_5,3a4c4efd45bb8520cc668ce35aaa184f3b21ef0f97d5da59d2d8964eff2a491b,f2202a96e1f6f9f91e2d72637248aaf26ac4723c414853ca061b17777ef49bad,False,OUT_OF_SCOPE,False,TN,core_symbol_text contains dt_FB_ without toolchain gate,"Lexical transfer probe only; not runtime semantics, function-boundary correctness, or vulnerability detection.",DERIVED_EVIDENCE
openplcV3_TUNE,TUNE,OpenPLCv3,fold_8,57ba6b22bada97b981d9bab2b65925f9582063e4f9cf49b465f04717581954c8,b594975974eb145a183d43627cd5d3331f2ab348a1bd134442a1bc87dd31a531,True,OUT_OF_SCOPE,False,FN,core_symbol_text contains dt_FB_ without toolchain gate,"Lexical transfer probe only; not runtime semantics, function-boundary correctness, or vulnerability detection.",DERIVED_EVIDENCE
openplcV3_TUNE2,TUNE2,OpenPLCv3,fold_9,702d9885b192988927d472e72e4530c4af87457bcfd68e0fae435784b450c1a9,9cb67a0cb5e7a68b02c5fcc6bf30e718db445f583917789768f4e7caeb95e6a8,True,OUT_OF_SCOPE,False,FN,core_symbol_text contains dt_FB_ without toolchain gate,"Lexical transfer probe only; not runtime semantics, function-boundary correctness, or vulnerability detection.",DERIVED_EVIDENCE
openplcV3_T_AVG24,T_AVG24,OpenPLCv3,fold_0,0e2d64782cf51c663c4a1e3584836beba248eb7c1d56677f5150e4fb634ba287,4a638d754cc204dbb9c7424975fb3953906ca5dcb7086aa56a6011ac73dd538c,True,OUT_OF_SCOPE,False,FN,core_symbol_text contains dt_FB_ without toolchain gate,"Lexical transfer probe only; not runtime semantics, function-boundary correctness, or vulnerability detection.",DERIVED_EVIDENCE
openplcV3_T_PLC_MS,T_PLC_MS,OpenPLCv3,fold_4,e5a50e7058dd5e26abb87e3dd2ba565e45783fc91ef0a08c15d252c779560c75,04bd160d1e5032d392a9cdc3780df40507220adc6eb3973364d613fdb366f502,True,OUT_OF_SCOPE,False,FN,core_symbol_text contains dt_FB_ without toolchain gate,"Lexical transfer probe only; not runtime semantics, function-boundary correctness, or vulnerability detection.",DERIVED_EVIDENCE
openplcV3_T_PLC_US,T_PLC_US,OpenPLCv3,fold_5,3f6acc1d1489245bb94f6b8b4fbfd21338e1afe231d4b7aad2d361381ae1dda2,210d4438210ed891ac0a54b2e7fbc66c1b1305f23a0c790d1168ae905c276344,True,OUT_OF_SCOPE,False,FN,core_symbol_text contains dt_FB_ without toolchain gate,"Lexical transfer probe only; not runtime semantics, function-boundary correctness, or vulnerability detection.",DERIVED_EVIDENCE
openplcV3_UDINT_TO_TIME,UDINT_TO_TIME,OpenPLCv3,fold_0,4c73b20bd6b0ee71fc6f73b43fc23bcf1cd0b1eb671568e9dc7e7602300b4e9f,c44aa612c884c786f37ffb619368fc829f28b5336e7644b1704b328aa5c77e94,False,OUT_OF_SCOPE,False,TN,core_symbol_text contains dt_FB_ without toolchain gate,"Lexical transfer probe only; not runtime semantics, function-boundary correctness, or vulnerability detection.",DERIVED_EVIDENCE
openplcV3_URL_TO_STRING,URL_TO_STRING,OpenPLCv3,fold_9,51bee75d689936844afdb7469f8eeeb8d2f4cb0826f7b693d847fc4038ed23fa,8de73dd0b0ad49f53ac09e27b8ad5ba998d1c3fdbf653742c787b5f3a0de5762,True,OUT_OF_SCOPE,False,FN,core_symbol_text contains dt_FB_ without toolchain gate,"Lexical transfer probe only; not runtime semantics, function-boundary correctness, or vulnerability detection.",DERIVED_EVIDENCE
openplcV3_UTC_TO_LTIME,UTC_TO_LTIME,OpenPLCv3,fold_1,a04888e64001a7768f2424b72d04f657f496bb3306276f2eda43ad7821d5af45,ca4a6d06cfeca9317552e33537fea31f666382d9f9d5e061331173cf807083ef,False,OUT_OF_SCOPE,False,TN,core_symbol_text contains dt_FB_ without toolchain gate,"Lexical transfer probe only; not runtime semantics, function-boundary correctness, or vulnerability detection.",DERIVED_EVIDENCE
openplcV3_V3_ABS,V3_ABS,OpenPLCv3,fold_0,e181f7ec6b7bc26158880848607e884f017ce8560c873057094260a44988f248,72b951296d5b3e15acd211589fdff86c331c84ac3fa76c2eef9d54ab01cc4b92,True,OUT_OF_SCOPE,False,FN,core_symbol_text contains dt_FB_ without toolchain gate,"Lexical transfer probe only; not runtime semantics, function-boundary correctness, or vulnerability detection.",DERIVED_EVIDENCE
openplcV3_V3_ADD,V3_ADD,OpenPLCv3,fold_1,62018a404b065905342d1a59deb2e30877e3232d7587606aedd139364a577406,14753b21db6d4923fe9fa8d58deecd2baed031e5d49a8e6848e375960cc18938,True,OUT_OF_SCOPE,False,FN,core_symbol_text contains dt_FB_ without toolchain gate,"Lexical transfer probe only; not runtime semantics, function-boundary correctness, or vulnerability detection.",DERIVED_EVIDENCE
openplcV3_V3_ANG,V3_ANG,OpenPLCv3,fold_2,3bb2e7f1ac7811f16950302d254b7187a810681a2e377fac51422bc80ec0a133,1762f9de0071e4ccf55e1254c9d21aef83303ac48ee7112ea87c88c5fb81685a,True,OUT_OF_SCOPE,False,FN,core_symbol_text contains dt_FB_ without toolchain gate,"Lexical transfer probe only; not runtime semantics, function-boundary correctness, or vulnerability detection.",DERIVED_EVIDENCE
openplcV3_V3_DPRO,V3_DPRO,OpenPLCv3,fold_3,9a80fc3c1abebf4d4949cfda0b01177f11219cbfb06f6fc76e82b6d0bb47c9d4,14c45b38bd33a2e99e8e82c57eebee14d438cce9b405e94b6bbeade2e4551f29,True,OUT_OF_SCOPE,False,FN,core_symbol_text contains dt_FB_ without toolchain gate,"Lexical transfer probe only; not runtime semantics, function-boundary correctness, or vulnerability detection.",DERIVED_EVIDENCE
openplcV3_V3_NORM,V3_NORM,OpenPLCv3,fold_4,a959ecfa0798e051a26a377300bbb63b5804f75212f7ec66756fe5ac8741fb8c,5c811e8b103253d7896d56ae0ddac6246b3dc1c0fa60d312b228dec7d3e0d364,True,OUT_OF_SCOPE,False,FN,core_symbol_text contains dt_FB_ without toolchain gate,"Lexical transfer probe only; not runtime semantics, function-boundary correctness, or vulnerability detection.",DERIVED_EVIDENCE
openplcV3_V3_NUL,V3_NUL,OpenPLCv3,fold_5,68ed97b466da978f6c05b4e2d8204fa1c6ea57589f1c859e8f5ad6986c62e755,c358a282d52d0dbd73268e2059d1d9c0d34731697960e25e021e1cc256bc79d3,True,OUT_OF_SCOPE,False,FN,core_symbol_text contains dt_FB_ without toolchain gate,"Lexical transfer probe only; not runtime semantics, function-boundary correctness, or vulnerability detection.",DERIVED_EVIDENCE
openplcV3_V3_PAR,V3_PAR,OpenPLCv3,fold_6,ef33500c63c07c8e9f81cbab84665a5b161361be50604cd4af9c52ce7feda673,79832f882af1763162afeea657c6fdf1b675fd722e1da3a90b9677d4d2a3c452,True,OUT_OF_SCOPE,False,FN,core_symbol_text contains dt_FB_ without toolchain gate,"Lexical transfer probe only; not runtime semantics, function-boundary correctness, or vulnerability detection.",DERIVED_EVIDENCE
openplcV3_V3_REV,V3_REV,OpenPLCv3,fold_7,80b5a8f5774c1bbe114078ba1b77472d7c2ba8162453994f1e5d43f959596996,fdd6b1ea91f6c2aca2a3dd823d204a878b605907e9310be1d1186010b21c5ba7,True,OUT_OF_SCOPE,False,FN,core_symbol_text contains dt_FB_ without toolchain gate,"Lexical transfer probe only; not runtime semantics, function-boundary correctness, or vulnerability detection.",DERIVED_EVIDENCE
openplcV3_V3_SMUL,V3_SMUL,OpenPLCv3,fold_8,38bd2bf71f90cd9bfdc8fa249abbda8efab1357882a7f084ac39c9f35050e2c9,678ce07dd78e7de2fddac42309890d0e5641027166aa93ad544640e573516e8f,True,OUT_OF_SCOPE,False,FN,core_symbol_text contains dt_FB_ without toolchain gate,"Lexical transfer probe only; not runtime semantics, function-boundary correctness, or vulnerability detection.",DERIVED_EVIDENCE
openplcV3_V3_SUB,V3_SUB,OpenPLCv3,fold_9,868f07c4cce3085801ab240a2cc104aa00e68feab773178bb6ad3094380d9226,3a14bc1c90123c95711f97d2353536e3c8f332a7756419212634d819f61de3e7,True,OUT_OF_SCOPE,False,FN,core_symbol_text contains dt_FB_ without toolchain gate,"Lexical transfer probe only; not runtime semantics, function-boundary correctness, or vulnerability detection.",DERIVED_EVIDENCE
openplcV3_V3_XANG,V3_XANG,OpenPLCv3,fold_0,ed3b7c42fd3bfaabe1b6870077e9ead0b5a3e3c741e12a4076ab13f8348edf14,c9ed76b6ead5ce212b3c24522847319fe41f10de7c9d0591dfbb66f839754df4,True,OUT_OF_SCOPE,False,FN,core_symbol_text contains dt_FB_ without toolchain gate,"Lexical transfer probe only; not runtime semantics, function-boundary correctness, or vulnerability detection.",DERIVED_EVIDENCE
openplcV3_V3_XPRO,V3_XPRO,OpenPLCv3,fold_1,5151f3725c2a297cc42e4f90e27f6caaba55cc233b2f455b91e6cb24f5b56b60,89c2bd2eec55d26b56df50dadfd3fca32376e566816b09fdcd0bfcd0fab1c633,True,OUT_OF_SCOPE,False,FN,core_symbol_text contains dt_FB_ without toolchain gate,"Lexical transfer probe only; not runtime semantics, function-boundary correctness, or vulnerability detection.",DERIVED_EVIDENCE
openplcV3_V3_YANG,V3_YANG,OpenPLCv3,fold_2,8e1104facbe67c13e4389571bdf3cc6b28b67a16bfa20b19f3ce49a2a69e057d,8e573b4ece37534e1f936935ac29a20268a5501ae430278cb38c07f941caceaf,True,OUT_OF_SCOPE,False,FN,core_symbol_text contains dt_FB_ without toolchain gate,"Lexical transfer probe only; not runtime semantics, function-boundary correctness, or vulnerability detection.",DERIVED_EVIDENCE
openplcV3_V3_ZANG,V3_ZANG,OpenPLCv3,fold_3,5a467634c53dcf06905801a7f7418c6e0890be9de5872626a113fd19dcff9034,513131e4854d6a23cd9fed4fa451bc7291ea1121228fd001b986f94bda74e8ce,True,OUT_OF_SCOPE,False,FN,core_symbol_text contains dt_FB_ without toolchain gate,"Lexical transfer probe only; not runtime semantics, function-boundary correctness, or vulnerability detection.",DERIVED_EVIDENCE
openplcV3_WATER_CP,WATER_CP,OpenPLCv3,fold_5,415034d8be38108f7dfd20bb8268f387da384dee832baaa5eebc6e3888bfbcb0,8a4fc579f95e5917240c4cb3d2ca1adb1953384dc25b771358ee9e331eed5a6b,True,OUT_OF_SCOPE,False,FN,core_symbol_text contains dt_FB_ without toolchain gate,"Lexical transfer probe only; not runtime semantics, function-boundary correctness, or vulnerability detection.",DERIVED_EVIDENCE
openplcV3_WATER_DENSITY,WATER_DENSITY,OpenPLCv3,fold_6,f21322231a0770acc5b6b57e867028d999ef1afb39002d1bc1fd1a3017b33de2,a15a7c0a2de7dd8a706ec4524f7fbae2c489efd86aba770293f5860d7bbc9091,False,OUT_OF_SCOPE,False,TN,core_symbol_text contains dt_FB_ without toolchain gate,"Lexical transfer probe only; not runtime semantics, function-boundary correctness, or vulnerability detection.",DERIVED_EVIDENCE
openplcV3_WATER_ENTHALPY,WATER_ENTHALPY,OpenPLCv3,fold_7,ac972d9ee2e07f4b215a60c2266803663e38d99c23ad5475dd531b82ee7e945c,94154d489dd53d7274dc9a74b0221b8de0622e3efda950e476973fa220731645,True,OUT_OF_SCOPE,False,FN,core_symbol_text contains dt_FB_ without toolchain gate,"Lexical transfer probe only; not runtime semantics, function-boundary correctness, or vulnerability detection.",DERIVED_EVIDENCE
openplcV3_WCT,WCT,OpenPLCv3,fold_8,e37a145fa4b542018fbacc7de8a3d84885930b2dfeea43e65b123eb450e31216,0166d216c31c1c1367b32f7f86ce1e8a9778ecbc8d4fd36edd91a6229b49a587,False,OUT_OF_SCOPE,False,TN,core_symbol_text contains dt_FB_ without toolchain gate,"Lexical transfer probe only; not runtime semantics, function-boundary correctness, or vulnerability detection.",DERIVED_EVIDENCE
openplcV3_WEEKDAY_TO_STRING,WEEKDAY_TO_STRING,OpenPLCv3,fold_1,9b2d23c6abcd17456ae329dee087044cb0ee5d5b8b22204f396b746e00ce08e1,f61600c1c087938d2523dda573123a7b54cb5b10c371aa722dbce58deded57db,True,OUT_OF_SCOPE,False,FN,core_symbol_text contains dt_FB_ without toolchain gate,"Lexical transfer probe only; not runtime semantics, function-boundary correctness, or vulnerability detection.",DERIVED_EVIDENCE
openplcV3_WINDOW,WINDOW,OpenPLCv3,fold_6,ffa790b7e943dc010304729ed55ff9f791b477e2832ced807de9748586e4fb1d,97318004dfe905b9b6aae243828267ab35d8145e13be0d4507e177d62971e6b9,False,OUT_OF_SCOPE,False,TN,core_symbol_text contains dt_FB_ without toolchain gate,"Lexical transfer probe only; not runtime semantics, function-boundary correctness, or vulnerability detection.",DERIVED_EVIDENCE
openplcV3_WINDOW2,WINDOW2,OpenPLCv3,fold_7,ab125e6e67d92066758c27509af39a5a56df9fa7002c77420df72b174cc38912,f41d9b77deb9e40c8cf16a206ddaf7d0587b936762ca540002e161160915effa,False,OUT_OF_SCOPE,False,TN,core_symbol_text contains dt_FB_ without toolchain gate,"Lexical transfer probe only; not runtime semantics, function-boundary correctness, or vulnerability detection.",DERIVED_EVIDENCE
openplcV3_WORD_OF_BYTE,WORD_OF_BYTE,OpenPLCv3,fold_7,b87b1186a1e42da401d4c6d0099d3c0f15e7a2024faf1c97bdc226d71b1272ed,23a489b011bdf613a6b83c44828f6a2e750b4e0ec805e9b3b14bbaa4204fa946,False,OUT_OF_SCOPE,False,TN,core_symbol_text contains dt_FB_ without toolchain gate,"Lexical transfer probe only; not runtime semantics, function-boundary correctness, or vulnerability detection.",DERIVED_EVIDENCE
openplcV3_WORD_OF_DWORD,WORD_OF_DWORD,OpenPLCv3,fold_8,6ac2b4907f60ff9eb751dff075d0b195223c8a3865570af63a410f7e885427ea,d3397880d6c5a75fa95aa94616f2a1fff5bfa19076271edf07e15033340e8ad2,False,OUT_OF_SCOPE,False,TN,core_symbol_text contains dt_FB_ without toolchain gate,"Lexical transfer probe only; not runtime semantics, function-boundary correctness, or vulnerability detection.",DERIVED_EVIDENCE
openplcV3_WORD_TO_RANGE,WORD_TO_RANGE,OpenPLCv3,fold_1,23e9b04d88e32540fb7051dd34334fd20315ff8e298423af45ccfde32358de9e,6ff2f4e5540183d91d246408f9a3f4d340eacaa8f90af8b8d2b0d247f0ef9c68,False,OUT_OF_SCOPE,False,TN,core_symbol_text contains dt_FB_ without toolchain gate,"Lexical transfer probe only; not runtime semantics, function-boundary correctness, or vulnerability detection.",DERIVED_EVIDENCE
openplcV3_WORK_WEEK,WORK_WEEK,OpenPLCv3,fold_2,ddb5e483d331642e392a9b5f7c922d04860130ac0e7e41e0e4277d412e50a395,18e7f95a249570c88366740e423baa8da067ff81a5164342a20677572a4fae6a,False,OUT_OF_SCOPE,False,TN,core_symbol_text contains dt_FB_ without toolchain gate,"Lexical transfer probe only; not runtime semantics, function-boundary correctness, or vulnerability detection.",DERIVED_EVIDENCE
openplcV3_WORLD_WEATHER_DESC_GE,WORLD_WEATHER_DESC_GE,OpenPLCv3,fold_0,d31180c036583d4389fa5cd058ef3684e341f094dc06de1194a3b04c36bc1264,5ff5dfe04ff6480067a8f7eea67a20f73c491b74dd5f01fd86f2b13f6b39abdf,True,OUT_OF_SCOPE,False,FN,core_symbol_text contains dt_FB_ without toolchain gate,"Lexical transfer probe only; not runtime semantics, function-boundary correctness, or vulnerability detection.",DERIVED_EVIDENCE
openplcV3_WORLD_WEATHER_ICON_OSCAT,WORLD_WEATHER_ICON_OSCAT,OpenPLCv3,fold_1,b20eee15c4b2d0e4b2e301505595ddc876d802dca53d228003ec587527f56a88,5328dfdfcd2970850bd421555a11ee5d5914685d190cbeb52bb6594f45e17b3d,True,OUT_OF_SCOPE,False,FN,core_symbol_text contains dt_FB_ without toolchain gate,"Lexical transfer probe only; not runtime semantics, function-boundary correctness, or vulnerability detection.",DERIVED_EVIDENCE
openplcV3_YAHOO_WEATHER_DESC_GE,YAHOO_WEATHER_DESC_GE,OpenPLCv3,fold_2,9dae8eeea7e29df58af9644dca3adccd7b09443cd5df2b25a2a05e23e4e9e47a,c1fd40f9f0454ee0526f5cf5c6836b93f51b6ebf8dcd1ed428dee40353589544,True,OUT_OF_SCOPE,False,FN,core_symbol_text contains dt_FB_ without toolchain gate,"Lexical transfer probe only; not runtime semantics, function-boundary correctness, or vulnerability detection.",DERIVED_EVIDENCE
openplcV3_YAHOO_WEATHER_ICON_OSCAT,YAHOO_WEATHER_ICON_OSCAT,OpenPLCv3,fold_3,1bbcd375c7600b090873972f60f13c0656a5e08d5f15aec56fff3b8dae2a3687,ef825d1e086c09f9863a36a97508cddccccf4a74e6c96429b345ed3ab57c0a7f,True,OUT_OF_SCOPE,False,FN,core_symbol_text contains dt_FB_ without toolchain gate,"Lexical transfer probe only; not runtime semantics, function-boundary correctness, or vulnerability detection.",DERIVED_EVIDENCE
openplcV3_YEAR_BEGIN,YEAR_BEGIN,OpenPLCv3,fold_3,4f7b27e3008ea278808a3885feb609203564f12eaeeeb1e8be6620b637dbd17e,0057a3dda0a802eed62aa2d7d3eb20c0f86133a9dd0868429664a4ffe0ae7752,False,OUT_OF_SCOPE,False,TN,core_symbol_text contains dt_FB_ without toolchain gate,"Lexical transfer probe only; not runtime semantics, function-boundary correctness, or vulnerability detection.",DERIVED_EVIDENCE
openplcV3_YEAR_END,YEAR_END,OpenPLCv3,fold_4,7421458795a4213b277c36885f536402f71363682f9f254dcd208cfadc60e1a5,c3a8285453a21f60c11e2ae78b4dbd4cad524a9304a9bd54e4ccbe4f7c9670b5,False,OUT_OF_SCOPE,False,TN,core_symbol_text contains dt_FB_ without toolchain gate,"Lexical transfer probe only; not runtime semantics, function-boundary correctness, or vulnerability detection.",DERIVED_EVIDENCE
openplcV3_YEAR_OF_DATE,YEAR_OF_DATE,OpenPLCv3,fold_5,dbef5b53c971fc4d7430574da9643185b20ad8ecc54216c2887e0a35cc5fd758,238b4813cdd299f0b49fe2af0e8332830ab1787010a49bd92235469b680c6837,False,OUT_OF_SCOPE,False,TN,core_symbol_text contains dt_FB_ without toolchain gate,"Lexical transfer probe only; not runtime semantics, function-boundary correctness, or vulnerability detection.",DERIVED_EVIDENCE
openplcV3__ARRAY_ABS,_ARRAY_ABS,OpenPLCv3,fold_0,93616d2267ff5aca114dd552bcadfb2aafe6aeb3e3d0298f7df698b5a04f42d5,f9b6fa6d0badd3784a3f2c464259c3d59659c90afdb919157f688ece45035bf5,False,OUT_OF_SCOPE,False,TN,core_symbol_text contains dt_FB_ without toolchain gate,"Lexical transfer probe only; not runtime semantics, function-boundary correctness, or vulnerability detection.",DERIVED_EVIDENCE
openplcV3__ARRAY_ADD,_ARRAY_ADD,OpenPLCv3,fold_1,197b943b70d5296d8a58c321045701d87cd95b4590393e419cbdcc4759f489cb,e078d6d82e61fa58843f523e9d0f79a51cf614867a5d0e06e7cea316dd80b747,False,OUT_OF_SCOPE,False,TN,core_symbol_text contains dt_FB_ without toolchain gate,"Lexical transfer probe only; not runtime semantics, function-boundary correctness, or vulnerability detection.",DERIVED_EVIDENCE
openplcV3__ARRAY_INIT,_ARRAY_INIT,OpenPLCv3,fold_2,cb2f51df5652c56f74b625eb1d8d7cc5ffbe70e08397637ec835046a7404e778,55a71adbb463eac9eeafa71d2b8b2df52ecf4df95ca83d2298d046baa7c69f4f,True,OUT_OF_SCOPE,False,FN,core_symbol_text contains dt_FB_ without toolchain gate,"Lexical transfer probe only; not runtime semantics, function-boundary correctness, or vulnerability detection.",DERIVED_EVIDENCE
openplcV3__ARRAY_MUL,_ARRAY_MUL,OpenPLCv3,fold_3,4950249cd01a32e945fcf581da89fc926c60b15fc6ea75d8d1644378f098fd51,a81557f14c1359ecbf191f3b4f627cf9330cdf52e940ef3be1eaa4296b0f1849,True,OUT_OF_SCOPE,False,FN,core_symbol_text contains dt_FB_ without toolchain gate,"Lexical transfer probe only; not runtime semantics, function-boundary correctness, or vulnerability detection.",DERIVED_EVIDENCE
openplcV3__ARRAY_SHUFFLE,_ARRAY_SHUFFLE,OpenPLCv3,fold_4,c6a39d3e96ab4fddeb0b7bcdb2c55705c72ed815a0a398f26b2d44f955c1ecec,06ab729cf5ac9c5d3723d9c5a7d473beb1818ecfb668ab64d7308f2d4e3fe087,True,OUT_OF_SCOPE,False,FN,core_symbol_text contains dt_FB_ without toolchain gate,"Lexical transfer probe only; not runtime semantics, function-boundary correctness, or vulnerability detection.",DERIVED_EVIDENCE
openplcV3__ARRAY_SORT,_ARRAY_SORT,OpenPLCv3,fold_5,fa41d8e03128304b152c6bd20316979d8af4bdad980061df9cf797c4a773eb83,0e851f0711423c5f0a1abaf175e91ed6e45efb598f1eefbaf0b9edb4e095664d,True,OUT_OF_SCOPE,False,FN,core_symbol_text contains dt_FB_ without toolchain gate,"Lexical transfer probe only; not runtime semantics, function-boundary correctness, or vulnerability detection.",DERIVED_EVIDENCE
openplcV3__BUFFER_UPPERCASE_NW,_BUFFER_UPPERCASE_NW,OpenPLCv3,fold_6,b2fb283781f812e02ba8b6cda65a5a5aa32623498b788cb354a5583161cf04a2,a1072f7bda0e6d75e658899219c7bb2e4d196ddd7c84b33e7c628a7cc7fabd13,True,OUT_OF_SCOPE,False,FN,core_symbol_text contains dt_FB_ without toolchain gate,"Lexical transfer probe only; not runtime semantics, function-boundary correctness, or vulnerability detection.",DERIVED_EVIDENCE
openplcV3__BYTE_TO_DINT,_BYTE_TO_DINT,OpenPLCv3,fold_0,333b960cd25d9e38b5a674e2c9f0bda47f134121e4fae9e23a656f52b1a47e72,780f748831304612c74392aab8382ca7683d012df3dd7153095f6252e2bcb2ae,False,OUT_OF_SCOPE,False,TN,core_symbol_text contains dt_FB_ without toolchain gate,"Lexical transfer probe only; not runtime semantics, function-boundary correctness, or vulnerability detection.",DERIVED_EVIDENCE
openplcV3__BYTE_TO_INT,_BYTE_TO_INT,OpenPLCv3,fold_1,2a6131ad5245c827ae0763a75e5de6d9f188613e798992e1a67e54cb0768af43,53e7c372ac45fb72a1f5f401fdc523569ce757f81520b53427c89573d6a45c9c,False,OUT_OF_SCOPE,False,TN,core_symbol_text contains dt_FB_ without toolchain gate,"Lexical transfer probe only; not runtime semantics, function-boundary correctness, or vulnerability detection.",DERIVED_EVIDENCE
openplcV3__BYTE_TO_REAL,_BYTE_TO_REAL,OpenPLCv3,fold_2,d460a69d4e915902e1a700172b255c97074b7b1ceb78c41f865b8c218be729f2,3623628bcc401154d06dd529f25a3fa8f171fbd0863292ff8f2259bdc2246a28,False,OUT_OF_SCOPE,False,TN,core_symbol_text contains dt_FB_ without toolchain gate,"Lexical transfer probe only; not runtime semantics, function-boundary correctness, or vulnerability detection.",DERIVED_EVIDENCE
openplcV3__DWORD_TO_REAL,_DWORD_TO_REAL,OpenPLCv3,fold_3,1ef5dc7f4f080df669176164f4a838059ec119461ce9164491efd0fe49dc39cc,37871a61bede1456613c6979b360772d264c019bf04ebc62b4d789329df379ac,False,OUT_OF_SCOPE,False,TN,core_symbol_text contains dt_FB_ without toolchain gate,"Lexical transfer probe only; not runtime semantics, function-boundary correctness, or vulnerability detection.",DERIVED_EVIDENCE
openplcV3__INSERT80,_INSERT80,OpenPLCv3,fold_0,b8b80fdd085dfab693c87c74300b611c7eaeb76fcfe4e9f23377bd2e50cf05b7,44bf83c72e936dbcb4e0d3026cb36f3be6f0db0dc3c27025544e348c139da252,True,OUT_OF_SCOPE,False,FN,core_symbol_text contains dt_FB_ without toolchain gate,"Lexical transfer probe only; not runtime semantics, function-boundary correctness, or vulnerability detection.",DERIVED_EVIDENCE
openplcV3__INT_TO_UDINT,_INT_TO_UDINT,OpenPLCv3,fold_4,a01bbfc0ccc68305e8e5fdd7ce27a5004e752debf2c94f890d5748eae4dc96f0,96b80203e2cb0591df6803539029fbda7c8b19fff90c56eaa0cd6939619a01c5,False,OUT_OF_SCOPE,False,TN,core_symbol_text contains dt_FB_ without toolchain gate,"Lexical transfer probe only; not runtime semantics, function-boundary correctness, or vulnerability detection.",DERIVED_EVIDENCE
openplcV3__MOD_INT,_MOD_INT,OpenPLCv3,fold_0,bead358dad3b5eabe9e1a45d241850854e619dfa8a13897694f5c2681deb84b9,efcf234b362aa476386f37010679cca23bfa456684961537e7c6610ed2a1519d,False,OUT_OF_SCOPE,False,TN,core_symbol_text contains dt_FB_ without toolchain gate,"Lexical transfer probe only; not runtime semantics, function-boundary correctness, or vulnerability detection.",DERIVED_EVIDENCE
openplcV3__REAL_TO_DINT,_REAL_TO_DINT,OpenPLCv3,fold_5,96e9b006d936adedc201f8749b9da7a97400f293d2ff66864d9389c49ce43430,af417ac538e06ef7b590178bd9604a6c1286efedd85eb0c7d03ca7e71136493b,False,OUT_OF_SCOPE,False,TN,core_symbol_text contains dt_FB_ without toolchain gate,"Lexical transfer probe only; not runtime semantics, function-boundary correctness, or vulnerability detection.",DERIVED_EVIDENCE
openplcV3__REAL_TO_DWORD,_REAL_TO_DWORD,OpenPLCv3,fold_6,9534807bdccfd69a8a6ee72ba640eb8fb70ed5f831590740d4730e7c55b8820f,7b3e8d8bf0167b597ebec88ee955001c400a5e12ee155c9641f08c77d04dab1c,False,OUT_OF_SCOPE,False,TN,core_symbol_text contains dt_FB_ without toolchain gate,"Lexical transfer probe only; not runtime semantics, function-boundary correctness, or vulnerability detection.",DERIVED_EVIDENCE
openplcV3__REAL_TO_UDINT,_REAL_TO_UDINT,OpenPLCv3,fold_7,fb0d29ea1dcb9d3e171ef3c8b5c99dfcdf8f5fa7fae86eb1dbc70230b07a85ce,21a8d56ca87a6f731fadbc01418cce1e542c80e77a79f9d8e403587c450ac937,False,OUT_OF_SCOPE,False,TN,core_symbol_text contains dt_FB_ without toolchain gate,"Lexical transfer probe only; not runtime semantics, function-boundary correctness, or vulnerability detection.",DERIVED_EVIDENCE
openplcV3__RMP_B,_RMP_B,OpenPLCv3,fold_0,43f4780fab8035b23220fa1265b21456b4bff5d814998ddc929c520ea74d1576,b49e21359a8bcedb47e99e8e38ba9e9cb23cca335b71e44eed0f456be68dfaf5,True,OUT_OF_SCOPE,False,FN,core_symbol_text contains dt_FB_ without toolchain gate,"Lexical transfer probe only; not runtime semantics, function-boundary correctness, or vulnerability detection.",DERIVED_EVIDENCE
openplcV3__RMP_NEXT,_RMP_NEXT,OpenPLCv3,fold_1,991f47c267fd0159223ecb98cf744ae06da712f35664b435d374d28ccacabbaf,a4f87edea87e65f56e59154a78376440301edc0594dbe940cb19d50fea0d467c,True,OUT_OF_SCOPE,False,FN,core_symbol_text contains dt_FB_ without toolchain gate,"Lexical transfer probe only; not runtime semantics, function-boundary correctness, or vulnerability detection.",DERIVED_EVIDENCE
openplcV3__RMP_W,_RMP_W,OpenPLCv3,fold_2,bb6d5ed41fdaf58dd9573628b4f762465807d67e8caf3987b2764218f0c2992f,374955832176fa34bcd226352549f432012e996e416c8c848aaa53656f29b28d,True,OUT_OF_SCOPE,False,FN,core_symbol_text contains dt_FB_ without toolchain gate,"Lexical transfer probe only; not runtime semantics, function-boundary correctness, or vulnerability detection.",DERIVED_EVIDENCE
openplcV3__WORD_TO_DINT,_WORD_TO_DINT,OpenPLCv3,fold_8,afe3b21bea3015757793152b3be200caf6f29e38ced0befef795befd67a5af1a,2fccdca82c4ed52ba10e4d75214059aeea5c81b880f57201f7b0b1a8fd48e69f,False,OUT_OF_SCOPE,False,TN,core_symbol_text contains dt_FB_ without toolchain gate,"Lexical transfer probe only; not runtime semantics, function-boundary correctness, or vulnerability detection.",DERIVED_EVIDENCE
openplcV3__WORD_TO_REAL,_WORD_TO_REAL,OpenPLCv3,fold_9,2cb17523d97a90b413dee088ff082a1ee3d50727d65c295a343911a495fc95db,56fe966e86abbd18f989f99e4629e8ea4e83f9041d4713d8d8ab96d8cc72d30d,False,OUT_OF_SCOPE,False,TN,core_symbol_text contains dt_FB_ without toolchain gate,"Lexical transfer probe only; not runtime semantics, function-boundary correctness, or vulnerability detection.",DERIVED_EVIDENCE
