sample_id,program_name,toolchain,fold_id,source_match_status,source_file_count,source_paths_rel,source_sha256,source_function_block_names,source_function_names,source_program_names,source_oracle_function_block,production_sa001_positive,ungated_pattern_positive,ungated_confusion_category,oracle_definition,rule_definition,evidence_label,uncertainty_reason
geb_ACOSH,ACOSH,GEB,fold_1,UNIQUE,1,AICPS-PLCBEAD_PLCEmbed-c78a56f/PLC-BEAD/Source/GEB/ACOSH/ACOSH.ST,844ea889afdf65ecdc4b09538f5ea3ae3a3d9b77bde79082031874296ba42f56,,ACOSH,program0,False,False,False,TN,explicit FUNCTION_BLOCK declaration in mapped Structured Text source,production: GEB-scoped dt_FB_; probe: ungated core_symbol_text contains dt_FB_,DERIVED_EVIDENCE,
geb_ACOTH,ACOTH,GEB,fold_2,UNIQUE,1,AICPS-PLCBEAD_PLCEmbed-c78a56f/PLC-BEAD/Source/GEB/ACOTH/ACOTH.ST,3d1a9db05dd4fd00d8e22c8f4e14b442ec9b2d306693e1dcde22ad098d38f27e,,ACOTH,program0,False,False,False,TN,explicit FUNCTION_BLOCK declaration in mapped Structured Text source,production: GEB-scoped dt_FB_; probe: ungated core_symbol_text contains dt_FB_,DERIVED_EVIDENCE,
geb_ACTUATOR_3P,ACTUATOR_3P,GEB,fold_0,UNIQUE,1,AICPS-PLCBEAD_PLCEmbed-c78a56f/PLC-BEAD/Source/GEB/building_ACTUATOR_3P/ACTUATOR_3P.ST,9f99eda9031c274b946c5bd06e13b02b6f8bbc89aba34143ae1cd3a019c1a169,ACTUATOR_3P_Block;TREND_DW;T_PLC_MS_block;_RMP_B;_RMP_NEXT_Block,FRMP_B;TIME_TO_UDINT2;UDINT_TO_TIME2;_BYTE_TO_INT,program0,True,True,True,TP,explicit FUNCTION_BLOCK declaration in mapped Structured Text source,production: GEB-scoped dt_FB_; probe: ungated core_symbol_text contains dt_FB_,DERIVED_EVIDENCE,
geb_ACTUATOR_COIL,ACTUATOR_COIL,GEB,fold_2,UNIQUE,1,AICPS-PLCBEAD_PLCEmbed-c78a56f/PLC-BEAD/Source/GEB/building_ACTUATOR_COIL/ACTUATOR_COIL.ST,cb2ee0fef2dd34c669955ca8f0e595bc0b385107d795c91ff46840fc6a2cf545,ACTUATOR_COIL_Block;T_PLC_MS_block,TIME_TO_UDINT2;UDINT_TO_TIME2,program0,True,True,True,TP,explicit FUNCTION_BLOCK declaration in mapped Structured Text source,production: GEB-scoped dt_FB_; probe: ungated core_symbol_text contains dt_FB_,DERIVED_EVIDENCE,
geb_ACTUATOR_PUMP,ACTUATOR_PUMP,GEB,fold_3,UNIQUE,1,AICPS-PLCBEAD_PLCEmbed-c78a56f/PLC-BEAD/Source/GEB/building_ACTUATOR_PUMP/ACTUATOR_PUMP.ST,029634dbf3666d0c935993c46fb03dac31f8e373b0e987a4a9bf4e4c3f0bb27f,ACTUATOR_PUMP_Block;ONTIME_Block;T_PLC_MS_block,,program0,True,True,True,TP,explicit FUNCTION_BLOCK declaration in mapped Structured Text source,production: GEB-scoped dt_FB_; probe: ungated core_symbol_text contains dt_FB_,DERIVED_EVIDENCE,
geb_ACTUATOR_UD,ACTUATOR_UD,GEB,fold_4,UNIQUE,1,AICPS-PLCBEAD_PLCEmbed-c78a56f/PLC-BEAD/Source/GEB/building_ACTUATOR_UD/ACTUATOR_UD.ST,36d2aa634d58e27a55e22dc8d301307ffac0c0100269017d087a9cd5021155d6,ACTUATOR_UD_Block;T_PLC_MS_block,,program0,True,True,True,TP,explicit FUNCTION_BLOCK declaration in mapped Structured Text source,production: GEB-scoped dt_FB_; probe: ungated core_symbol_text contains dt_FB_,DERIVED_EVIDENCE,
geb_AGDF,AGDF,GEB,fold_3,UNIQUE,1,AICPS-PLCBEAD_PLCEmbed-c78a56f/PLC-BEAD/Source/GEB/AGDF/AGDF.ST,db59dfd579da49961d8f7cb7e0bc107aa8f20dbc2336d91619dc23ef8f80aadb,,AGDF,program0,False,False,False,TN,explicit FUNCTION_BLOCK declaration in mapped Structured Text source,production: GEB-scoped dt_FB_; probe: ungated core_symbol_text contains dt_FB_,DERIVED_EVIDENCE,
geb_AIN,AIN,GEB,fold_0,UNIQUE,1,AICPS-PLCBEAD_PLCEmbed-c78a56f/PLC-BEAD/Source/GEB/AIN/AIN.ST,06a927068966aa1e2bacd5a2992196ab08745bd0299aa39ffbea258d45a715b2,,AIN;BIT_OF_DWORD;_BYTE_TO_INT;_DWORD_TO_REAL,program0,False,False,False,TN,explicit FUNCTION_BLOCK declaration in mapped Structured Text source,production: GEB-scoped dt_FB_; probe: ungated core_symbol_text contains dt_FB_,DERIVED_EVIDENCE,
geb_AIN1,AIN1,GEB,fold_1,UNIQUE,1,AICPS-PLCBEAD_PLCEmbed-c78a56f/PLC-BEAD/Source/GEB/AIN1/AIN1.ST,cd2df607c758b65d32c7405f531e7d925c3bda4a67f07896b9e34be4060d689f,AIN1,,program0,True,True,True,TP,explicit FUNCTION_BLOCK declaration in mapped Structured Text source,production: GEB-scoped dt_FB_; probe: ungated core_symbol_text contains dt_FB_,DERIVED_EVIDENCE,
geb_AIR_DENSITY,AIR_DENSITY,GEB,fold_5,UNIQUE,1,AICPS-PLCBEAD_PLCEmbed-c78a56f/PLC-BEAD/Source/GEB/building_AIR_DENSITY/AIR_DENSITY.ST,d1c9d5a104659329201f4f4dacb5abb408a266679bdedfee99ba1b3cd831f928,,AIR_DENSITY;SDD,program0,False,False,False,TN,explicit FUNCTION_BLOCK declaration in mapped Structured Text source,production: GEB-scoped dt_FB_; probe: ungated core_symbol_text contains dt_FB_,DERIVED_EVIDENCE,
geb_AIR_ENTHALPY,AIR_ENTHALPY,GEB,fold_6,UNIQUE,1,AICPS-PLCBEAD_PLCEmbed-c78a56f/PLC-BEAD/Source/GEB/building_AIR_ENTHALPY/AIR_ENTHALPY.ST,b57847695badb4b3b3ebc56ebbd126473ae1ceca8ea88d5c08349ad29a91a51d,,AIR_ENTHALPY;DEW_CON;SDD,program0,False,False,False,TN,explicit FUNCTION_BLOCK declaration in mapped Structured Text source,production: GEB-scoped dt_FB_; probe: ungated core_symbol_text contains dt_FB_,DERIVED_EVIDENCE,
geb_ALARM_2,ALARM_2,GEB,fold_0,UNIQUE,1,AICPS-PLCBEAD_PLCEmbed-c78a56f/PLC-BEAD/Source/GEB/ALARM_2/ALARM_2.ST,494dd0d072316212707272f52e53b80c8241b7bd7b0d44c2224e47ca89aa5d2e,ALARM_2,,program0,True,True,True,TP,explicit FUNCTION_BLOCK declaration in mapped Structured Text source,production: GEB-scoped dt_FB_; probe: ungated core_symbol_text contains dt_FB_,DERIVED_EVIDENCE,
geb_AOUT,AOUT,GEB,fold_2,UNIQUE,1,AICPS-PLCBEAD_PLCEmbed-c78a56f/PLC-BEAD/Source/GEB/AOUT/AOUT.ST,bb5aebd88d73b9faecc3fe2a72bf0b173659c896ddb65caa3044b31e54d63e87,,AOUT;SIGN_R;_BYTE_TO_INT;_DWORD_TO_REAL;_REAL_TO_DWORD,program0,False,False,False,TN,explicit FUNCTION_BLOCK declaration in mapped Structured Text source,production: GEB-scoped dt_FB_; probe: ungated core_symbol_text contains dt_FB_,DERIVED_EVIDENCE,
geb_AOUT1,AOUT1,GEB,fold_3,UNIQUE,1,AICPS-PLCBEAD_PLCEmbed-c78a56f/PLC-BEAD/Source/GEB/AOUT1/AOUT1.ST,56c39609d6d992a43f25c050ef8c5b1a692dadc1729a0d2890998fa6744ed070,,AOUT1;SIGN_R;_REAL_TO_DWORD,program0,False,False,False,TN,explicit FUNCTION_BLOCK declaration in mapped Structured Text source,production: GEB-scoped dt_FB_; probe: ungated core_symbol_text contains dt_FB_,DERIVED_EVIDENCE,
geb_ARRAY_AVG,ARRAY_AVG,GEB,fold_7,UNIQUE,1,AICPS-PLCBEAD_PLCEmbed-c78a56f/PLC-BEAD/Source/GEB/ARRAY_AVG/ARRAY_AVG.ST,2ff403a2897c789af152323e9e569b847009efe3b1b31e3e4bacde2e02d7c1f8,ARRAY_AVG_Block,,program0,True,True,True,TP,explicit FUNCTION_BLOCK declaration in mapped Structured Text source,production: GEB-scoped dt_FB_; probe: ungated core_symbol_text contains dt_FB_,DERIVED_EVIDENCE,
geb_ARRAY_GAV,ARRAY_GAV,GEB,fold_8,UNIQUE,1,AICPS-PLCBEAD_PLCEmbed-c78a56f/PLC-BEAD/Source/GEB/ARRAY_GAV/ARRAY_GAV.ST,0a356d042c42b4b2309c8491aa87e9c3ffa79dfb58168e346f490afa2ac90029,ARRAY_GAV_Block,SQRTN,program0,True,True,True,TP,explicit FUNCTION_BLOCK declaration in mapped Structured Text source,production: GEB-scoped dt_FB_; probe: ungated core_symbol_text contains dt_FB_,DERIVED_EVIDENCE,
geb_ARRAY_HAV,ARRAY_HAV,GEB,fold_9,UNIQUE,1,AICPS-PLCBEAD_PLCEmbed-c78a56f/PLC-BEAD/Source/GEB/ARRAY_HAV/ARRAY_HAV.ST,b66f0f896905e46b92c079d4a2eaf119dfbe9f6061fbffac9f6967cfec2b4b05,ARRAY_HAV_Block,,program0,True,True,True,TP,explicit FUNCTION_BLOCK declaration in mapped Structured Text source,production: GEB-scoped dt_FB_; probe: ungated core_symbol_text contains dt_FB_,DERIVED_EVIDENCE,
geb_ARRAY_MAX,ARRAY_MAX,GEB,fold_0,UNIQUE,1,AICPS-PLCBEAD_PLCEmbed-c78a56f/PLC-BEAD/Source/GEB/ARRAY_MAX/ARRAY_MAX.ST,67ec29ba73f46373dd0757882acd04de2d9627510c3e3fca0843f51b9871ded6,ARRAY_MAX_Block,,program0,True,True,True,TP,explicit FUNCTION_BLOCK declaration in mapped Structured Text source,production: GEB-scoped dt_FB_; probe: ungated core_symbol_text contains dt_FB_,DERIVED_EVIDENCE,
geb_ARRAY_MEDIAN,ARRAY_MEDIAN,GEB,fold_1,UNIQUE,1,AICPS-PLCBEAD_PLCEmbed-c78a56f/PLC-BEAD/Source/GEB/ARRAY_MEDIAN/ARRAY_MEDIAN.ST,b00921f07024069385732b5248bac939e123a53f5dcbe569f176a06cf0e81ea7,_ARRAY_MEDIAN_Block;_ARRAY_SORT_Block,BIT_OF_DWORD;EVEN;_INT_TO_UDINT,program0,True,True,True,TP,explicit FUNCTION_BLOCK declaration in mapped Structured Text source,production: GEB-scoped dt_FB_; probe: ungated core_symbol_text contains dt_FB_,DERIVED_EVIDENCE,
geb_ARRAY_MIN,ARRAY_MIN,GEB,fold_2,UNIQUE,1,AICPS-PLCBEAD_PLCEmbed-c78a56f/PLC-BEAD/Source/GEB/ARRAY_MIN/ARRAY_MIN.ST,77d39bbefe5665bd0f27d9ed68d766e334afa4505544f6ef7afb21a6fd844b09,ARRAY_MIN_Block,,program0,True,True,True,TP,explicit FUNCTION_BLOCK declaration in mapped Structured Text source,production: GEB-scoped dt_FB_; probe: ungated core_symbol_text contains dt_FB_,DERIVED_EVIDENCE,
geb_ARRAY_SDV,ARRAY_SDV,GEB,fold_3,UNIQUE,1,AICPS-PLCBEAD_PLCEmbed-c78a56f/PLC-BEAD/Source/GEB/ARRAY_SDV/ARRAY_SDV.ST,b8652315bff4e5b80bcb3e21f73d994be2221eb98d253ec4b5a6cebd31b5e3bb,ARRAY_SDV_Block;ARRAY_VAR_Block,,program0,True,True,True,TP,explicit FUNCTION_BLOCK declaration in mapped Structured Text source,production: GEB-scoped dt_FB_; probe: ungated core_symbol_text contains dt_FB_,DERIVED_EVIDENCE,
geb_ARRAY_SPR,ARRAY_SPR,GEB,fold_4,UNIQUE,1,AICPS-PLCBEAD_PLCEmbed-c78a56f/PLC-BEAD/Source/GEB/ARRAY_SPR/ARRAY_SPR.ST,cfd10d6191153061c575ae5674c5fbd8e56526e133afa0eb5c12e78a8881b1eb,ARRAY_SPR_Block,,program0,True,True,True,TP,explicit FUNCTION_BLOCK declaration in mapped Structured Text source,production: GEB-scoped dt_FB_; probe: ungated core_symbol_text contains dt_FB_,DERIVED_EVIDENCE,
geb_ARRAY_SUM,ARRAY_SUM,GEB,fold_5,UNIQUE,1,AICPS-PLCBEAD_PLCEmbed-c78a56f/PLC-BEAD/Source/GEB/ARRAY_SUM/ARRAY_SUM.ST,cb1708a2dfd076298cae5a023825516eb259509f521f07090794d8de290f0113,ARRAY_SUM_Block,,program0,True,True,True,TP,explicit FUNCTION_BLOCK declaration in mapped Structured Text source,production: GEB-scoped dt_FB_; probe: ungated core_symbol_text contains dt_FB_,DERIVED_EVIDENCE,
geb_ARRAY_TREND,ARRAY_TREND,GEB,fold_6,UNIQUE,1,AICPS-PLCBEAD_PLCEmbed-c78a56f/PLC-BEAD/Source/GEB/ARRAY_TREND/ARRAY_TREND.ST,f6cff1d075a709952cad08f59a9ec76d302fb8e050dcc05f4b8bbcbc2fb98f14,ARRAY_TREND_Block,BIT_OF_DWORD;EVEN,program0,True,True,True,TP,explicit FUNCTION_BLOCK declaration in mapped Structured Text source,production: GEB-scoped dt_FB_; probe: ungated core_symbol_text contains dt_FB_,DERIVED_EVIDENCE,
geb_ARRAY_VAR,ARRAY_VAR,GEB,fold_7,UNIQUE,1,AICPS-PLCBEAD_PLCEmbed-c78a56f/PLC-BEAD/Source/GEB/ARRAY_VAR/ARRAY_VAR.ST,c05bca0aed41a8b0f1b574aad1de78855d39791283e22df156fb21e24df66a65,ARRAY_VAR_Block,,program0,True,True,True,TP,explicit FUNCTION_BLOCK declaration in mapped Structured Text source,production: GEB-scoped dt_FB_; probe: ungated core_symbol_text contains dt_FB_,DERIVED_EVIDENCE,
geb_ASINH,ASINH,GEB,fold_4,UNIQUE,1,AICPS-PLCBEAD_PLCEmbed-c78a56f/PLC-BEAD/Source/GEB/ASINH/ASINH.ST,15165d406da823291a578386bb366dbe56ae4d1fc8dd5df68e56fc94bda1ce99,,ASINH,program0,False,False,False,TN,explicit FUNCTION_BLOCK declaration in mapped Structured Text source,production: GEB-scoped dt_FB_; probe: ungated core_symbol_text contains dt_FB_,DERIVED_EVIDENCE,
geb_ASTRO,ASTRO,GEB,fold_0,UNIQUE,1,AICPS-PLCBEAD_PLCEmbed-c78a56f/PLC-BEAD/Source/GEB/ASTRO/ASTRO.ST,78d08cdb3faf553edde3075a39cb17a48fc12d64cacb1b6753d93d3f9ba5d1ed,ASTRO,,program0,True,True,True,TP,explicit FUNCTION_BLOCK declaration in mapped Structured Text source,production: GEB-scoped dt_FB_; probe: ungated core_symbol_text contains dt_FB_,DERIVED_EVIDENCE,
geb_ATAN2,ATAN2,GEB,fold_5,UNIQUE,1,AICPS-PLCBEAD_PLCEmbed-c78a56f/PLC-BEAD/Source/GEB/ATAN2/ATAN2.ST,9c67ac998d469cb1f17756e4e1445d067ef302764382f12c968dec5722e1b496,,ATAN2,program0,False,False,False,TN,explicit FUNCTION_BLOCK declaration in mapped Structured Text source,production: GEB-scoped dt_FB_; probe: ungated core_symbol_text contains dt_FB_,DERIVED_EVIDENCE,
geb_ATANH,ATANH,GEB,fold_6,UNIQUE,1,AICPS-PLCBEAD_PLCEmbed-c78a56f/PLC-BEAD/Source/GEB/ATANH/ATANH.ST,c7af4b8a357a3458f5201f39b21f3ab49a9d2931f0946e35b16ccf4c5c5a9cf4,,ATANH,program0,False,False,False,TN,explicit FUNCTION_BLOCK declaration in mapped Structured Text source,production: GEB-scoped dt_FB_; probe: ungated core_symbol_text contains dt_FB_,DERIVED_EVIDENCE,
geb_A_TRIG,A_TRIG,GEB,fold_0,UNIQUE,1,AICPS-PLCBEAD_PLCEmbed-c78a56f/PLC-BEAD/Source/GEB/A_TRIG/A_TRIG.ST,17be02c0538ee20a345f9975b9f780c22938e79f1fb5bd4a17f85706e9b30539,A_TRIG,,program0,True,True,True,TP,explicit FUNCTION_BLOCK declaration in mapped Structured Text source,production: GEB-scoped dt_FB_; probe: ungated core_symbol_text contains dt_FB_,DERIVED_EVIDENCE,
geb_BAND_B,BAND_B,GEB,fold_0,UNIQUE,1,AICPS-PLCBEAD_PLCEmbed-c78a56f/PLC-BEAD/Source/GEB/BAND_B/BAND_B.ST,3ce81085a7a3df49190e4079ca0787bb17a830585e285329dec56975de80890b,,BAND_B,program0,False,False,False,TN,explicit FUNCTION_BLOCK declaration in mapped Structured Text source,production: GEB-scoped dt_FB_; probe: ungated core_symbol_text contains dt_FB_,DERIVED_EVIDENCE,
geb_BAR_GRAPH,BAR_GRAPH,GEB,fold_1,UNIQUE,1,AICPS-PLCBEAD_PLCEmbed-c78a56f/PLC-BEAD/Source/GEB/BAR_GRAPH/BAR_GRAPH.ST,ef8dca485c1a1ded52d53d5b041b80ba74717f070f7b5abe5b6105626cd0f8c2,BAR_GRAPH,,program0,True,True,True,TP,explicit FUNCTION_BLOCK declaration in mapped Structured Text source,production: GEB-scoped dt_FB_; probe: ungated core_symbol_text contains dt_FB_,DERIVED_EVIDENCE,
geb_BASE64_DECODE_STREAM,BASE64_DECODE_STREAM,GEB,fold_0,MULTIPLE_CONSISTENT,2,AICPS-PLCBEAD_PLCEmbed-c78a56f/PLC-BEAD/Source/GEB/Network_BASE64_DECODE_STREAM/BASE64_DECODE_STREAM.ST;AICPS-PLCBEAD_PLCEmbed-c78a56f/PLC-BEAD/Source/GEB/sample_project/oscat/Network/BASE64_DECODE_STREAM.ST,1a2554c1f63d6afc55de6936afdd91572ede7d4d940931c141ac86f0291459b8;f03d313fa70e2f7028354e9bbf012e808cfcf81800997e76f001899425056e5d,BASE64_DECODE_STREAM,,instance0;program0,True,True,True,TP,explicit FUNCTION_BLOCK declaration in mapped Structured Text source,production: GEB-scoped dt_FB_; probe: ungated core_symbol_text contains dt_FB_,DERIVED_EVIDENCE,
geb_BCDC_TO_INT,BCDC_TO_INT,GEB,fold_0,UNIQUE,1,AICPS-PLCBEAD_PLCEmbed-c78a56f/PLC-BEAD/Source/GEB/BCDC_TO_INT/BCDC_TO_INT.ST,e2c94f9073198f967cea282d9765df1c4ceca4364b913da7ed307ec48cf68a89,,BCDC_TO_INT;_BYTE_TO_INT,program0,False,False,False,TN,explicit FUNCTION_BLOCK declaration in mapped Structured Text source,production: GEB-scoped dt_FB_; probe: ungated core_symbol_text contains dt_FB_,DERIVED_EVIDENCE,
geb_BETA,BETA,GEB,fold_7,UNIQUE,1,AICPS-PLCBEAD_PLCEmbed-c78a56f/PLC-BEAD/Source/GEB/BETA/BETA.ST,428424b8e1a9c4c4ec450a13ef6e2202510e066ec8af9977be55c94240930bdf,,BETA;GAMMA,program0,False,False,False,TN,explicit FUNCTION_BLOCK declaration in mapped Structured Text source,production: GEB-scoped dt_FB_; probe: ungated core_symbol_text contains dt_FB_,DERIVED_EVIDENCE,
geb_BFT_TO_MS,BFT_TO_MS,GEB,fold_1,UNIQUE,1,AICPS-PLCBEAD_PLCEmbed-c78a56f/PLC-BEAD/Source/GEB/BFT_TO_MS/BFT_TO_MS.ST,2801f28cdb6fcfe41e668080915bbdf8cd1c15a0b5d6245a7591d6c3a21f3070,,BFT_TO_MS,program0,False,False,False,TN,explicit FUNCTION_BLOCK declaration in mapped Structured Text source,production: GEB-scoped dt_FB_; probe: ungated core_symbol_text contains dt_FB_,DERIVED_EVIDENCE,
geb_BINOM,BINOM,GEB,fold_8,UNIQUE,1,AICPS-PLCBEAD_PLCEmbed-c78a56f/PLC-BEAD/Source/GEB/BINOM/BINOM.ST,30013d7ffe743a9fb660db76d035cc678ae84aa549afe5fb39d1f92fe5e86184,,BINOM,program0,False,False,False,TN,explicit FUNCTION_BLOCK declaration in mapped Structured Text source,production: GEB-scoped dt_FB_; probe: ungated core_symbol_text contains dt_FB_,DERIVED_EVIDENCE,
geb_BIT_COUNT,BIT_COUNT,GEB,fold_1,UNIQUE,1,AICPS-PLCBEAD_PLCEmbed-c78a56f/PLC-BEAD/Source/GEB/BIT_COUNT/BIT_COUNT.ST,ede4b5647c15d24c21c34a4308a6d2eb5fe64ecf376446f8c135916442bb1a28,,BIT_COUNT,program0,False,False,False,TN,explicit FUNCTION_BLOCK declaration in mapped Structured Text source,production: GEB-scoped dt_FB_; probe: ungated core_symbol_text contains dt_FB_,DERIVED_EVIDENCE,
geb_BIT_LOAD_B,BIT_LOAD_B,GEB,fold_2,UNIQUE,1,AICPS-PLCBEAD_PLCEmbed-c78a56f/PLC-BEAD/Source/GEB/BIT_LOAD_B/BIT_LOAD_B.ST,9f06bf850ac7bc3b5b4439d39c2dd80e4823345f9e7653c0bb316a20f5ac2f2b,,BIT_LOAD_B,program0,False,False,False,TN,explicit FUNCTION_BLOCK declaration in mapped Structured Text source,production: GEB-scoped dt_FB_; probe: ungated core_symbol_text contains dt_FB_,DERIVED_EVIDENCE,
geb_BIT_LOAD_B2,BIT_LOAD_B2,GEB,fold_3,UNIQUE,1,AICPS-PLCBEAD_PLCEmbed-c78a56f/PLC-BEAD/Source/GEB/BIT_LOAD_B2/BIT_LOAD_B2.ST,bec4c2e5d3f0fe6b558db3bd2a4b9ac16d41814494abca567b2a2ec54d20fe8e,,BIT_LOAD_B2,program0,False,False,False,TN,explicit FUNCTION_BLOCK declaration in mapped Structured Text source,production: GEB-scoped dt_FB_; probe: ungated core_symbol_text contains dt_FB_,DERIVED_EVIDENCE,
geb_BIT_LOAD_DW,BIT_LOAD_DW,GEB,fold_4,UNIQUE,1,AICPS-PLCBEAD_PLCEmbed-c78a56f/PLC-BEAD/Source/GEB/BIT_LOAD_DW/BIT_LOAD_DW.ST,f1292d122ceb5b67a04cb694d50cce219209dfcd238cf4ccb25d151502710859,,BIT_LOAD_DW,program0,False,False,False,TN,explicit FUNCTION_BLOCK declaration in mapped Structured Text source,production: GEB-scoped dt_FB_; probe: ungated core_symbol_text contains dt_FB_,DERIVED_EVIDENCE,
geb_BIT_LOAD_DW2,BIT_LOAD_DW2,GEB,fold_5,UNIQUE,1,AICPS-PLCBEAD_PLCEmbed-c78a56f/PLC-BEAD/Source/GEB/BIT_LOAD_DW2/BIT_LOAD_DW2.ST,b0bb225cbcc88bb789557fb54d5642227938b54194b77a76261dba7326f18a6d,,BIT_LOAD_DW2,program0,False,False,False,TN,explicit FUNCTION_BLOCK declaration in mapped Structured Text source,production: GEB-scoped dt_FB_; probe: ungated core_symbol_text contains dt_FB_,DERIVED_EVIDENCE,
geb_BIT_LOAD_W,BIT_LOAD_W,GEB,fold_6,UNIQUE,1,AICPS-PLCBEAD_PLCEmbed-c78a56f/PLC-BEAD/Source/GEB/BIT_LOAD_W/BIT_LOAD_W.ST,2f87a4322a3dfe61bca8a57ec24ff1b5e99efa188d9dfa1b9e9e53ef6f456f6d,,BIT_LOAD_W,program0,False,False,False,TN,explicit FUNCTION_BLOCK declaration in mapped Structured Text source,production: GEB-scoped dt_FB_; probe: ungated core_symbol_text contains dt_FB_,DERIVED_EVIDENCE,
geb_BIT_LOAD_W2,BIT_LOAD_W2,GEB,fold_7,UNIQUE,1,AICPS-PLCBEAD_PLCEmbed-c78a56f/PLC-BEAD/Source/GEB/BIT_LOAD_W2/BIT_LOAD_W2.ST,b2d89ab027d8c91babf1fa52c04a83e87a782e0b5acff44d728b23d7a56d1dfe,,BIT_LOAD_W2,program0,False,False,False,TN,explicit FUNCTION_BLOCK declaration in mapped Structured Text source,production: GEB-scoped dt_FB_; probe: ungated core_symbol_text contains dt_FB_,DERIVED_EVIDENCE,
geb_BIT_OF_DWORD,BIT_OF_DWORD,GEB,fold_8,UNIQUE,1,AICPS-PLCBEAD_PLCEmbed-c78a56f/PLC-BEAD/Source/GEB/BIT_OF_DWORD/BIT_OF_DWORD.ST,dae30ba8ff5fac6f8d68a98606c67e3b62d38bfa73c05ddb7d253ab68b2c84b5,,BIT_OF_DWORD,program0,False,False,False,TN,explicit FUNCTION_BLOCK declaration in mapped Structured Text source,production: GEB-scoped dt_FB_; probe: ungated core_symbol_text contains dt_FB_,DERIVED_EVIDENCE,
geb_BIT_TOGGLE_B,BIT_TOGGLE_B,GEB,fold_9,UNIQUE,1,AICPS-PLCBEAD_PLCEmbed-c78a56f/PLC-BEAD/Source/GEB/BIT_TOGGLE_B/BIT_TOGGLE_B.ST,258367138c1f591d6e240d09edd7bb59598c4744a73eef1d5ac74986fdad88f5,,BIT_TOGGLE_B,program0,False,False,False,TN,explicit FUNCTION_BLOCK declaration in mapped Structured Text source,production: GEB-scoped dt_FB_; probe: ungated core_symbol_text contains dt_FB_,DERIVED_EVIDENCE,
geb_BIT_TOGGLE_DW,BIT_TOGGLE_DW,GEB,fold_0,UNIQUE,1,AICPS-PLCBEAD_PLCEmbed-c78a56f/PLC-BEAD/Source/GEB/BIT_TOGGLE_DW/BIT_TOGGLE_DW.ST,6b34b663327033576aad3e176885cc01bd9183ea3b349d80dc0ec9e1ded785c5,,BIT_TOGGLE_DW,program0,False,False,False,TN,explicit FUNCTION_BLOCK declaration in mapped Structured Text source,production: GEB-scoped dt_FB_; probe: ungated core_symbol_text contains dt_FB_,DERIVED_EVIDENCE,
geb_BIT_TOGGLE_W,BIT_TOGGLE_W,GEB,fold_1,UNIQUE,1,AICPS-PLCBEAD_PLCEmbed-c78a56f/PLC-BEAD/Source/GEB/BIT_TOGGLE_W/BIT_TOGGLE_W.ST,d82e08d85a47e484205d12d534aae7b6d0e771f104720414a9ec449d1ccc8e07,,BIT_TOGGLE_W,program0,False,False,False,TN,explicit FUNCTION_BLOCK declaration in mapped Structured Text source,production: GEB-scoped dt_FB_; probe: ungated core_symbol_text contains dt_FB_,DERIVED_EVIDENCE,
geb_BLIND_ACTUATOR,BLIND_ACTUATOR,GEB,fold_0,UNIQUE,1,AICPS-PLCBEAD_PLCEmbed-c78a56f/PLC-BEAD/Source/GEB/building_BLIND_ACTUATOR/BLIND_ACTUATOR.ST,c4b65dfb8455bf706e97d23409bf5846584a8d788f534b7e92384c589f0457b8,BLIND_ACTUATOR_Block;INTERLOCK_Block;RMP_B_Block;T_PLC_MS_block;_RMP_B,FRMP_B;TIME_TO_UDINT2,program0,True,True,True,TP,explicit FUNCTION_BLOCK declaration in mapped Structured Text source,production: GEB-scoped dt_FB_; probe: ungated core_symbol_text contains dt_FB_,DERIVED_EVIDENCE,
geb_BLIND_CONTROL,BLIND_CONTROL,GEB,fold_1,UNIQUE,1,AICPS-PLCBEAD_PLCEmbed-c78a56f/PLC-BEAD/Source/GEB/building_BLIND_CONTROL/BLIND_CONTROL.ST,9db4b24d737274b59a5a6cf00d5c8280b3d40a3043005b804226c7a598817f56,BLIND_ACTUATOR_Block;BLIND_CONTROL_Block;INTERLOCK_Block;RMP_B_Block;T_PLC_MS_block;_RMP_B,FRMP_B;TIME_TO_UDINT2;_BYTE_TO_INT,program0,True,True,True,TP,explicit FUNCTION_BLOCK declaration in mapped Structured Text source,production: GEB-scoped dt_FB_; probe: ungated core_symbol_text contains dt_FB_,DERIVED_EVIDENCE,
geb_BLIND_CONTROL_S,BLIND_CONTROL_S,GEB,fold_2,UNIQUE,1,AICPS-PLCBEAD_PLCEmbed-c78a56f/PLC-BEAD/Source/GEB/building_BLIND_CONTROL_S/BLIND_CONTROL_S.ST,60d731b5abcd02d7e5d03d05f759534e1cca456c37e9fa88734dd79c553ec208,BLIND_CONTROL_S_Block;TREND_DW;T_PLC_MS_block;_RMP_B;_RMP_NEXT,FRMP_B;TIME_TO_UDINT2;UDINT_TO_TIME2;_BYTE_TO_INT,program0,True,True,True,TP,explicit FUNCTION_BLOCK declaration in mapped Structured Text source,production: GEB-scoped dt_FB_; probe: ungated core_symbol_text contains dt_FB_,DERIVED_EVIDENCE,
geb_BLIND_NIGHT,BLIND_NIGHT,GEB,fold_4,UNIQUE,1,AICPS-PLCBEAD_PLCEmbed-c78a56f/PLC-BEAD/Source/GEB/building_BLIND_NIGHT/BLIND_NIGHT.ST,154fd5bf4f8266c3d891348a16319e55c71c8f559d1be683d3756c8b35ec34d0,BLIND_NIGHT_Block,DT_TO_DATE2;DT_TO_TOD2;TIME_TO_UDINT2,program0,True,True,True,TP,explicit FUNCTION_BLOCK declaration in mapped Structured Text source,production: GEB-scoped dt_FB_; probe: ungated core_symbol_text contains dt_FB_,DERIVED_EVIDENCE,
geb_BLIND_SCENE,BLIND_SCENE,GEB,fold_5,UNIQUE,1,AICPS-PLCBEAD_PLCEmbed-c78a56f/PLC-BEAD/Source/GEB/building_BLIND_SCENE/BLIND_SCENE.ST,44fa9922eeadc078be92a34e5490aa10233debd5e1e221f9790a63a1e9e6f376,BLIND_SCENE_Block,_BYTE_TO_INT,program0,True,True,True,TP,explicit FUNCTION_BLOCK declaration in mapped Structured Text source,production: GEB-scoped dt_FB_; probe: ungated core_symbol_text contains dt_FB_,DERIVED_EVIDENCE,
geb_BLIND_SECURITY,BLIND_SECURITY,GEB,fold_6,UNIQUE,1,AICPS-PLCBEAD_PLCEmbed-c78a56f/PLC-BEAD/Source/GEB/building_BLIND_SECURITY/BLIND_SECURITY.ST,d64c77afde0d7ae0195fdda2cc1176e267baafed3c51bbbcf9ec77a4c043e592,BLIND_SECURITY_Block,,program0,True,True,True,TP,explicit FUNCTION_BLOCK declaration in mapped Structured Text source,production: GEB-scoped dt_FB_; probe: ungated core_symbol_text contains dt_FB_,DERIVED_EVIDENCE,
geb_BLIND_SET,BLIND_SET,GEB,fold_7,UNIQUE,1,AICPS-PLCBEAD_PLCEmbed-c78a56f/PLC-BEAD/Source/GEB/building_BLIND_SET/BLIND_SET.ST,c617101580b4864a0272142ffdc7b4f58742dd6c19879d4809a2e8a3cf58c260,BLIND_SET_Block;T_PLC_MS_block,UDINT_TO_TIME2,program0,True,True,True,TP,explicit FUNCTION_BLOCK declaration in mapped Structured Text source,production: GEB-scoped dt_FB_; probe: ungated core_symbol_text contains dt_FB_,DERIVED_EVIDENCE,
geb_BLIND_SHADE_S,BLIND_SHADE_S,GEB,fold_8,UNIQUE,1,AICPS-PLCBEAD_PLCEmbed-c78a56f/PLC-BEAD/Source/GEB/building_BLIND_SHADE_S/BLIND_SHADE_S.ST,2faf1f272633655bf73c5a4fafae124ce9bc3cfb8c0126321cf964984969d3f9,BLIND_SHADE_S_Block,DT_TO_TOD2;TIME_TO_UDINT2,program0,True,True,True,TP,explicit FUNCTION_BLOCK declaration in mapped Structured Text source,production: GEB-scoped dt_FB_; probe: ungated core_symbol_text contains dt_FB_,DERIVED_EVIDENCE,
geb_BOILER,BOILER,GEB,fold_8,UNIQUE,1,AICPS-PLCBEAD_PLCEmbed-c78a56f/PLC-BEAD/Source/GEB/building_BOILER/BOILER.ST,3e1f43daaa4ef6db6cc5232cc16553c002d47234c38ebc736fdeb350301b3bc6,BOILER_Block,,program0,True,True,True,TP,explicit FUNCTION_BLOCK declaration in mapped Structured Text source,production: GEB-scoped dt_FB_; probe: ungated core_symbol_text contains dt_FB_,DERIVED_EVIDENCE,
geb_BUFFER_COMP,BUFFER_COMP,GEB,fold_8,UNIQUE,1,AICPS-PLCBEAD_PLCEmbed-c78a56f/PLC-BEAD/Source/GEB/BUFFER_COMP/BUFFER_COMP.ST,a9bca2903097cc9ba8876b33b77ac1f8d9c71313ec6c4fda1776cf603243b1a4,BUFFER_COMP_Block,,program0,True,True,True,TP,explicit FUNCTION_BLOCK declaration in mapped Structured Text source,production: GEB-scoped dt_FB_; probe: ungated core_symbol_text contains dt_FB_,DERIVED_EVIDENCE,
geb_BUFFER_COMP_NW,BUFFER_COMP_NW,GEB,fold_9,MULTIPLE_CONSISTENT,2,AICPS-PLCBEAD_PLCEmbed-c78a56f/PLC-BEAD/Source/GEB/Network_BUFFER_COMP_NW/BUFFER_COMP_NW.ST;AICPS-PLCBEAD_PLCEmbed-c78a56f/PLC-BEAD/Source/GEB/sample_project/oscat/Network/BUFFER_COMP_NW.ST,11f6270d3ba7a3e60a1fabe469470f58fe5135e33ed4b7be1eff23e06f690558;0767687dd60a7eb60500666b457de3f3bc7fab9aeace023850fb18907a7f118f,BUFFER_COMP_NW,,instance0;program0,True,True,True,TP,explicit FUNCTION_BLOCK declaration in mapped Structured Text source,production: GEB-scoped dt_FB_; probe: ungated core_symbol_text contains dt_FB_,DERIVED_EVIDENCE,
geb_BUILDING_VERSION,BUILDING_VERSION,GEB,fold_9,UNIQUE,1,AICPS-PLCBEAD_PLCEmbed-c78a56f/PLC-BEAD/Source/GEB/building_BUILDING_VERSION/BUILDING_VERSION.ST,be6bc7265e0649d84bc70c731781eef00ea0c12743ad04b02f62a82811749bc0,,BUILDING_VERSION;SET_DATE;_INT_TO_UDINT,program0,False,False,False,TN,explicit FUNCTION_BLOCK declaration in mapped Structured Text source,production: GEB-scoped dt_FB_; probe: ungated core_symbol_text contains dt_FB_,DERIVED_EVIDENCE,
geb_BURNER,BURNER,GEB,fold_9,UNIQUE,1,AICPS-PLCBEAD_PLCEmbed-c78a56f/PLC-BEAD/Source/GEB/building_BURNER/BURNER.ST,01b31a2531e48a9f8ccd40892997780f99aa10e46e314eda0f6016bec684a92e,BURNER_Block;ONTIME_Block;T_PLC_MS_block,UDINT_TO_TIME2,program0,True,True,True,TP,explicit FUNCTION_BLOCK declaration in mapped Structured Text source,production: GEB-scoped dt_FB_; probe: ungated core_symbol_text contains dt_FB_,DERIVED_EVIDENCE,
geb_BYTE_OF_BIT,BYTE_OF_BIT,GEB,fold_2,UNIQUE,1,AICPS-PLCBEAD_PLCEmbed-c78a56f/PLC-BEAD/Source/GEB/BYTE_OF_BIT/BYTE_OF_BIT.ST,e630d99de77c09627d894552c2ddf704084168b207844201231d1759f7d960a1,,BYTE_OF_BIT,program0,False,False,False,TN,explicit FUNCTION_BLOCK declaration in mapped Structured Text source,production: GEB-scoped dt_FB_; probe: ungated core_symbol_text contains dt_FB_,DERIVED_EVIDENCE,
geb_BYTE_OF_DWORD,BYTE_OF_DWORD,GEB,fold_3,UNIQUE,1,AICPS-PLCBEAD_PLCEmbed-c78a56f/PLC-BEAD/Source/GEB/BYTE_OF_DWORD/BYTE_OF_DWORD.ST,00386ca9bd3214380e96e00ae6d7cacc11879c7d092ec41c4b54cef07a1e1a70,,BYTE_OF_DWORD;_BYTE_TO_INT,program0,False,False,False,TN,explicit FUNCTION_BLOCK declaration in mapped Structured Text source,production: GEB-scoped dt_FB_; probe: ungated core_symbol_text contains dt_FB_,DERIVED_EVIDENCE,
geb_BYTE_TO_BITS,BYTE_TO_BITS,GEB,fold_4,UNIQUE,1,AICPS-PLCBEAD_PLCEmbed-c78a56f/PLC-BEAD/Source/GEB/BYTE_TO_BITS/BYTE_TO_BITS.ST,d37deb72cb5878719baff2b94489f237188953ddd8f60bbdf98341248b9bbfa2,BYTE_TO_BITS,BIT_OF_DWORD,program0,True,True,True,TP,explicit FUNCTION_BLOCK declaration in mapped Structured Text source,production: GEB-scoped dt_FB_; probe: ungated core_symbol_text contains dt_FB_,DERIVED_EVIDENCE,
geb_BYTE_TO_GRAY,BYTE_TO_GRAY,GEB,fold_5,UNIQUE,1,AICPS-PLCBEAD_PLCEmbed-c78a56f/PLC-BEAD/Source/GEB/BYTE_TO_GRAY/BYTE_TO_GRAY.ST,ef054dabc2289358678584d8372a8511726823da8d4d40600a5248485b716205,,BYTE_TO_GRAY,program0,False,False,False,TN,explicit FUNCTION_BLOCK declaration in mapped Structured Text source,production: GEB-scoped dt_FB_; probe: ungated core_symbol_text contains dt_FB_,DERIVED_EVIDENCE,
geb_BYTE_TO_RANGE,BYTE_TO_RANGE,GEB,fold_4,UNIQUE,1,AICPS-PLCBEAD_PLCEmbed-c78a56f/PLC-BEAD/Source/GEB/BYTE_TO_RANGE/BYTE_TO_RANGE.ST,b1ae75388838e4c0998eac4e3f426103635352a714e0bdfb460df85ffdad8f1a,,BYTE_TO_RANGE;_BYTE_TO_REAL,program0,False,False,False,TN,explicit FUNCTION_BLOCK declaration in mapped Structured Text source,production: GEB-scoped dt_FB_; probe: ungated core_symbol_text contains dt_FB_,DERIVED_EVIDENCE,
geb_BYTE_TO_STRB,BYTE_TO_STRB,GEB,fold_1,UNIQUE,1,AICPS-PLCBEAD_PLCEmbed-c78a56f/PLC-BEAD/Source/GEB/BYTE_TO_STRB/BYTE_TO_STRB.ST,f1e3a9a0f5d607598e4518d239711bcfb1633d092c726fb4b215c675a8f0b377,BYTE_TO_STRB_Block,,program0,True,True,True,TP,explicit FUNCTION_BLOCK declaration in mapped Structured Text source,production: GEB-scoped dt_FB_; probe: ungated core_symbol_text contains dt_FB_,DERIVED_EVIDENCE,
geb_BYTE_TO_STRH,BYTE_TO_STRH,GEB,fold_2,UNIQUE,1,AICPS-PLCBEAD_PLCEmbed-c78a56f/PLC-BEAD/Source/GEB/BYTE_TO_STRH/BYTE_TO_STRH.ST,58a906736e8f949591e6e7490a497c622d8f0a46568b901dac7938ea3de141a0,BYTE_TO_STRH_Block,,program0,True,True,True,TP,explicit FUNCTION_BLOCK declaration in mapped Structured Text source,production: GEB-scoped dt_FB_; probe: ungated core_symbol_text contains dt_FB_,DERIVED_EVIDENCE,
geb_BYTE_TO_TIME,BYTE_TO_TIME,GEB,fold_6,UNIQUE,1,AICPS-PLCBEAD_PLCEmbed-c78a56f/PLC-BEAD/Source/GEB/BYTE_TO_TIME/BYTE_TO_TIME.ST,ae62ff7880ff4ae54244a2bfcedb09c06e0be95a9ba54159872b9585389274a5,,BYTE_TO_TIME2;_BYTE_TO_INT,program0,False,False,False,TN,explicit FUNCTION_BLOCK declaration in mapped Structured Text source,production: GEB-scoped dt_FB_; probe: ungated core_symbol_text contains dt_FB_,DERIVED_EVIDENCE,
geb_B_TRIG,B_TRIG,GEB,fold_1,UNIQUE,1,AICPS-PLCBEAD_PLCEmbed-c78a56f/PLC-BEAD/Source/GEB/B_TRIG/B_TRIG.ST,fffc99a849d2746becc902f2b74f61568d3e15cd35857e7641f338a05fb71dd5,B_TRIG,,program0,True,True,True,TP,explicit FUNCTION_BLOCK declaration in mapped Structured Text source,production: GEB-scoped dt_FB_; probe: ungated core_symbol_text contains dt_FB_,DERIVED_EVIDENCE,
geb_CABS,CABS,GEB,fold_0,UNIQUE,1,AICPS-PLCBEAD_PLCEmbed-c78a56f/PLC-BEAD/Source/GEB/CABS/CABS.ST,ea3cc6b18dd0363eed87b9afc47057a073c9dd5a7b9809dbd7b5e5b0d737de8b,CABS_Block,HYPOT,program0,True,True,True,TP,explicit FUNCTION_BLOCK declaration in mapped Structured Text source,production: GEB-scoped dt_FB_; probe: ungated core_symbol_text contains dt_FB_,DERIVED_EVIDENCE,
geb_CACOS,CACOS,GEB,fold_1,UNIQUE,1,AICPS-PLCBEAD_PLCEmbed-c78a56f/PLC-BEAD/Source/GEB/CACOS/CACOS.ST,9d38b1b7b71d2ef741ad5fca3073cc2096f5a4f5bc37e7532567c2c96a849eaa,CACOSH_Block;CACOS_Block;CLOG_Block;CSQRT_Block,ATAN2;HYPOT;SGN,program0,True,True,True,TP,explicit FUNCTION_BLOCK declaration in mapped Structured Text source,production: GEB-scoped dt_FB_; probe: ungated core_symbol_text contains dt_FB_,DERIVED_EVIDENCE,
geb_CACOSH,CACOSH,GEB,fold_2,UNIQUE,1,AICPS-PLCBEAD_PLCEmbed-c78a56f/PLC-BEAD/Source/GEB/CACOSH/CACOSH.ST,ecee2f6957a4c532fbed4f9b0b87ba22438581c861dce8c9338e43bb5fc6c0b9,CACOSH_Block;CLOG_Block;CSQRT_Block,ATAN2;HYPOT;SGN,program0,True,True,True,TP,explicit FUNCTION_BLOCK declaration in mapped Structured Text source,production: GEB-scoped dt_FB_; probe: ungated core_symbol_text contains dt_FB_,DERIVED_EVIDENCE,
geb_CADD,CADD,GEB,fold_3,UNIQUE,1,AICPS-PLCBEAD_PLCEmbed-c78a56f/PLC-BEAD/Source/GEB/CADD/CADD.ST,43c981d9162ded748e2e461cf3a184ff8c8a561b8ddf252c5e101c3334c4e032,CADD_Block,,program0,True,True,True,TP,explicit FUNCTION_BLOCK declaration in mapped Structured Text source,production: GEB-scoped dt_FB_; probe: ungated core_symbol_text contains dt_FB_,DERIVED_EVIDENCE,
geb_CALENDAR_CALC,CALENDAR_CALC,GEB,fold_0,UNIQUE,1,AICPS-PLCBEAD_PLCEmbed-c78a56f/PLC-BEAD/Source/GEB/CALENDAR_CALC/CALENDAR_CALC.ST,fb86749e395670ae2b8a2fdecf9dfbf38b079eabad420f029cdc4d4fdba9ee20,CALENDAR_CALC;HOLIDAY_Block;SETUP_LANGUAGE_Block;SETUP_LOCATION;SETUP_WEEKDAYS;SUN_POS;SUN_TIME_Block,DATE_ADD;DAY_OF_DATE;DAY_OF_MONTH;DAY_OF_WEEK;DAY_OF_YEAR;DAY_OF_YEAR_UDINT;DEG;DST;DT_TO_DATE2;DT_TO_TOD2;EASTER;FLOOR2;HOUR;HOUR_TO_TIME;HOUR_TO_TOD;LEAP_OF_DATE;LEAP_YEAR;MODR;MONTH_OF_DATE;RAD;REFRACTION;SET_DATE;SET_DT;SUN_MIDDAY;SUN_MIDDAY_UDINT;TIME_TO_UDINT2;TOD_TO_REAL2;UTC_TO_LTIME;WORK_WEEK;YEAR_BEGIN;YEAR_OF_DATE;_INT_TO_UDINT;_REAL_TO_UDINT,program0,True,True,True,TP,explicit FUNCTION_BLOCK declaration in mapped Structured Text source,production: GEB-scoped dt_FB_; probe: ungated core_symbol_text contains dt_FB_,DERIVED_EVIDENCE,
geb_CALIBRATE,CALIBRATE,GEB,fold_2,UNIQUE,1,AICPS-PLCBEAD_PLCEmbed-c78a56f/PLC-BEAD/Source/GEB/CALIBRATE/CALIBRATE.ST,cde469523d98989e814a771f7ec73195c22bc1bcab12bde76a9d30e661d84c9f,CALIBRATE,,program0,True,True,True,TP,explicit FUNCTION_BLOCK declaration in mapped Structured Text source,production: GEB-scoped dt_FB_; probe: ungated core_symbol_text contains dt_FB_,DERIVED_EVIDENCE,
geb_CARG,CARG,GEB,fold_4,UNIQUE,1,AICPS-PLCBEAD_PLCEmbed-c78a56f/PLC-BEAD/Source/GEB/CARG/CARG.ST,a155bcb05158ba79e5e362d752bd0f7c48e5a47ba6e3a4cb041e03d0061ed1ca,CARG_Block,ATAN2,program0,True,True,True,TP,explicit FUNCTION_BLOCK declaration in mapped Structured Text source,production: GEB-scoped dt_FB_; probe: ungated core_symbol_text contains dt_FB_,DERIVED_EVIDENCE,
geb_CASIN,CASIN,GEB,fold_5,UNIQUE,1,AICPS-PLCBEAD_PLCEmbed-c78a56f/PLC-BEAD/Source/GEB/CASIN/CASIN.ST,9e6d7bdfd767a57ed0e22d8c2c9fc2c00168c671a69f791c00aa6aa4ebd174f8,CASINH_Block;CASIN_Block;CLOG_Block;CSQRT_Block,ATAN2;HYPOT;SGN,program0,True,True,True,TP,explicit FUNCTION_BLOCK declaration in mapped Structured Text source,production: GEB-scoped dt_FB_; probe: ungated core_symbol_text contains dt_FB_,DERIVED_EVIDENCE,
geb_CASINH,CASINH,GEB,fold_6,UNIQUE,1,AICPS-PLCBEAD_PLCEmbed-c78a56f/PLC-BEAD/Source/GEB/CASINH/CASINH.ST,41b31af69cbdd0396ca94a56073fa3939c756ae05932a6e70dcbc5f04bfa37e0,CASINH_Block;CLOG_Block;CSQRT_Block,ATAN2;HYPOT;SGN,program0,True,True,True,TP,explicit FUNCTION_BLOCK declaration in mapped Structured Text source,production: GEB-scoped dt_FB_; probe: ungated core_symbol_text contains dt_FB_,DERIVED_EVIDENCE,
geb_CATAN,CATAN,GEB,fold_7,UNIQUE,1,AICPS-PLCBEAD_PLCEmbed-c78a56f/PLC-BEAD/Source/GEB/CATAN/CATAN.ST,fc5dd50cf45d93f2c38fef930c0e69e8a68240516cc77b9c745489de91598719,CATAN_Block,,program0,True,True,True,TP,explicit FUNCTION_BLOCK declaration in mapped Structured Text source,production: GEB-scoped dt_FB_; probe: ungated core_symbol_text contains dt_FB_,DERIVED_EVIDENCE,
geb_CATANH,CATANH,GEB,fold_8,UNIQUE,1,AICPS-PLCBEAD_PLCEmbed-c78a56f/PLC-BEAD/Source/GEB/CATANH/CATANH.ST,19866bef81a38979bae15b04bd14b9d6bdb6bbee564fe7879401708ac098c97e,CATANH_Block,,program0,True,True,True,TP,explicit FUNCTION_BLOCK declaration in mapped Structured Text source,production: GEB-scoped dt_FB_; probe: ungated core_symbol_text contains dt_FB_,DERIVED_EVIDENCE,
geb_CAUCHY,CAUCHY,GEB,fold_9,UNIQUE,1,AICPS-PLCBEAD_PLCEmbed-c78a56f/PLC-BEAD/Source/GEB/CAUCHY/CAUCHY.ST,13a491985f51e7e9d2971da20c2203418bc0b2146f87a4f3fe144fd98a63ebcb,,CAUCHY,program0,False,False,False,TN,explicit FUNCTION_BLOCK declaration in mapped Structured Text source,production: GEB-scoped dt_FB_; probe: ungated core_symbol_text contains dt_FB_,DERIVED_EVIDENCE,
geb_CAUCHYCD,CAUCHYCD,GEB,fold_0,UNIQUE,1,AICPS-PLCBEAD_PLCEmbed-c78a56f/PLC-BEAD/Source/GEB/CAUCHYCD/CAUCHYCD.ST,018eb52c72e10da99647fe1673156b1a035f3ba8b8e05165ab8a30c76f978d9b,,CAUCHYCD,program0,False,False,False,TN,explicit FUNCTION_BLOCK declaration in mapped Structured Text source,production: GEB-scoped dt_FB_; probe: ungated core_symbol_text contains dt_FB_,DERIVED_EVIDENCE,
geb_CCON,CCON,GEB,fold_9,UNIQUE,1,AICPS-PLCBEAD_PLCEmbed-c78a56f/PLC-BEAD/Source/GEB/CCON/CCON.ST,cc119e442567a5a2f4dac281f8c824f6ca4c5b0b2df3c3adec95abaf36eefb0a,CCON_Block,,program0,True,True,True,TP,explicit FUNCTION_BLOCK declaration in mapped Structured Text source,production: GEB-scoped dt_FB_; probe: ungated core_symbol_text contains dt_FB_,DERIVED_EVIDENCE,
geb_CCOS,CCOS,GEB,fold_0,UNIQUE,1,AICPS-PLCBEAD_PLCEmbed-c78a56f/PLC-BEAD/Source/GEB/CCOS/CCOS.ST,c4d7d7bea03080845d0dd595a70e09d55484991e8f41e91b3c248166a607c1fb,CCOSH_Block;CCOS_Block;CSET_Block,COSH;SINH,program0,True,True,True,TP,explicit FUNCTION_BLOCK declaration in mapped Structured Text source,production: GEB-scoped dt_FB_; probe: ungated core_symbol_text contains dt_FB_,DERIVED_EVIDENCE,
geb_CCOSH,CCOSH,GEB,fold_1,UNIQUE,1,AICPS-PLCBEAD_PLCEmbed-c78a56f/PLC-BEAD/Source/GEB/CCOSH/CCOSH.ST,7e5aa379627d5b41cba764da04abd0a79dc0fd0fbedac6132e0e7d783c02d90c,CCOSH_Block,COSH;SINH,program0,True,True,True,TP,explicit FUNCTION_BLOCK declaration in mapped Structured Text source,production: GEB-scoped dt_FB_; probe: ungated core_symbol_text contains dt_FB_,DERIVED_EVIDENCE,
geb_CDIV,CDIV,GEB,fold_2,UNIQUE,1,AICPS-PLCBEAD_PLCEmbed-c78a56f/PLC-BEAD/Source/GEB/CDIV/CDIV.ST,c9c1a8e61b86d2e17e41f6dd38e6edc57969c3eb43609e0ca1a9c494e63803e5,CDIV_Block,,program0,True,True,True,TP,explicit FUNCTION_BLOCK declaration in mapped Structured Text source,production: GEB-scoped dt_FB_; probe: ungated core_symbol_text contains dt_FB_,DERIVED_EVIDENCE,
geb_CEIL,CEIL,GEB,fold_1,UNIQUE,1,AICPS-PLCBEAD_PLCEmbed-c78a56f/PLC-BEAD/Source/GEB/CEIL/CEIL.ST,12df5a64740d8d4af088b5b43bd3d28099a21061f8b4fe40fdeb85aabf5755ba,,CEIL,program0,False,False,False,TN,explicit FUNCTION_BLOCK declaration in mapped Structured Text source,production: GEB-scoped dt_FB_; probe: ungated core_symbol_text contains dt_FB_,DERIVED_EVIDENCE,
geb_CEIL2,CEIL2,GEB,fold_2,UNIQUE,1,AICPS-PLCBEAD_PLCEmbed-c78a56f/PLC-BEAD/Source/GEB/CEIL2/CEIL2.ST,372cd418a00f663ecbb6cba8a436d9be0c411022701dbb082dc8aacc27e6fbe2,,CEIL2;_REAL_TO_DINT,program0,False,False,False,TN,explicit FUNCTION_BLOCK declaration in mapped Structured Text source,production: GEB-scoped dt_FB_; probe: ungated core_symbol_text contains dt_FB_,DERIVED_EVIDENCE,
geb_CEXP,CEXP,GEB,fold_3,UNIQUE,1,AICPS-PLCBEAD_PLCEmbed-c78a56f/PLC-BEAD/Source/GEB/CEXP/CEXP.ST,263694f75034131afe6e170cdf927f50c46adf376b9dd39bf989672122051333,CEXP_Block,,program0,True,True,True,TP,explicit FUNCTION_BLOCK declaration in mapped Structured Text source,production: GEB-scoped dt_FB_; probe: ungated core_symbol_text contains dt_FB_,DERIVED_EVIDENCE,
geb_CHARNAME,CHARNAME,GEB,fold_3,UNIQUE,1,AICPS-PLCBEAD_PLCEmbed-c78a56f/PLC-BEAD/Source/GEB/CHARNAME/CHARNAME.ST,c62e0b40c81e2f7bf57fa727b1cb46f46c5f2fb1abab91d9900dd2559534f312,CHARNAME_Block;CHR_TO_STRING_Block;SETUP_CHARNAMES_Block,,program0,True,True,True,TP,explicit FUNCTION_BLOCK declaration in mapped Structured Text source,production: GEB-scoped dt_FB_; probe: ungated core_symbol_text contains dt_FB_,DERIVED_EVIDENCE,
geb_CHECK_PARITY,CHECK_PARITY,GEB,fold_7,UNIQUE,1,AICPS-PLCBEAD_PLCEmbed-c78a56f/PLC-BEAD/Source/GEB/CHECK_PARITY/CHECK_PARITY.ST,fac31591996dc0d11f84d680dc211533862ba176ebfda4b7c8a24b7015ffc911,,BIT_OF_DWORD;CHECK_PARITY,program0,False,False,False,TN,explicit FUNCTION_BLOCK declaration in mapped Structured Text source,production: GEB-scoped dt_FB_; probe: ungated core_symbol_text contains dt_FB_,DERIVED_EVIDENCE,
geb_CHR_TO_STRING,CHR_TO_STRING,GEB,fold_4,UNIQUE,1,AICPS-PLCBEAD_PLCEmbed-c78a56f/PLC-BEAD/Source/GEB/CHR_TO_STRING/CHR_TO_STRING.ST,5acd974153aea80b5e7b91d3840eb8c5976c9ca44ef48d9893f4ed5aa70bf1af,CHR_TO_STRING_Block,,program0,True,True,True,TP,explicit FUNCTION_BLOCK declaration in mapped Structured Text source,production: GEB-scoped dt_FB_; probe: ungated core_symbol_text contains dt_FB_,DERIVED_EVIDENCE,
geb_CINV,CINV,GEB,fold_4,UNIQUE,1,AICPS-PLCBEAD_PLCEmbed-c78a56f/PLC-BEAD/Source/GEB/CINV/CINV.ST,5900928b05bc7b9a777b60d17b4405dea1bbfef9d4fd243dbfafc01d51298eb7,CINV_Block,,program0,True,True,True,TP,explicit FUNCTION_BLOCK declaration in mapped Structured Text source,production: GEB-scoped dt_FB_; probe: ungated core_symbol_text contains dt_FB_,DERIVED_EVIDENCE,
geb_CIRCLE_A,CIRCLE_A,GEB,fold_0,UNIQUE,1,AICPS-PLCBEAD_PLCEmbed-c78a56f/PLC-BEAD/Source/GEB/CIRCLE_A/CIRCLE_A.ST,005f0ffaa8280acd918668d7b68e4b482a6263b3b4c6e168968805e28938c713,,CIRCLE_A,program0,False,False,False,TN,explicit FUNCTION_BLOCK declaration in mapped Structured Text source,production: GEB-scoped dt_FB_; probe: ungated core_symbol_text contains dt_FB_,DERIVED_EVIDENCE,
geb_CIRCLE_C,CIRCLE_C,GEB,fold_1,UNIQUE,1,AICPS-PLCBEAD_PLCEmbed-c78a56f/PLC-BEAD/Source/GEB/CIRCLE_C/CIRCLE_C.ST,eaf9377bfaaa69bda9aa9f2fb2d1c2a2e536593b8cd05ee9234af4a26e9f091a,,CIRCLE_C,program0,False,False,False,TN,explicit FUNCTION_BLOCK declaration in mapped Structured Text source,production: GEB-scoped dt_FB_; probe: ungated core_symbol_text contains dt_FB_,DERIVED_EVIDENCE,
geb_CIRCLE_SEG,CIRCLE_SEG,GEB,fold_2,UNIQUE,1,AICPS-PLCBEAD_PLCEmbed-c78a56f/PLC-BEAD/Source/GEB/CIRCLE_SEG/CIRCLE_SEG.ST,86600a69a9fe8274e3bb8194887deb6fc81ca1aef76e2ef82a07e627f41dfb3d,,CIRCLE_SEG,program0,False,False,False,TN,explicit FUNCTION_BLOCK declaration in mapped Structured Text source,production: GEB-scoped dt_FB_; probe: ungated core_symbol_text contains dt_FB_,DERIVED_EVIDENCE,
geb_CLEAN,CLEAN,GEB,fold_5,UNIQUE,1,AICPS-PLCBEAD_PLCEmbed-c78a56f/PLC-BEAD/Source/GEB/CLEAN/CLEAN.ST,c105c5a9870e1572f0f2e681723a8be156f95a9c39fa771c1e4bdb45510cd7c1,CLEAN_Block,,program0,True,True,True,TP,explicit FUNCTION_BLOCK declaration in mapped Structured Text source,production: GEB-scoped dt_FB_; probe: ungated core_symbol_text contains dt_FB_,DERIVED_EVIDENCE,
geb_CLICK_CNT,CLICK_CNT,GEB,fold_2,UNIQUE,1,AICPS-PLCBEAD_PLCEmbed-c78a56f/PLC-BEAD/Source/GEB/CLICK_CNT/CLICK_CNT.ST,c1635891f2e4e09b20f74b1341858055909adf9998b989016462bb647f21e633,CLICK_CNT,,program0,True,True,True,TP,explicit FUNCTION_BLOCK declaration in mapped Structured Text source,production: GEB-scoped dt_FB_; probe: ungated core_symbol_text contains dt_FB_,DERIVED_EVIDENCE,
geb_CLICK_DEC,CLICK_DEC,GEB,fold_3,UNIQUE,1,AICPS-PLCBEAD_PLCEmbed-c78a56f/PLC-BEAD/Source/GEB/CLICK_DEC/CLICK_DEC.ST,00d4c7be09ac637fe373116376cb0ae569771b24c10bd250736590c11431c036,CLICK_DEC,,program0,True,True,True,TP,explicit FUNCTION_BLOCK declaration in mapped Structured Text source,production: GEB-scoped dt_FB_; probe: ungated core_symbol_text contains dt_FB_,DERIVED_EVIDENCE,
geb_CLK_DIV,CLK_DIV,GEB,fold_4,UNIQUE,1,AICPS-PLCBEAD_PLCEmbed-c78a56f/PLC-BEAD/Source/GEB/CLK_DIV/CLK_DIV.ST,6376fa6c85485f61813a5364a603771146266e46babb56e22a36aa315fb22b96,CLK_DIV,BIT_OF_DWORD,program0,True,True,True,TP,explicit FUNCTION_BLOCK declaration in mapped Structured Text source,production: GEB-scoped dt_FB_; probe: ungated core_symbol_text contains dt_FB_,DERIVED_EVIDENCE,
geb_CLK_N,CLK_N,GEB,fold_5,UNIQUE,1,AICPS-PLCBEAD_PLCEmbed-c78a56f/PLC-BEAD/Source/GEB/CLK_N/CLK_N.ST,67a9b38d33c9f3c011fa0c570a78fd41adc10c87cd2b8e34e2f1c86a8fe46e1b,CLK_N;T_PLC_MS_block,BIT_OF_DWORD,program0,True,True,True,TP,explicit FUNCTION_BLOCK declaration in mapped Structured Text source,production: GEB-scoped dt_FB_; probe: ungated core_symbol_text contains dt_FB_,DERIVED_EVIDENCE,
geb_CLK_PRG,CLK_PRG,GEB,fold_6,UNIQUE,1,AICPS-PLCBEAD_PLCEmbed-c78a56f/PLC-BEAD/Source/GEB/CLK_PRG/CLK_PRG.ST,f6b352341e8949ec54a2385f5e57a3b919b15da7c299f505d845182fc13d15d5,CLK_PRG;T_PLC_MS_block,,program0,True,True,True,TP,explicit FUNCTION_BLOCK declaration in mapped Structured Text source,production: GEB-scoped dt_FB_; probe: ungated core_symbol_text contains dt_FB_,DERIVED_EVIDENCE,
geb_CLK_PULSE,CLK_PULSE,GEB,fold_7,UNIQUE,1,AICPS-PLCBEAD_PLCEmbed-c78a56f/PLC-BEAD/Source/GEB/CLK_PULSE/CLK_PULSE.ST,fc44360c05daa7f295d9b0a05ae8f18768460db1a240c4faf14b9639e7595b18,CLK_PULSE;T_PLC_MS_block,TIME_TO_UDINT2,program0,True,True,True,TP,explicit FUNCTION_BLOCK declaration in mapped Structured Text source,production: GEB-scoped dt_FB_; probe: ungated core_symbol_text contains dt_FB_,DERIVED_EVIDENCE,
geb_CLOG,CLOG,GEB,fold_5,UNIQUE,1,AICPS-PLCBEAD_PLCEmbed-c78a56f/PLC-BEAD/Source/GEB/CLOG/CLOG.ST,f7040a318dfd0ab37f6f476e9d041da0fec3309b420fb2e0e2cebbffac05bfee,CLOG_Block,ATAN2;HYPOT,program0,True,True,True,TP,explicit FUNCTION_BLOCK declaration in mapped Structured Text source,production: GEB-scoped dt_FB_; probe: ungated core_symbol_text contains dt_FB_,DERIVED_EVIDENCE,
geb_CMP,CMP,GEB,fold_3,UNIQUE,1,AICPS-PLCBEAD_PLCEmbed-c78a56f/PLC-BEAD/Source/GEB/CMP/CMP.ST,6404bb3f2f8d9546c3cbe80411d0cda1d0262c9876bf9c489ad28d2affc488e1,,CMP;EXP10;FLOOR,program0,False,False,False,TN,explicit FUNCTION_BLOCK declaration in mapped Structured Text source,production: GEB-scoped dt_FB_; probe: ungated core_symbol_text contains dt_FB_,DERIVED_EVIDENCE,
geb_CMUL,CMUL,GEB,fold_6,UNIQUE,1,AICPS-PLCBEAD_PLCEmbed-c78a56f/PLC-BEAD/Source/GEB/CMUL/CMUL.ST,37b90fd1b0beac065e40e2d750f79c4fe896e10e60a82310c224fcd292190d9d,CMUL_Block,,program0,True,True,True,TP,explicit FUNCTION_BLOCK declaration in mapped Structured Text source,production: GEB-scoped dt_FB_; probe: ungated core_symbol_text contains dt_FB_,DERIVED_EVIDENCE,
geb_CONE_V,CONE_V,GEB,fold_3,UNIQUE,1,AICPS-PLCBEAD_PLCEmbed-c78a56f/PLC-BEAD/Source/GEB/CONE_V/CONE_V.ST,ad8a21857465c387d31c5cc02c4998ee2a56996bb79fa571d884d764d290fd09,,CONE_V,program0,False,False,False,TN,explicit FUNCTION_BLOCK declaration in mapped Structured Text source,production: GEB-scoped dt_FB_; probe: ungated core_symbol_text contains dt_FB_,DERIVED_EVIDENCE,
geb_CONTROL_SET1,CONTROL_SET1,GEB,fold_1,UNIQUE,1,AICPS-PLCBEAD_PLCEmbed-c78a56f/PLC-BEAD/Source/GEB/CONTROL_SET1/CONTROL_SET1.ST,200b6723837f822ceef191eaf64168c688788fc49fd43e52952c31e26105bf04,CONTROL_SET1_Block,,program0,True,True,True,TP,explicit FUNCTION_BLOCK declaration in mapped Structured Text source,production: GEB-scoped dt_FB_; probe: ungated core_symbol_text contains dt_FB_,DERIVED_EVIDENCE,
geb_CONTROL_SET2,CONTROL_SET2,GEB,fold_2,UNIQUE,1,AICPS-PLCBEAD_PLCEmbed-c78a56f/PLC-BEAD/Source/GEB/CONTROL_SET2/CONTROL_SET2.ST,9761c4d9a58bd66d15567cd39d45a8f87a29ef8e5e67ceed65c7a9bee4648571,CONTROL_SET2,,program0,True,True,True,TP,explicit FUNCTION_BLOCK declaration in mapped Structured Text source,production: GEB-scoped dt_FB_; probe: ungated core_symbol_text contains dt_FB_,DERIVED_EVIDENCE,
geb_COSH,COSH,GEB,fold_4,UNIQUE,1,AICPS-PLCBEAD_PLCEmbed-c78a56f/PLC-BEAD/Source/GEB/COSH/COSH.ST,ffd922b5ede017853294afeb1260e97fceb58c8e107cc9682aa20b819105d5d4,,COSH,program0,False,False,False,TN,explicit FUNCTION_BLOCK declaration in mapped Structured Text source,production: GEB-scoped dt_FB_; probe: ungated core_symbol_text contains dt_FB_,DERIVED_EVIDENCE,
geb_COTH,COTH,GEB,fold_5,UNIQUE,1,AICPS-PLCBEAD_PLCEmbed-c78a56f/PLC-BEAD/Source/GEB/COTH/COTH.ST,b1e5024e84d96a14de3fa65314df1fab84beb40dad2fb087a9dc9cc3327c10e9,,COTH,program0,False,False,False,TN,explicit FUNCTION_BLOCK declaration in mapped Structured Text source,production: GEB-scoped dt_FB_; probe: ungated core_symbol_text contains dt_FB_,DERIVED_EVIDENCE,
geb_COUNT_BR,COUNT_BR,GEB,fold_0,UNIQUE,1,AICPS-PLCBEAD_PLCEmbed-c78a56f/PLC-BEAD/Source/GEB/COUNT_BR/COUNT_BR.ST,c2ef8751726deef549019c986a6891a0b6e26c92aa385bac68365f5e76038837,COUNT_BR,INC;_BYTE_TO_INT,program0,True,True,True,TP,explicit FUNCTION_BLOCK declaration in mapped Structured Text source,production: GEB-scoped dt_FB_; probe: ungated core_symbol_text contains dt_FB_,DERIVED_EVIDENCE,
geb_COUNT_DR,COUNT_DR,GEB,fold_1,UNIQUE,1,AICPS-PLCBEAD_PLCEmbed-c78a56f/PLC-BEAD/Source/GEB/COUNT_DR/COUNT_DR.ST,2d131a70c471652912bcbaaa4e78de485f233204a3ded2a9205848f8455a68a4,COUNT_DR,,program0,True,True,True,TP,explicit FUNCTION_BLOCK declaration in mapped Structured Text source,production: GEB-scoped dt_FB_; probe: ungated core_symbol_text contains dt_FB_,DERIVED_EVIDENCE,
geb_COUNT_SUBSTRING,COUNT_SUBSTRING,GEB,fold_6,UNIQUE,1,AICPS-PLCBEAD_PLCEmbed-c78a56f/PLC-BEAD/Source/GEB/COUNT_SUBSTRING/COUNT_SUBSTRING.ST,afa542b9a13f60227099126a96c7321a1e6164a8b59173e40ca235e4abd8ed17,COUNT_SUBSTRING_Block,,program0,True,True,True,TP,explicit FUNCTION_BLOCK declaration in mapped Structured Text source,production: GEB-scoped dt_FB_; probe: ungated core_symbol_text contains dt_FB_,DERIVED_EVIDENCE,
geb_CPOL,CPOL,GEB,fold_7,UNIQUE,1,AICPS-PLCBEAD_PLCEmbed-c78a56f/PLC-BEAD/Source/GEB/CPOL/CPOL.ST,3834ce445e9a88a7acfa8d8781eccadf9b9695aca9e7279887de4de23126baa0,CPOL_Block,,program0,True,True,True,TP,explicit FUNCTION_BLOCK declaration in mapped Structured Text source,production: GEB-scoped dt_FB_; probe: ungated core_symbol_text contains dt_FB_,DERIVED_EVIDENCE,
geb_CPOW,CPOW,GEB,fold_8,UNIQUE,1,AICPS-PLCBEAD_PLCEmbed-c78a56f/PLC-BEAD/Source/GEB/CPOW/CPOW.ST,e2597615852432f8b96bbb07cb733f4fdb313956b570ae003de41783f0a9c63e,CEXP_Block;CLOG_Block;CMUL_Block;CPOW_Block,ATAN2;HYPOT,program0,True,True,True,TP,explicit FUNCTION_BLOCK declaration in mapped Structured Text source,production: GEB-scoped dt_FB_; probe: ungated core_symbol_text contains dt_FB_,DERIVED_EVIDENCE,
geb_CRC_GEN,CRC_GEN,GEB,fold_8,UNIQUE,1,AICPS-PLCBEAD_PLCEmbed-c78a56f/PLC-BEAD/Source/GEB/CRC_GEN/CRC_GEN.ST,0b909506e3209f7c33ae87c0b1f3cc7e7ed51cd04229789188b60a1c301a81b4,CRC_GEN_Block,REFLECT;REVERSE,program0,True,True,True,TP,explicit FUNCTION_BLOCK declaration in mapped Structured Text source,production: GEB-scoped dt_FB_; probe: ungated core_symbol_text contains dt_FB_,DERIVED_EVIDENCE,
geb_CSET,CSET,GEB,fold_9,UNIQUE,1,AICPS-PLCBEAD_PLCEmbed-c78a56f/PLC-BEAD/Source/GEB/CSET/CSET.ST,4b922a0fb046a981c7d71c61f2d12d9f350322121a3863937765b767a77892e4,CSET_Block,,program0,True,True,True,TP,explicit FUNCTION_BLOCK declaration in mapped Structured Text source,production: GEB-scoped dt_FB_; probe: ungated core_symbol_text contains dt_FB_,DERIVED_EVIDENCE,
geb_CSIN,CSIN,GEB,fold_0,UNIQUE,1,AICPS-PLCBEAD_PLCEmbed-c78a56f/PLC-BEAD/Source/GEB/CSIN/CSIN.ST,93c4ca9c10bb51f8525e19076652bf107a1e91ce787f39390103cfcff150193e,CSIN_Block,COSH;SINH,program0,True,True,True,TP,explicit FUNCTION_BLOCK declaration in mapped Structured Text source,production: GEB-scoped dt_FB_; probe: ungated core_symbol_text contains dt_FB_,DERIVED_EVIDENCE,
geb_CSINH,CSINH,GEB,fold_1,UNIQUE,1,AICPS-PLCBEAD_PLCEmbed-c78a56f/PLC-BEAD/Source/GEB/CSINH/CSINH.ST,cdfb28e49fe59a03a53a98c8aa6ae428aa34bbc3c169b296d25cb92f5be618f4,CSINH_Block,COSH;SINH,program0,True,True,True,TP,explicit FUNCTION_BLOCK declaration in mapped Structured Text source,production: GEB-scoped dt_FB_; probe: ungated core_symbol_text contains dt_FB_,DERIVED_EVIDENCE,
geb_CSQRT,CSQRT,GEB,fold_2,UNIQUE,1,AICPS-PLCBEAD_PLCEmbed-c78a56f/PLC-BEAD/Source/GEB/CSQRT/CSQRT.ST,66a11bf33e9dc06ca9c1336d4c9f46b512f2af9673f2fd160922f2c5505f4d6c,CSQRT_Block,HYPOT;SGN,program0,True,True,True,TP,explicit FUNCTION_BLOCK declaration in mapped Structured Text source,production: GEB-scoped dt_FB_; probe: ungated core_symbol_text contains dt_FB_,DERIVED_EVIDENCE,
geb_CSUB,CSUB,GEB,fold_3,UNIQUE,1,AICPS-PLCBEAD_PLCEmbed-c78a56f/PLC-BEAD/Source/GEB/CSUB/CSUB.ST,a12509ae43944e28becf24ec92d49b88e2da906147eb9ff145e78156d1d3b20d,CSUB_Block,,program0,True,True,True,TP,explicit FUNCTION_BLOCK declaration in mapped Structured Text source,production: GEB-scoped dt_FB_; probe: ungated core_symbol_text contains dt_FB_,DERIVED_EVIDENCE,
geb_CTAN,CTAN,GEB,fold_4,UNIQUE,1,AICPS-PLCBEAD_PLCEmbed-c78a56f/PLC-BEAD/Source/GEB/CTAN/CTAN.ST,082b1027e596f9c4f9f1a23cdfe8d52afa9b50c8b75e1b35bc8b4058bf7a8507,CTAN_Block,COSH;SINH,program0,True,True,True,TP,explicit FUNCTION_BLOCK declaration in mapped Structured Text source,production: GEB-scoped dt_FB_; probe: ungated core_symbol_text contains dt_FB_,DERIVED_EVIDENCE,
geb_CTANH,CTANH,GEB,fold_5,UNIQUE,1,AICPS-PLCBEAD_PLCEmbed-c78a56f/PLC-BEAD/Source/GEB/CTANH/CTANH.ST,86ae2c6bec85d42261af739a2a5287388877c003312cd310bc41579cdf03046a,CTANH_Block,COSH;SINH,program0,True,True,True,TP,explicit FUNCTION_BLOCK declaration in mapped Structured Text source,production: GEB-scoped dt_FB_; probe: ungated core_symbol_text contains dt_FB_,DERIVED_EVIDENCE,
geb_CTRL_IN,CTRL_IN,GEB,fold_3,UNIQUE,1,AICPS-PLCBEAD_PLCEmbed-c78a56f/PLC-BEAD/Source/GEB/CTRL_IN/CTRL_IN.ST,f80b5e24c72429c3a34cf37a20d1ecd6ca70a22a0b78787780d9e6517927ed03,,CTRL_IN;DEAD_ZONE,program0,False,False,False,TN,explicit FUNCTION_BLOCK declaration in mapped Structured Text source,production: GEB-scoped dt_FB_; probe: ungated core_symbol_text contains dt_FB_,DERIVED_EVIDENCE,
geb_CTRL_OUT,CTRL_OUT,GEB,fold_4,UNIQUE,1,AICPS-PLCBEAD_PLCEmbed-c78a56f/PLC-BEAD/Source/GEB/CTRL_OUT/CTRL_OUT.ST,62a792ca336325fdf14f4d32e6d1a0689754076c62e070813849cdff2fd040dc,CTRL_OUT,,program0,True,True,True,TP,explicit FUNCTION_BLOCK declaration in mapped Structured Text source,production: GEB-scoped dt_FB_; probe: ungated core_symbol_text contains dt_FB_,DERIVED_EVIDENCE,
geb_CTRL_PI,CTRL_PI,GEB,fold_5,UNIQUE,1,AICPS-PLCBEAD_PLCEmbed-c78a56f/PLC-BEAD/Source/GEB/CTRL_PI/CTRL_PI.ST,598c383be5244248ab19b23f2c773ef55c0a8b5a7ea1c9cd601807bb869a3c37,CTRL_OUT;CTRL_PI;FT_PIWL;T_PLC_US_Block,CTRL_IN;DEAD_ZONE,program0,True,True,True,TP,explicit FUNCTION_BLOCK declaration in mapped Structured Text source,production: GEB-scoped dt_FB_; probe: ungated core_symbol_text contains dt_FB_,DERIVED_EVIDENCE,
geb_CTRL_PID,CTRL_PID,GEB,fold_6,UNIQUE,1,AICPS-PLCBEAD_PLCEmbed-c78a56f/PLC-BEAD/Source/GEB/CTRL_PID/CTRL_PID.ST,ba68fb0791a9240765adbb32ab1fe6ff676a9b5dae4519fa73020961833b7d0f,CTRL_OUT;CTRL_PID;FT_DERIV;FT_PIDWL;FT_PIWL;T_PLC_US_Block,CTRL_IN;DEAD_ZONE,program0,True,True,True,TP,explicit FUNCTION_BLOCK declaration in mapped Structured Text source,production: GEB-scoped dt_FB_; probe: ungated core_symbol_text contains dt_FB_,DERIVED_EVIDENCE,
geb_CTRL_PWM,CTRL_PWM,GEB,fold_7,UNIQUE,1,AICPS-PLCBEAD_PLCEmbed-c78a56f/PLC-BEAD/Source/GEB/CTRL_PWM/CTRL_PWM.ST,c5f4e4d7ac36100f93c34361a91928666f495cd3080b71c65a83974cd8adfa45,CLK_PRG;CTRL_PWM;PWM_DC;TP_X;T_PLC_MS_block,REAL_TO_TIME2;_REAL_TO_UDINT,program0,True,True,True,TP,explicit FUNCTION_BLOCK declaration in mapped Structured Text source,production: GEB-scoped dt_FB_; probe: ungated core_symbol_text contains dt_FB_,DERIVED_EVIDENCE,
geb_CYCLE_4,CYCLE_4,GEB,fold_8,UNIQUE,1,AICPS-PLCBEAD_PLCEmbed-c78a56f/PLC-BEAD/Source/GEB/CYCLE_4/CYCLE_4.ST,d2d5cc77b2989fc533312e3a16f57c62a80970c3fc6edd37ac4d53326cbf13f0,CYCLE_4;T_PLC_MS_block,,program0,True,True,True,TP,explicit FUNCTION_BLOCK declaration in mapped Structured Text source,production: GEB-scoped dt_FB_; probe: ungated core_symbol_text contains dt_FB_,DERIVED_EVIDENCE,
geb_CYCLE_TIME,CYCLE_TIME,GEB,fold_3,UNIQUE,1,AICPS-PLCBEAD_PLCEmbed-c78a56f/PLC-BEAD/Source/GEB/CYCLE_TIME/CYCLE_TIME.ST,9f43e04fafbed41ba701e51c7fff73962882c5c6840416faa5426c77310aaecf,CYCLE_TIME;T_PLC_MS_block,,program0,True,True,True,TP,explicit FUNCTION_BLOCK declaration in mapped Structured Text source,production: GEB-scoped dt_FB_; probe: ungated core_symbol_text contains dt_FB_,DERIVED_EVIDENCE,
geb_C_TO_F,C_TO_F,GEB,fold_2,UNIQUE,1,AICPS-PLCBEAD_PLCEmbed-c78a56f/PLC-BEAD/Source/GEB/C_TO_F/C_TO_F.ST,498f91d7927a9a830215da939628c1821ca157904ca9d6ab36c79600be923b89,,C_TO_F,program0,False,False,False,TN,explicit FUNCTION_BLOCK declaration in mapped Structured Text source,production: GEB-scoped dt_FB_; probe: ungated core_symbol_text contains dt_FB_,DERIVED_EVIDENCE,
geb_C_TO_K,C_TO_K,GEB,fold_3,UNIQUE,1,AICPS-PLCBEAD_PLCEmbed-c78a56f/PLC-BEAD/Source/GEB/C_TO_K/C_TO_K.ST,92a8bf15cdb877a6b382faf5b94277ee8c6fb8ae421310884a23651bcbd33b56,,C_TO_K,program0,False,False,False,TN,explicit FUNCTION_BLOCK declaration in mapped Structured Text source,production: GEB-scoped dt_FB_; probe: ungated core_symbol_text contains dt_FB_,DERIVED_EVIDENCE,
geb_DATE_ADD,DATE_ADD,GEB,fold_1,UNIQUE,1,AICPS-PLCBEAD_PLCEmbed-c78a56f/PLC-BEAD/Source/GEB/DATE_ADD/DATE_ADD.ST,f811d58ca5515efb96efe9649ceea11d7648332c68f7b67cdbe6aad92f381882,,DATE_ADD;DAY_OF_MONTH;DAY_OF_WEEK;DAY_OF_YEAR;LEAP_OF_DATE;MONTH_OF_DATE;SET_DATE;YEAR_OF_DATE;_INT_TO_UDINT,program0,False,False,False,TN,explicit FUNCTION_BLOCK declaration in mapped Structured Text source,production: GEB-scoped dt_FB_; probe: ungated core_symbol_text contains dt_FB_,DERIVED_EVIDENCE,
geb_DATE_TO_DT,DATE_TO_DT,GEB,fold_2,UNIQUE,1,AICPS-PLCBEAD_PLCEmbed-c78a56f/PLC-BEAD/Source/GEB/DATE_TO_DT/DATE_TO_DT.ST,5154c4218b387e76aa0f9c5d5ab8b6bd2c4eafde8791f0542c886b27f5df9cc9,,DATE_TO_DT2,program0,False,False,False,TN,explicit FUNCTION_BLOCK declaration in mapped Structured Text source,production: GEB-scoped dt_FB_; probe: ungated core_symbol_text contains dt_FB_,DERIVED_EVIDENCE,
geb_DATE_TO_DWORD,DATE_TO_DWORD,GEB,fold_3,UNIQUE,1,AICPS-PLCBEAD_PLCEmbed-c78a56f/PLC-BEAD/Source/GEB/DATE_TO_DWORD/DATE_TO_DWORD.ST,5bc7560d6475232bd8eae42f6f281b88a9f3ba4fd19c19da18d6d969a4ead766,,DATE_TO_DWORD2,program0,False,False,False,TN,explicit FUNCTION_BLOCK declaration in mapped Structured Text source,production: GEB-scoped dt_FB_; probe: ungated core_symbol_text contains dt_FB_,DERIVED_EVIDENCE,
geb_DATE_TO_REAL,DATE_TO_REAL,GEB,fold_4,UNIQUE,1,AICPS-PLCBEAD_PLCEmbed-c78a56f/PLC-BEAD/Source/GEB/DATE_TO_REAL/DATE_TO_REAL.ST,afa5c1d7abaf39cf4d34ef79af2e90b4b073a778f4d5d9e302a898b96492e567,,DATE_TO_REAL2,program0,False,False,False,TN,explicit FUNCTION_BLOCK declaration in mapped Structured Text source,production: GEB-scoped dt_FB_; probe: ungated core_symbol_text contains dt_FB_,DERIVED_EVIDENCE,
geb_DATE_TO_STRING,DATE_TO_STRING,GEB,fold_7,UNIQUE,1,AICPS-PLCBEAD_PLCEmbed-c78a56f/PLC-BEAD/Source/GEB/DATE_TO_STRING/DATE_TO_STRING.ST,e076ee3c763e53eea2475822ff68b36ba329dfe4a87cea47914d588a25bcffe0,DATE_TO_STRING2,DAY_OF_MONTH;DAY_OF_YEAR;LEAP_OF_DATE;MONTH_OF_DATE;YEAR_OF_DATE,program0,True,True,True,TP,explicit FUNCTION_BLOCK declaration in mapped Structured Text source,production: GEB-scoped dt_FB_; probe: ungated core_symbol_text contains dt_FB_,DERIVED_EVIDENCE,
geb_DATE_TO_UDINT,DATE_TO_UDINT,GEB,fold_5,UNIQUE,1,AICPS-PLCBEAD_PLCEmbed-c78a56f/PLC-BEAD/Source/GEB/DATE_TO_UDINT/DATE_TO_UDINT.ST,2e0d2cb8ee9d8fb9166366a22dfdfbab46578f14be1a4070235c4a34fb620955,,DATE_TO_UDINT2,program0,False,False,False,TN,explicit FUNCTION_BLOCK declaration in mapped Structured Text source,production: GEB-scoped dt_FB_; probe: ungated core_symbol_text contains dt_FB_,DERIVED_EVIDENCE,
geb_DAYS_DELTA,DAYS_DELTA,GEB,fold_1,UNIQUE,1,AICPS-PLCBEAD_PLCEmbed-c78a56f/PLC-BEAD/Source/GEB/DAYS_DELTA/DAYS_DELTA.ST,e68a782779a6607dfe28140f3bab558c9562575bdba59a4ca01f1b3d48bb8bbc,,DAYS_DELTA,program0,False,False,False,TN,explicit FUNCTION_BLOCK declaration in mapped Structured Text source,production: GEB-scoped dt_FB_; probe: ungated core_symbol_text contains dt_FB_,DERIVED_EVIDENCE,
geb_DAYS_IN_MONTH,DAYS_IN_MONTH,GEB,fold_2,UNIQUE,1,AICPS-PLCBEAD_PLCEmbed-c78a56f/PLC-BEAD/Source/GEB/DAYS_IN_MONTH/DAYS_IN_MONTH.ST,8c91e28020fcb8c7a66f203b3885aa4c2f0d4132e02743d98ea0d91fc0596c7a,,DAYS_IN_MONTH;DAY_OF_YEAR;LEAP_OF_DATE,program0,False,False,False,TN,explicit FUNCTION_BLOCK declaration in mapped Structured Text source,production: GEB-scoped dt_FB_; probe: ungated core_symbol_text contains dt_FB_,DERIVED_EVIDENCE,
geb_DAYS_IN_YEAR,DAYS_IN_YEAR,GEB,fold_3,UNIQUE,1,AICPS-PLCBEAD_PLCEmbed-c78a56f/PLC-BEAD/Source/GEB/DAYS_IN_YEAR/DAYS_IN_YEAR.ST,97b9fa29cb57969a0666a3c5c51b11efe4056b364d65942dd8d21d633b49ebda,,DAYS_IN_YEAR;LEAP_OF_DATE,program0,False,False,False,TN,explicit FUNCTION_BLOCK declaration in mapped Structured Text source,production: GEB-scoped dt_FB_; probe: ungated core_symbol_text contains dt_FB_,DERIVED_EVIDENCE,
geb_DAY_OF_DATE,DAY_OF_DATE,GEB,fold_6,UNIQUE,1,AICPS-PLCBEAD_PLCEmbed-c78a56f/PLC-BEAD/Source/GEB/DAY_OF_DATE/DAY_OF_DATE.ST,7fcc1416c002020d3c8b1822bba195e1ce68059a915369d995524cc4e6ae1ec7,,DAY_OF_DATE,program0,False,False,False,TN,explicit FUNCTION_BLOCK declaration in mapped Structured Text source,production: GEB-scoped dt_FB_; probe: ungated core_symbol_text contains dt_FB_,DERIVED_EVIDENCE,
geb_DAY_OF_MONTH,DAY_OF_MONTH,GEB,fold_7,UNIQUE,1,AICPS-PLCBEAD_PLCEmbed-c78a56f/PLC-BEAD/Source/GEB/DAY_OF_MONTH/DAY_OF_MONTH.ST,36b386c8b3afb5fb6456265daed1c56e603e0d6d9999aeab4bdb7df5a9962a35,,DAY_OF_MONTH;DAY_OF_YEAR;LEAP_OF_DATE,program0,False,False,False,TN,explicit FUNCTION_BLOCK declaration in mapped Structured Text source,production: GEB-scoped dt_FB_; probe: ungated core_symbol_text contains dt_FB_,DERIVED_EVIDENCE,
geb_DAY_OF_WEEK,DAY_OF_WEEK,GEB,fold_8,UNIQUE,1,AICPS-PLCBEAD_PLCEmbed-c78a56f/PLC-BEAD/Source/GEB/DAY_OF_WEEK/DAY_OF_WEEK.ST,9ce22ac8508f08787947061387a4be26fe59a430025f885acd29d42738e558fd,,DAY_OF_WEEK,program0,False,False,False,TN,explicit FUNCTION_BLOCK declaration in mapped Structured Text source,production: GEB-scoped dt_FB_; probe: ungated core_symbol_text contains dt_FB_,DERIVED_EVIDENCE,
geb_DAY_OF_YEAR,DAY_OF_YEAR,GEB,fold_9,UNIQUE,1,AICPS-PLCBEAD_PLCEmbed-c78a56f/PLC-BEAD/Source/GEB/DAY_OF_YEAR/DAY_OF_YEAR.ST,2965ee97b1a708ae584d93119bb87513524efe0b3b748587e7755b8ed28d55d8,,DAY_OF_YEAR,program0,False,False,False,TN,explicit FUNCTION_BLOCK declaration in mapped Structured Text source,production: GEB-scoped dt_FB_; probe: ungated core_symbol_text contains dt_FB_,DERIVED_EVIDENCE,
geb_DAY_TO_TIME,DAY_TO_TIME,GEB,fold_0,UNIQUE,1,AICPS-PLCBEAD_PLCEmbed-c78a56f/PLC-BEAD/Source/GEB/DAY_TO_TIME/DAY_TO_TIME.ST,4e5f391081e15a010e623bbb59e49d937a6cde3f5f5a9a8f4bcff14ca2264d35,,DAY_TO_TIME;_REAL_TO_UDINT,program0,False,False,False,TN,explicit FUNCTION_BLOCK declaration in mapped Structured Text source,production: GEB-scoped dt_FB_; probe: ungated core_symbol_text contains dt_FB_,DERIVED_EVIDENCE,
geb_DCF77,DCF77,GEB,fold_4,UNIQUE,1,AICPS-PLCBEAD_PLCEmbed-c78a56f/PLC-BEAD/Source/GEB/DCF77/DCF77.ST,28492c487921092d9146b56e401b12eff53c3799bf321565fb8a0dc0d651dfba,DCF77;T_PLC_MS_block,BIT_LOAD_W;BIT_OF_DWORD;DAY_OF_WEEK;DST;DT_TO_DATE2;EVEN;SET_DATE;SET_DT;YEAR_OF_DATE;_INT_TO_UDINT,program0,True,True,True,TP,explicit FUNCTION_BLOCK declaration in mapped Structured Text source,production: GEB-scoped dt_FB_; probe: ungated core_symbol_text contains dt_FB_,DERIVED_EVIDENCE,
geb_DEAD_BAND,DEAD_BAND,GEB,fold_8,UNIQUE,1,AICPS-PLCBEAD_PLCEmbed-c78a56f/PLC-BEAD/Source/GEB/DEAD_BAND/DEAD_BAND.ST,bcb7a97a21a0e7adc810e34deabd3f78538cbcfcb5f613e8c902f3f81401276d,,DEAD_BAND,program0,False,False,False,TN,explicit FUNCTION_BLOCK declaration in mapped Structured Text source,production: GEB-scoped dt_FB_; probe: ungated core_symbol_text contains dt_FB_,DERIVED_EVIDENCE,
geb_DEAD_BAND_A,DEAD_BAND_A,GEB,fold_9,UNIQUE,1,AICPS-PLCBEAD_PLCEmbed-c78a56f/PLC-BEAD/Source/GEB/DEAD_BAND_A/DEAD_BAND_A.ST,52db89f5db274b7a60958bc74a429c414597bf5cfc6a51b9d5a61fcfa14f4134,DEAD_BAND_A;FT_PT1;T_PLC_US_Block,MULTIME_B;_DWORD_TO_REAL;_REAL_TO_DWORD,program0,True,True,True,TP,explicit FUNCTION_BLOCK declaration in mapped Structured Text source,production: GEB-scoped dt_FB_; probe: ungated core_symbol_text contains dt_FB_,DERIVED_EVIDENCE,
geb_DEAD_ZONE,DEAD_ZONE,GEB,fold_0,UNIQUE,1,AICPS-PLCBEAD_PLCEmbed-c78a56f/PLC-BEAD/Source/GEB/DEAD_ZONE/DEAD_ZONE.ST,1a643cca75ab93e84aea50ba070ab115070528096feccef52da622058e373dbf,,DEAD_ZONE,program0,False,False,False,TN,explicit FUNCTION_BLOCK declaration in mapped Structured Text source,production: GEB-scoped dt_FB_; probe: ungated core_symbol_text contains dt_FB_,DERIVED_EVIDENCE,
geb_DEAD_ZONE2,DEAD_ZONE2,GEB,fold_1,UNIQUE,1,AICPS-PLCBEAD_PLCEmbed-c78a56f/PLC-BEAD/Source/GEB/DEAD_ZONE2/DEAD_ZONE2.ST,59252c4edb8d633743ba8301a8ef6ed97441019e101b8560098c204325dbef16,DEAD_ZONE2,,program0,True,True,True,TP,explicit FUNCTION_BLOCK declaration in mapped Structured Text source,production: GEB-scoped dt_FB_; probe: ungated core_symbol_text contains dt_FB_,DERIVED_EVIDENCE,
geb_DEBOUNCE,DEBOUNCE,GEB,fold_2,UNIQUE,1,AICPS-PLCBEAD_PLCEmbed-c78a56f/PLC-BEAD/Source/GEB/building_DEBOUNCE/DEBOUNCE.ST,0934ed791f360b131d8c7c2728ffc1635c8bb37fdf9b00d23ff8c30cbfe0ac73,DEBOUNCE_Block,,program0,True,True,True,TP,explicit FUNCTION_BLOCK declaration in mapped Structured Text source,production: GEB-scoped dt_FB_; probe: ungated core_symbol_text contains dt_FB_,DERIVED_EVIDENCE,
geb_DEC1,DEC1,GEB,fold_5,UNIQUE,1,AICPS-PLCBEAD_PLCEmbed-c78a56f/PLC-BEAD/Source/GEB/DEC1/DEC1.ST,494b765cd8621737acb4aefbcd15f89baa924071563dfb1f7eed9b7685f776ed,,DEC1,program0,False,False,False,TN,explicit FUNCTION_BLOCK declaration in mapped Structured Text source,production: GEB-scoped dt_FB_; probe: ungated core_symbol_text contains dt_FB_,DERIVED_EVIDENCE,
geb_DEC_2,DEC_2,GEB,fold_9,UNIQUE,1,AICPS-PLCBEAD_PLCEmbed-c78a56f/PLC-BEAD/Source/GEB/DEC_2/DEC_2.ST,ad72f0e37910ec48e4fe886019be1ca054a4885c309d0308941d5f8172114430,DEC_2,,program0,True,True,True,TP,explicit FUNCTION_BLOCK declaration in mapped Structured Text source,production: GEB-scoped dt_FB_; probe: ungated core_symbol_text contains dt_FB_,DERIVED_EVIDENCE,
geb_DEC_4,DEC_4,GEB,fold_0,UNIQUE,1,AICPS-PLCBEAD_PLCEmbed-c78a56f/PLC-BEAD/Source/GEB/DEC_4/DEC_4.ST,ad095695b97ae694853bd0a4109d0f21f88e5c88008af71fd9c99f99a1a20497,DEC_4,,program0,True,True,True,TP,explicit FUNCTION_BLOCK declaration in mapped Structured Text source,production: GEB-scoped dt_FB_; probe: ungated core_symbol_text contains dt_FB_,DERIVED_EVIDENCE,
geb_DEC_8,DEC_8,GEB,fold_1,UNIQUE,1,AICPS-PLCBEAD_PLCEmbed-c78a56f/PLC-BEAD/Source/GEB/DEC_8/DEC_8.ST,0853e43834ba499ad3ae904b1fe386fdd72ddb8fcf5401bc5c3a0d57a15cab72,DEC_8,BIT_LOAD_B;_BYTE_TO_INT,program0,True,True,True,TP,explicit FUNCTION_BLOCK declaration in mapped Structured Text source,production: GEB-scoped dt_FB_; probe: ungated core_symbol_text contains dt_FB_,DERIVED_EVIDENCE,
geb_DEG,DEG,GEB,fold_7,UNIQUE,1,AICPS-PLCBEAD_PLCEmbed-c78a56f/PLC-BEAD/Source/GEB/DEG/DEG.ST,502fbe6ed8e1e8e04b3dba44827926ee707108138358b0dfd10c364d57a620d0,,DEG;FLOOR2;MODR,program0,False,False,False,TN,explicit FUNCTION_BLOCK declaration in mapped Structured Text source,production: GEB-scoped dt_FB_; probe: ungated core_symbol_text contains dt_FB_,DERIVED_EVIDENCE,
geb_DEG_TO_DIR,DEG_TO_DIR,GEB,fold_4,UNIQUE,1,AICPS-PLCBEAD_PLCEmbed-c78a56f/PLC-BEAD/Source/GEB/DEG_TO_DIR/DEG_TO_DIR.ST,a4da2b9df0874e6d10bf553dbf5f419561181b8a52b457dc93fa4b9cdce70f06,DEG_TO_DIR_Block;SETUP_DIRS;SETUP_LANGUAGE_Block,,program0,True,True,True,TP,explicit FUNCTION_BLOCK declaration in mapped Structured Text source,production: GEB-scoped dt_FB_; probe: ungated core_symbol_text contains dt_FB_,DERIVED_EVIDENCE,
geb_DELAY,DELAY,GEB,fold_5,UNIQUE,1,AICPS-PLCBEAD_PLCEmbed-c78a56f/PLC-BEAD/Source/GEB/DELAY/DELAY.ST,305437746f40a4037058093f5993eb894bcb6129cf2dc782462ae27642c21ca0,DELAY,INC1,program0,True,True,True,TP,explicit FUNCTION_BLOCK declaration in mapped Structured Text source,production: GEB-scoped dt_FB_; probe: ungated core_symbol_text contains dt_FB_,DERIVED_EVIDENCE,
geb_DELAY_4,DELAY_4,GEB,fold_6,UNIQUE,1,AICPS-PLCBEAD_PLCEmbed-c78a56f/PLC-BEAD/Source/GEB/DELAY_4/DELAY_4.ST,fcb151bb83dee31384f0573d93286674cf46400df158f80cd0c8fb3300aba9f1,DELAY_4,,program0,True,True,True,TP,explicit FUNCTION_BLOCK declaration in mapped Structured Text source,production: GEB-scoped dt_FB_; probe: ungated core_symbol_text contains dt_FB_,DERIVED_EVIDENCE,
geb_DEL_CHARS,DEL_CHARS,GEB,fold_8,UNIQUE,1,AICPS-PLCBEAD_PLCEmbed-c78a56f/PLC-BEAD/Source/GEB/DEL_CHARS/DEL_CHARS.ST,daee4dbbeb6d11156660a856a9d677824518abc56f417213316b16e23054fa9e,DEL_CHARS_Block,,program0,True,True,True,TP,explicit FUNCTION_BLOCK declaration in mapped Structured Text source,production: GEB-scoped dt_FB_; probe: ungated core_symbol_text contains dt_FB_,DERIVED_EVIDENCE,
geb_DEW_CON,DEW_CON,GEB,fold_0,UNIQUE,1,AICPS-PLCBEAD_PLCEmbed-c78a56f/PLC-BEAD/Source/GEB/building_DEW_CON/DEW_CON.ST,1f67c9e19ba27bb2e11402a164869c26bff13313689f5c99aeaedc442b3bc39f,,DEW_CON;SDD,program0,False,False,False,TN,explicit FUNCTION_BLOCK declaration in mapped Structured Text source,production: GEB-scoped dt_FB_; probe: ungated core_symbol_text contains dt_FB_,DERIVED_EVIDENCE,
geb_DEW_RH,DEW_RH,GEB,fold_1,UNIQUE,1,AICPS-PLCBEAD_PLCEmbed-c78a56f/PLC-BEAD/Source/GEB/building_DEW_RH/DEW_RH.ST,5e0e9947c2f65c8f760c9a4370074a9591ba1b236fe967eef4d331a4cf298960,,DEW_CON;DEW_RH;SDD,program0,False,False,False,TN,explicit FUNCTION_BLOCK declaration in mapped Structured Text source,production: GEB-scoped dt_FB_; probe: ungated core_symbol_text contains dt_FB_,DERIVED_EVIDENCE,
geb_DEW_TEMP,DEW_TEMP,GEB,fold_2,UNIQUE,1,AICPS-PLCBEAD_PLCEmbed-c78a56f/PLC-BEAD/Source/GEB/building_DEW_TEMP/DEW_TEMP.ST,94b98cb178b3038ca8e9a6bd61d9f801cde3b318bacccedc3b979526f6be4a1a,,DEW_TEMP;EXP10,program0,False,False,False,TN,explicit FUNCTION_BLOCK declaration in mapped Structured Text source,production: GEB-scoped dt_FB_; probe: ungated core_symbol_text contains dt_FB_,DERIVED_EVIDENCE,
geb_DIFFER,DIFFER,GEB,fold_8,UNIQUE,1,AICPS-PLCBEAD_PLCEmbed-c78a56f/PLC-BEAD/Source/GEB/DIFFER/DIFFER.ST,8998687c63e961cd59402e936da845a21a7deba1cec8b8599eaab221c9a97b10,,DIFFER,program0,False,False,False,TN,explicit FUNCTION_BLOCK declaration in mapped Structured Text source,production: GEB-scoped dt_FB_; probe: ungated core_symbol_text contains dt_FB_,DERIVED_EVIDENCE,
geb_DIR_TO_DEG,DIR_TO_DEG,GEB,fold_5,UNIQUE,1,AICPS-PLCBEAD_PLCEmbed-c78a56f/PLC-BEAD/Source/GEB/DIR_TO_DEG/DIR_TO_DEG.ST,a8781d398708cb4119da262699915ff40437b20a5770f13f506a45396dca6bd0,DIR_TO_DEG_Block;SETUP_DIRS;SETUP_LANGUAGE_Block,,program0,True,True,True,TP,explicit FUNCTION_BLOCK declaration in mapped Structured Text source,production: GEB-scoped dt_FB_; probe: ungated core_symbol_text contains dt_FB_,DERIVED_EVIDENCE,
geb_DRIVER_1,DRIVER_1,GEB,fold_0,UNIQUE,1,AICPS-PLCBEAD_PLCEmbed-c78a56f/PLC-BEAD/Source/GEB/DRIVER_1/DRIVER_1.ST,0f512a49599188aa781a0ee6dd8ad638d5c0d7d4ced35d45ffd967cc011a2253,DRIVER_1,,program0,True,True,True,TP,explicit FUNCTION_BLOCK declaration in mapped Structured Text source,production: GEB-scoped dt_FB_; probe: ungated core_symbol_text contains dt_FB_,DERIVED_EVIDENCE,
geb_DRIVER_4,DRIVER_4,GEB,fold_1,UNIQUE,1,AICPS-PLCBEAD_PLCEmbed-c78a56f/PLC-BEAD/Source/GEB/DRIVER_4/DRIVER_4.ST,e6bd316211d2eb3171f9bfa6f509bde3405ddcb3b651cc6be6b06693e96660e7,DRIVER_1;DRIVER_4,,program0,True,True,True,TP,explicit FUNCTION_BLOCK declaration in mapped Structured Text source,production: GEB-scoped dt_FB_; probe: ungated core_symbol_text contains dt_FB_,DERIVED_EVIDENCE,
geb_DRIVER_4C,DRIVER_4C,GEB,fold_2,UNIQUE,1,AICPS-PLCBEAD_PLCEmbed-c78a56f/PLC-BEAD/Source/GEB/DRIVER_4C/DRIVER_4C.ST,e125979cdeaba9713236b604388247fd9bc07afcef898b4a1166912645c1105a,DRIVER_4C,,program0,True,True,True,TP,explicit FUNCTION_BLOCK declaration in mapped Structured Text source,production: GEB-scoped dt_FB_; probe: ungated core_symbol_text contains dt_FB_,DERIVED_EVIDENCE,
geb_DST,DST,GEB,fold_5,UNIQUE,1,AICPS-PLCBEAD_PLCEmbed-c78a56f/PLC-BEAD/Source/GEB/DST/DST.ST,de345ca3b3a83a3ba10dacb6bbddf72f5682435be6fb26223da9c26f8fd45cc3,,DST;DT_TO_DATE2;SET_DATE;SET_DT;YEAR_OF_DATE;_INT_TO_UDINT,program0,False,False,False,TN,explicit FUNCTION_BLOCK declaration in mapped Structured Text source,production: GEB-scoped dt_FB_; probe: ungated core_symbol_text contains dt_FB_,DERIVED_EVIDENCE,
geb_DT2_TO_SDT,DT2_TO_SDT,GEB,fold_8,UNIQUE,1,AICPS-PLCBEAD_PLCEmbed-c78a56f/PLC-BEAD/Source/GEB/DT2_TO_SDT/DT2_TO_SDT.ST,d7a75ed5fc2fa79b813887fb9abc8649ee4d917aa432c34d7aaded723d0c2cc6,DT2_TO_SDT,DAY_OF_MONTH;DAY_OF_WEEK;DAY_OF_YEAR;LEAP_OF_DATE;MONTH_OF_DATE;YEAR_OF_DATE,program0,True,True,True,TP,explicit FUNCTION_BLOCK declaration in mapped Structured Text source,production: GEB-scoped dt_FB_; probe: ungated core_symbol_text contains dt_FB_,DERIVED_EVIDENCE,
geb_DT_SIMU,DT_SIMU,GEB,fold_4,UNIQUE,1,AICPS-PLCBEAD_PLCEmbed-c78a56f/PLC-BEAD/Source/GEB/DT_SIMU/DT_SIMU.ST,a9c864e3ab2c94c8b47891e1f316913c5132503a24cbd110c206febbe15883e6,DT_SIMU;T_PLC_MS_block,_REAL_TO_UDINT,program0,True,True,True,TP,explicit FUNCTION_BLOCK declaration in mapped Structured Text source,production: GEB-scoped dt_FB_; probe: ungated core_symbol_text contains dt_FB_,DERIVED_EVIDENCE,
geb_DT_TO_SDT,DT_TO_SDT,GEB,fold_6,UNIQUE,1,AICPS-PLCBEAD_PLCEmbed-c78a56f/PLC-BEAD/Source/GEB/DT_TO_SDT/DT_TO_SDT.ST,b3f8726346ad3a5f01fd9fdad83337d254ed08f620870400c4bbd2f4f81b0037,DT_TO_SDT,DAY_OF_MONTH;DAY_OF_WEEK;DAY_OF_YEAR;DT_TO_DATE2;LEAP_OF_DATE;MONTH_OF_DATE;YEAR_OF_DATE;_INT_TO_UDINT,program0,True,True,True,TP,explicit FUNCTION_BLOCK declaration in mapped Structured Text source,production: GEB-scoped dt_FB_; probe: ungated core_symbol_text contains dt_FB_,DERIVED_EVIDENCE,
geb_DT_TO_STRING,DT_TO_STRING,GEB,fold_9,UNIQUE,1,AICPS-PLCBEAD_PLCEmbed-c78a56f/PLC-BEAD/Source/GEB/DT_TO_STRING/DT_TO_STRING.ST,6f4ad832e39cac30715e3dcd48f343e5cd1717207946d6dfe94d8141deab81df,DT_TO_STRING_Block,DAY_OF_MONTH;DAY_OF_YEAR;HOUR_OF_DT;LEAP_OF_DATE;MINUTE_OF_DT;MONTH_OF_DATE;SECOND_OF_DT;YEAR_OF_DATE,program0,True,True,True,TP,explicit FUNCTION_BLOCK declaration in mapped Structured Text source,production: GEB-scoped dt_FB_; probe: ungated core_symbol_text contains dt_FB_,DERIVED_EVIDENCE,
geb_DT_TO_TOD,DT_TO_TOD,GEB,fold_7,UNIQUE,1,AICPS-PLCBEAD_PLCEmbed-c78a56f/PLC-BEAD/Source/GEB/DT_TO_TOD/DT_TO_TOD.ST,23a188f4aef6d3044b0f3ca17f987d382f6f95185d16c60c0feea31c8e1ad8f3,,DT_TO_TOD2,program0,False,False,False,TN,explicit FUNCTION_BLOCK declaration in mapped Structured Text source,production: GEB-scoped dt_FB_; probe: ungated core_symbol_text contains dt_FB_,DERIVED_EVIDENCE,
geb_DWORD_OF_BYTE,DWORD_OF_BYTE,GEB,fold_2,UNIQUE,1,AICPS-PLCBEAD_PLCEmbed-c78a56f/PLC-BEAD/Source/GEB/DWORD_OF_BYTE/DWORD_OF_BYTE.ST,98efc7613e4ab45e6fff1bfdfad0a32cff6ff840791614efd49b5c5ac1e3034e,,DWORD_OF_BYTE,program0,False,False,False,TN,explicit FUNCTION_BLOCK declaration in mapped Structured Text source,production: GEB-scoped dt_FB_; probe: ungated core_symbol_text contains dt_FB_,DERIVED_EVIDENCE,
geb_DWORD_OF_WORD,DWORD_OF_WORD,GEB,fold_3,UNIQUE,1,AICPS-PLCBEAD_PLCEmbed-c78a56f/PLC-BEAD/Source/GEB/DWORD_OF_WORD/DWORD_OF_WORD.ST,fb96b61c66811a5ff54add1d6b58f891a38938d0860778527571c34e33aef274,,DWORD_OF_WORD,program0,False,False,False,TN,explicit FUNCTION_BLOCK declaration in mapped Structured Text source,production: GEB-scoped dt_FB_; probe: ungated core_symbol_text contains dt_FB_,DERIVED_EVIDENCE,
geb_DWORD_TO_DATE,DWORD_TO_DATE,GEB,fold_9,UNIQUE,1,AICPS-PLCBEAD_PLCEmbed-c78a56f/PLC-BEAD/Source/GEB/DWORD_TO_DATE/DWORD_TO_DATE.ST,c4df72b2f1fde578b37e991d2230780640f74f59b324b33f178a7af7d45e8ad9,,DWORD_TO_DATE2,program0,False,False,False,TN,explicit FUNCTION_BLOCK declaration in mapped Structured Text source,production: GEB-scoped dt_FB_; probe: ungated core_symbol_text contains dt_FB_,DERIVED_EVIDENCE,
geb_DWORD_TO_DT,DWORD_TO_DT,GEB,fold_0,UNIQUE,1,AICPS-PLCBEAD_PLCEmbed-c78a56f/PLC-BEAD/Source/GEB/DWORD_TO_DT/DWORD_TO_DT.ST,0b77a186b91543e68140d6d5be57fa0a97bcfccb0289df6875d1ebf7caf845ab,,DWORD_TO_DT2,program0,False,False,False,TN,explicit FUNCTION_BLOCK declaration in mapped Structured Text source,production: GEB-scoped dt_FB_; probe: ungated core_symbol_text contains dt_FB_,DERIVED_EVIDENCE,
geb_DWORD_TO_STRB,DWORD_TO_STRB,GEB,fold_0,UNIQUE,1,AICPS-PLCBEAD_PLCEmbed-c78a56f/PLC-BEAD/Source/GEB/DWORD_TO_STRB/DWORD_TO_STRB.ST,74ab11dd8e2ac590a77d063ecf5d3f4bc16d177ce38345766c8d864fdc1475c1,DWORD_TO_STRB_Block,,program0,True,True,True,TP,explicit FUNCTION_BLOCK declaration in mapped Structured Text source,production: GEB-scoped dt_FB_; probe: ungated core_symbol_text contains dt_FB_,DERIVED_EVIDENCE,
geb_DWORD_TO_STRF,DWORD_TO_STRF,GEB,fold_1,UNIQUE,1,AICPS-PLCBEAD_PLCEmbed-c78a56f/PLC-BEAD/Source/GEB/DWORD_TO_STRF/DWORD_TO_STRF.ST,c9df6522e98c5ce3f95e2e32c72c182089dcc25f806f0a646a39027eddf25ae2,DWORD_TO_STRF_Block,,program0,True,True,True,TP,explicit FUNCTION_BLOCK declaration in mapped Structured Text source,production: GEB-scoped dt_FB_; probe: ungated core_symbol_text contains dt_FB_,DERIVED_EVIDENCE,
geb_DWORD_TO_STRH,DWORD_TO_STRH,GEB,fold_2,UNIQUE,1,AICPS-PLCBEAD_PLCEmbed-c78a56f/PLC-BEAD/Source/GEB/DWORD_TO_STRH/DWORD_TO_STRH.ST,bb68ec804994def25882f59d2cc8c71d5fa8b96e986cc41370750b189f66fed6,DWORD_TO_STRH_Block,,program0,True,True,True,TP,explicit FUNCTION_BLOCK declaration in mapped Structured Text source,production: GEB-scoped dt_FB_; probe: ungated core_symbol_text contains dt_FB_,DERIVED_EVIDENCE,
geb_DWORD_TO_TIME,DWORD_TO_TIME,GEB,fold_1,UNIQUE,1,AICPS-PLCBEAD_PLCEmbed-c78a56f/PLC-BEAD/Source/GEB/DWORD_TO_TIME/DWORD_TO_TIME.ST,220874e9b374f627a3ed4f5d00399a3af1991c697f16ee346475b4b9ff8dcec9,,DWORD_TO_TIME2,program0,False,False,False,TN,explicit FUNCTION_BLOCK declaration in mapped Structured Text source,production: GEB-scoped dt_FB_; probe: ungated core_symbol_text contains dt_FB_,DERIVED_EVIDENCE,
geb_DWORD_TO_TOD,DWORD_TO_TOD,GEB,fold_2,UNIQUE,1,AICPS-PLCBEAD_PLCEmbed-c78a56f/PLC-BEAD/Source/GEB/DWORD_TO_TOD/DWORD_TO_TOD.ST,5514cb2645fc0d449f4d33b37d7e63a23ce5da75a083a2dbedb77f0ea8ad6ea4,,DWORD_TO_TOD2,program0,False,False,False,TN,explicit FUNCTION_BLOCK declaration in mapped Structured Text source,production: GEB-scoped dt_FB_; probe: ungated core_symbol_text contains dt_FB_,DERIVED_EVIDENCE,
geb_D_TRIG,D_TRIG,GEB,fold_9,UNIQUE,1,AICPS-PLCBEAD_PLCEmbed-c78a56f/PLC-BEAD/Source/GEB/D_TRIG/D_TRIG.ST,8dd640245ffa9ddb71a18414b1ed0666344f777f80ba716f88b0c34329c604bb,D_TRIG,,program0,True,True,True,TP,explicit FUNCTION_BLOCK declaration in mapped Structured Text source,production: GEB-scoped dt_FB_; probe: ungated core_symbol_text contains dt_FB_,DERIVED_EVIDENCE,
geb_D_TRUNC,D_TRUNC,GEB,fold_6,UNIQUE,1,AICPS-PLCBEAD_PLCEmbed-c78a56f/PLC-BEAD/Source/GEB/D_TRUNC/D_TRUNC.ST,57dd421a7143f79649ccd6e3e5045889737efb798ffead0431b5c9aeb4af02e0,,D_TRUNC,program0,False,False,False,TN,explicit FUNCTION_BLOCK declaration in mapped Structured Text source,production: GEB-scoped dt_FB_; probe: ungated core_symbol_text contains dt_FB_,DERIVED_EVIDENCE,
geb_EASTER,EASTER,GEB,fold_3,UNIQUE,1,AICPS-PLCBEAD_PLCEmbed-c78a56f/PLC-BEAD/Source/GEB/EASTER/EASTER.ST,b74bb689364cb62bb85f485a8dfe89b9152d8ddff841094e37cc25a738e6fa3a,,EASTER;SET_DATE;_INT_TO_UDINT,program0,False,False,False,TN,explicit FUNCTION_BLOCK declaration in mapped Structured Text source,production: GEB-scoped dt_FB_; probe: ungated core_symbol_text contains dt_FB_,DERIVED_EVIDENCE,
geb_ELLIPSE_A,ELLIPSE_A,GEB,fold_4,UNIQUE,1,AICPS-PLCBEAD_PLCEmbed-c78a56f/PLC-BEAD/Source/GEB/ELLIPSE_A/ELLIPSE_A.ST,3195a8b8750f94c3c654cb1f6d7a490dd43ca7a1332b6a4a7cb6d27715af89c4,,ELLIPSE_A,program0,False,False,False,TN,explicit FUNCTION_BLOCK declaration in mapped Structured Text source,production: GEB-scoped dt_FB_; probe: ungated core_symbol_text contains dt_FB_,DERIVED_EVIDENCE,
geb_ELLIPSE_C,ELLIPSE_C,GEB,fold_5,UNIQUE,1,AICPS-PLCBEAD_PLCEmbed-c78a56f/PLC-BEAD/Source/GEB/ELLIPSE_C/ELLIPSE_C.ST,781bc1e21985504ec9ccb8772612e86b3cd4644a96a8278e6b64a85835b0f4eb,,ELLIPSE_C,program0,False,False,False,TN,explicit FUNCTION_BLOCK declaration in mapped Structured Text source,production: GEB-scoped dt_FB_; probe: ungated core_symbol_text contains dt_FB_,DERIVED_EVIDENCE,
geb_ENERGY,ENERGY,GEB,fold_6,UNIQUE,1,AICPS-PLCBEAD_PLCEmbed-c78a56f/PLC-BEAD/Source/GEB/ENERGY/ENERGY.ST,c31562b4530ae6a962c56941b71a425905eb76103a1f1534b67217cff2de88e0,ENERGY,,program0,True,True,True,TP,explicit FUNCTION_BLOCK declaration in mapped Structured Text source,production: GEB-scoped dt_FB_; probe: ungated core_symbol_text contains dt_FB_,DERIVED_EVIDENCE,
geb_ERF,ERF,GEB,fold_9,UNIQUE,1,AICPS-PLCBEAD_PLCEmbed-c78a56f/PLC-BEAD/Source/GEB/ERF/ERF.ST,1ef7b987ffc968a595115da5f07043bd19f64a5a45a5d677c8eb38dd7dcca7e9,,ERF;SGN,program0,False,False,False,TN,explicit FUNCTION_BLOCK declaration in mapped Structured Text source,production: GEB-scoped dt_FB_; probe: ungated core_symbol_text contains dt_FB_,DERIVED_EVIDENCE,
geb_ERFC,ERFC,GEB,fold_0,UNIQUE,1,AICPS-PLCBEAD_PLCEmbed-c78a56f/PLC-BEAD/Source/GEB/ERFC/ERFC.ST,736c61759c9b4dea47935e9af9782c224c1b4ab32dbb3a72bb4ce5b1bcf1f9bf,,ERF;ERFC;SGN,program0,False,False,False,TN,explicit FUNCTION_BLOCK declaration in mapped Structured Text source,production: GEB-scoped dt_FB_; probe: ungated core_symbol_text contains dt_FB_,DERIVED_EVIDENCE,
geb_ESR_COLLECT,ESR_COLLECT,GEB,fold_6,UNIQUE,1,AICPS-PLCBEAD_PLCEmbed-c78a56f/PLC-BEAD/Source/GEB/ESR_COLLECT/ESR_COLLECT.ST,9b05e550910a803be0b9f362d74f76b9b4154d7eaf4d022297517fec3e1f4dcd,ESR_COLLECT,INC1,program0,True,True,True,TP,explicit FUNCTION_BLOCK declaration in mapped Structured Text source,production: GEB-scoped dt_FB_; probe: ungated core_symbol_text contains dt_FB_,DERIVED_EVIDENCE,
geb_ESR_MON_B8,ESR_MON_B8,GEB,fold_7,UNIQUE,1,AICPS-PLCBEAD_PLCEmbed-c78a56f/PLC-BEAD/Source/GEB/ESR_MON_B8/ESR_MON_B8.ST,2e6863244c564750d122073f337dbb7e1cab523dbf99f10cfd97d02680c11dd3,ESR_MON_B8;T_PLC_MS_block,,program0,True,True,True,TP,explicit FUNCTION_BLOCK declaration in mapped Structured Text source,production: GEB-scoped dt_FB_; probe: ungated core_symbol_text contains dt_FB_,DERIVED_EVIDENCE,
geb_ESR_MON_X8,ESR_MON_X8,GEB,fold_8,UNIQUE,1,AICPS-PLCBEAD_PLCEmbed-c78a56f/PLC-BEAD/Source/GEB/ESR_MON_X8/ESR_MON_X8.ST,be6cdf1eb31ea8588fcd268485a36f73f30df0df0ed474e4c3be49a124c5d5db,ESR_MON_X8;STATUS_TO_ESR_Block;T_PLC_MS_block,,program0,True,True,True,TP,explicit FUNCTION_BLOCK declaration in mapped Structured Text source,production: GEB-scoped dt_FB_; probe: ungated core_symbol_text contains dt_FB_,DERIVED_EVIDENCE,
geb_EVEN,EVEN,GEB,fold_1,UNIQUE,1,AICPS-PLCBEAD_PLCEmbed-c78a56f/PLC-BEAD/Source/GEB/EVEN/EVEN.ST,a23c7f33bea0e536f91717b43b4d7afa66ffd4cf32e305355cfe62a6aa3d9fd9,,BIT_OF_DWORD;EVEN,program0,False,False,False,TN,explicit FUNCTION_BLOCK declaration in mapped Structured Text source,production: GEB-scoped dt_FB_; probe: ungated core_symbol_text contains dt_FB_,DERIVED_EVIDENCE,
geb_EVENTS,EVENTS,GEB,fold_4,UNIQUE,1,AICPS-PLCBEAD_PLCEmbed-c78a56f/PLC-BEAD/Source/GEB/EVENTS/EVENTS.ST,2dbbdcb5bd989f0dff165e2d254770e13e299168d442bab8d35591d92c9f1956,EVENTS,DAY_OF_DATE;SET_DATE;YEAR_OF_DATE;_INT_TO_UDINT,program0,True,True,True,TP,explicit FUNCTION_BLOCK declaration in mapped Structured Text source,production: GEB-scoped dt_FB_; probe: ungated core_symbol_text contains dt_FB_,DERIVED_EVIDENCE,
geb_EXP10,EXP10,GEB,fold_2,UNIQUE,1,AICPS-PLCBEAD_PLCEmbed-c78a56f/PLC-BEAD/Source/GEB/EXP10/EXP10.ST,30fe7714a406004682d78c4b5bd8e693b4c9085b2089824c8ccfc5db5ddda6bc,,EXP10,program0,False,False,False,TN,explicit FUNCTION_BLOCK declaration in mapped Structured Text source,production: GEB-scoped dt_FB_; probe: ungated core_symbol_text contains dt_FB_,DERIVED_EVIDENCE,
geb_EXPN,EXPN,GEB,fold_3,UNIQUE,1,AICPS-PLCBEAD_PLCEmbed-c78a56f/PLC-BEAD/Source/GEB/EXPN/EXPN.ST,af0fc2d06370367e2c78b5ae431d1f1a476fae3ddb6a72e6c86997f19c0e7aac,,BIT_OF_DWORD;EXPN,program0,False,False,False,TN,explicit FUNCTION_BLOCK declaration in mapped Structured Text source,production: GEB-scoped dt_FB_; probe: ungated core_symbol_text contains dt_FB_,DERIVED_EVIDENCE,
geb_FACT,FACT,GEB,fold_4,UNIQUE,1,AICPS-PLCBEAD_PLCEmbed-c78a56f/PLC-BEAD/Source/GEB/FACT/FACT.ST,e338ba491024952e8ac45457326a825660f5b656a64d06ecd95898928f15684e,,FACT,program0,False,False,False,TN,explicit FUNCTION_BLOCK declaration in mapped Structured Text source,production: GEB-scoped dt_FB_; probe: ungated core_symbol_text contains dt_FB_,DERIVED_EVIDENCE,
geb_FADE,FADE,GEB,fold_7,UNIQUE,1,AICPS-PLCBEAD_PLCEmbed-c78a56f/PLC-BEAD/Source/GEB/FADE/FADE.ST,62cd6bcd6c80f707a946fca6ffec1fdf9ab2f6497b45468ae946a627746e81ed,FADE;RMP_W;T_PLC_MS_block;_RMP_W,TIME_TO_UDINT2;_WORD_TO_DINT;_WORD_TO_REAL,program0,True,True,True,TP,explicit FUNCTION_BLOCK declaration in mapped Structured Text source,production: GEB-scoped dt_FB_; probe: ungated core_symbol_text contains dt_FB_,DERIVED_EVIDENCE,
geb_FF_D2E,FF_D2E,GEB,fold_2,UNIQUE,1,AICPS-PLCBEAD_PLCEmbed-c78a56f/PLC-BEAD/Source/GEB/FF_D2E/FF_D2E.ST,e1769dc695535074a00081b1200fa001cadac963082ab39f98be9527527c724f,FF_D2E,,program0,True,True,True,TP,explicit FUNCTION_BLOCK declaration in mapped Structured Text source,production: GEB-scoped dt_FB_; probe: ungated core_symbol_text contains dt_FB_,DERIVED_EVIDENCE,
geb_FF_D4E,FF_D4E,GEB,fold_3,UNIQUE,1,AICPS-PLCBEAD_PLCEmbed-c78a56f/PLC-BEAD/Source/GEB/FF_D4E/FF_D4E.ST,c97daa6143e75565e3d299b4872d0751044c7ea5551601d9cf14abdeb5d44c51,FF_D4E,,program0,True,True,True,TP,explicit FUNCTION_BLOCK declaration in mapped Structured Text source,production: GEB-scoped dt_FB_; probe: ungated core_symbol_text contains dt_FB_,DERIVED_EVIDENCE,
geb_FF_DRE,FF_DRE,GEB,fold_4,UNIQUE,1,AICPS-PLCBEAD_PLCEmbed-c78a56f/PLC-BEAD/Source/GEB/FF_DRE/FF_DRE.ST,1474dfe1c66ddf2edf27a6dd9b346d2675f3cffe5c4fc538bce3c6cae41f19cc,FF_DRE,,program0,True,True,True,TP,explicit FUNCTION_BLOCK declaration in mapped Structured Text source,production: GEB-scoped dt_FB_; probe: ungated core_symbol_text contains dt_FB_,DERIVED_EVIDENCE,
geb_FF_JKE,FF_JKE,GEB,fold_5,UNIQUE,1,AICPS-PLCBEAD_PLCEmbed-c78a56f/PLC-BEAD/Source/GEB/FF_JKE/FF_JKE.ST,dbaddb6a014b7bd5f7d6b37fffd29a3dc4b5dc4eaeb8a5aa77ea7cfc3f1a2252,FF_JKE,,program0,True,True,True,TP,explicit FUNCTION_BLOCK declaration in mapped Structured Text source,production: GEB-scoped dt_FB_; probe: ungated core_symbol_text contains dt_FB_,DERIVED_EVIDENCE,
geb_FF_RSE,FF_RSE,GEB,fold_6,UNIQUE,1,AICPS-PLCBEAD_PLCEmbed-c78a56f/PLC-BEAD/Source/GEB/FF_RSE/FF_RSE.ST,f1ef71bbf02d14083a0a516cef1a6a554fa3165011ada12680bb82908c59fe9a,FF_RSE,,program0,True,True,True,TP,explicit FUNCTION_BLOCK declaration in mapped Structured Text source,production: GEB-scoped dt_FB_; probe: ungated core_symbol_text contains dt_FB_,DERIVED_EVIDENCE,
geb_FIB,FIB,GEB,fold_5,UNIQUE,1,AICPS-PLCBEAD_PLCEmbed-c78a56f/PLC-BEAD/Source/GEB/FIB/FIB.ST,e0642296394062c6f4fa932a3cb2ffd1f5d1bb7e05d4daa200a7b31c7d9191a1,,FIB,program0,False,False,False,TN,explicit FUNCTION_BLOCK declaration in mapped Structured Text source,production: GEB-scoped dt_FB_; probe: ungated core_symbol_text contains dt_FB_,DERIVED_EVIDENCE,
geb_FIFO_16,FIFO_16,GEB,fold_0,UNIQUE,1,AICPS-PLCBEAD_PLCEmbed-c78a56f/PLC-BEAD/Source/GEB/FIFO_16/FIFO_16.ST,1fda3b4c999f3d0a8bd5e242188e1937c66519a3233861ff6784199cd31b00a2,FIFO_16,INC1,program0,True,True,True,TP,explicit FUNCTION_BLOCK declaration in mapped Structured Text source,production: GEB-scoped dt_FB_; probe: ungated core_symbol_text contains dt_FB_,DERIVED_EVIDENCE,
geb_FIFO_32,FIFO_32,GEB,fold_1,UNIQUE,1,AICPS-PLCBEAD_PLCEmbed-c78a56f/PLC-BEAD/Source/GEB/FIFO_32/FIFO_32.ST,cd75bd81976b3a4f9a097d4d11d479bbb2ffae8e14b8bb8b816755b8726d8a20,FIFO_32,INC1,program0,True,True,True,TP,explicit FUNCTION_BLOCK declaration in mapped Structured Text source,production: GEB-scoped dt_FB_; probe: ungated core_symbol_text contains dt_FB_,DERIVED_EVIDENCE,
geb_FILE_BLOCK,FILE_BLOCK,GEB,fold_1,MULTIPLE_CONSISTENT,2,AICPS-PLCBEAD_PLCEmbed-c78a56f/PLC-BEAD/Source/GEB/Network_FILE_BLOCK/FILE_BLOCK.ST;AICPS-PLCBEAD_PLCEmbed-c78a56f/PLC-BEAD/Source/GEB/sample_project/oscat/Network/FILE_BLOCK.ST,c31928a6bf2ab5b0c51c52460c46da6045ae2f923a07fb725d27417cdd7ecb8d;3386513850299d493ccc14258473d28e8bfb16a161a771b38cfdeaf25ad7ae08,FILE_BLOCK,,program0,True,True,True,TP,explicit FUNCTION_BLOCK declaration in mapped Structured Text source,production: GEB-scoped dt_FB_; probe: ungated core_symbol_text contains dt_FB_,DERIVED_EVIDENCE,
geb_FILE_PATH_SPLIT,FILE_PATH_SPLIT,GEB,fold_2,MULTIPLE_CONSISTENT,2,AICPS-PLCBEAD_PLCEmbed-c78a56f/PLC-BEAD/Source/GEB/Network_FILE_PATH_SPLIT/FILE_PATH_SPLIT.ST;AICPS-PLCBEAD_PLCEmbed-c78a56f/PLC-BEAD/Source/GEB/sample_project/oscat/Network/FILE_PATH_SPLIT.ST,b33f2ccbf7f0ee6297a686bc12a2ee7455a42f1595e9497d7fa4275c70370932;e776627bbd302a93e8608549b4c931246d1b9d2b3756cbbec2687f98a9a34af6,FILE_PATH_SPLIT_Block,,instance0;program0,True,True,True,TP,explicit FUNCTION_BLOCK declaration in mapped Structured Text source,production: GEB-scoped dt_FB_; probe: ungated core_symbol_text contains dt_FB_,DERIVED_EVIDENCE,
geb_FILL,FILL,GEB,fold_3,UNIQUE,1,AICPS-PLCBEAD_PLCEmbed-c78a56f/PLC-BEAD/Source/GEB/FILL/FILL.ST,2c905f7be968adf15a3b9f04500bf23291b52a372f92b23553a479af609e2192,CHR_TO_STRING_Block;FILL_Block,BIT_OF_DWORD,program0,True,True,True,TP,explicit FUNCTION_BLOCK declaration in mapped Structured Text source,production: GEB-scoped dt_FB_; probe: ungated core_symbol_text contains dt_FB_,DERIVED_EVIDENCE,
geb_FILTER_DW,FILTER_DW,GEB,fold_8,UNIQUE,1,AICPS-PLCBEAD_PLCEmbed-c78a56f/PLC-BEAD/Source/GEB/FILTER_DW/FILTER_DW.ST,b71d872b4884bb899ec48082cefaf9cdc99c6c9a3dda86f3148dec15f21ab43a,FILTER_DW;T_PLC_MS_block,_DWORD_TO_REAL;_REAL_TO_DWORD,program0,True,True,True,TP,explicit FUNCTION_BLOCK declaration in mapped Structured Text source,production: GEB-scoped dt_FB_; probe: ungated core_symbol_text contains dt_FB_,DERIVED_EVIDENCE,
geb_FILTER_I,FILTER_I,GEB,fold_9,UNIQUE,1,AICPS-PLCBEAD_PLCEmbed-c78a56f/PLC-BEAD/Source/GEB/FILTER_I/FILTER_I.ST,fee82c4550f478c99335a0b82718bf10b3480e218e29ff38b7282510dfb9fa75,FILTER_I;T_PLC_MS_block,,program0,True,True,True,TP,explicit FUNCTION_BLOCK declaration in mapped Structured Text source,production: GEB-scoped dt_FB_; probe: ungated core_symbol_text contains dt_FB_,DERIVED_EVIDENCE,
geb_FILTER_MAV_DW,FILTER_MAV_DW,GEB,fold_0,UNIQUE,1,AICPS-PLCBEAD_PLCEmbed-c78a56f/PLC-BEAD/Source/GEB/FILTER_MAV_DW/FILTER_MAV_DW.ST,2fc6bfb83e085c0bfad8ffb7c9e84eb011153b5052b5b5030fa1907d4872e448,FILTER_MAV_DW,INC1,program0,True,True,True,TP,explicit FUNCTION_BLOCK declaration in mapped Structured Text source,production: GEB-scoped dt_FB_; probe: ungated core_symbol_text contains dt_FB_,DERIVED_EVIDENCE,
geb_FILTER_MAV_W,FILTER_MAV_W,GEB,fold_1,UNIQUE,1,AICPS-PLCBEAD_PLCEmbed-c78a56f/PLC-BEAD/Source/GEB/FILTER_MAV_W/FILTER_MAV_W.ST,082c2cde3e53aaa7614a6942d13eb3453c64861a8f0236a4ac82fe03d6d621f5,FILTER_MAV_W,INC1,program0,True,True,True,TP,explicit FUNCTION_BLOCK declaration in mapped Structured Text source,production: GEB-scoped dt_FB_; probe: ungated core_symbol_text contains dt_FB_,DERIVED_EVIDENCE,
geb_FILTER_W,FILTER_W,GEB,fold_2,UNIQUE,1,AICPS-PLCBEAD_PLCEmbed-c78a56f/PLC-BEAD/Source/GEB/FILTER_W/FILTER_W.ST,70de0cec069796a5a447bf4e922115db08771643064fe92a9f21490d7d74a0c6,FILTER_W;T_PLC_MS_block,,program0,True,True,True,TP,explicit FUNCTION_BLOCK declaration in mapped Structured Text source,production: GEB-scoped dt_FB_; probe: ungated core_symbol_text contains dt_FB_,DERIVED_EVIDENCE,
geb_FILTER_WAV,FILTER_WAV,GEB,fold_3,UNIQUE,1,AICPS-PLCBEAD_PLCEmbed-c78a56f/PLC-BEAD/Source/GEB/FILTER_WAV/FILTER_WAV.ST,164a757d678d5853cacd99581f0c423a6384f12290718f15ab2bd19fa5e9072f,FILTER_WAV,DEC1;INC1,program0,True,True,True,TP,explicit FUNCTION_BLOCK declaration in mapped Structured Text source,production: GEB-scoped dt_FB_; probe: ungated core_symbol_text contains dt_FB_,DERIVED_EVIDENCE,
geb_FINDB,FINDB,GEB,fold_4,UNIQUE,1,AICPS-PLCBEAD_PLCEmbed-c78a56f/PLC-BEAD/Source/GEB/FINDB/FINDB.ST,0d177891eb453840450897097627b4ebc0c4792457428336dcb66d545dee3de5,FINDB_Block,,program0,True,True,True,TP,explicit FUNCTION_BLOCK declaration in mapped Structured Text source,production: GEB-scoped dt_FB_; probe: ungated core_symbol_text contains dt_FB_,DERIVED_EVIDENCE,
geb_FINDP,FINDP,GEB,fold_5,UNIQUE,1,AICPS-PLCBEAD_PLCEmbed-c78a56f/PLC-BEAD/Source/GEB/FINDP/FINDP.ST,4f315c1a78237478054afe12d1c7111a1365bb2a74f3176504655b5174bf41e9,FINDP_Block,,program0,True,True,True,TP,explicit FUNCTION_BLOCK declaration in mapped Structured Text source,production: GEB-scoped dt_FB_; probe: ungated core_symbol_text contains dt_FB_,DERIVED_EVIDENCE,
geb_FIX,FIX,GEB,fold_6,UNIQUE,1,AICPS-PLCBEAD_PLCEmbed-c78a56f/PLC-BEAD/Source/GEB/FIX/FIX.ST,c5ae0f22af91b61c790303713ef23685a36b53e2b03d5ad5416193738a506859,CHR_TO_STRING_Block;FILL_Block;FIX_Block,BIT_OF_DWORD;_BYTE_TO_INT,program0,True,True,True,TP,explicit FUNCTION_BLOCK declaration in mapped Structured Text source,production: GEB-scoped dt_FB_; probe: ungated core_symbol_text contains dt_FB_,DERIVED_EVIDENCE,
geb_FLOOR,FLOOR,GEB,fold_6,UNIQUE,1,AICPS-PLCBEAD_PLCEmbed-c78a56f/PLC-BEAD/Source/GEB/FLOOR/FLOOR.ST,d7d0a04758a1c6b137e8ee23821b80ab2630979787039b3c49ba7bf26c3c820c,,FLOOR,program0,False,False,False,TN,explicit FUNCTION_BLOCK declaration in mapped Structured Text source,production: GEB-scoped dt_FB_; probe: ungated core_symbol_text contains dt_FB_,DERIVED_EVIDENCE,
geb_FLOOR2,FLOOR2,GEB,fold_7,UNIQUE,1,AICPS-PLCBEAD_PLCEmbed-c78a56f/PLC-BEAD/Source/GEB/FLOOR2/FLOOR2.ST,a55a12a4323be882f3e6ca3ab8b1474a3a8000f2f41cf8a58fb234ea7a225495,,FLOOR2;_REAL_TO_DINT,program0,False,False,False,TN,explicit FUNCTION_BLOCK declaration in mapped Structured Text source,production: GEB-scoped dt_FB_; probe: ungated core_symbol_text contains dt_FB_,DERIVED_EVIDENCE,
geb_FLOW_CONTROL,FLOW_CONTROL,GEB,fold_3,UNIQUE,1,AICPS-PLCBEAD_PLCEmbed-c78a56f/PLC-BEAD/Source/GEB/FLOW_CONTROL/FLOW_CONTROL.ST,535355ff2c0e68504b1cfcb413d18e24a209ffd0bf220ef1039eb320ca811a28,FLOW_CONTROL;TP_1D;T_PLC_MS_block,UDINT_TO_TIME2,program0,True,True,True,TP,explicit FUNCTION_BLOCK declaration in mapped Structured Text source,production: GEB-scoped dt_FB_; probe: ungated core_symbol_text contains dt_FB_,DERIVED_EVIDENCE,
geb_FLOW_CONTROL_4,FLOW_CONTROL_4,GEB,fold_4,UNIQUE,1,AICPS-PLCBEAD_PLCEmbed-c78a56f/PLC-BEAD/Source/GEB/FLOW_CONTROL_4/FLOW_CONTROL_4.ST,ff473cb10243f64fb6a037d065bb1ffde390c7a8ec666aee181922484a3d6a2e,FLOW_CONTROL_4,,program0,True,True,True,TP,explicit FUNCTION_BLOCK declaration in mapped Structured Text source,production: GEB-scoped dt_FB_; probe: ungated core_symbol_text contains dt_FB_,DERIVED_EVIDENCE,
geb_FRACT,FRACT,GEB,fold_8,UNIQUE,1,AICPS-PLCBEAD_PLCEmbed-c78a56f/PLC-BEAD/Source/GEB/FRACT/FRACT.ST,812fa4055dedc174e256280aba6c8f044b13d1937516785f1d7409af229435c4,,D_TRUNC;FRACT,program0,False,False,False,TN,explicit FUNCTION_BLOCK declaration in mapped Structured Text source,production: GEB-scoped dt_FB_; probe: ungated core_symbol_text contains dt_FB_,DERIVED_EVIDENCE,
geb_FRMP_B,FRMP_B,GEB,fold_5,UNIQUE,1,AICPS-PLCBEAD_PLCEmbed-c78a56f/PLC-BEAD/Source/GEB/FRMP_B/FRMP_B.ST,3f9ed05e5e5ccd53881034ad0b24cfd6152bd1ac41bdcb6264f2be5fdb1ca551,,FRMP_B,program0,False,False,False,TN,explicit FUNCTION_BLOCK declaration in mapped Structured Text source,production: GEB-scoped dt_FB_; probe: ungated core_symbol_text contains dt_FB_,DERIVED_EVIDENCE,
geb_FT_AVG,FT_AVG,GEB,fold_6,UNIQUE,1,AICPS-PLCBEAD_PLCEmbed-c78a56f/PLC-BEAD/Source/GEB/FT_AVG/FT_AVG.ST,6a9f809e553ce2764bbf8e9586852d570fc5946ae1d81dfec3329d3fffd1fe94,DELAY;FT_AVG,INC1,program0,True,True,True,TP,explicit FUNCTION_BLOCK declaration in mapped Structured Text source,production: GEB-scoped dt_FB_; probe: ungated core_symbol_text contains dt_FB_,DERIVED_EVIDENCE,
geb_FT_DERIV,FT_DERIV,GEB,fold_2,UNIQUE,1,AICPS-PLCBEAD_PLCEmbed-c78a56f/PLC-BEAD/Source/GEB/FT_DERIV/FT_DERIV.ST,d1dca8a09958a3757e7b2a20f88bab1230a4d88420b15937a4533e7da75c1e79,FT_DERIV;T_PLC_US_Block,,program0,True,True,True,TP,explicit FUNCTION_BLOCK declaration in mapped Structured Text source,production: GEB-scoped dt_FB_; probe: ungated core_symbol_text contains dt_FB_,DERIVED_EVIDENCE,
geb_FT_IMP,FT_IMP,GEB,fold_3,UNIQUE,1,AICPS-PLCBEAD_PLCEmbed-c78a56f/PLC-BEAD/Source/GEB/FT_IMP/FT_IMP.ST,f02844b6474c98a2c67b8c6efff58e1bbd7e36c2d890d3ae476ff5113bd41624,FT_IMP;FT_PT1;T_PLC_US_Block,,program0,True,True,True,TP,explicit FUNCTION_BLOCK declaration in mapped Structured Text source,production: GEB-scoped dt_FB_; probe: ungated core_symbol_text contains dt_FB_,DERIVED_EVIDENCE,
geb_FT_MIN_MAX,FT_MIN_MAX,GEB,fold_7,UNIQUE,1,AICPS-PLCBEAD_PLCEmbed-c78a56f/PLC-BEAD/Source/GEB/FT_MIN_MAX/FT_MIN_MAX.ST,160f76cb6f114ffad8c5ce080454fa9c40d7e9dd864d401b54cfd83b63482d0b,FT_MIN_MAX_Block,,program0,True,True,True,TP,explicit FUNCTION_BLOCK declaration in mapped Structured Text source,production: GEB-scoped dt_FB_; probe: ungated core_symbol_text contains dt_FB_,DERIVED_EVIDENCE,
geb_FT_PD,FT_PD,GEB,fold_6,UNIQUE,1,AICPS-PLCBEAD_PLCEmbed-c78a56f/PLC-BEAD/Source/GEB/FT_PD/FT_PD.ST,c890521f58bc59ee6765bff37778921a77f8b5e373dee30e14c659160631bee8,FT_DERIV;FT_PD_Block;T_PLC_US_Block,,program0,True,True,True,TP,explicit FUNCTION_BLOCK declaration in mapped Structured Text source,production: GEB-scoped dt_FB_; probe: ungated core_symbol_text contains dt_FB_,DERIVED_EVIDENCE,
geb_FT_PDT1,FT_PDT1,GEB,fold_7,UNIQUE,1,AICPS-PLCBEAD_PLCEmbed-c78a56f/PLC-BEAD/Source/GEB/FT_PDT1/FT_PDT1.ST,0b781e39bfe02cc2170205740d4055c7d6d640f5ff9ef36ceb183c784d59e2d6,FT_DERIV;FT_PDT1_Block;FT_PT1;T_PLC_US_Block,REAL_TO_TIME2;_REAL_TO_UDINT,program0,True,True,True,TP,explicit FUNCTION_BLOCK declaration in mapped Structured Text source,production: GEB-scoped dt_FB_; probe: ungated core_symbol_text contains dt_FB_,DERIVED_EVIDENCE,
geb_FT_PIDWL,FT_PIDWL,GEB,fold_1,UNIQUE,1,AICPS-PLCBEAD_PLCEmbed-c78a56f/PLC-BEAD/Source/GEB/FT_PIDWL/FT_PIDWL.ST,471e4ece33d8870a486c399eda739af2bcac5aebca646d6d63c30c3d920e5d7f,FT_DERIV;FT_PIDWL;FT_PIWL;T_PLC_US_Block,,program0,True,True,True,TP,explicit FUNCTION_BLOCK declaration in mapped Structured Text source,production: GEB-scoped dt_FB_; probe: ungated core_symbol_text contains dt_FB_,DERIVED_EVIDENCE,
geb_FT_PIWL,FT_PIWL,GEB,fold_3,UNIQUE,1,AICPS-PLCBEAD_PLCEmbed-c78a56f/PLC-BEAD/Source/GEB/FT_PIWL/FT_PIWL.ST,649baf8360223ea50e2e37daeb39daf9cf7e0b749e0a7b927a29523636e7d1c6,FT_PIWL;T_PLC_US_Block,,program0,True,True,True,TP,explicit FUNCTION_BLOCK declaration in mapped Structured Text source,production: GEB-scoped dt_FB_; probe: ungated core_symbol_text contains dt_FB_,DERIVED_EVIDENCE,
geb_FT_PROFILE,FT_PROFILE,GEB,fold_5,UNIQUE,1,AICPS-PLCBEAD_PLCEmbed-c78a56f/PLC-BEAD/Source/GEB/FT_PROFILE/FT_PROFILE.ST,6f690928f897378444616ffc51755547946e62fb4b7d4990d53baf02e209bc21,FT_PROFILE;T_PLC_MS_block,,program0,True,True,True,TP,explicit FUNCTION_BLOCK declaration in mapped Structured Text source,production: GEB-scoped dt_FB_; probe: ungated core_symbol_text contains dt_FB_,DERIVED_EVIDENCE,
geb_FT_PT1,FT_PT1,GEB,fold_4,UNIQUE,1,AICPS-PLCBEAD_PLCEmbed-c78a56f/PLC-BEAD/Source/GEB/FT_PT1/FT_PT1.ST,ef0f5ad51cb1fc8e030f890955bd774866e0e3c531a489351f04b6db3a3e79f3,FT_PT1;T_PLC_US_Block,,program0,True,True,True,TP,explicit FUNCTION_BLOCK declaration in mapped Structured Text source,production: GEB-scoped dt_FB_; probe: ungated core_symbol_text contains dt_FB_,DERIVED_EVIDENCE,
geb_FT_RMP,FT_RMP,GEB,fold_8,UNIQUE,1,AICPS-PLCBEAD_PLCEmbed-c78a56f/PLC-BEAD/Source/GEB/FT_RMP/FT_RMP.ST,eeb8815ee1de266f474ad611be525c1b365087a72934ddcadf44e452ab35219d,FT_RMP;T_PLC_MS_block,,program0,True,True,True,TP,explicit FUNCTION_BLOCK declaration in mapped Structured Text source,production: GEB-scoped dt_FB_; probe: ungated core_symbol_text contains dt_FB_,DERIVED_EVIDENCE,
geb_FT_TN16,FT_TN16,GEB,fold_6,UNIQUE,1,AICPS-PLCBEAD_PLCEmbed-c78a56f/PLC-BEAD/Source/GEB/FT_TN16/FT_TN16.ST,2e4d0d190f01c6479a5eaacf3ac99a74dbc632d0ee9e2113cdc0b02a356cea3f,FT_TN16;T_PLC_MS_block,,program0,True,True,True,TP,explicit FUNCTION_BLOCK declaration in mapped Structured Text source,production: GEB-scoped dt_FB_; probe: ungated core_symbol_text contains dt_FB_,DERIVED_EVIDENCE,
geb_FT_TN64,FT_TN64,GEB,fold_7,UNIQUE,1,AICPS-PLCBEAD_PLCEmbed-c78a56f/PLC-BEAD/Source/GEB/FT_TN64/FT_TN64.ST,56dac3d324d95306fc38c0b0e03a1f281aac50ef64ef50ce4d2459348f5e85fe,FT_TN64;T_PLC_MS_block,,program0,True,True,True,TP,explicit FUNCTION_BLOCK declaration in mapped Structured Text source,production: GEB-scoped dt_FB_; probe: ungated core_symbol_text contains dt_FB_,DERIVED_EVIDENCE,
geb_FT_TN8,FT_TN8,GEB,fold_8,UNIQUE,1,AICPS-PLCBEAD_PLCEmbed-c78a56f/PLC-BEAD/Source/GEB/FT_TN8/FT_TN8.ST,5a3f2015dbe9e94d2c78609fd379ae8853f49e78dd5104562a5eced9feb3c65e,FT_TN8;T_PLC_MS_block,,program0,True,True,True,TP,explicit FUNCTION_BLOCK declaration in mapped Structured Text source,production: GEB-scoped dt_FB_; probe: ungated core_symbol_text contains dt_FB_,DERIVED_EVIDENCE,
geb_F_LAMP,F_LAMP,GEB,fold_5,UNIQUE,1,AICPS-PLCBEAD_PLCEmbed-c78a56f/PLC-BEAD/Source/GEB/building_F_LAMP/F_LAMP.ST,540b3beafdf9f3541932fbe0141cea96ab45c65b166ab5425f0c02d6d4ae1396,F_LAMP_Block;ONTIME_Block;T_PLC_MS_block,,program0,True,True,True,TP,explicit FUNCTION_BLOCK declaration in mapped Structured Text source,production: GEB-scoped dt_FB_; probe: ungated core_symbol_text contains dt_FB_,DERIVED_EVIDENCE,
geb_F_LIN,F_LIN,GEB,fold_0,UNIQUE,1,AICPS-PLCBEAD_PLCEmbed-c78a56f/PLC-BEAD/Source/GEB/F_LIN/F_LIN.ST,c6fb46c16ede5ac4e55e57c59da9aaa7e0470cc06518e650a8770ef13c691b44,,F_LIN,program0,False,False,False,TN,explicit FUNCTION_BLOCK declaration in mapped Structured Text source,production: GEB-scoped dt_FB_; probe: ungated core_symbol_text contains dt_FB_,DERIVED_EVIDENCE,
geb_F_LIN2,F_LIN2,GEB,fold_1,UNIQUE,1,AICPS-PLCBEAD_PLCEmbed-c78a56f/PLC-BEAD/Source/GEB/F_LIN2/F_LIN2.ST,eb44fc174bd7c52aac4aa3894a722a7b988a8b48c686d33c03e8ad81a2dcd8ef,,F_LIN2,program0,False,False,False,TN,explicit FUNCTION_BLOCK declaration in mapped Structured Text source,production: GEB-scoped dt_FB_; probe: ungated core_symbol_text contains dt_FB_,DERIVED_EVIDENCE,
geb_F_POLY,F_POLY,GEB,fold_2,UNIQUE,1,AICPS-PLCBEAD_PLCEmbed-c78a56f/PLC-BEAD/Source/GEB/F_POLY/F_POLY.ST,79e3ef9269323ea6821e57d32431d5e517a3e963bf1f4391b2c9acf185e34ab4,F_POLY_Block,,program0,True,True,True,TP,explicit FUNCTION_BLOCK declaration in mapped Structured Text source,production: GEB-scoped dt_FB_; probe: ungated core_symbol_text contains dt_FB_,DERIVED_EVIDENCE,
geb_F_POWER,F_POWER,GEB,fold_3,UNIQUE,1,AICPS-PLCBEAD_PLCEmbed-c78a56f/PLC-BEAD/Source/GEB/F_POWER/F_POWER.ST,9c7c8c0969ff0073eb6d9144d4f4eb62e4b4250e68f67b389e6ed0b02cda2959,,F_POWER,program0,False,False,False,TN,explicit FUNCTION_BLOCK declaration in mapped Structured Text source,production: GEB-scoped dt_FB_; probe: ungated core_symbol_text contains dt_FB_,DERIVED_EVIDENCE,
geb_F_QUAD,F_QUAD,GEB,fold_4,UNIQUE,1,AICPS-PLCBEAD_PLCEmbed-c78a56f/PLC-BEAD/Source/GEB/F_QUAD/F_QUAD.ST,82fff1429d49c5fa72b5e70cd1d7de66b67a208035af34f5db0e31ab71d47f1c,,F_QUAD,program0,False,False,False,TN,explicit FUNCTION_BLOCK declaration in mapped Structured Text source,production: GEB-scoped dt_FB_; probe: ungated core_symbol_text contains dt_FB_,DERIVED_EVIDENCE,
geb_F_TO_C,F_TO_C,GEB,fold_7,UNIQUE,1,AICPS-PLCBEAD_PLCEmbed-c78a56f/PLC-BEAD/Source/GEB/F_TO_C/F_TO_C.ST,3eb6199d0132d9ddb9d8884a178e6707f668ffe357207ecedb5c943bfdd0c980,,F_TO_C,program0,False,False,False,TN,explicit FUNCTION_BLOCK declaration in mapped Structured Text source,production: GEB-scoped dt_FB_; probe: ungated core_symbol_text contains dt_FB_,DERIVED_EVIDENCE,
geb_F_TO_OM,F_TO_OM,GEB,fold_8,UNIQUE,1,AICPS-PLCBEAD_PLCEmbed-c78a56f/PLC-BEAD/Source/GEB/F_TO_OM/F_TO_OM.ST,b5fd0c9b7b3adaac273712c2c433095253f543007921093da661f301aad1944b,,F_TO_OM,program0,False,False,False,TN,explicit FUNCTION_BLOCK declaration in mapped Structured Text source,production: GEB-scoped dt_FB_; probe: ungated core_symbol_text contains dt_FB_,DERIVED_EVIDENCE,
geb_F_TO_PT,F_TO_PT,GEB,fold_9,UNIQUE,1,AICPS-PLCBEAD_PLCEmbed-c78a56f/PLC-BEAD/Source/GEB/F_TO_PT/F_TO_PT.ST,ddd705e5ac4e2bd8bbc5cb0442d182346bd0c4d5d2ba9dc5f0131d4407bd0258,,F_TO_PT;_REAL_TO_DWORD,program0,False,False,False,TN,explicit FUNCTION_BLOCK declaration in mapped Structured Text source,production: GEB-scoped dt_FB_; probe: ungated core_symbol_text contains dt_FB_,DERIVED_EVIDENCE,
geb_GAMMA,GAMMA,GEB,fold_9,UNIQUE,1,AICPS-PLCBEAD_PLCEmbed-c78a56f/PLC-BEAD/Source/GEB/GAMMA/GAMMA.ST,fcdf363e20e59da5dd7b05f39bf5b9aeb04ea200c998783535b545c90103584f,,GAMMA,program0,False,False,False,TN,explicit FUNCTION_BLOCK declaration in mapped Structured Text source,production: GEB-scoped dt_FB_; probe: ungated core_symbol_text contains dt_FB_,DERIVED_EVIDENCE,
geb_GAUSS,GAUSS,GEB,fold_0,UNIQUE,1,AICPS-PLCBEAD_PLCEmbed-c78a56f/PLC-BEAD/Source/GEB/GAUSS/GAUSS.ST,40a8fca0fc656dec65c91fe689e090be8e12a9c35de8edbfda83c5a2ad348eb3,,GAUSS,program0,False,False,False,TN,explicit FUNCTION_BLOCK declaration in mapped Structured Text source,production: GEB-scoped dt_FB_; probe: ungated core_symbol_text contains dt_FB_,DERIVED_EVIDENCE,
geb_GAUSSCD,GAUSSCD,GEB,fold_1,UNIQUE,1,AICPS-PLCBEAD_PLCEmbed-c78a56f/PLC-BEAD/Source/GEB/GAUSSCD/GAUSSCD.ST,f4f3f7a05f74f111f49ed021f93d6b5d731d10900a654481f7ba8f0510fcf3ca,,ERF;GAUSSCD;SGN,program0,False,False,False,TN,explicit FUNCTION_BLOCK declaration in mapped Structured Text source,production: GEB-scoped dt_FB_; probe: ungated core_symbol_text contains dt_FB_,DERIVED_EVIDENCE,
geb_GCD,GCD,GEB,fold_2,UNIQUE,1,AICPS-PLCBEAD_PLCEmbed-c78a56f/PLC-BEAD/Source/GEB/GCD/GCD.ST,9165b3c0c783dfb7b59b12613ea5640f30b774f08215ce3075fa9896b4dc8217,,GCD,program0,False,False,False,TN,explicit FUNCTION_BLOCK declaration in mapped Structured Text source,production: GEB-scoped dt_FB_; probe: ungated core_symbol_text contains dt_FB_,DERIVED_EVIDENCE,
geb_GDF,GDF,GEB,fold_3,UNIQUE,1,AICPS-PLCBEAD_PLCEmbed-c78a56f/PLC-BEAD/Source/GEB/GDF/GDF.ST,2a37e352fb522945ca3070f791a5d1e5ec3cf96e656e21642a7bd40a34a20a10,,GDF,program0,False,False,False,TN,explicit FUNCTION_BLOCK declaration in mapped Structured Text source,production: GEB-scoped dt_FB_; probe: ungated core_symbol_text contains dt_FB_,DERIVED_EVIDENCE,
geb_GEN_BIT,GEN_BIT,GEB,fold_0,UNIQUE,1,AICPS-PLCBEAD_PLCEmbed-c78a56f/PLC-BEAD/Source/GEB/GEN_BIT/GEN_BIT.ST,675405eed535f168bad24464496550277857a5a6ba73f99c40d7c5c2269b77b3,GEN_BIT_Block,BIT_OF_DWORD,program0,True,True,True,TP,explicit FUNCTION_BLOCK declaration in mapped Structured Text source,production: GEB-scoped dt_FB_; probe: ungated core_symbol_text contains dt_FB_,DERIVED_EVIDENCE,
geb_GEN_PULSE,GEN_PULSE,GEB,fold_3,UNIQUE,1,AICPS-PLCBEAD_PLCEmbed-c78a56f/PLC-BEAD/Source/GEB/GEN_PULSE/GEN_PULSE.ST,c202a93575abf2f975c899b0f1dcceb2fe5bf052f6f126cbf2a3bd6afb9e2b44,GEN_PULSE_Block;T_PLC_MS_block,UDINT_TO_TIME2,program0,True,True,True,TP,explicit FUNCTION_BLOCK declaration in mapped Structured Text source,production: GEB-scoped dt_FB_; probe: ungated core_symbol_text contains dt_FB_,DERIVED_EVIDENCE,
geb_GEN_PW2,GEN_PW2,GEB,fold_4,UNIQUE,1,AICPS-PLCBEAD_PLCEmbed-c78a56f/PLC-BEAD/Source/GEB/GEN_PW2/GEN_PW2.ST,55502bc88384f0064e8d1cc10a08d6392ad482b5e5b4ea6ac47f4ad66878ced1,GEN_PW2_Block;T_PLC_MS_block,UDINT_TO_TIME2,program0,True,True,True,TP,explicit FUNCTION_BLOCK declaration in mapped Structured Text source,production: GEB-scoped dt_FB_; probe: ungated core_symbol_text contains dt_FB_,DERIVED_EVIDENCE,
geb_GEN_RDM,GEN_RDM,GEB,fold_5,UNIQUE,1,AICPS-PLCBEAD_PLCEmbed-c78a56f/PLC-BEAD/Source/GEB/GEN_RDM/GEN_RDM.ST,9068028a678aeb0382918a041b93911c72b84a6024ad36c2ee1e82175ee9785d,GEN_RDM_Block;RDM_Block;T_PLC_MS_block,BIT_COUNT;BIT_LOAD_DW;BIT_OF_DWORD;D_TRUNC;FRACT;_DWORD_TO_REAL;_INT_TO_UDINT,program0,True,True,True,TP,explicit FUNCTION_BLOCK declaration in mapped Structured Text source,production: GEB-scoped dt_FB_; probe: ungated core_symbol_text contains dt_FB_,DERIVED_EVIDENCE,
geb_GEN_RDT,GEN_RDT,GEB,fold_6,UNIQUE,1,AICPS-PLCBEAD_PLCEmbed-c78a56f/PLC-BEAD/Source/GEB/GEN_RDT/GEN_RDT.ST,21eda30cb9da7207040e95e80eefb07cafc1124fc85c0ed1d5c94bc4b6c81e24,GEN_RDT_Block;RDM_Block;T_PLC_MS_block,BIT_COUNT;BIT_LOAD_DW;BIT_OF_DWORD;D_TRUNC;FRACT;REAL_TO_TIME2;TIME_TO_REAL1;_DWORD_TO_REAL;_INT_TO_UDINT;_REAL_TO_UDINT,program0,True,True,True,TP,explicit FUNCTION_BLOCK declaration in mapped Structured Text source,production: GEB-scoped dt_FB_; probe: ungated core_symbol_text contains dt_FB_,DERIVED_EVIDENCE,
geb_GEN_RMP,GEN_RMP,GEB,fold_7,UNIQUE,1,AICPS-PLCBEAD_PLCEmbed-c78a56f/PLC-BEAD/Source/GEB/GEN_RMP/GEN_RMP.ST,e236c84ccafecda50a17e3ee757c9a0d9488a76393eb7eafa2aa380660898eea,GEN_RMP_Block;T_PLC_MS_block,D_TRUNC;FLOOR2;FRACT;MODR;MULTIME_B;TIME_TO_REAL1;UDINT_TO_TIME2;_DWORD_TO_REAL;_REAL_TO_DWORD,program0,True,True,True,TP,explicit FUNCTION_BLOCK declaration in mapped Structured Text source,production: GEB-scoped dt_FB_; probe: ungated core_symbol_text contains dt_FB_,DERIVED_EVIDENCE,
geb_GEN_SIN,GEN_SIN,GEB,fold_8,UNIQUE,1,AICPS-PLCBEAD_PLCEmbed-c78a56f/PLC-BEAD/Source/GEB/GEN_SIN/GEN_SIN.ST,40e7fcdc33e75d5074f153edd7e4c84f3a704d7fe818f1ffcb271c924fa29404,GEN_SIN_Block;T_PLC_MS_block,FLOOR2;MODR;MULTIME_B;SIGN_R;TIME_TO_REAL1;UDINT_TO_TIME2;_DWORD_TO_REAL;_REAL_TO_DWORD,program0,True,True,True,TP,explicit FUNCTION_BLOCK declaration in mapped Structured Text source,production: GEB-scoped dt_FB_; probe: ungated core_symbol_text contains dt_FB_,DERIVED_EVIDENCE,
geb_GEN_SQ,GEN_SQ,GEB,fold_1,UNIQUE,1,AICPS-PLCBEAD_PLCEmbed-c78a56f/PLC-BEAD/Source/GEB/GEN_SQ/GEN_SQ.ST,b4caf4144d6ab859a1e9abf33e13370ed8a3069f4c94c22ee2a4076a03707599,GEN_SQ_Block;T_PLC_MS_block,UDINT_TO_TIME2,program0,True,True,True,TP,explicit FUNCTION_BLOCK declaration in mapped Structured Text source,production: GEB-scoped dt_FB_; probe: ungated core_symbol_text contains dt_FB_,DERIVED_EVIDENCE,
geb_GEN_SQR,GEN_SQR,GEB,fold_9,UNIQUE,1,AICPS-PLCBEAD_PLCEmbed-c78a56f/PLC-BEAD/Source/GEB/GEN_SQR/GEN_SQR.ST,de5e664bb748191436b1ce60732343fc534109506aa4b4a5d3c3b930c4ba8311,GEN_SQR_Block;T_PLC_MS_block,FLOOR2;MODR;MULTIME_B;UDINT_TO_TIME2;_DWORD_TO_REAL;_REAL_TO_DWORD,program0,True,True,True,TP,explicit FUNCTION_BLOCK declaration in mapped Structured Text source,production: GEB-scoped dt_FB_; probe: ungated core_symbol_text contains dt_FB_,DERIVED_EVIDENCE,
geb_GEO_TO_DEG,GEO_TO_DEG,GEB,fold_0,UNIQUE,1,AICPS-PLCBEAD_PLCEmbed-c78a56f/PLC-BEAD/Source/GEB/GEO_TO_DEG/GEO_TO_DEG.ST,22a110dfd801c77067b133e486624b6932842f9e51b82493c674a26e0466f09c,,GEO_TO_DEG,program0,False,False,False,TN,explicit FUNCTION_BLOCK declaration in mapped Structured Text source,production: GEB-scoped dt_FB_; probe: ungated core_symbol_text contains dt_FB_,DERIVED_EVIDENCE,
geb_GOLD,GOLD,GEB,fold_4,UNIQUE,1,AICPS-PLCBEAD_PLCEmbed-c78a56f/PLC-BEAD/Source/GEB/GOLD/GOLD.ST,189e81272d8693ee78b950800999d63f1c0b3d53edde809e11dcf25ddd1b1f6a,,GOLD,program0,False,False,False,TN,explicit FUNCTION_BLOCK declaration in mapped Structured Text source,production: GEB-scoped dt_FB_; probe: ungated core_symbol_text contains dt_FB_,DERIVED_EVIDENCE,
geb_GRAY_TO_BYTE,GRAY_TO_BYTE,GEB,fold_4,UNIQUE,1,AICPS-PLCBEAD_PLCEmbed-c78a56f/PLC-BEAD/Source/GEB/GRAY_TO_BYTE/GRAY_TO_BYTE.ST,4ce2adcc6bff1966be0dd017b9e15205d1f54783949a33921ce616cc12faf5af,,GRAY_TO_BYTE,program0,False,False,False,TN,explicit FUNCTION_BLOCK declaration in mapped Structured Text source,production: GEB-scoped dt_FB_; probe: ungated core_symbol_text contains dt_FB_,DERIVED_EVIDENCE,
geb_HEAT_INDEX,HEAT_INDEX,GEB,fold_3,UNIQUE,1,AICPS-PLCBEAD_PLCEmbed-c78a56f/PLC-BEAD/Source/GEB/building_HEAT_INDEX/HEAT_INDEX.ST,f78ab27744d8dceab2181cd62f9cbf7ce6bdfc8c01f51be96410c6e08cbe501b,,C_TO_F;F_TO_C;HEAT_INDEX,program0,False,False,False,TN,explicit FUNCTION_BLOCK declaration in mapped Structured Text source,production: GEB-scoped dt_FB_; probe: ungated core_symbol_text contains dt_FB_,DERIVED_EVIDENCE,
geb_HEAT_TEMP,HEAT_TEMP,GEB,fold_5,UNIQUE,1,AICPS-PLCBEAD_PLCEmbed-c78a56f/PLC-BEAD/Source/GEB/building_HEAT_TEMP/HEAT_TEMP.ST,ed26d383e404e275e63ab87dfcd155901dd4b8fc491ba79978f4d1e22f96580e,HEAT_TEMP_Block,,program0,True,True,True,TP,explicit FUNCTION_BLOCK declaration in mapped Structured Text source,production: GEB-scoped dt_FB_; probe: ungated core_symbol_text contains dt_FB_,DERIVED_EVIDENCE,
geb_HOLIDAY,HOLIDAY,GEB,fold_5,UNIQUE,1,AICPS-PLCBEAD_PLCEmbed-c78a56f/PLC-BEAD/Source/GEB/HOLIDAY/HOLIDAY.ST,8d2effa26ae85af9328eec6888fd67e471002158c3cee1fb63ef225f3dc176d8,HOLIDAY_Block;SETUP_LANGUAGE_Block;SETUP_LOCATION;SETUP_WEEKDAYS,DATE_ADD;DAY_OF_MONTH;DAY_OF_WEEK;DAY_OF_YEAR;EASTER;LEAP_OF_DATE;MONTH_OF_DATE;SET_DATE;YEAR_OF_DATE;_INT_TO_UDINT,program0,True,True,True,TP,explicit FUNCTION_BLOCK declaration in mapped Structured Text source,production: GEB-scoped dt_FB_; probe: ungated core_symbol_text contains dt_FB_,DERIVED_EVIDENCE,
geb_HOUR,HOUR,GEB,fold_6,UNIQUE,1,AICPS-PLCBEAD_PLCEmbed-c78a56f/PLC-BEAD/Source/GEB/HOUR/HOUR.ST,f47c746a3abc863c6c6e3bc947b524540bdd72256a269419a5c40852b0c709e6,,HOUR,program0,False,False,False,TN,explicit FUNCTION_BLOCK declaration in mapped Structured Text source,production: GEB-scoped dt_FB_; probe: ungated core_symbol_text contains dt_FB_,DERIVED_EVIDENCE,
geb_HOUR_OF_DT,HOUR_OF_DT,GEB,fold_7,UNIQUE,1,AICPS-PLCBEAD_PLCEmbed-c78a56f/PLC-BEAD/Source/GEB/HOUR_OF_DT/HOUR_OF_DT.ST,959afbc7bbdad1209cc4f578ca520e750eb8074c7752e53bc40a50760e89141e,,HOUR_OF_DT,program0,False,False,False,TN,explicit FUNCTION_BLOCK declaration in mapped Structured Text source,production: GEB-scoped dt_FB_; probe: ungated core_symbol_text contains dt_FB_,DERIVED_EVIDENCE,
geb_HOUR_TO_TIME,HOUR_TO_TIME,GEB,fold_8,UNIQUE,1,AICPS-PLCBEAD_PLCEmbed-c78a56f/PLC-BEAD/Source/GEB/HOUR_TO_TIME/HOUR_TO_TIME.ST,7b195482f0e9fa799afa01831f580d97bfe8072140e50c9cbbe9de656c35cf5a,,HOUR_TO_TIME;_REAL_TO_UDINT,program0,False,False,False,TN,explicit FUNCTION_BLOCK declaration in mapped Structured Text source,production: GEB-scoped dt_FB_; probe: ungated core_symbol_text contains dt_FB_,DERIVED_EVIDENCE,
geb_HOUR_TO_TOD,HOUR_TO_TOD,GEB,fold_9,UNIQUE,1,AICPS-PLCBEAD_PLCEmbed-c78a56f/PLC-BEAD/Source/GEB/HOUR_TO_TOD/HOUR_TO_TOD.ST,a043c7a75a364eac1032cfae51b68213327b1cb65bd9f726c9c81e280b732999,,HOUR_TO_TOD;_REAL_TO_UDINT,program0,False,False,False,TN,explicit FUNCTION_BLOCK declaration in mapped Structured Text source,production: GEB-scoped dt_FB_; probe: ungated core_symbol_text contains dt_FB_,DERIVED_EVIDENCE,
geb_HYPOT,HYPOT,GEB,fold_5,UNIQUE,1,AICPS-PLCBEAD_PLCEmbed-c78a56f/PLC-BEAD/Source/GEB/HYPOT/HYPOT.ST,fe5f36c23858cf104418123b4a1ec06f6f93cb4c9d29aa70d7b38e8ac0699ab5,,HYPOT,program0,False,False,False,TN,explicit FUNCTION_BLOCK declaration in mapped Structured Text source,production: GEB-scoped dt_FB_; probe: ungated core_symbol_text contains dt_FB_,DERIVED_EVIDENCE,
geb_HYST,HYST,GEB,fold_9,UNIQUE,1,AICPS-PLCBEAD_PLCEmbed-c78a56f/PLC-BEAD/Source/GEB/HYST/HYST.ST,e95677728abf56cd2b9957e29e43bb66a5d0265b32efc5960b74edc864408e48,HYST_Block,,program0,True,True,True,TP,explicit FUNCTION_BLOCK declaration in mapped Structured Text source,production: GEB-scoped dt_FB_; probe: ungated core_symbol_text contains dt_FB_,DERIVED_EVIDENCE,
geb_HYST_1,HYST_1,GEB,fold_0,UNIQUE,1,AICPS-PLCBEAD_PLCEmbed-c78a56f/PLC-BEAD/Source/GEB/HYST_1/HYST_1.ST,3358f7ff83777004236057b0a34672968c903435ee99ad890e422c1c8e494a59,HYST_1_Block,,program0,True,True,True,TP,explicit FUNCTION_BLOCK declaration in mapped Structured Text source,production: GEB-scoped dt_FB_; probe: ungated core_symbol_text contains dt_FB_,DERIVED_EVIDENCE,
geb_HYST_2,HYST_2,GEB,fold_1,UNIQUE,1,AICPS-PLCBEAD_PLCEmbed-c78a56f/PLC-BEAD/Source/GEB/HYST_2/HYST_2.ST,009cfc815ca212424121ecf35761b40ddaf6f0a40f422b5c4be93e91fee4233f,HYST_2_Block,,program0,True,True,True,TP,explicit FUNCTION_BLOCK declaration in mapped Structured Text source,production: GEB-scoped dt_FB_; probe: ungated core_symbol_text contains dt_FB_,DERIVED_EVIDENCE,
geb_HYST_3,HYST_3,GEB,fold_2,UNIQUE,1,AICPS-PLCBEAD_PLCEmbed-c78a56f/PLC-BEAD/Source/GEB/HYST_3/HYST_3.ST,5d71258d7ce8339fcc87e5597cffd0e78001a8c112e5dce45d264ed6ccd1182a,HYST_3_Block,,program0,True,True,True,TP,explicit FUNCTION_BLOCK declaration in mapped Structured Text source,production: GEB-scoped dt_FB_; probe: ungated core_symbol_text contains dt_FB_,DERIVED_EVIDENCE,
geb_INC,INC,GEB,fold_6,UNIQUE,1,AICPS-PLCBEAD_PLCEmbed-c78a56f/PLC-BEAD/Source/GEB/INC/INC.ST,5a871fd0c97a1a209f9ac2feab82e4c2bbe9cb558447d7a89cbcf41516bbdb4e,,INC,program0,False,False,False,TN,explicit FUNCTION_BLOCK declaration in mapped Structured Text source,production: GEB-scoped dt_FB_; probe: ungated core_symbol_text contains dt_FB_,DERIVED_EVIDENCE,
geb_INC1,INC1,GEB,fold_7,UNIQUE,1,AICPS-PLCBEAD_PLCEmbed-c78a56f/PLC-BEAD/Source/GEB/INC1/INC1.ST,fce9508226ecd7b8e6458cb01c77ebec255bff4c034955f481ca9ad129a14a7e,,INC1,program0,False,False,False,TN,explicit FUNCTION_BLOCK declaration in mapped Structured Text source,production: GEB-scoped dt_FB_; probe: ungated core_symbol_text contains dt_FB_,DERIVED_EVIDENCE,
geb_INC2,INC2,GEB,fold_8,UNIQUE,1,AICPS-PLCBEAD_PLCEmbed-c78a56f/PLC-BEAD/Source/GEB/INC2/INC2.ST,1ecadd5a7d02eb3db3a46cfd8e549c90a15ac88fb412bdd488181e8f550afbf5,,INC2,program0,False,False,False,TN,explicit FUNCTION_BLOCK declaration in mapped Structured Text source,production: GEB-scoped dt_FB_; probe: ungated core_symbol_text contains dt_FB_,DERIVED_EVIDENCE,
geb_INC_DEC,INC_DEC,GEB,fold_6,UNIQUE,1,AICPS-PLCBEAD_PLCEmbed-c78a56f/PLC-BEAD/Source/GEB/INC_DEC/INC_DEC.ST,3be540e948fe55401e3dff939862c1dce094ce5d4728a4bfbf8bc42e4aeeea21,INC_DEC_Block,,program0,True,True,True,TP,explicit FUNCTION_BLOCK declaration in mapped Structured Text source,production: GEB-scoped dt_FB_; probe: ungated core_symbol_text contains dt_FB_,DERIVED_EVIDENCE,
geb_INSERT250,INSERT250,GEB,fold_7,UNIQUE,1,AICPS-PLCBEAD_PLCEmbed-c78a56f/PLC-BEAD/Source/GEB/INSERT250/INSERT250.ST,83d27199bd81c6327cb0b9ecfee2ad53895f3d12709b20f4f2814a0b73ceaabe,INSERTT250,,program0,True,True,True,TP,explicit FUNCTION_BLOCK declaration in mapped Structured Text source,production: GEB-scoped dt_FB_; probe: ungated core_symbol_text contains dt_FB_,DERIVED_EVIDENCE,
geb_INTERLOCK,INTERLOCK,GEB,fold_7,UNIQUE,1,AICPS-PLCBEAD_PLCEmbed-c78a56f/PLC-BEAD/Source/GEB/INTERLOCK/INTERLOCK.ST,fd6e82d68adb5a8fbf2eb331fddfc6d22fd9a3d55fd7abbcb72ce731d4f0f841,INTERLOCK_Block,,program0,True,True,True,TP,explicit FUNCTION_BLOCK declaration in mapped Structured Text source,production: GEB-scoped dt_FB_; probe: ungated core_symbol_text contains dt_FB_,DERIVED_EVIDENCE,
geb_INTERLOCK_4,INTERLOCK_4,GEB,fold_8,UNIQUE,1,AICPS-PLCBEAD_PLCEmbed-c78a56f/PLC-BEAD/Source/GEB/INTERLOCK_4/INTERLOCK_4.ST,5bcf3fa6d596b0e511305e657c59708a5d04d6b3d11bd5882a3a1caba85f2ea1,INTERLOCK_4_Block,BIT_LOAD_B,program0,True,True,True,TP,explicit FUNCTION_BLOCK declaration in mapped Structured Text source,production: GEB-scoped dt_FB_; probe: ungated core_symbol_text contains dt_FB_,DERIVED_EVIDENCE,
geb_INT_TO_BCDC,INT_TO_BCDC,GEB,fold_5,UNIQUE,1,AICPS-PLCBEAD_PLCEmbed-c78a56f/PLC-BEAD/Source/GEB/INT_TO_BCDC/INT_TO_BCDC.ST,e7e09fbf67535e8fea66049ccbde88bdcdc1a06ee7c2e7950685892bee5c302e,,INT_TO_BCDC,program0,False,False,False,TN,explicit FUNCTION_BLOCK declaration in mapped Structured Text source,production: GEB-scoped dt_FB_; probe: ungated core_symbol_text contains dt_FB_,DERIVED_EVIDENCE,
geb_INT_TO_TIME,INT_TO_TIME,GEB,fold_0,UNIQUE,1,AICPS-PLCBEAD_PLCEmbed-c78a56f/PLC-BEAD/Source/GEB/INT_TO_TIME/INT_TO_TIME.ST,d4907ffb4a318c9d98e9f843e0790574ebb56980824cf1dcf7b07112d6810e87,,_INT_TO_TIME,program0,False,False,False,TN,explicit FUNCTION_BLOCK declaration in mapped Structured Text source,production: GEB-scoped dt_FB_; probe: ungated core_symbol_text contains dt_FB_,DERIVED_EVIDENCE,
geb_INV,INV,GEB,fold_9,UNIQUE,1,AICPS-PLCBEAD_PLCEmbed-c78a56f/PLC-BEAD/Source/GEB/INV/INV.ST,6118c5240a5131dc8b38a9b273214e8f746b28565a1df98ff15e481c2ece7f80,,INV,program0,False,False,False,TN,explicit FUNCTION_BLOCK declaration in mapped Structured Text source,production: GEB-scoped dt_FB_; probe: ungated core_symbol_text contains dt_FB_,DERIVED_EVIDENCE,
geb_IP4_CHECK,IP4_CHECK,GEB,fold_4,MULTIPLE_CONSISTENT,2,AICPS-PLCBEAD_PLCEmbed-c78a56f/PLC-BEAD/Source/GEB/Network_IP4_CHECK/IP4_CHECK.ST;AICPS-PLCBEAD_PLCEmbed-c78a56f/PLC-BEAD/Source/GEB/sample_project/oscat/Network/IP4_CHECK.ST,f93a3cce263c229d0d03c62cc5e81c33e2a68f2d03f5a2eb129e495713bfa7d7;180dacb07b58a323e2a0a2f4283de1f76a9592e480a7fe7efcff1978c2aa0ddc,,IP4_CHECK,instance0;program0,False,False,False,TN,explicit FUNCTION_BLOCK declaration in mapped Structured Text source,production: GEB-scoped dt_FB_; probe: ungated core_symbol_text contains dt_FB_,DERIVED_EVIDENCE,
geb_IP4_TO_STRING,IP4_TO_STRING,GEB,fold_5,MULTIPLE_CONSISTENT,2,AICPS-PLCBEAD_PLCEmbed-c78a56f/PLC-BEAD/Source/GEB/Network_IP4_TO_STRING/IP4_TO_STRING.ST;AICPS-PLCBEAD_PLCEmbed-c78a56f/PLC-BEAD/Source/GEB/sample_project/oscat/Network/IP4_TO_STRING.ST,7c4b364d187087e6228bddf4cc6adfe9bc5c39f7b00f8a21c7c43bd36385990c;b50795659aa49f264f5b224cea0d33653533c2a1d892ad65ce429e55ce6f90da,IP4_TO_STRING_Block,BYTE_OF_DWORD;_BYTE_TO_INT,instance0;program0,True,True,True,TP,explicit FUNCTION_BLOCK declaration in mapped Structured Text source,production: GEB-scoped dt_FB_; probe: ungated core_symbol_text contains dt_FB_,DERIVED_EVIDENCE,
geb_IP_FIFO,IP_FIFO,GEB,fold_3,MULTIPLE_CONSISTENT,2,AICPS-PLCBEAD_PLCEmbed-c78a56f/PLC-BEAD/Source/GEB/Network_IP_FIFO/IP_FIFO.ST;AICPS-PLCBEAD_PLCEmbed-c78a56f/PLC-BEAD/Source/GEB/sample_project/oscat/Network/IP_FIFO.ST,e82eb30c423b93208b5ae8b675e53a6de09cf048142c5280571cdb9a44539225;7b116a38de52bb9e5d30be1d0a1684e5844e70369ba9699b7ef79ac736449f16,IP_FIFO_Block,_BYTE_TO_INT,instance0;program0,True,True,True,TP,explicit FUNCTION_BLOCK declaration in mapped Structured Text source,production: GEB-scoped dt_FB_; probe: ungated core_symbol_text contains dt_FB_,DERIVED_EVIDENCE,
geb_IRTRANS_DECODE,IRTRANS_DECODE,GEB,fold_0,MULTIPLE_CONSISTENT,2,AICPS-PLCBEAD_PLCEmbed-c78a56f/PLC-BEAD/Source/GEB/Network_IRTRANS_DECODE/IRTRANS_DECODE.ST;AICPS-PLCBEAD_PLCEmbed-c78a56f/PLC-BEAD/Source/GEB/sample_project/oscat/Network/IRTRANS_DECODE.ST,7a7301362a307547098ab86e95365bb57e7c38e8046d755733a861be4e6d1aaf;2f65bd8ff3652fa5305385dd6d219d726f6303fd7af35ed25d19d3258fa25c1c,CHR_TO_STRING_Block;IRTRANS_DECODE_Block,,instance0;program0,True,True,True,TP,explicit FUNCTION_BLOCK declaration in mapped Structured Text source,production: GEB-scoped dt_FB_; probe: ungated core_symbol_text contains dt_FB_,DERIVED_EVIDENCE,
geb_IRTRANS_RCV_1,IRTRANS_RCV_1,GEB,fold_1,MULTIPLE_CONSISTENT,2,AICPS-PLCBEAD_PLCEmbed-c78a56f/PLC-BEAD/Source/GEB/Network_IRTRANS_RCV_1/IRTRANS_RCV_1.ST;AICPS-PLCBEAD_PLCEmbed-c78a56f/PLC-BEAD/Source/GEB/sample_project/oscat/Network/IRTRANS_RCV_1.ST,47146d9261bac1d3454eb8ace092196b321185fe6a1b74520c1806cf8021c37f;b1cd39e7b194ceae73b963aaef3e9baaeec7032de27d25ca9e7eecf2ce55be48,IRTRANS_RCV_1_Block,,instance0;program0,True,True,True,TP,explicit FUNCTION_BLOCK declaration in mapped Structured Text source,production: GEB-scoped dt_FB_; probe: ungated core_symbol_text contains dt_FB_,DERIVED_EVIDENCE,
geb_IRTRANS_RCV_4,IRTRANS_RCV_4,GEB,fold_2,MULTIPLE_CONSISTENT,2,AICPS-PLCBEAD_PLCEmbed-c78a56f/PLC-BEAD/Source/GEB/Network_IRTRANS_RCV_4/IRTRANS_RCV_4.ST;AICPS-PLCBEAD_PLCEmbed-c78a56f/PLC-BEAD/Source/GEB/sample_project/oscat/Network/IRTRANS_RCV_4.ST,9f2f03da18325f41e60395c9a5a7f2246adf9ae23c7b25e56565e4cfecbe30a9;4bf9ba10636856031cf552e0799f9e10a62de5f89d7790e0a4106fdc94c20492,IRTRANS_RCV_4_Block,,instance0;program0,True,True,True,TP,explicit FUNCTION_BLOCK declaration in mapped Structured Text source,production: GEB-scoped dt_FB_; probe: ungated core_symbol_text contains dt_FB_,DERIVED_EVIDENCE,
geb_IRTRANS_RCV_8,IRTRANS_RCV_8,GEB,fold_3,MULTIPLE_CONSISTENT,2,AICPS-PLCBEAD_PLCEmbed-c78a56f/PLC-BEAD/Source/GEB/Network_IRTRANS_RCV_8/IRTRANS_RCV_8.ST;AICPS-PLCBEAD_PLCEmbed-c78a56f/PLC-BEAD/Source/GEB/sample_project/oscat/Network/IRTRANS_RCV_8.ST,84af553448aa8280d63fc06037bb6d61ee7a768ca28e6e4d95c984827e126db8;a8d4f5400bb8d0c1ff879d26937b1d1021c39df289877ad717b17b395440ad0f,IRTRANS_RCV_8_Block,,instance0;program0,True,True,True,TP,explicit FUNCTION_BLOCK declaration in mapped Structured Text source,production: GEB-scoped dt_FB_; probe: ungated core_symbol_text contains dt_FB_,DERIVED_EVIDENCE,
geb_IRTRANS_SERVER,IRTRANS_SERVER,GEB,fold_4,MULTIPLE_CONSISTENT,2,AICPS-PLCBEAD_PLCEmbed-c78a56f/PLC-BEAD/Source/GEB/Network_IRTRANS_SERVER/IRTRANS_SERVER.ST;AICPS-PLCBEAD_PLCEmbed-c78a56f/PLC-BEAD/Source/GEB/sample_project/oscat/Network/IRTRANS_SERVER.ST,4638cd92a50623b8f191fcc7d71fdb8c31406863e8b3a45ca469d3ac5a598808;d9b181a98981cc22febba7ffb8bc8d7b3269bc1203b4e6bc0d4fbfc55b871665,IRTRANS_SERVER_Block,,instance0;program0,True,True,True,TP,explicit FUNCTION_BLOCK declaration in mapped Structured Text source,production: GEB-scoped dt_FB_; probe: ungated core_symbol_text contains dt_FB_,DERIVED_EVIDENCE,
geb_ISC_ALPHA,ISC_ALPHA,GEB,fold_0,UNIQUE,1,AICPS-PLCBEAD_PLCEmbed-c78a56f/PLC-BEAD/Source/GEB/ISC_ALPHA/ISC_ALPHA.ST,ab6f5c064a5bad4f9d8ffd234cfbaf960535fede0a32cbfad985b8658f157de0,,ISC_ALPHA;SETUP_EXTENDED_ASCII,program0,False,False,False,TN,explicit FUNCTION_BLOCK declaration in mapped Structured Text source,production: GEB-scoped dt_FB_; probe: ungated core_symbol_text contains dt_FB_,DERIVED_EVIDENCE,
geb_ISC_CTRL,ISC_CTRL,GEB,fold_1,UNIQUE,1,AICPS-PLCBEAD_PLCEmbed-c78a56f/PLC-BEAD/Source/GEB/ISC_CTRL/ISC_CTRL.ST,94ee09c72fab3438f6beec215c46738c7906bc746f04452cbb7442e2a7ff6e05,,ISC_CTRL,program0,False,False,False,TN,explicit FUNCTION_BLOCK declaration in mapped Structured Text source,production: GEB-scoped dt_FB_; probe: ungated core_symbol_text contains dt_FB_,DERIVED_EVIDENCE,
geb_ISC_HEX,ISC_HEX,GEB,fold_2,UNIQUE,1,AICPS-PLCBEAD_PLCEmbed-c78a56f/PLC-BEAD/Source/GEB/ISC_HEX/ISC_HEX.ST,e0f5590b748808783d9591f40c57cf5715a382ea428aca356b712c4b1bdf587e,,ISC_HEX,program0,False,False,False,TN,explicit FUNCTION_BLOCK declaration in mapped Structured Text source,production: GEB-scoped dt_FB_; probe: ungated core_symbol_text contains dt_FB_,DERIVED_EVIDENCE,
geb_ISC_LOWER,ISC_LOWER,GEB,fold_3,UNIQUE,1,AICPS-PLCBEAD_PLCEmbed-c78a56f/PLC-BEAD/Source/GEB/ISC_LOWER/ISC_LOWER.ST,efb2837c79749a8de5dd7a3710995b0b070c30e73084ff91d60a197364ede67f,,ISC_LOWER;SETUP_EXTENDED_ASCII,program0,False,False,False,TN,explicit FUNCTION_BLOCK declaration in mapped Structured Text source,production: GEB-scoped dt_FB_; probe: ungated core_symbol_text contains dt_FB_,DERIVED_EVIDENCE,
geb_ISC_NUM,ISC_NUM,GEB,fold_4,UNIQUE,1,AICPS-PLCBEAD_PLCEmbed-c78a56f/PLC-BEAD/Source/GEB/ISC_NUM/ISC_NUM.ST,8d4c0af0dab801e5d622cfeb9640ff7363a2ae19a53bc2b79091b2d0ecaefb38,,ISC_NUM,program0,False,False,False,TN,explicit FUNCTION_BLOCK declaration in mapped Structured Text source,production: GEB-scoped dt_FB_; probe: ungated core_symbol_text contains dt_FB_,DERIVED_EVIDENCE,
geb_ISC_UPPER,ISC_UPPER,GEB,fold_5,UNIQUE,1,AICPS-PLCBEAD_PLCEmbed-c78a56f/PLC-BEAD/Source/GEB/ISC_UPPER/ISC_UPPER.ST,8ab736f6b2af437d22c2cda0f17a663b0a689718f53826fb14553caf149bc096,,ISC_UPPER;SETUP_EXTENDED_ASCII,program0,False,False,False,TN,explicit FUNCTION_BLOCK declaration in mapped Structured Text source,production: GEB-scoped dt_FB_; probe: ungated core_symbol_text contains dt_FB_,DERIVED_EVIDENCE,
geb_IS_CC,IS_CC,GEB,fold_8,UNIQUE,1,AICPS-PLCBEAD_PLCEmbed-c78a56f/PLC-BEAD/Source/GEB/IS_CC/IS_CC.ST,43c73daec0448cd936b86fc136c3d5ffbfe373756381a2a6dc3a699947170581,IS_CC_Block,,program0,True,True,True,TP,explicit FUNCTION_BLOCK declaration in mapped Structured Text source,production: GEB-scoped dt_FB_; probe: ungated core_symbol_text contains dt_FB_,DERIVED_EVIDENCE,
geb_IS_NCC,IS_NCC,GEB,fold_9,UNIQUE,1,AICPS-PLCBEAD_PLCEmbed-c78a56f/PLC-BEAD/Source/GEB/IS_NCC/IS_NCC.ST,5adda4b2315d3d133e18735c0f79baf28594ebd1209f2b869cedfc6c6a062fab,IS_NCC_Block,,program0,True,True,True,TP,explicit FUNCTION_BLOCK declaration in mapped Structured Text source,production: GEB-scoped dt_FB_; probe: ungated core_symbol_text contains dt_FB_,DERIVED_EVIDENCE,
geb_IS_SORTED,IS_SORTED,GEB,fold_2,UNIQUE,1,AICPS-PLCBEAD_PLCEmbed-c78a56f/PLC-BEAD/Source/GEB/IS_SORTED/IS_SORTED.ST,e9904c59afde4374adccbf28c0fa2f70f1ed42c3636530aa6a58978ea6af5bcd,IS_SORTED_Block,,program0,True,True,True,TP,explicit FUNCTION_BLOCK declaration in mapped Structured Text source,production: GEB-scoped dt_FB_; probe: ungated core_symbol_text contains dt_FB_,DERIVED_EVIDENCE,
geb_IS_URLCHR,IS_URLCHR,GEB,fold_6,MULTIPLE_CONSISTENT,2,AICPS-PLCBEAD_PLCEmbed-c78a56f/PLC-BEAD/Source/GEB/Network_IS_URLCHR/IS_URLCHR.ST;AICPS-PLCBEAD_PLCEmbed-c78a56f/PLC-BEAD/Source/GEB/sample_project/oscat/Network/IS_URLCHR.ST,c9e1ac1c8eb1c79ce0dcb1bfecf738c205ae4b20df6eff408881b9f8276b6ce4;8555436be93d946dd53382d17be574382f15b84e671078c3afeebc5f04e3e077,,IS_URLCHR,instance0;program0,False,False,False,TN,explicit FUNCTION_BLOCK declaration in mapped Structured Text source,production: GEB-scoped dt_FB_; probe: ungated core_symbol_text contains dt_FB_,DERIVED_EVIDENCE,
geb_JD2000,JD2000,GEB,fold_1,UNIQUE,1,AICPS-PLCBEAD_PLCEmbed-c78a56f/PLC-BEAD/Source/GEB/JD2000/JD2000.ST,81bac8f7a094c5f710fd22ef633504cc9a1bf3cb16924bdc11d30a05ebaa2f85,,JD2000,program0,False,False,False,TN,explicit FUNCTION_BLOCK declaration in mapped Structured Text source,production: GEB-scoped dt_FB_; probe: ungated core_symbol_text contains dt_FB_,DERIVED_EVIDENCE,
geb_KMH_TO_MS,KMH_TO_MS,GEB,fold_2,UNIQUE,1,AICPS-PLCBEAD_PLCEmbed-c78a56f/PLC-BEAD/Source/GEB/KMH_TO_MS/KMH_TO_MS.ST,cd7a7af267ae265774159f6b6571c732c88391a65bf8b0f012acedc6a71abd9b,,KMH_TO_MS,program0,False,False,False,TN,explicit FUNCTION_BLOCK declaration in mapped Structured Text source,production: GEB-scoped dt_FB_; probe: ungated core_symbol_text contains dt_FB_,DERIVED_EVIDENCE,
geb_K_TO_C,K_TO_C,GEB,fold_1,UNIQUE,1,AICPS-PLCBEAD_PLCEmbed-c78a56f/PLC-BEAD/Source/GEB/K_TO_C/K_TO_C.ST,cb27dc621dd1ac86cd9505296f7b14fc1ef80b6f7a4fa14f344d572060d291b4,,K_TO_C,program0,False,False,False,TN,explicit FUNCTION_BLOCK declaration in mapped Structured Text source,production: GEB-scoped dt_FB_; probe: ungated core_symbol_text contains dt_FB_,DERIVED_EVIDENCE,
geb_LAMBERT_W,LAMBERT_W,GEB,fold_0,UNIQUE,1,AICPS-PLCBEAD_PLCEmbed-c78a56f/PLC-BEAD/Source/GEB/LAMBERT_W/LAMBERT_W.ST,e0b13283786b644b7c5f5fd6e9210e76ccb2a570bda75eaba689de7529bd2494,LAMBERT_W_Block,_REAL_TO_DWORD,program0,True,True,True,TP,explicit FUNCTION_BLOCK declaration in mapped Structured Text source,production: GEB-scoped dt_FB_; probe: ungated core_symbol_text contains dt_FB_,DERIVED_EVIDENCE,
geb_LANGEVIN,LANGEVIN,GEB,fold_1,UNIQUE,1,AICPS-PLCBEAD_PLCEmbed-c78a56f/PLC-BEAD/Source/GEB/LANGEVIN/LANGEVIN.ST,1cbea58f95945e05a959e96f605b94ba55ef175ef6fe445f342c3dd2a7e11ab8,,COTH;LANGEVIN,program0,False,False,False,TN,explicit FUNCTION_BLOCK declaration in mapped Structured Text source,production: GEB-scoped dt_FB_; probe: ungated core_symbol_text contains dt_FB_,DERIVED_EVIDENCE,
geb_LEAP_DAY,LEAP_DAY,GEB,fold_2,UNIQUE,1,AICPS-PLCBEAD_PLCEmbed-c78a56f/PLC-BEAD/Source/GEB/LEAP_DAY/LEAP_DAY.ST,5daba984fcb826dd57d83ec0bda1e02416c715ac943d7b47fc577ea76b048f15,,LEAP_DAY,program0,False,False,False,TN,explicit FUNCTION_BLOCK declaration in mapped Structured Text source,production: GEB-scoped dt_FB_; probe: ungated core_symbol_text contains dt_FB_,DERIVED_EVIDENCE,
geb_LEAP_OF_DATE,LEAP_OF_DATE,GEB,fold_3,UNIQUE,1,AICPS-PLCBEAD_PLCEmbed-c78a56f/PLC-BEAD/Source/GEB/LEAP_OF_DATE/LEAP_OF_DATE.ST,e538329a8d266b8a0eeacf1f0b5e21f23d50ca3db9ece7e222d98d37c5b02445,,LEAP_OF_DATE,program0,False,False,False,TN,explicit FUNCTION_BLOCK declaration in mapped Structured Text source,production: GEB-scoped dt_FB_; probe: ungated core_symbol_text contains dt_FB_,DERIVED_EVIDENCE,
geb_LEAP_YEAR,LEAP_YEAR,GEB,fold_4,UNIQUE,1,AICPS-PLCBEAD_PLCEmbed-c78a56f/PLC-BEAD/Source/GEB/LEAP_YEAR/LEAP_YEAR.ST,6c6307b11bfb902ef38aad8171aea036693c1cd81a339a10866570b30b2c057e,,LEAP_YEAR,program0,False,False,False,TN,explicit FUNCTION_BLOCK declaration in mapped Structured Text source,production: GEB-scoped dt_FB_; probe: ungated core_symbol_text contains dt_FB_,DERIVED_EVIDENCE,
geb_LEGIONELLA,LEGIONELLA,GEB,fold_6,UNIQUE,1,AICPS-PLCBEAD_PLCEmbed-c78a56f/PLC-BEAD/Source/GEB/building_LEGIONELLA/LEGIONELLA.ST,118c986f7ca5d935f66328c6ac0ec913d2c44f9e8206e3f57de621f4d48d4dd5,HYST_1_Block;LEGIONELLA_Block;SEQUENCE_8_Block;TIMER_1_Block;T_PLC_MS_block,DAY_OF_WEEK;DT_TO_TOD2;TIMECHECK;TIME_TO_TOD;TIME_TO_TOD2;TOD_TO_TIME;UDINT_TO_TIME2;_DT_TO_DATE_B,program0,True,True,True,TP,explicit FUNCTION_BLOCK declaration in mapped Structured Text source,production: GEB-scoped dt_FB_; probe: ungated core_symbol_text contains dt_FB_,DERIVED_EVIDENCE,
geb_LENGTH,LENGTH,GEB,fold_6,UNIQUE,1,AICPS-PLCBEAD_PLCEmbed-c78a56f/PLC-BEAD/Source/GEB/LENGTH/LENGTH.ST,3f2baaffe4db998685f87f3bdefae1e73f6759010a4737c424b1cbb4a838e6a3,LENGTH_Block,,program0,True,True,True,TP,explicit FUNCTION_BLOCK declaration in mapped Structured Text source,production: GEB-scoped dt_FB_; probe: ungated core_symbol_text contains dt_FB_,DERIVED_EVIDENCE,
geb_LINEAR_INT,LINEAR_INT,GEB,fold_9,UNIQUE,1,AICPS-PLCBEAD_PLCEmbed-c78a56f/PLC-BEAD/Source/GEB/LINEAR_INT/LINEAR_INT.ST,14d0e678056700f08c2da403a998a0ba89fc906ca02c60cf61ef3ed6f69307a5,LINEAR_INT_Block,,program0,True,True,True,TP,explicit FUNCTION_BLOCK declaration in mapped Structured Text source,production: GEB-scoped dt_FB_; probe: ungated core_symbol_text contains dt_FB_,DERIVED_EVIDENCE,
geb_LIST_ADD,LIST_ADD,GEB,fold_3,UNIQUE,1,AICPS-PLCBEAD_PLCEmbed-c78a56f/PLC-BEAD/Source/GEB/LIST_ADD/LIST_ADD.ST,c511e16965d2f1eee454e46bc97c0457affd67ceae871eed57d787bd9658a637,CHR_TO_STRING_Block;LIST_ADD_Block,,program0,True,True,True,TP,explicit FUNCTION_BLOCK declaration in mapped Structured Text source,production: GEB-scoped dt_FB_; probe: ungated core_symbol_text contains dt_FB_,DERIVED_EVIDENCE,
geb_LOG_VIEWPORT,LOG_VIEWPORT,GEB,fold_7,MULTIPLE_CONSISTENT,2,AICPS-PLCBEAD_PLCEmbed-c78a56f/PLC-BEAD/Source/GEB/Network_LOG_VIEWPORT/LOG_VIEWPORT.ST;AICPS-PLCBEAD_PLCEmbed-c78a56f/PLC-BEAD/Source/GEB/sample_project/oscat/Network/LOG_VIEWPORT.ST,89ac282c47cb644d8d7e94d45e0ff396af2033c79908f9d11efc98b731aebc86;197bc43f952da751e7e65524f9b23032c370bc47fe7d7123f7c90cdbcbc7a799,LOG_VIEWPORT_Block,,instance0;program0,True,True,True,TP,explicit FUNCTION_BLOCK declaration in mapped Structured Text source,production: GEB-scoped dt_FB_; probe: ungated core_symbol_text contains dt_FB_,DERIVED_EVIDENCE,
geb_LTCH,LTCH,GEB,fold_7,UNIQUE,1,AICPS-PLCBEAD_PLCEmbed-c78a56f/PLC-BEAD/Source/GEB/LTCH/LTCH.ST,dea351b803eb2a27f957267cf2d472c47fd50b1ca9baa071d35986c37f45d0b6,LTCH_Block,,program0,True,True,True,TP,explicit FUNCTION_BLOCK declaration in mapped Structured Text source,production: GEB-scoped dt_FB_; probe: ungated core_symbol_text contains dt_FB_,DERIVED_EVIDENCE,
geb_LTCH_4,LTCH_4,GEB,fold_8,UNIQUE,1,AICPS-PLCBEAD_PLCEmbed-c78a56f/PLC-BEAD/Source/GEB/LTCH_4/LTCH_4.ST,f9b56c9b660a29ab59ce3cd03fe422d43a236f56735fac2ae008487c8a6fbde8,LTCH_4_Block,,program0,True,True,True,TP,explicit FUNCTION_BLOCK declaration in mapped Structured Text source,production: GEB-scoped dt_FB_; probe: ungated core_symbol_text contains dt_FB_,DERIVED_EVIDENCE,
geb_LTIME_TO_UTC,LTIME_TO_UTC,GEB,fold_5,UNIQUE,1,AICPS-PLCBEAD_PLCEmbed-c78a56f/PLC-BEAD/Source/GEB/LTIME_TO_UTC/LTIME_TO_UTC.ST,3ce0a14d0c4620146f4e5741752cc0afc740817b1a3d73228886c4af50f4d020,,LTIME_TO_UTC;_INT_TO_UDINT,program0,False,False,False,TN,explicit FUNCTION_BLOCK declaration in mapped Structured Text source,production: GEB-scoped dt_FB_; probe: ungated core_symbol_text contains dt_FB_,DERIVED_EVIDENCE,
geb_MANUAL,MANUAL,GEB,fold_9,UNIQUE,1,AICPS-PLCBEAD_PLCEmbed-c78a56f/PLC-BEAD/Source/GEB/MANUAL/MANUAL.ST,26572958de1a3f453cf5412aa711c0753e650c00d7f40ae775aa45efa1ce9ce9,,MANUAL,program0,False,False,False,TN,explicit FUNCTION_BLOCK declaration in mapped Structured Text source,production: GEB-scoped dt_FB_; probe: ungated core_symbol_text contains dt_FB_,DERIVED_EVIDENCE,
geb_MANUAL_1,MANUAL_1,GEB,fold_0,UNIQUE,1,AICPS-PLCBEAD_PLCEmbed-c78a56f/PLC-BEAD/Source/GEB/MANUAL_1/MANUAL_1.ST,dfeca58d038071644b61e3e41cda698ba71a245bbf7c618399bccd1b383caea1,MANUAL_1_Block,,program0,True,True,True,TP,explicit FUNCTION_BLOCK declaration in mapped Structured Text source,production: GEB-scoped dt_FB_; probe: ungated core_symbol_text contains dt_FB_,DERIVED_EVIDENCE,
geb_MANUAL_2,MANUAL_2,GEB,fold_1,UNIQUE,1,AICPS-PLCBEAD_PLCEmbed-c78a56f/PLC-BEAD/Source/GEB/MANUAL_2/MANUAL_2.ST,339b16aa6ef6e682dae9e31b27a729d71a0f51cfccfb01922af02421acc43f82,MANUAL_2_Block,,program0,True,True,True,TP,explicit FUNCTION_BLOCK declaration in mapped Structured Text source,production: GEB-scoped dt_FB_; probe: ungated core_symbol_text contains dt_FB_,DERIVED_EVIDENCE,
geb_MANUAL_4,MANUAL_4,GEB,fold_2,UNIQUE,1,AICPS-PLCBEAD_PLCEmbed-c78a56f/PLC-BEAD/Source/GEB/MANUAL_4/MANUAL_4.ST,6da7ccb9ae7d3cb8c77053d253436465fad967d3727e6b1abef6b1d98b45b747,MANUAL_4_Block,INC,program0,True,True,True,TP,explicit FUNCTION_BLOCK declaration in mapped Structured Text source,production: GEB-scoped dt_FB_; probe: ungated core_symbol_text contains dt_FB_,DERIVED_EVIDENCE,
geb_MATRIX,MATRIX,GEB,fold_6,UNIQUE,1,AICPS-PLCBEAD_PLCEmbed-c78a56f/PLC-BEAD/Source/GEB/MATRIX/MATRIX.ST,253c8f25b8a817a5ad3a34b6fb6c2cc9b16f750b88ad1f5ec89e90a2edbe93b5,MATRIX_Block,BIT_LOAD_B;BIT_OF_DWORD;_BYTE_TO_INT,program0,True,True,True,TP,explicit FUNCTION_BLOCK declaration in mapped Structured Text source,production: GEB-scoped dt_FB_; probe: ungated core_symbol_text contains dt_FB_,DERIVED_EVIDENCE,
geb_MAX3,MAX3,GEB,fold_2,UNIQUE,1,AICPS-PLCBEAD_PLCEmbed-c78a56f/PLC-BEAD/Source/GEB/MAX3/MAX3.ST,c9882b2c9a5a8e5c29a33577b5d467dce403f047343d0fe3fd5678149457d9ee,,MAX3,program0,False,False,False,TN,explicit FUNCTION_BLOCK declaration in mapped Structured Text source,production: GEB-scoped dt_FB_; probe: ungated core_symbol_text contains dt_FB_,DERIVED_EVIDENCE,
geb_MAX_TIME,MAX_TIME,GEB,fold_0,UNIQUE,1,AICPS-PLCBEAD_PLCEmbed-c78a56f/PLC-BEAD/Source/GEB/MAX_TIME/MAX_TIME.ST,273f4179c982cebc99f43ca39fef7c92b8f77a8af7b7e9760b313d05ed59336c,,_MAX_TIME,program0,False,False,False,TN,explicit FUNCTION_BLOCK declaration in mapped Structured Text source,production: GEB-scoped dt_FB_; probe: ungated core_symbol_text contains dt_FB_,DERIVED_EVIDENCE,
geb_MB_CLIENT,MB_CLIENT,GEB,fold_8,MULTIPLE_CONSISTENT,2,AICPS-PLCBEAD_PLCEmbed-c78a56f/PLC-BEAD/Source/GEB/Network_MB_CLIENT/MB_CLIENT.ST;AICPS-PLCBEAD_PLCEmbed-c78a56f/PLC-BEAD/Source/GEB/sample_project/oscat/Network/MB_CLIENT.ST,660c20775bf94d4b9c229e7479db812507aac9a59766b2e8eb68209824e7d47e;d931ab010db017038146d95ec80b3fb56e72977d3fa437909fa9fc2d0cc7a531,IP_FIFO_Block;MB_CLIENT_Block,BIT_LOAD_W;WORD_OF_BYTE;_BYTE_TO_INT,instance0;program0,True,True,True,TP,explicit FUNCTION_BLOCK declaration in mapped Structured Text source,production: GEB-scoped dt_FB_; probe: ungated core_symbol_text contains dt_FB_,DERIVED_EVIDENCE,
geb_MB_SERVER,MB_SERVER,GEB,fold_9,MULTIPLE_CONSISTENT,2,AICPS-PLCBEAD_PLCEmbed-c78a56f/PLC-BEAD/Source/GEB/Network_MB_SERVER/MB_SERVER.ST;AICPS-PLCBEAD_PLCEmbed-c78a56f/PLC-BEAD/Source/GEB/sample_project/oscat/Network/MB_SERVER.ST,aa439a4e7f000154fb07b3f6260c6ad2c69300d697803bfe4d83937114c4d68c;15d7110d3d1e3ee2f32936d5985c4186211ef6871b0377436c37afa2bc58db7f,IP_FIFO_Block;MB_SERVER_Block;MB_VMAP_Block;T_PLC_MS_block,BIT_LOAD_W;WORD_OF_BYTE;_BYTE_TO_INT;_UDINT_TO_TIME,instance0;program0,True,True,True,TP,explicit FUNCTION_BLOCK declaration in mapped Structured Text source,production: GEB-scoped dt_FB_; probe: ungated core_symbol_text contains dt_FB_,DERIVED_EVIDENCE,
geb_MB_VMAP,MB_VMAP,GEB,fold_0,MULTIPLE_CONSISTENT,2,AICPS-PLCBEAD_PLCEmbed-c78a56f/PLC-BEAD/Source/GEB/Network_MB_VMAP/MB_VMAP.ST;AICPS-PLCBEAD_PLCEmbed-c78a56f/PLC-BEAD/Source/GEB/sample_project/oscat/Network/MB_VMAP.ST,9d6c6d7c5ec339dea7ec74849391d7ef8228824d3ed8b5e5744f8c0540f11887;06140c16b29145e16f8f723f9029de50af9bee5145ff5bfdcb27b07b3800c6a6,MB_VMAP_Block,,instance0;program0,True,True,True,TP,explicit FUNCTION_BLOCK declaration in mapped Structured Text source,production: GEB-scoped dt_FB_; probe: ungated core_symbol_text contains dt_FB_,DERIVED_EVIDENCE,
geb_MESSAGE_4R,MESSAGE_4R,GEB,fold_6,UNIQUE,1,AICPS-PLCBEAD_PLCEmbed-c78a56f/PLC-BEAD/Source/GEB/MESSAGE_4R/MESSAGE_4R.ST,9b21ac338923220df5e21c682e9242a4658304827925f46be68283ed7ee29f39,MESSAGE_4R_Block,INC1,program0,True,True,True,TP,explicit FUNCTION_BLOCK declaration in mapped Structured Text source,production: GEB-scoped dt_FB_; probe: ungated core_symbol_text contains dt_FB_,DERIVED_EVIDENCE,
geb_MESSAGE_8,MESSAGE_8,GEB,fold_7,UNIQUE,1,AICPS-PLCBEAD_PLCEmbed-c78a56f/PLC-BEAD/Source/GEB/MESSAGE_8/MESSAGE_8.ST,94e64ac313e90c863e020b9275510aead6573520fd296ebfd3630d480eb01836,MESSAGE_8_Block,,program0,True,True,True,TP,explicit FUNCTION_BLOCK declaration in mapped Structured Text source,production: GEB-scoped dt_FB_; probe: ungated core_symbol_text contains dt_FB_,DERIVED_EVIDENCE,
geb_MID3,MID3,GEB,fold_3,UNIQUE,1,AICPS-PLCBEAD_PLCEmbed-c78a56f/PLC-BEAD/Source/GEB/MID3/MID3.ST,3c718430d55031f057820a2a96a3aedf06561300e53d51fc9860903c85638a0e,,MID3,program0,False,False,False,TN,explicit FUNCTION_BLOCK declaration in mapped Structured Text source,production: GEB-scoped dt_FB_; probe: ungated core_symbol_text contains dt_FB_,DERIVED_EVIDENCE,
geb_MIN3,MIN3,GEB,fold_4,UNIQUE,1,AICPS-PLCBEAD_PLCEmbed-c78a56f/PLC-BEAD/Source/GEB/MIN3/MIN3.ST,71bcc91c429452a0b33c2ce605b50d6568c16282eb560fc07ef90a88ad961174,,MIN3,program0,False,False,False,TN,explicit FUNCTION_BLOCK declaration in mapped Structured Text source,production: GEB-scoped dt_FB_; probe: ungated core_symbol_text contains dt_FB_,DERIVED_EVIDENCE,
geb_MINUTE,MINUTE,GEB,fold_6,UNIQUE,1,AICPS-PLCBEAD_PLCEmbed-c78a56f/PLC-BEAD/Source/GEB/MINUTE/MINUTE.ST,c71fe4b75ef47b7d8fe587a26690f8d37503361e4d70f543a57d42665494be87,,MINUTE,program0,False,False,False,TN,explicit FUNCTION_BLOCK declaration in mapped Structured Text source,production: GEB-scoped dt_FB_; probe: ungated core_symbol_text contains dt_FB_,DERIVED_EVIDENCE,
geb_MINUTE_OF_DT,MINUTE_OF_DT,GEB,fold_7,UNIQUE,1,AICPS-PLCBEAD_PLCEmbed-c78a56f/PLC-BEAD/Source/GEB/MINUTE_OF_DT/MINUTE_OF_DT.ST,1859c15127afffb772469c65a2a2adf60e1fadb3eec1386a91ef4423ee5869e3,,MINUTE_OF_DT,program0,False,False,False,TN,explicit FUNCTION_BLOCK declaration in mapped Structured Text source,production: GEB-scoped dt_FB_; probe: ungated core_symbol_text contains dt_FB_,DERIVED_EVIDENCE,
geb_MINUTE_TO_TIME,MINUTE_TO_TIME,GEB,fold_8,UNIQUE,1,AICPS-PLCBEAD_PLCEmbed-c78a56f/PLC-BEAD/Source/GEB/MINUTE_TO_TIME/MINUTE_TO_TIME.ST,8a72274174191fecb73a1f7db4e6f4a3b8db4c8f2263346b22cbeb57ce0faf42,,MINUTE_TO_TIME;_REAL_TO_UDINT,program0,False,False,False,TN,explicit FUNCTION_BLOCK declaration in mapped Structured Text source,production: GEB-scoped dt_FB_; probe: ungated core_symbol_text contains dt_FB_,DERIVED_EVIDENCE,
geb_MIRROR,MIRROR,GEB,fold_8,UNIQUE,1,AICPS-PLCBEAD_PLCEmbed-c78a56f/PLC-BEAD/Source/GEB/MIRROR/MIRROR.ST,30e3e642222f8afce926737b41543871bc636fa7669137bd7e8d6067f18c8a1a,MIRROR_Block,,program0,True,True,True,TP,explicit FUNCTION_BLOCK declaration in mapped Structured Text source,production: GEB-scoped dt_FB_; probe: ungated core_symbol_text contains dt_FB_,DERIVED_EVIDENCE,
geb_MIX,MIX,GEB,fold_4,UNIQUE,1,AICPS-PLCBEAD_PLCEmbed-c78a56f/PLC-BEAD/Source/GEB/MIX/MIX.ST,8a6803b571912e59007f019013526b4005af1180d7b0939e64aa65f78d3748b0,,MIX,program0,False,False,False,TN,explicit FUNCTION_BLOCK declaration in mapped Structured Text source,production: GEB-scoped dt_FB_; probe: ungated core_symbol_text contains dt_FB_,DERIVED_EVIDENCE,
geb_MODR,MODR,GEB,fold_5,UNIQUE,1,AICPS-PLCBEAD_PLCEmbed-c78a56f/PLC-BEAD/Source/GEB/MODR/MODR.ST,1ee13362dcb1b1eb6f276acf5d675021d78fab066b0b05effce73c482fc80454,,FLOOR2;MODR,program0,False,False,False,TN,explicit FUNCTION_BLOCK declaration in mapped Structured Text source,production: GEB-scoped dt_FB_; probe: ungated core_symbol_text contains dt_FB_,DERIVED_EVIDENCE,
geb_MONTH_BEGIN,MONTH_BEGIN,GEB,fold_9,UNIQUE,1,AICPS-PLCBEAD_PLCEmbed-c78a56f/PLC-BEAD/Source/GEB/MONTH_BEGIN/MONTH_BEGIN.ST,b4ffaf7b2e288f77d9d3a1bc6ba08f634f96a9e43612233d411795a4d6d9aae1,,DAY_OF_MONTH;DAY_OF_YEAR;LEAP_OF_DATE;MONTH_BEGIN;MONTH_OF_DATE;_INT_TO_UDINT,program0,False,False,False,TN,explicit FUNCTION_BLOCK declaration in mapped Structured Text source,production: GEB-scoped dt_FB_; probe: ungated core_symbol_text contains dt_FB_,DERIVED_EVIDENCE,
geb_MONTH_END,MONTH_END,GEB,fold_0,UNIQUE,1,AICPS-PLCBEAD_PLCEmbed-c78a56f/PLC-BEAD/Source/GEB/MONTH_END/MONTH_END.ST,e643d10fda1f5bb4c4206a4f4761463c15f17b3218183fa7689eb39efbbaf26b,,DAY_OF_YEAR;DT_TO_DATE;LEAP_OF_DATE;MONTH_END;MONTH_OF_DATE;SET_DATE;SET_DT;YEAR_OF_DATE;_INT_TO_UDINT,program0,False,False,False,TN,explicit FUNCTION_BLOCK declaration in mapped Structured Text source,production: GEB-scoped dt_FB_; probe: ungated core_symbol_text contains dt_FB_,DERIVED_EVIDENCE,
geb_MONTH_OF_DATE,MONTH_OF_DATE,GEB,fold_1,UNIQUE,1,AICPS-PLCBEAD_PLCEmbed-c78a56f/PLC-BEAD/Source/GEB/MONTH_OF_DATE/MONTH_OF_DATE.ST,276798ce2279e601c67828bff5b9a2e4fd5dd21d4650c9f9f338f4fd21f04fee,,DAY_OF_YEAR;LEAP_OF_DATE;MONTH_OF_DATE,program0,False,False,False,TN,explicit FUNCTION_BLOCK declaration in mapped Structured Text source,production: GEB-scoped dt_FB_; probe: ungated core_symbol_text contains dt_FB_,DERIVED_EVIDENCE,
geb_MONTH_TO_STRING,MONTH_TO_STRING,GEB,fold_9,UNIQUE,1,AICPS-PLCBEAD_PLCEmbed-c78a56f/PLC-BEAD/Source/GEB/MONTH_TO_STRING/MONTH_TO_STRING.ST,afe1f92face7e62ee244440ea85eb3a892103cd9a2a82c581e2a79839967d179,MONTH_TO_STRING_Block;SETUP_LANGUAGE_Block;SETUP_MONTHS3_Block;SETUP_MONTHS_Block,,program0,True,True,True,TP,explicit FUNCTION_BLOCK declaration in mapped Structured Text source,production: GEB-scoped dt_FB_; probe: ungated core_symbol_text contains dt_FB_,DERIVED_EVIDENCE,
geb_MOON_PHASE,MOON_PHASE,GEB,fold_1,MULTIPLE_CONSISTENT,2,AICPS-PLCBEAD_PLCEmbed-c78a56f/PLC-BEAD/Source/GEB/Network_MOON_PHASE/MOON_PHASE.ST;AICPS-PLCBEAD_PLCEmbed-c78a56f/PLC-BEAD/Source/GEB/sample_project/oscat/Network/MOON_PHASE.ST,a505791b06fe9e218fa79653593f0920aea8476fd94be7868239a3f92b75873f;8c170fa271bc9b2f40abd8befec66e92886c2b4046f0d86551c502ea5275e2fb,MOON_PHASE_Block,TIME_TO_UDINT2,instance0;program0,True,True,True,TP,explicit FUNCTION_BLOCK declaration in mapped Structured Text source,production: GEB-scoped dt_FB_; probe: ungated core_symbol_text contains dt_FB_,DERIVED_EVIDENCE,
geb_MS_TO_BFT,MS_TO_BFT,GEB,fold_3,UNIQUE,1,AICPS-PLCBEAD_PLCEmbed-c78a56f/PLC-BEAD/Source/GEB/MS_TO_BFT/MS_TO_BFT.ST,4033063c73a484447fa56de390c38a641e8d6930401e599e64d17451322cbb6c,,MS_TO_BFT,program0,False,False,False,TN,explicit FUNCTION_BLOCK declaration in mapped Structured Text source,production: GEB-scoped dt_FB_; probe: ungated core_symbol_text contains dt_FB_,DERIVED_EVIDENCE,
geb_MS_TO_KMH,MS_TO_KMH,GEB,fold_4,UNIQUE,1,AICPS-PLCBEAD_PLCEmbed-c78a56f/PLC-BEAD/Source/GEB/MS_TO_KMH/MS_TO_KMH.ST,28466da8a94445e3b3f8b243e9be3571f14bbde48dae2c664a82ebbe0f680e47,,MS_TO_KMH,program0,False,False,False,TN,explicit FUNCTION_BLOCK declaration in mapped Structured Text source,production: GEB-scoped dt_FB_; probe: ungated core_symbol_text contains dt_FB_,DERIVED_EVIDENCE,
geb_MULTIME,MULTIME,GEB,fold_2,UNIQUE,1,AICPS-PLCBEAD_PLCEmbed-c78a56f/PLC-BEAD/Source/GEB/MULTIME/MULTIME.ST,e7aa85979687f9e7fc0bdf88997049b525af2de9f5a352d1120c24f1d06065c3,,MULTIME_B;_DWORD_TO_REAL;_REAL_TO_DWORD,program0,False,False,False,TN,explicit FUNCTION_BLOCK declaration in mapped Structured Text source,production: GEB-scoped dt_FB_; probe: ungated core_symbol_text contains dt_FB_,DERIVED_EVIDENCE,
geb_MULTI_IN,MULTI_IN,GEB,fold_0,UNIQUE,1,AICPS-PLCBEAD_PLCEmbed-c78a56f/PLC-BEAD/Source/GEB/MULTI_IN/MULTI_IN.ST,8bf876072ba704d54f6a01b5e82f9d00def3fab85ff7b7a9ef512a9887677d51,,MID3;MULTI_IN;_BYTE_TO_INT,program0,False,False,False,TN,explicit FUNCTION_BLOCK declaration in mapped Structured Text source,production: GEB-scoped dt_FB_; probe: ungated core_symbol_text contains dt_FB_,DERIVED_EVIDENCE,
geb_MUL_ADD,MUL_ADD,GEB,fold_6,UNIQUE,1,AICPS-PLCBEAD_PLCEmbed-c78a56f/PLC-BEAD/Source/GEB/MUL_ADD/MUL_ADD.ST,dfabdb9cb6e588ab50fc87c94d05b15528c800748775cbc87111d653a81025d2,,MUL_ADD,program0,False,False,False,TN,explicit FUNCTION_BLOCK declaration in mapped Structured Text source,production: GEB-scoped dt_FB_; probe: ungated core_symbol_text contains dt_FB_,DERIVED_EVIDENCE,
geb_MUX_2,MUX_2,GEB,fold_7,UNIQUE,1,AICPS-PLCBEAD_PLCEmbed-c78a56f/PLC-BEAD/Source/GEB/MUX_2/MUX_2.ST,bd612e1be626393b7815c659067e0481a81198b4d927329e531d63dd37223d83,,MUX_2,program0,False,False,False,TN,explicit FUNCTION_BLOCK declaration in mapped Structured Text source,production: GEB-scoped dt_FB_; probe: ungated core_symbol_text contains dt_FB_,DERIVED_EVIDENCE,
geb_MUX_4,MUX_4,GEB,fold_8,UNIQUE,1,AICPS-PLCBEAD_PLCEmbed-c78a56f/PLC-BEAD/Source/GEB/MUX_4/MUX_4.ST,803a21804876d3596a55f9aaeffa269ce4e945a66495fafa409ddee9e892fc52,,MUX_4,program0,False,False,False,TN,explicit FUNCTION_BLOCK declaration in mapped Structured Text source,production: GEB-scoped dt_FB_; probe: ungated core_symbol_text contains dt_FB_,DERIVED_EVIDENCE,
geb_MUX_R2,MUX_R2,GEB,fold_5,UNIQUE,1,AICPS-PLCBEAD_PLCEmbed-c78a56f/PLC-BEAD/Source/GEB/MUX_R2/MUX_R2.ST,f80241917b040cc6d41e0b00af6475bbc005b1c53735ea2870783a2074e43c7e,,MUX_R2,program0,False,False,False,TN,explicit FUNCTION_BLOCK declaration in mapped Structured Text source,production: GEB-scoped dt_FB_; probe: ungated core_symbol_text contains dt_FB_,DERIVED_EVIDENCE,
geb_MUX_R4,MUX_R4,GEB,fold_6,UNIQUE,1,AICPS-PLCBEAD_PLCEmbed-c78a56f/PLC-BEAD/Source/GEB/MUX_R4/MUX_R4.ST,23f7ac4fb8c8e2196c5cd3fc928603b30cac3eaafc67ac585726f4bc285e4e7b,,MUX_R4,program0,False,False,False,TN,explicit FUNCTION_BLOCK declaration in mapped Structured Text source,production: GEB-scoped dt_FB_; probe: ungated core_symbol_text contains dt_FB_,DERIVED_EVIDENCE,
geb_M_D,M_D,GEB,fold_7,UNIQUE,1,AICPS-PLCBEAD_PLCEmbed-c78a56f/PLC-BEAD/Source/GEB/M_D/M_D.ST,efaaf102c7cede6100b7fb4d8f2129a86b943e50c9758063ed10850eaa5df66f,M_D_Block;T_PLC_MS_block,,program0,True,True,True,TP,explicit FUNCTION_BLOCK declaration in mapped Structured Text source,production: GEB-scoped dt_FB_; probe: ungated core_symbol_text contains dt_FB_,DERIVED_EVIDENCE,
geb_M_T,M_T,GEB,fold_8,UNIQUE,1,AICPS-PLCBEAD_PLCEmbed-c78a56f/PLC-BEAD/Source/GEB/M_T/M_T.ST,d4d33e7110719f72f9245f67e6bf7e2b2b753072da5eebbeca90f65d7a420fcb,M_T_Block;T_PLC_MS_block,,program0,True,True,True,TP,explicit FUNCTION_BLOCK declaration in mapped Structured Text source,production: GEB-scoped dt_FB_; probe: ungated core_symbol_text contains dt_FB_,DERIVED_EVIDENCE,
geb_M_TX,M_TX,GEB,fold_9,UNIQUE,1,AICPS-PLCBEAD_PLCEmbed-c78a56f/PLC-BEAD/Source/GEB/M_TX/M_TX.ST,aff32e815261c77d8334917f6eef289479f8a1520c13c09d5cb9b987e7179843,M_TX_Block;T_PLC_MS_block,,program0,True,True,True,TP,explicit FUNCTION_BLOCK declaration in mapped Structured Text source,production: GEB-scoped dt_FB_; probe: ungated core_symbol_text contains dt_FB_,DERIVED_EVIDENCE,
geb_NEGX,NEGX,GEB,fold_7,UNIQUE,1,AICPS-PLCBEAD_PLCEmbed-c78a56f/PLC-BEAD/Source/GEB/NEGX/NEGX.ST,0d24430fd4f7d55708338b9f2ab7b56a1f4beed95b3392887fd875866afc4a80,,NEGX,program0,False,False,False,TN,explicit FUNCTION_BLOCK declaration in mapped Structured Text source,production: GEB-scoped dt_FB_; probe: ungated core_symbol_text contains dt_FB_,DERIVED_EVIDENCE,
geb_NETWORK_VERSION,NETWORK_VERSION,GEB,fold_5,MULTIPLE_CONSISTENT,2,AICPS-PLCBEAD_PLCEmbed-c78a56f/PLC-BEAD/Source/GEB/Network_NETWORK_VERSION/NETWORK_VERSION.ST;AICPS-PLCBEAD_PLCEmbed-c78a56f/PLC-BEAD/Source/GEB/sample_project/oscat/Network/NETWORK_VERSION.ST,f726d22aa313fd4fcbafecdf5635d56b2db64a3b68c603ce470d863a31e0326e;e97a1b78605883dafefd855d36c6d40c077596ff47c5bf9987c8160bcad3644c,,NETWORK_VERSION;SET_DATE;_INT_TO_UDINT,instance0;program0,False,False,False,TN,explicit FUNCTION_BLOCK declaration in mapped Structured Text source,production: GEB-scoped dt_FB_; probe: ungated core_symbol_text contains dt_FB_,DERIVED_EVIDENCE,
geb_NET_VAR_BOOL8,NET_VAR_BOOL8,GEB,fold_2,MULTIPLE_CONSISTENT,2,AICPS-PLCBEAD_PLCEmbed-c78a56f/PLC-BEAD/Source/GEB/Network_NET_VAR_BOOL8/NET_VAR_BOOL8.ST;AICPS-PLCBEAD_PLCEmbed-c78a56f/PLC-BEAD/Source/GEB/sample_project/oscat/Network/NET_VAR_BOOL8.ST,b72c8e92b48bc5d88f9b6336eda772c50b81e5b881bda4251876cd850cedb985;263168e2002d5d3631e814446b59c59fa2a94476d406736c232d3eb66be5e9a5,BYTE_TO_BITS_Block;NET_VAR_BOOL8_Block,BIT_OF_DWORD;BYTE_OF_BIT,instance0;program0,True,True,True,TP,explicit FUNCTION_BLOCK declaration in mapped Structured Text source,production: GEB-scoped dt_FB_; probe: ungated core_symbol_text contains dt_FB_,DERIVED_EVIDENCE,
geb_NET_VAR_BUFFER,NET_VAR_BUFFER,GEB,fold_3,MULTIPLE_CONSISTENT,2,AICPS-PLCBEAD_PLCEmbed-c78a56f/PLC-BEAD/Source/GEB/Network_NET_VAR_BUFFER/NET_VAR_BUFFER.ST;AICPS-PLCBEAD_PLCEmbed-c78a56f/PLC-BEAD/Source/GEB/sample_project/oscat/Network/NET_VAR_BUFFER.ST,b0e027b95106ecb683f3bfa466d99c86d91e7324d4443614a7c5bb76de426b31;36280121ee5a109eff2cedde0e1f82dd2f761ad02afb1d9da701e971c2fb3b11,NET_VAR_BUFFER_Block,,instance0;program0,True,True,True,TP,explicit FUNCTION_BLOCK declaration in mapped Structured Text source,production: GEB-scoped dt_FB_; probe: ungated core_symbol_text contains dt_FB_,DERIVED_EVIDENCE,
geb_NET_VAR_DWORD8,NET_VAR_DWORD8,GEB,fold_4,MULTIPLE_CONSISTENT,2,AICPS-PLCBEAD_PLCEmbed-c78a56f/PLC-BEAD/Source/GEB/Network_NET_VAR_DWORD8/NET_VAR_DWORD8.ST;AICPS-PLCBEAD_PLCEmbed-c78a56f/PLC-BEAD/Source/GEB/sample_project/oscat/Network/NET_VAR_DWORD8.ST,f67adf628f5e8951dd5c7f945ecc27c5a02cd9834241d05d11cf3c5070b83e64;c5612ddd6bcb887f0a0a0fe5610c561e887f03911d8e9a043d98c42bced81fb5,NET_VAR_DWORD8_Block,,instance0;program0,True,True,True,TP,explicit FUNCTION_BLOCK declaration in mapped Structured Text source,production: GEB-scoped dt_FB_; probe: ungated core_symbol_text contains dt_FB_,DERIVED_EVIDENCE,
geb_OFFSET,OFFSET,GEB,fold_7,UNIQUE,1,AICPS-PLCBEAD_PLCEmbed-c78a56f/PLC-BEAD/Source/GEB/OFFSET/OFFSET.ST,9b0a114fb5d8cf481d6f48f8a3c591068b4262c3a799638b220cb55bb6bfc017,,_OFFSET,program0,False,False,False,TN,explicit FUNCTION_BLOCK declaration in mapped Structured Text source,production: GEB-scoped dt_FB_; probe: ungated core_symbol_text contains dt_FB_,DERIVED_EVIDENCE,
geb_OFFSET2,OFFSET2,GEB,fold_8,UNIQUE,1,AICPS-PLCBEAD_PLCEmbed-c78a56f/PLC-BEAD/Source/GEB/OFFSET2/OFFSET2.ST,4cc3df3886de3ff31c9d38d518c49c4613246885ff4d1c9d027fd335930800ab,,OFFSET2,program0,False,False,False,TN,explicit FUNCTION_BLOCK declaration in mapped Structured Text source,production: GEB-scoped dt_FB_; probe: ungated core_symbol_text contains dt_FB_,DERIVED_EVIDENCE,
geb_OM_TO_F,OM_TO_F,GEB,fold_5,UNIQUE,1,AICPS-PLCBEAD_PLCEmbed-c78a56f/PLC-BEAD/Source/GEB/OM_TO_F/OM_TO_F.ST,8ea17212ab43431ef32b47feb37271aca3322f0f879de32c025029310b0b0e72,,OM_TO_F,program0,False,False,False,TN,explicit FUNCTION_BLOCK declaration in mapped Structured Text source,production: GEB-scoped dt_FB_; probe: ungated core_symbol_text contains dt_FB_,DERIVED_EVIDENCE,
geb_ONTIME,ONTIME,GEB,fold_3,UNIQUE,1,AICPS-PLCBEAD_PLCEmbed-c78a56f/PLC-BEAD/Source/GEB/ONTIME/ONTIME.ST,087fa50eee1bfbca15bf6cef94e396d4637092ce5f93a611eab514491d517334,ONTIME_Block;T_PLC_MS_block,,program0,True,True,True,TP,explicit FUNCTION_BLOCK declaration in mapped Structured Text source,production: GEB-scoped dt_FB_; probe: ungated core_symbol_text contains dt_FB_,DERIVED_EVIDENCE,
geb_OSCAT_VERSION,OSCAT_VERSION,GEB,fold_9,UNIQUE,1,AICPS-PLCBEAD_PLCEmbed-c78a56f/PLC-BEAD/Source/GEB/OSCAT_VERSION/OSCAT_VERSION.ST,0ac096bf5b5018d9a5c19400368da59f899b3bc922f4488dc5480882624f67c6,,OSCAT_VERSION;SET_DATE;_INT_TO_UDINT,program0,False,False,False,TN,explicit FUNCTION_BLOCK declaration in mapped Structured Text source,production: GEB-scoped dt_FB_; probe: ungated core_symbol_text contains dt_FB_,DERIVED_EVIDENCE,
geb_PARITY,PARITY,GEB,fold_9,UNIQUE,1,AICPS-PLCBEAD_PLCEmbed-c78a56f/PLC-BEAD/Source/GEB/PARITY/PARITY.ST,a3882e7ca197fdb719730893e5dfa09651f23ae4193c96af6a3d41a6f81cc69c,,BIT_OF_DWORD;PARITY,program0,False,False,False,TN,explicit FUNCTION_BLOCK declaration in mapped Structured Text source,production: GEB-scoped dt_FB_; probe: ungated core_symbol_text contains dt_FB_,DERIVED_EVIDENCE,
geb_PARSET,PARSET,GEB,fold_3,UNIQUE,1,AICPS-PLCBEAD_PLCEmbed-c78a56f/PLC-BEAD/Source/GEB/PARSET/PARSET.ST,9da68151e84461996ec1fdff9210ecd2e9546ba2870d1b1c4a33569fb3b30d93,PARSET_Block;T_PLC_MS_block,BIT_LOAD_B;BIT_OF_DWORD;TIME_TO_UDINT2;_BYTE_TO_INT,program0,True,True,True,TP,explicit FUNCTION_BLOCK declaration in mapped Structured Text source,production: GEB-scoped dt_FB_; probe: ungated core_symbol_text contains dt_FB_,DERIVED_EVIDENCE,
geb_PARSET2,PARSET2,GEB,fold_4,UNIQUE,1,AICPS-PLCBEAD_PLCEmbed-c78a56f/PLC-BEAD/Source/GEB/PARSET2/PARSET2.ST,582d6071841509d6eaef223c4adf56c4c1aa98b6502a66b89a8c78c9b82dbbe4,PARSET2_Block;PARSET_Block;T_PLC_MS_block,BIT_LOAD_B;BIT_OF_DWORD;TIME_TO_UDINT2;_BYTE_TO_INT,program0,True,True,True,TP,explicit FUNCTION_BLOCK declaration in mapped Structured Text source,production: GEB-scoped dt_FB_; probe: ungated core_symbol_text contains dt_FB_,DERIVED_EVIDENCE,
geb_PERIOD,PERIOD,GEB,fold_3,UNIQUE,1,AICPS-PLCBEAD_PLCEmbed-c78a56f/PLC-BEAD/Source/GEB/PERIOD/PERIOD.ST,4e2dae08b7e2fa2dfd07e998bbb4d48b00863a047f3e89405e2ffa8e80ee1457,,DAY_OF_YEAR;LEAP_OF_DATE;PERIOD,program0,False,False,False,TN,explicit FUNCTION_BLOCK declaration in mapped Structured Text source,production: GEB-scoped dt_FB_; probe: ungated core_symbol_text contains dt_FB_,DERIVED_EVIDENCE,
geb_PERIOD2,PERIOD2,GEB,fold_4,UNIQUE,1,AICPS-PLCBEAD_PLCEmbed-c78a56f/PLC-BEAD/Source/GEB/PERIOD2/PERIOD2.ST,960686f53697c5391dba0ba6d4685fb5c9d88e5a85f4d88257771c8de8199f02,PERIOD2_Block,,program0,True,True,True,TP,explicit FUNCTION_BLOCK declaration in mapped Structured Text source,production: GEB-scoped dt_FB_; probe: ungated core_symbol_text contains dt_FB_,DERIVED_EVIDENCE,
geb_POLYNOM_INT,POLYNOM_INT,GEB,fold_0,UNIQUE,1,AICPS-PLCBEAD_PLCEmbed-c78a56f/PLC-BEAD/Source/GEB/POLYNOM_INT/POLYNOM_INT.ST,3137cb2ba00309a4f167631ead73847571bf2a469ea933bb1afe2507570ca116,POLYNOM_INT_Block,,program0,True,True,True,TP,explicit FUNCTION_BLOCK declaration in mapped Structured Text source,production: GEB-scoped dt_FB_; probe: ungated core_symbol_text contains dt_FB_,DERIVED_EVIDENCE,
geb_PRESSURE,PRESSURE,GEB,fold_6,UNIQUE,1,AICPS-PLCBEAD_PLCEmbed-c78a56f/PLC-BEAD/Source/GEB/PRESSURE/PRESSURE.ST,439e48541d4499ac4b6ef81a9bc96eec2c9e9ca1227564e2ec4e73ae441d051a,PRESSURE_Block,,program0,True,True,True,TP,explicit FUNCTION_BLOCK declaration in mapped Structured Text source,production: GEB-scoped dt_FB_; probe: ungated core_symbol_text contains dt_FB_,DERIVED_EVIDENCE,
geb_PT_TO_F,PT_TO_F,GEB,fold_7,UNIQUE,1,AICPS-PLCBEAD_PLCEmbed-c78a56f/PLC-BEAD/Source/GEB/PT_TO_F/PT_TO_F.ST,e6d4d7b7e9311047f7689985ea2ea75c32a6eb929fcb479a908d1bbb81affc5c,,PT_TO_F;_DWORD_TO_REAL,program0,False,False,False,TN,explicit FUNCTION_BLOCK declaration in mapped Structured Text source,production: GEB-scoped dt_FB_; probe: ungated core_symbol_text contains dt_FB_,DERIVED_EVIDENCE,
geb_PULSE_LENGTH,PULSE_LENGTH,GEB,fold_6,UNIQUE,1,AICPS-PLCBEAD_PLCEmbed-c78a56f/PLC-BEAD/Source/GEB/building_PULSE_LENGTH/PULSE_LENGTH.ST,f7ac12664ef9cd598d5c7f7f597d6ace7670d7be662cb328e6d3f2407a4e46b4,PULSE_LENGTH_Block;T_PLC_MS_block,UDINT_TO_TIME2,program0,True,True,True,TP,explicit FUNCTION_BLOCK declaration in mapped Structured Text source,production: GEB-scoped dt_FB_; probe: ungated core_symbol_text contains dt_FB_,DERIVED_EVIDENCE,
geb_PULSE_T,PULSE_T,GEB,fold_7,UNIQUE,1,AICPS-PLCBEAD_PLCEmbed-c78a56f/PLC-BEAD/Source/GEB/building_PULSE_T/PULSE_T.ST,1df652c84d272a71cbc4f8bb3e5804141d15e926111060e1d2e7ce5bb2b2208c,PULSE_T_Block;T_PLC_MS_block,UDINT_TO_TIME2,program0,True,True,True,TP,explicit FUNCTION_BLOCK declaration in mapped Structured Text source,production: GEB-scoped dt_FB_; probe: ungated core_symbol_text contains dt_FB_,DERIVED_EVIDENCE,
geb_PWM_DC,PWM_DC,GEB,fold_0,UNIQUE,1,AICPS-PLCBEAD_PLCEmbed-c78a56f/PLC-BEAD/Source/GEB/PWM_DC/PWM_DC.ST,5fd043e9d60bb46e78083bc2449442dc27744e8bf44f8d7b7b45e4807d0d198f,CLK_PRG;PWM_DC;TP_X;T_PLC_MS_block,REAL_TO_TIME2;_REAL_TO_UDINT,program0,True,True,True,TP,explicit FUNCTION_BLOCK declaration in mapped Structured Text source,production: GEB-scoped dt_FB_; probe: ungated core_symbol_text contains dt_FB_,DERIVED_EVIDENCE,
geb_PWM_PW,PWM_PW,GEB,fold_1,UNIQUE,1,AICPS-PLCBEAD_PLCEmbed-c78a56f/PLC-BEAD/Source/GEB/PWM_PW/PWM_PW.ST,a3577c365bf5516307f0d3054ce39a20c039c5d3c4e24227fdad99d78cd0566d,CLK_PRG_Block;PWM_PW_Block;TP_X_Block;T_PLC_MS_block,UDINT_TO_TIME2,program0,True,True,True,TP,explicit FUNCTION_BLOCK declaration in mapped Structured Text source,production: GEB-scoped dt_FB_; probe: ungated core_symbol_text contains dt_FB_,DERIVED_EVIDENCE,
geb_R2_ABS,R2_ABS,GEB,fold_0,UNIQUE,1,AICPS-PLCBEAD_PLCEmbed-c78a56f/PLC-BEAD/Source/GEB/R2_ABS/R2_ABS.ST,5896bd44e19623b93ce757188050db7b18be727155c062901c78b61c6570966c,R2_ABS_Block,,program0,True,True,True,TP,explicit FUNCTION_BLOCK declaration in mapped Structured Text source,production: GEB-scoped dt_FB_; probe: ungated core_symbol_text contains dt_FB_,DERIVED_EVIDENCE,
geb_R2_ADD,R2_ADD,GEB,fold_1,UNIQUE,1,AICPS-PLCBEAD_PLCEmbed-c78a56f/PLC-BEAD/Source/GEB/R2_ADD/R2_ADD.ST,3a0e551a7c6500232eaa4222e84dfc12a5e3522ae60b7a68177ca5a008806f62,R2_ADD_Block,,program0,True,True,True,TP,explicit FUNCTION_BLOCK declaration in mapped Structured Text source,production: GEB-scoped dt_FB_; probe: ungated core_symbol_text contains dt_FB_,DERIVED_EVIDENCE,
geb_R2_ADD2,R2_ADD2,GEB,fold_2,UNIQUE,1,AICPS-PLCBEAD_PLCEmbed-c78a56f/PLC-BEAD/Source/GEB/R2_ADD2/R2_ADD2.ST,684acaad600d6320102519db6a31d9bd567afc85fcd5e94dac8f907ca51b6e20,R2_ADD2_Block,,program0,True,True,True,TP,explicit FUNCTION_BLOCK declaration in mapped Structured Text source,production: GEB-scoped dt_FB_; probe: ungated core_symbol_text contains dt_FB_,DERIVED_EVIDENCE,
geb_R2_DIV,R2_DIV,GEB,fold_3,UNIQUE,1,AICPS-PLCBEAD_PLCEmbed-c78a56f/PLC-BEAD/Source/GEB/R2_DIV/R2_DIV.ST,63412edd20bd3aec9423ff62e3cdef154510520b1493b82faab705ac1c4494a3,R2_DIV_Block,,program0,True,True,True,TP,explicit FUNCTION_BLOCK declaration in mapped Structured Text source,production: GEB-scoped dt_FB_; probe: ungated core_symbol_text contains dt_FB_,DERIVED_EVIDENCE,
geb_R2_MUL,R2_MUL,GEB,fold_4,UNIQUE,1,AICPS-PLCBEAD_PLCEmbed-c78a56f/PLC-BEAD/Source/GEB/R2_MUL/R2_MUL.ST,53a29c5318a0596e85940bc88554208b8378d62f4a56436ca912f7c838060266,R2_MUL_Block,,program0,True,True,True,TP,explicit FUNCTION_BLOCK declaration in mapped Structured Text source,production: GEB-scoped dt_FB_; probe: ungated core_symbol_text contains dt_FB_,DERIVED_EVIDENCE,
geb_R2_SET,R2_SET,GEB,fold_5,UNIQUE,1,AICPS-PLCBEAD_PLCEmbed-c78a56f/PLC-BEAD/Source/GEB/R2_SET/R2_SET.ST,c61f4d63f2a55519e781f23e9e499ae8b17ca4a188569d189192de1f239b4a26,R2_SET_Block,,program0,True,True,True,TP,explicit FUNCTION_BLOCK declaration in mapped Structured Text source,production: GEB-scoped dt_FB_; probe: ungated core_symbol_text contains dt_FB_,DERIVED_EVIDENCE,
geb_RAD,RAD,GEB,fold_8,UNIQUE,1,AICPS-PLCBEAD_PLCEmbed-c78a56f/PLC-BEAD/Source/GEB/RAD/RAD.ST,ac93bd611c07eb35d29a285d30b565df3db745ad829f78f85888737e374b7342,,FLOOR2;MODR;RAD,program0,False,False,False,TN,explicit FUNCTION_BLOCK declaration in mapped Structured Text source,production: GEB-scoped dt_FB_; probe: ungated core_symbol_text contains dt_FB_,DERIVED_EVIDENCE,
geb_RANGE_TO_BYTE,RANGE_TO_BYTE,GEB,fold_9,UNIQUE,1,AICPS-PLCBEAD_PLCEmbed-c78a56f/PLC-BEAD/Source/GEB/RANGE_TO_BYTE/RANGE_TO_BYTE.ST,3f64e28723f01ba1032493547048e1333f1fcd6a00be6e2cc4d94ed5099ab79d,,RANGE_TO_BYTE;TRUNC_REAL,program0,False,False,False,TN,explicit FUNCTION_BLOCK declaration in mapped Structured Text source,production: GEB-scoped dt_FB_; probe: ungated core_symbol_text contains dt_FB_,DERIVED_EVIDENCE,
geb_RANGE_TO_WORD,RANGE_TO_WORD,GEB,fold_0,UNIQUE,1,AICPS-PLCBEAD_PLCEmbed-c78a56f/PLC-BEAD/Source/GEB/RANGE_TO_WORD/RANGE_TO_WORD.ST,35a1986444d730163943aa94c08160d02e7f3278f6f6157816429b38a35b3208,,RANGE_TO_WORD;TRUNC_REAL,program0,False,False,False,TN,explicit FUNCTION_BLOCK declaration in mapped Structured Text source,production: GEB-scoped dt_FB_; probe: ungated core_symbol_text contains dt_FB_,DERIVED_EVIDENCE,
geb_RDM,RDM,GEB,fold_9,UNIQUE,1,AICPS-PLCBEAD_PLCEmbed-c78a56f/PLC-BEAD/Source/GEB/RDM/RDM.ST,00c0f0eaf34999408fac35e00525552cd6616b2588cbe24a9c6141b9743c75c8,RDM_Block;T_PLC_MS_block,BIT_COUNT;BIT_LOAD_DW;BIT_OF_DWORD;D_TRUNC;FRACT;_DWORD_TO_REAL;_INT_TO_UDINT,program0,True,True,True,TP,explicit FUNCTION_BLOCK declaration in mapped Structured Text source,production: GEB-scoped dt_FB_; probe: ungated core_symbol_text contains dt_FB_,DERIVED_EVIDENCE,
geb_RDM2,RDM2,GEB,fold_0,UNIQUE,1,AICPS-PLCBEAD_PLCEmbed-c78a56f/PLC-BEAD/Source/GEB/RDM2/RDM2.ST,c9afe5db16cb24cb160ba669f822050b9c53b047a359c1fc5f5dcde94f74beda,RDM2_Block;RDM_Block;T_PLC_MS_block,BIT_COUNT;BIT_LOAD_DW;BIT_OF_DWORD;D_TRUNC;FRACT;_DWORD_TO_REAL;_INT_TO_UDINT;_REAL_TO_DWORD,program0,True,True,True,TP,explicit FUNCTION_BLOCK declaration in mapped Structured Text source,production: GEB-scoped dt_FB_; probe: ungated core_symbol_text contains dt_FB_,DERIVED_EVIDENCE,
geb_RDMDW,RDMDW,GEB,fold_1,UNIQUE,1,AICPS-PLCBEAD_PLCEmbed-c78a56f/PLC-BEAD/Source/GEB/RDMDW/RDMDW.ST,09cdf00c7b0d76c2d05c3000d7bfa4416d38502594dfe987dddd7ccc461a72c9,RDMDW_Block;RDM_Block;T_PLC_MS_block,BIT_COUNT;BIT_LOAD_DW;BIT_OF_DWORD;D_TRUNC;FRACT;_DWORD_TO_REAL;_INT_TO_UDINT;_REAL_TO_DWORD,program0,True,True,True,TP,explicit FUNCTION_BLOCK declaration in mapped Structured Text source,production: GEB-scoped dt_FB_; probe: ungated core_symbol_text contains dt_FB_,DERIVED_EVIDENCE,
geb_REAL_TO_FRAC,REAL_TO_FRAC,GEB,fold_2,UNIQUE,1,AICPS-PLCBEAD_PLCEmbed-c78a56f/PLC-BEAD/Source/GEB/REAL_TO_FRAC/REAL_TO_FRAC.ST,fd3fdcdfd7e0271415b4d0f83a33181aa1d625535fbe918225582c68b914f1ec,REAL_TO_FRAC_Block,,program0,True,True,True,TP,explicit FUNCTION_BLOCK declaration in mapped Structured Text source,production: GEB-scoped dt_FB_; probe: ungated core_symbol_text contains dt_FB_,DERIVED_EVIDENCE,
geb_REAL_TO_STRF,REAL_TO_STRF,GEB,fold_0,UNIQUE,1,AICPS-PLCBEAD_PLCEmbed-c78a56f/PLC-BEAD/Source/GEB/REAL_TO_STRF/REAL_TO_STRF.ST,c75b4b5f12f7f0b98cfb1bc5eedde848f8d3a96059a2248494b7e53af1ba9901,REAL_TO_STRF_Block,EXP10;_REAL_TO_DINT,program0,True,True,True,TP,explicit FUNCTION_BLOCK declaration in mapped Structured Text source,production: GEB-scoped dt_FB_; probe: ungated core_symbol_text contains dt_FB_,DERIVED_EVIDENCE,
geb_REAL_TO_TIME,REAL_TO_TIME,GEB,fold_5,UNIQUE,1,AICPS-PLCBEAD_PLCEmbed-c78a56f/PLC-BEAD/Source/GEB/REAL_TO_TIME/REAL_TO_TIME.ST,8da0779244214cfc082ba70c3de7646273645a2a7103b17b67cdd349cd2d3917,,REAL_TO_TIME2;_REAL_TO_UDINT,program0,False,False,False,TN,explicit FUNCTION_BLOCK declaration in mapped Structured Text source,production: GEB-scoped dt_FB_; probe: ungated core_symbol_text contains dt_FB_,DERIVED_EVIDENCE,
geb_REFLECT,REFLECT,GEB,fold_0,UNIQUE,1,AICPS-PLCBEAD_PLCEmbed-c78a56f/PLC-BEAD/Source/GEB/REFLECT/REFLECT.ST,0058beddda724107b8e8557b40bd0950846075ad0cd0476ad91076b289f33051,,REFLECT,program0,False,False,False,TN,explicit FUNCTION_BLOCK declaration in mapped Structured Text source,production: GEB-scoped dt_FB_; probe: ungated core_symbol_text contains dt_FB_,DERIVED_EVIDENCE,
geb_REFRACTION,REFRACTION,GEB,fold_6,UNIQUE,1,AICPS-PLCBEAD_PLCEmbed-c78a56f/PLC-BEAD/Source/GEB/REFRACTION/REFRACTION.ST,c015b2222db81b49cf87a75d52d13ff3a78b65cbe60769f6e7ac5630c62188ee,,REFRACTION,program0,False,False,False,TN,explicit FUNCTION_BLOCK declaration in mapped Structured Text source,production: GEB-scoped dt_FB_; probe: ungated core_symbol_text contains dt_FB_,DERIVED_EVIDENCE,
geb_REPLACE_ALL,REPLACE_ALL,GEB,fold_1,UNIQUE,1,AICPS-PLCBEAD_PLCEmbed-c78a56f/PLC-BEAD/Source/GEB/REPLACE_ALL/REPLACE_ALL.ST,193e9d9d7dfbaa3455b6ab171ee4bae1443e50572afcab114612e241dde5c38d,FINDP_Block;REPLACE_ALL_Block,,program0,True,True,True,TP,explicit FUNCTION_BLOCK declaration in mapped Structured Text source,production: GEB-scoped dt_FB_; probe: ungated core_symbol_text contains dt_FB_,DERIVED_EVIDENCE,
geb_REPLACE_CHARS,REPLACE_CHARS,GEB,fold_2,UNIQUE,1,AICPS-PLCBEAD_PLCEmbed-c78a56f/PLC-BEAD/Source/GEB/REPLACE_CHARS/REPLACE_CHARS.ST,0f4573bc83af665df4fe3b836d3992e720ca9edcce8bd2d3bedbebce9793f76a,REPLACE_CHARS_Block,,program0,True,True,True,TP,explicit FUNCTION_BLOCK declaration in mapped Structured Text source,production: GEB-scoped dt_FB_; probe: ungated core_symbol_text contains dt_FB_,DERIVED_EVIDENCE,
geb_RES_NI,RES_NI,GEB,fold_1,UNIQUE,1,AICPS-PLCBEAD_PLCEmbed-c78a56f/PLC-BEAD/Source/GEB/RES_NI/RES_NI.ST,d30799a2e672b90a446c75ee1e39c6a8d42f417044fbc6ed1124f92bd7a0dc10,,RES_NI,program0,False,False,False,TN,explicit FUNCTION_BLOCK declaration in mapped Structured Text source,production: GEB-scoped dt_FB_; probe: ungated core_symbol_text contains dt_FB_,DERIVED_EVIDENCE,
geb_RES_NTC,RES_NTC,GEB,fold_2,UNIQUE,1,AICPS-PLCBEAD_PLCEmbed-c78a56f/PLC-BEAD/Source/GEB/RES_NTC/RES_NTC.ST,67db955c03176f73edfbf289e1862ef17520b1c99bf0cd752bdbabae1d290aaf,,RES_NTC,program0,False,False,False,TN,explicit FUNCTION_BLOCK declaration in mapped Structured Text source,production: GEB-scoped dt_FB_; probe: ungated core_symbol_text contains dt_FB_,DERIVED_EVIDENCE,
geb_RES_PT,RES_PT,GEB,fold_3,UNIQUE,1,AICPS-PLCBEAD_PLCEmbed-c78a56f/PLC-BEAD/Source/GEB/RES_PT/RES_PT.ST,a9acd27dd83e86dd211d27f4e37749f935a0d50f00aaed3a1070c2dadfcec586,,RES_PT,program0,False,False,False,TN,explicit FUNCTION_BLOCK declaration in mapped Structured Text source,production: GEB-scoped dt_FB_; probe: ungated core_symbol_text contains dt_FB_,DERIVED_EVIDENCE,
geb_RES_SI,RES_SI,GEB,fold_4,UNIQUE,1,AICPS-PLCBEAD_PLCEmbed-c78a56f/PLC-BEAD/Source/GEB/RES_SI/RES_SI.ST,072bbbe9958d6101342c31ebef0a4344c9db5555317f2af6674aa1d6dcf1e9ce,,RES_SI,program0,False,False,False,TN,explicit FUNCTION_BLOCK declaration in mapped Structured Text source,production: GEB-scoped dt_FB_; probe: ungated core_symbol_text contains dt_FB_,DERIVED_EVIDENCE,
geb_REVERSE,REVERSE,GEB,fold_1,UNIQUE,1,AICPS-PLCBEAD_PLCEmbed-c78a56f/PLC-BEAD/Source/GEB/REVERSE/REVERSE.ST,6f7e410727736d6a3455c3c730301ed4e1fccf1f72a379c197e668d2cd7f2e43,,REVERSE,program0,False,False,False,TN,explicit FUNCTION_BLOCK declaration in mapped Structured Text source,production: GEB-scoped dt_FB_; probe: ungated core_symbol_text contains dt_FB_,DERIVED_EVIDENCE,
geb_RMP_B,RMP_B,GEB,fold_2,UNIQUE,1,AICPS-PLCBEAD_PLCEmbed-c78a56f/PLC-BEAD/Source/GEB/RMP_B/RMP_B.ST,b19de621eddbb657703066be59076f5d5417a6c39c07e63bb00510003f7714da,RMP_B_Block;T_PLC_MS_block;_RMP_B,FRMP_B;TIME_TO_UDINT2,program0,True,True,True,TP,explicit FUNCTION_BLOCK declaration in mapped Structured Text source,production: GEB-scoped dt_FB_; probe: ungated core_symbol_text contains dt_FB_,DERIVED_EVIDENCE,
geb_RMP_SOFT,RMP_SOFT,GEB,fold_3,UNIQUE,1,AICPS-PLCBEAD_PLCEmbed-c78a56f/PLC-BEAD/Source/GEB/RMP_SOFT/RMP_SOFT.ST,4271ccfdd0f83c39c65d9b8a60bd392a908f094a24d7fa873ddb4da30b2c5445,RMP_SOFT_Block;T_PLC_MS_block;_RMP_B,FRMP_B;TIME_TO_UDINT2,program0,True,True,True,TP,explicit FUNCTION_BLOCK declaration in mapped Structured Text source,production: GEB-scoped dt_FB_; probe: ungated core_symbol_text contains dt_FB_,DERIVED_EVIDENCE,
geb_RMP_W,RMP_W,GEB,fold_4,UNIQUE,1,AICPS-PLCBEAD_PLCEmbed-c78a56f/PLC-BEAD/Source/GEB/RMP_W/RMP_W.ST,9f67de3669bd945a8290d83afe7e7329fe20aba55a0acb8cfc286e94c2c661e3,RMP_W;T_PLC_MS_block;_RMP_W,TIME_TO_UDINT2;_WORD_TO_DINT,program0,True,True,True,TP,explicit FUNCTION_BLOCK declaration in mapped Structured Text source,production: GEB-scoped dt_FB_; probe: ungated core_symbol_text contains dt_FB_,DERIVED_EVIDENCE,
geb_RND,RND,GEB,fold_3,UNIQUE,1,AICPS-PLCBEAD_PLCEmbed-c78a56f/PLC-BEAD/Source/GEB/RND/RND.ST,c8fd8216281f2852f1d1c0a478d680c6cfb6f8d9858fe194110f1277b2a1396a,,BIT_OF_DWORD;CEIL;EXPN;RND;_REAL_TO_DINT,program0,False,False,False,TN,explicit FUNCTION_BLOCK declaration in mapped Structured Text source,production: GEB-scoped dt_FB_; probe: ungated core_symbol_text contains dt_FB_,DERIVED_EVIDENCE,
geb_ROUND,ROUND,GEB,fold_4,UNIQUE,1,AICPS-PLCBEAD_PLCEmbed-c78a56f/PLC-BEAD/Source/GEB/ROUND/ROUND.ST,4be7178b271d60b90892afee6bbb347d9402a96d8f14807be0f4bbaf6dd903bf,,ROUND;_REAL_TO_DINT,program0,False,False,False,TN,explicit FUNCTION_BLOCK declaration in mapped Structured Text source,production: GEB-scoped dt_FB_; probe: ungated core_symbol_text contains dt_FB_,DERIVED_EVIDENCE,
geb_RTC_2,RTC_2,GEB,fold_7,UNIQUE,1,AICPS-PLCBEAD_PLCEmbed-c78a56f/PLC-BEAD/Source/GEB/RTC_2/RTC_2.ST,b0ffec8f93653d5579698fff72df4738c042e0f17d741e29f4091f23378dac73,RTC_2_Block;RTC_MS_Block;T_PLC_MS_block,DST;DT_TO_DATE2;SET_DATE;SET_DT;YEAR_OF_DATE;_INT_TO_UDINT,program0,True,True,True,TP,explicit FUNCTION_BLOCK declaration in mapped Structured Text source,production: GEB-scoped dt_FB_; probe: ungated core_symbol_text contains dt_FB_,DERIVED_EVIDENCE,
geb_RTC_MS,RTC_MS,GEB,fold_8,UNIQUE,1,AICPS-PLCBEAD_PLCEmbed-c78a56f/PLC-BEAD/Source/GEB/RTC_MS/RTC_MS.ST,7c70851870cb7b3581c7fe0a5fecbb020598130fe71406af42551388e01c3032,RTC_MS_Block;T_PLC_MS_block,,program0,True,True,True,TP,explicit FUNCTION_BLOCK declaration in mapped Structured Text source,production: GEB-scoped dt_FB_; probe: ungated core_symbol_text contains dt_FB_,DERIVED_EVIDENCE,
geb_SCALE,SCALE,GEB,fold_1,UNIQUE,1,AICPS-PLCBEAD_PLCEmbed-c78a56f/PLC-BEAD/Source/GEB/SCALE/SCALE.ST,f1db281c34bdaba5c3b4c35f2cdd330c6e1814a2a84d28e02c9145571d17218c,,SCALE,program0,False,False,False,TN,explicit FUNCTION_BLOCK declaration in mapped Structured Text source,production: GEB-scoped dt_FB_; probe: ungated core_symbol_text contains dt_FB_,DERIVED_EVIDENCE,
geb_SCALE_B,SCALE_B,GEB,fold_2,UNIQUE,1,AICPS-PLCBEAD_PLCEmbed-c78a56f/PLC-BEAD/Source/GEB/SCALE_B/SCALE_B.ST,b1bc05022ad3e9d45d507ab2214d704d8617036e96089eb8ef5fe5a4f66ab629,,SCALE_B;_BYTE_TO_REAL,program0,False,False,False,TN,explicit FUNCTION_BLOCK declaration in mapped Structured Text source,production: GEB-scoped dt_FB_; probe: ungated core_symbol_text contains dt_FB_,DERIVED_EVIDENCE,
geb_SCALE_B2,SCALE_B2,GEB,fold_3,UNIQUE,1,AICPS-PLCBEAD_PLCEmbed-c78a56f/PLC-BEAD/Source/GEB/SCALE_B2/SCALE_B2.ST,a847dc05327daaea9bb012fcc943794bc70a650d6193d6a926e772e9ccdc88c7,,SCALE_B2;_BYTE_TO_REAL,program0,False,False,False,TN,explicit FUNCTION_BLOCK declaration in mapped Structured Text source,production: GEB-scoped dt_FB_; probe: ungated core_symbol_text contains dt_FB_,DERIVED_EVIDENCE,
geb_SCALE_B4,SCALE_B4,GEB,fold_4,UNIQUE,1,AICPS-PLCBEAD_PLCEmbed-c78a56f/PLC-BEAD/Source/GEB/SCALE_B4/SCALE_B4.ST,4ff6b35aad77b8ca2002e3a799425f63daa0172a84a8ba543487de7bfa240dc1,,SCALE_B4;_BYTE_TO_REAL,program0,False,False,False,TN,explicit FUNCTION_BLOCK declaration in mapped Structured Text source,production: GEB-scoped dt_FB_; probe: ungated core_symbol_text contains dt_FB_,DERIVED_EVIDENCE,
geb_SCALE_B8,SCALE_B8,GEB,fold_5,UNIQUE,1,AICPS-PLCBEAD_PLCEmbed-c78a56f/PLC-BEAD/Source/GEB/SCALE_B8/SCALE_B8.ST,bb699b0d469db9016382137532e1d9084c5d8de5f9e967305a1a290c73323cb6,,SCALE_B8;_BYTE_TO_REAL,program0,False,False,False,TN,explicit FUNCTION_BLOCK declaration in mapped Structured Text source,production: GEB-scoped dt_FB_; probe: ungated core_symbol_text contains dt_FB_,DERIVED_EVIDENCE,
geb_SCALE_D,SCALE_D,GEB,fold_6,UNIQUE,1,AICPS-PLCBEAD_PLCEmbed-c78a56f/PLC-BEAD/Source/GEB/SCALE_D/SCALE_D.ST,86be23afd8af4dd075889803e1f25080cdecb841e15c6a1e1e4ca73d7b16a1c6,,SCALE_D,program0,False,False,False,TN,explicit FUNCTION_BLOCK declaration in mapped Structured Text source,production: GEB-scoped dt_FB_; probe: ungated core_symbol_text contains dt_FB_,DERIVED_EVIDENCE,
geb_SCALE_R,SCALE_R,GEB,fold_7,UNIQUE,1,AICPS-PLCBEAD_PLCEmbed-c78a56f/PLC-BEAD/Source/GEB/SCALE_R/SCALE_R.ST,a4c343fe505e7273c6460cdaea06b46d538278f4b51821ff38b5673e56c04574,,SCALE_R,program0,False,False,False,TN,explicit FUNCTION_BLOCK declaration in mapped Structured Text source,production: GEB-scoped dt_FB_; probe: ungated core_symbol_text contains dt_FB_,DERIVED_EVIDENCE,
geb_SCALE_X2,SCALE_X2,GEB,fold_8,UNIQUE,1,AICPS-PLCBEAD_PLCEmbed-c78a56f/PLC-BEAD/Source/GEB/SCALE_X2/SCALE_X2.ST,5c6c8f9dd9df59c89ed823d175d8d42a9dcdf5f9f89c91109fca086952739cb0,,SCALE_X2,program0,False,False,False,TN,explicit FUNCTION_BLOCK declaration in mapped Structured Text source,production: GEB-scoped dt_FB_; probe: ungated core_symbol_text contains dt_FB_,DERIVED_EVIDENCE,
geb_SCALE_X4,SCALE_X4,GEB,fold_9,UNIQUE,1,AICPS-PLCBEAD_PLCEmbed-c78a56f/PLC-BEAD/Source/GEB/SCALE_X4/SCALE_X4.ST,e5ebf865d1b50ea7f45957d8bf2b59594908c51fcfc84435a7040dea872a4c87,,SCALE_X4,program0,False,False,False,TN,explicit FUNCTION_BLOCK declaration in mapped Structured Text source,production: GEB-scoped dt_FB_; probe: ungated core_symbol_text contains dt_FB_,DERIVED_EVIDENCE,
geb_SCALE_X8,SCALE_X8,GEB,fold_0,UNIQUE,1,AICPS-PLCBEAD_PLCEmbed-c78a56f/PLC-BEAD/Source/GEB/SCALE_X8/SCALE_X8.ST,53031a6bdaa45d281f8a7d41864b1c465aa0faa35edf69e2fbaf6800ae7e8a24,,SCALE_X8,program0,False,False,False,TN,explicit FUNCTION_BLOCK declaration in mapped Structured Text source,production: GEB-scoped dt_FB_; probe: ungated core_symbol_text contains dt_FB_,DERIVED_EVIDENCE,
geb_SCHEDULER,SCHEDULER,GEB,fold_2,UNIQUE,1,AICPS-PLCBEAD_PLCEmbed-c78a56f/PLC-BEAD/Source/GEB/SCHEDULER/SCHEDULER.ST,7463ba878fb286b93a76cb09f14aea4a72e2708912934a9b1c54eab85d8959e0,SCHEDULER_Block;T_PLC_MS_block,,program0,True,True,True,TP,explicit FUNCTION_BLOCK declaration in mapped Structured Text source,production: GEB-scoped dt_FB_; probe: ungated core_symbol_text contains dt_FB_,DERIVED_EVIDENCE,
geb_SCHEDULER_2,SCHEDULER_2,GEB,fold_3,UNIQUE,1,AICPS-PLCBEAD_PLCEmbed-c78a56f/PLC-BEAD/Source/GEB/SCHEDULER_2/SCHEDULER_2.ST,8495507e359e9dd81efdbcd1a8463e5818f9913892417e8f8317f966d98ea2ce,SCHEDULER_2_Block,,program0,True,True,True,TP,explicit FUNCTION_BLOCK declaration in mapped Structured Text source,production: GEB-scoped dt_FB_; probe: ungated core_symbol_text contains dt_FB_,DERIVED_EVIDENCE,
geb_SDD,SDD,GEB,fold_7,UNIQUE,1,AICPS-PLCBEAD_PLCEmbed-c78a56f/PLC-BEAD/Source/GEB/building_SDD/SDD.ST,0af55d1fb840662579d7fc9f18614b08beaeff89ef73f3d2e1cab7fcf93847fb,,SDD,program0,False,False,False,TN,explicit FUNCTION_BLOCK declaration in mapped Structured Text source,production: GEB-scoped dt_FB_; probe: ungated core_symbol_text contains dt_FB_,DERIVED_EVIDENCE,
geb_SDD_NH3,SDD_NH3,GEB,fold_8,UNIQUE,1,AICPS-PLCBEAD_PLCEmbed-c78a56f/PLC-BEAD/Source/GEB/building_SDD_NH3/SDD_NH3.ST,9571ca9723a4e58d115fc843a5bbb9386f0b02737b2d9644568cfb8838cdf851,,SDD_NH3,program0,False,False,False,TN,explicit FUNCTION_BLOCK declaration in mapped Structured Text source,production: GEB-scoped dt_FB_; probe: ungated core_symbol_text contains dt_FB_,DERIVED_EVIDENCE,
geb_SDT_NH3,SDT_NH3,GEB,fold_9,UNIQUE,1,AICPS-PLCBEAD_PLCEmbed-c78a56f/PLC-BEAD/Source/GEB/building_SDT_NH3/SDT_NH3.ST,a3cc913acbdef182e28593fc5d3d1e70756c2abd01b97e00590432065d6bf78c,,SDT_NH3,program0,False,False,False,TN,explicit FUNCTION_BLOCK declaration in mapped Structured Text source,production: GEB-scoped dt_FB_; probe: ungated core_symbol_text contains dt_FB_,DERIVED_EVIDENCE,
geb_SDT_TO_DATE,SDT_TO_DATE,GEB,fold_9,UNIQUE,1,AICPS-PLCBEAD_PLCEmbed-c78a56f/PLC-BEAD/Source/GEB/SDT_TO_DATE/SDT_TO_DATE.ST,14bc12902a5a38e45f0e82ffe669ec5ca3ba68c53bc9b39bd1f2ab23d03b495b,SDT_TO_DATE_Block,SET_DATE;_INT_TO_UDINT,program0,True,True,True,TP,explicit FUNCTION_BLOCK declaration in mapped Structured Text source,production: GEB-scoped dt_FB_; probe: ungated core_symbol_text contains dt_FB_,DERIVED_EVIDENCE,
geb_SDT_TO_DT,SDT_TO_DT,GEB,fold_0,UNIQUE,1,AICPS-PLCBEAD_PLCEmbed-c78a56f/PLC-BEAD/Source/GEB/SDT_TO_DT/SDT_TO_DT.ST,a06a13298d1e9ae5bb5d367cb709e3a5a60d2471a293a2e54abb698ae87db445,SDT_TO_DT_Block,SET_DATE;SET_DT;_INT_TO_UDINT,program0,True,True,True,TP,explicit FUNCTION_BLOCK declaration in mapped Structured Text source,production: GEB-scoped dt_FB_; probe: ungated core_symbol_text contains dt_FB_,DERIVED_EVIDENCE,
geb_SDT_TO_TOD,SDT_TO_TOD,GEB,fold_1,UNIQUE,1,AICPS-PLCBEAD_PLCEmbed-c78a56f/PLC-BEAD/Source/GEB/SDT_TO_TOD/SDT_TO_TOD.ST,92394e20ed26a40422a3344170ba230821b809596cf43327f8075cb0bb33906a,SDT_TO_TOD_Block,_INT_TO_UDINT,program0,True,True,True,TP,explicit FUNCTION_BLOCK declaration in mapped Structured Text source,production: GEB-scoped dt_FB_; probe: ungated core_symbol_text contains dt_FB_,DERIVED_EVIDENCE,
geb_SECOND,SECOND,GEB,fold_2,UNIQUE,1,AICPS-PLCBEAD_PLCEmbed-c78a56f/PLC-BEAD/Source/GEB/SECOND/SECOND.ST,f08c1778102659fac3d5178b0c4e8ab5fb0ac89963791d4de55ee930828c9cab,,SECOND,program0,False,False,False,TN,explicit FUNCTION_BLOCK declaration in mapped Structured Text source,production: GEB-scoped dt_FB_; probe: ungated core_symbol_text contains dt_FB_,DERIVED_EVIDENCE,
geb_SECOND_OF_DT,SECOND_OF_DT,GEB,fold_3,UNIQUE,1,AICPS-PLCBEAD_PLCEmbed-c78a56f/PLC-BEAD/Source/GEB/SECOND_OF_DT/SECOND_OF_DT.ST,7334ec2650bdc2b4e9d8ec2faf03dc888d28322630e52c7bef984d78e26ac48c,,SECOND_OF_DT,program0,False,False,False,TN,explicit FUNCTION_BLOCK declaration in mapped Structured Text source,production: GEB-scoped dt_FB_; probe: ungated core_symbol_text contains dt_FB_,DERIVED_EVIDENCE,
geb_SECOND_TO_TIME,SECOND_TO_TIME,GEB,fold_4,UNIQUE,1,AICPS-PLCBEAD_PLCEmbed-c78a56f/PLC-BEAD/Source/GEB/SECOND_TO_TIME/SECOND_TO_TIME.ST,2d5385add4ca619f6b30379e63596673a210f22051bcae1c5b055b51c8291fe6,,SECOND_TO_TIME;_REAL_TO_UDINT,program0,False,False,False,TN,explicit FUNCTION_BLOCK declaration in mapped Structured Text source,production: GEB-scoped dt_FB_; probe: ungated core_symbol_text contains dt_FB_,DERIVED_EVIDENCE,
geb_SEL2_OF_3,SEL2_OF_3,GEB,fold_1,UNIQUE,1,AICPS-PLCBEAD_PLCEmbed-c78a56f/PLC-BEAD/Source/GEB/SEL2_OF_3/SEL2_OF_3.ST,b97731f4d3e16c2108d09b7d12c52bba4a8064de1169bbaa857c29251a565a49,SEL2_OF_3_Block,,program0,True,True,True,TP,explicit FUNCTION_BLOCK declaration in mapped Structured Text source,production: GEB-scoped dt_FB_; probe: ungated core_symbol_text contains dt_FB_,DERIVED_EVIDENCE,
geb_SEL2_OF_3B,SEL2_OF_3B,GEB,fold_2,UNIQUE,1,AICPS-PLCBEAD_PLCEmbed-c78a56f/PLC-BEAD/Source/GEB/SEL2_OF_3B/SEL2_OF_3B.ST,e0c7273b93ab4dd72baeb7cc69bd628a063b126758e02cb7e201ac452ea3df16,SEL2_OF_3B_Block,,program0,True,True,True,TP,explicit FUNCTION_BLOCK declaration in mapped Structured Text source,production: GEB-scoped dt_FB_; probe: ungated core_symbol_text contains dt_FB_,DERIVED_EVIDENCE,
geb_SELECT_8,SELECT_8,GEB,fold_9,UNIQUE,1,AICPS-PLCBEAD_PLCEmbed-c78a56f/PLC-BEAD/Source/GEB/SELECT_8/SELECT_8.ST,cc896efb49708fe3ea2b86c5bb60f148dedb0cc5cec479c2a14c41e11d18a817,SELECT_8_Block,INC;_BYTE_TO_INT,program0,True,True,True,TP,explicit FUNCTION_BLOCK declaration in mapped Structured Text source,production: GEB-scoped dt_FB_; probe: ungated core_symbol_text contains dt_FB_,DERIVED_EVIDENCE,
geb_SENSOR_INT,SENSOR_INT,GEB,fold_5,UNIQUE,1,AICPS-PLCBEAD_PLCEmbed-c78a56f/PLC-BEAD/Source/GEB/SENSOR_INT/SENSOR_INT.ST,9c7a77c947c63b7baa0aa1d7f38409cc75aa321d8f928d67b92eb77342f0ac61,,SENSOR_INT,program0,False,False,False,TN,explicit FUNCTION_BLOCK declaration in mapped Structured Text source,production: GEB-scoped dt_FB_; probe: ungated core_symbol_text contains dt_FB_,DERIVED_EVIDENCE,
geb_SEQUENCE_4,SEQUENCE_4,GEB,fold_4,UNIQUE,1,AICPS-PLCBEAD_PLCEmbed-c78a56f/PLC-BEAD/Source/GEB/SEQUENCE_4/SEQUENCE_4.ST,857c614a7711064655376093ba6b29682f6cb8f5c966786adcb1c3fb7de97137,SEQUENCE_4_Block;T_PLC_MS_block,UDINT_TO_TIME2,program0,True,True,True,TP,explicit FUNCTION_BLOCK declaration in mapped Structured Text source,production: GEB-scoped dt_FB_; probe: ungated core_symbol_text contains dt_FB_,DERIVED_EVIDENCE,
geb_SEQUENCE_64,SEQUENCE_64,GEB,fold_5,UNIQUE,1,AICPS-PLCBEAD_PLCEmbed-c78a56f/PLC-BEAD/Source/GEB/SEQUENCE_64/SEQUENCE_64.ST,3eb93097a078c0f1577cc59fab5553dff64307a2fa55324dc2455e2e40a0f28f,SEQUENCE_64_Block;T_PLC_MS_block,INC2;UDINT_TO_TIME2,program0,True,True,True,TP,explicit FUNCTION_BLOCK declaration in mapped Structured Text source,production: GEB-scoped dt_FB_; probe: ungated core_symbol_text contains dt_FB_,DERIVED_EVIDENCE,
geb_SEQUENCE_8,SEQUENCE_8,GEB,fold_6,UNIQUE,1,AICPS-PLCBEAD_PLCEmbed-c78a56f/PLC-BEAD/Source/GEB/SEQUENCE_8/SEQUENCE_8.ST,43fa43c2f3a9d61b7f9820e1bc10861ce287ee831c2fd8c580ff41793abcf8d2,SEQUENCE_8_Block;T_PLC_MS_block,UDINT_TO_TIME2,program0,True,True,True,TP,explicit FUNCTION_BLOCK declaration in mapped Structured Text source,production: GEB-scoped dt_FB_; probe: ungated core_symbol_text contains dt_FB_,DERIVED_EVIDENCE,
geb_SETUP_CHARNAMES,SETUP_CHARNAMES,GEB,fold_8,UNIQUE,1,AICPS-PLCBEAD_PLCEmbed-c78a56f/PLC-BEAD/Source/GEB/SETUP_CHARNAMES/SETUP_CHARNAMES.ST,15c3dd898bc8aa7b9b5b8b38ca2e1c91c7eabd5b88d2a3c63e90ad587fda5b58,SETUP_CHARNAMES_Block,,program0,True,True,True,TP,explicit FUNCTION_BLOCK declaration in mapped Structured Text source,production: GEB-scoped dt_FB_; probe: ungated core_symbol_text contains dt_FB_,DERIVED_EVIDENCE,
geb_SETUP_DIRS,SETUP_DIRS,GEB,fold_9,UNIQUE,1,AICPS-PLCBEAD_PLCEmbed-c78a56f/PLC-BEAD/Source/GEB/SETUP_DIRS/SETUP_DIRS.ST,7be0bff0dfbfc3ac7791e19c9902b3605e4444e1ee6b77877243e0318b60d4ed,SETUP_DIRS,,program0,True,True,True,TP,explicit FUNCTION_BLOCK declaration in mapped Structured Text source,production: GEB-scoped dt_FB_; probe: ungated core_symbol_text contains dt_FB_,DERIVED_EVIDENCE,
geb_SETUP_EXTENDED_ASCII,SETUP_EXTENDED_ASCII,GEB,fold_0,UNIQUE,1,AICPS-PLCBEAD_PLCEmbed-c78a56f/PLC-BEAD/Source/GEB/SETUP_EXTENDED_ASCII/SETUP_EXTENDED_ASCII.ST,53f72f04773fd797a126efb8ee451a5b18fa39890bfdc1f7ffd96edaa4f13bc0,,SETUP_EXTENDED_ASCII,program0,False,False,False,TN,explicit FUNCTION_BLOCK declaration in mapped Structured Text source,production: GEB-scoped dt_FB_; probe: ungated core_symbol_text contains dt_FB_,DERIVED_EVIDENCE,
geb_SETUP_HOLIDAY_AT,SETUP_HOLIDAY_AT,GEB,fold_1,UNIQUE,1,AICPS-PLCBEAD_PLCEmbed-c78a56f/PLC-BEAD/Source/GEB/SETUP_HOLIDAY_AT/SETUP_HOLIDAY_AT.ST,a11363f9fd82f7be8d05fc5c5b6d60cae7bccd1e53174a8b3d17a20f9c8554a4,SETUP_HOLIDAY_AT_Block,,program0,True,True,True,TP,explicit FUNCTION_BLOCK declaration in mapped Structured Text source,production: GEB-scoped dt_FB_; probe: ungated core_symbol_text contains dt_FB_,DERIVED_EVIDENCE,
geb_SETUP_HOLIDAY_DE,SETUP_HOLIDAY_DE,GEB,fold_2,UNIQUE,1,AICPS-PLCBEAD_PLCEmbed-c78a56f/PLC-BEAD/Source/GEB/SETUP_HOLIDAY_DE/SETUP_HOLIDAY_DE.ST,02bb637ba65aa6bb0cdceed3417d56baf4e8e2df35675ccabe9c694396c57f43,SETUP_HOLIDAY_DE_Block,,program0,True,True,True,TP,explicit FUNCTION_BLOCK declaration in mapped Structured Text source,production: GEB-scoped dt_FB_; probe: ungated core_symbol_text contains dt_FB_,DERIVED_EVIDENCE,
geb_SETUP_HOLIDAY_FR,SETUP_HOLIDAY_FR,GEB,fold_3,UNIQUE,1,AICPS-PLCBEAD_PLCEmbed-c78a56f/PLC-BEAD/Source/GEB/SETUP_HOLIDAY_FR/SETUP_HOLIDAY_FR.ST,f5880609e78d6f93518c36507548fb1e5bff44f90e418171a54810cb191d5464,SETUP_HOLIDAY_FR_Block,,program0,True,True,True,TP,explicit FUNCTION_BLOCK declaration in mapped Structured Text source,production: GEB-scoped dt_FB_; probe: ungated core_symbol_text contains dt_FB_,DERIVED_EVIDENCE,
geb_SETUP_LANGUAGE,SETUP_LANGUAGE,GEB,fold_4,UNIQUE,1,AICPS-PLCBEAD_PLCEmbed-c78a56f/PLC-BEAD/Source/GEB/SETUP_LANGUAGE/SETUP_LANGUAGE.ST,e3da67a265a24c63cfd95b558034b5f1de9ce0b538ac0bd5aa05fa74a029d1d0,SETUP_LANGUAGE_Block,,program0,True,True,True,TP,explicit FUNCTION_BLOCK declaration in mapped Structured Text source,production: GEB-scoped dt_FB_; probe: ungated core_symbol_text contains dt_FB_,DERIVED_EVIDENCE,
geb_SETUP_LOCATION,SETUP_LOCATION,GEB,fold_5,UNIQUE,1,AICPS-PLCBEAD_PLCEmbed-c78a56f/PLC-BEAD/Source/GEB/SETUP_LOCATION/SETUP_LOCATION.ST,3ba2d551a3b7530efd6c53ff12e9cbe41b977f0f224c4ba268a022b44e63436f,SETUP_LOCATION_Block,,program0,True,True,True,TP,explicit FUNCTION_BLOCK declaration in mapped Structured Text source,production: GEB-scoped dt_FB_; probe: ungated core_symbol_text contains dt_FB_,DERIVED_EVIDENCE,
geb_SETUP_MONTHS,SETUP_MONTHS,GEB,fold_6,UNIQUE,1,AICPS-PLCBEAD_PLCEmbed-c78a56f/PLC-BEAD/Source/GEB/SETUP_MONTHS/SETUP_MONTHS.ST,a24abcb6172517f4819ecce8431f013fef98a5304c9802f23af9e6b96311064c,SETUP_MONTHS,,program0,True,True,True,TP,explicit FUNCTION_BLOCK declaration in mapped Structured Text source,production: GEB-scoped dt_FB_; probe: ungated core_symbol_text contains dt_FB_,DERIVED_EVIDENCE,
geb_SETUP_MONTHS3,SETUP_MONTHS3,GEB,fold_7,UNIQUE,1,AICPS-PLCBEAD_PLCEmbed-c78a56f/PLC-BEAD/Source/GEB/SETUP_MONTHS3/SETUP_MONTHS3.ST,6b71de41493b68ad0abafbae2609fa56464f8ff4ff45f85922b8d927be31ef5c,SETUP_MONTHS3,,program0,True,True,True,TP,explicit FUNCTION_BLOCK declaration in mapped Structured Text source,production: GEB-scoped dt_FB_; probe: ungated core_symbol_text contains dt_FB_,DERIVED_EVIDENCE,
geb_SETUP_WEEKDAYS,SETUP_WEEKDAYS,GEB,fold_8,UNIQUE,1,AICPS-PLCBEAD_PLCEmbed-c78a56f/PLC-BEAD/Source/GEB/SETUP_WEEKDAYS/SETUP_WEEKDAYS.ST,19af423f5dc86b01ddef95920fab39c76211165c2b3bd2e1f939e8909290e22a,SETUP_WEEKDAYS,,program0,True,True,True,TP,explicit FUNCTION_BLOCK declaration in mapped Structured Text source,production: GEB-scoped dt_FB_; probe: ungated core_symbol_text contains dt_FB_,DERIVED_EVIDENCE,
geb_SETUP_WEEKDAYS2,SETUP_WEEKDAYS2,GEB,fold_9,UNIQUE,1,AICPS-PLCBEAD_PLCEmbed-c78a56f/PLC-BEAD/Source/GEB/SETUP_WEEKDAYS2/SETUP_WEEKDAYS2.ST,1454fa0e547e15ebbb73d029d36c13eb558c98df3cbb15a44e74e8dcaceaef4a,SETUP_WEEKDAYS2_Block,,program0,True,True,True,TP,explicit FUNCTION_BLOCK declaration in mapped Structured Text source,production: GEB-scoped dt_FB_; probe: ungated core_symbol_text contains dt_FB_,DERIVED_EVIDENCE,
geb_SET_DATE,SET_DATE,GEB,fold_5,UNIQUE,1,AICPS-PLCBEAD_PLCEmbed-c78a56f/PLC-BEAD/Source/GEB/SET_DATE/SET_DATE.ST,08f901e340b78a7931b516ab79f152de527706b24bc9ce868eee9240e38feacc,,SET_DATE;_INT_TO_UDINT,program0,False,False,False,TN,explicit FUNCTION_BLOCK declaration in mapped Structured Text source,production: GEB-scoped dt_FB_; probe: ungated core_symbol_text contains dt_FB_,DERIVED_EVIDENCE,
geb_SET_DT,SET_DT,GEB,fold_6,UNIQUE,1,AICPS-PLCBEAD_PLCEmbed-c78a56f/PLC-BEAD/Source/GEB/SET_DT/SET_DT.ST,6decf42c83a5b3272539fb04d64d9f38610d0134a16bff59fd5795f21a23ba92,,SET_DATE;SET_DT;_INT_TO_UDINT,program0,False,False,False,TN,explicit FUNCTION_BLOCK declaration in mapped Structured Text source,production: GEB-scoped dt_FB_; probe: ungated core_symbol_text contains dt_FB_,DERIVED_EVIDENCE,
geb_SET_TOD,SET_TOD,GEB,fold_7,UNIQUE,1,AICPS-PLCBEAD_PLCEmbed-c78a56f/PLC-BEAD/Source/GEB/SET_TOD/SET_TOD.ST,dc32805991c117d7f0168b536a91d251692a677348be3b0ac29fc68d279dad72,,SET_TOD;_INT_TO_UDINT;_REAL_TO_UDINT,program0,False,False,False,TN,explicit FUNCTION_BLOCK declaration in mapped Structured Text source,production: GEB-scoped dt_FB_; probe: ungated core_symbol_text contains dt_FB_,DERIVED_EVIDENCE,
geb_SGN,SGN,GEB,fold_5,UNIQUE,1,AICPS-PLCBEAD_PLCEmbed-c78a56f/PLC-BEAD/Source/GEB/SGN/SGN.ST,e8704f1e3186f50fc273db804d8a27ae6bd17f203b57185aa6454f125cf2fbcd,,SGN,program0,False,False,False,TN,explicit FUNCTION_BLOCK declaration in mapped Structured Text source,production: GEB-scoped dt_FB_; probe: ungated core_symbol_text contains dt_FB_,DERIVED_EVIDENCE,
geb_SH,SH,GEB,fold_3,UNIQUE,1,AICPS-PLCBEAD_PLCEmbed-c78a56f/PLC-BEAD/Source/GEB/SH/SH.ST,4987b07f70e509048725f113bc425c2e8dcaf29b1b6d167d150004d507b10f07,SH_Block,,program0,True,True,True,TP,explicit FUNCTION_BLOCK declaration in mapped Structured Text source,production: GEB-scoped dt_FB_; probe: ungated core_symbol_text contains dt_FB_,DERIVED_EVIDENCE,
geb_SHA1_STREAM,SHA1_STREAM,GEB,fold_6,MULTIPLE_CONSISTENT,2,AICPS-PLCBEAD_PLCEmbed-c78a56f/PLC-BEAD/Source/GEB/Network_SHA1_STREAM/SHA1_STREAM.ST;AICPS-PLCBEAD_PLCEmbed-c78a56f/PLC-BEAD/Source/GEB/sample_project/oscat/Network/SHA1_STREAM.ST,b94805bcaf15fbba7ad1bf34c398b5b67a01c78591549ab2c7c4a5a0cc216315;433e8d5585d999e3f76199e1e2cc585c242ed4b318fa50cc4662fadc08f2f26e,SHA1_STREAM_Block,DWORD_OF_BYTE,instance0;program0,True,True,True,TP,explicit FUNCTION_BLOCK declaration in mapped Structured Text source,production: GEB-scoped dt_FB_; probe: ungated core_symbol_text contains dt_FB_,DERIVED_EVIDENCE,
geb_SHL1,SHL1,GEB,fold_2,UNIQUE,1,AICPS-PLCBEAD_PLCEmbed-c78a56f/PLC-BEAD/Source/GEB/SHL1/SHL1.ST,d7ee08c59956c52dc77abae638d8d2f55e2a7bdbd0a6d8a5d01795aed5597746,,SHL1,program0,False,False,False,TN,explicit FUNCTION_BLOCK declaration in mapped Structured Text source,production: GEB-scoped dt_FB_; probe: ungated core_symbol_text contains dt_FB_,DERIVED_EVIDENCE,
geb_SHR1,SHR1,GEB,fold_3,UNIQUE,1,AICPS-PLCBEAD_PLCEmbed-c78a56f/PLC-BEAD/Source/GEB/SHR1/SHR1.ST,a5587b28261ae565dfcbb2a04b642ed3722f95d1d24e5ab75df5412245074429,,SHR1,program0,False,False,False,TN,explicit FUNCTION_BLOCK declaration in mapped Structured Text source,production: GEB-scoped dt_FB_; probe: ungated core_symbol_text contains dt_FB_,DERIVED_EVIDENCE,
geb_SHR_4E,SHR_4E,GEB,fold_0,UNIQUE,1,AICPS-PLCBEAD_PLCEmbed-c78a56f/PLC-BEAD/Source/GEB/SHR_4E/SHR_4E.ST,434cc256ced824675dd3fdfd7508c1ad838d33561dddedbfd80bdc1b516efa4a,SHR_4E_Block,,program0,True,True,True,TP,explicit FUNCTION_BLOCK declaration in mapped Structured Text source,production: GEB-scoped dt_FB_; probe: ungated core_symbol_text contains dt_FB_,DERIVED_EVIDENCE,
geb_SHR_4UDE,SHR_4UDE,GEB,fold_1,UNIQUE,1,AICPS-PLCBEAD_PLCEmbed-c78a56f/PLC-BEAD/Source/GEB/SHR_4UDE/SHR_4UDE.ST,ce561a7d6536462f7cfed6af41a7e0eaf78a7c4127635871be9e7bc33df21922,SHR_4UDE_Block,,program0,True,True,True,TP,explicit FUNCTION_BLOCK declaration in mapped Structured Text source,production: GEB-scoped dt_FB_; probe: ungated core_symbol_text contains dt_FB_,DERIVED_EVIDENCE,
geb_SHR_8PLE,SHR_8PLE,GEB,fold_2,UNIQUE,1,AICPS-PLCBEAD_PLCEmbed-c78a56f/PLC-BEAD/Source/GEB/SHR_8PLE/SHR_8PLE.ST,738ac3449648120fdfe1cbafc5bfb4a922a319d7ebf7228795b56a28c8e02abb,SHR_8PLE_Block,BIT_LOAD_B;BIT_OF_DWORD,program0,True,True,True,TP,explicit FUNCTION_BLOCK declaration in mapped Structured Text source,production: GEB-scoped dt_FB_; probe: ungated core_symbol_text contains dt_FB_,DERIVED_EVIDENCE,
geb_SHR_8UDE,SHR_8UDE,GEB,fold_3,UNIQUE,1,AICPS-PLCBEAD_PLCEmbed-c78a56f/PLC-BEAD/Source/GEB/SHR_8UDE/SHR_8UDE.ST,0965024298a0300dfc6e9fc55e81db87c5393d5471a61c1f2cdabe9c70653e63,SHR_8UDE_Block,,program0,True,True,True,TP,explicit FUNCTION_BLOCK declaration in mapped Structured Text source,production: GEB-scoped dt_FB_; probe: ungated core_symbol_text contains dt_FB_,DERIVED_EVIDENCE,
geb_SH_1,SH_1,GEB,fold_4,UNIQUE,1,AICPS-PLCBEAD_PLCEmbed-c78a56f/PLC-BEAD/Source/GEB/SH_1/SH_1.ST,b98c7cafbf4ed5f2efb9fbe050f3e973776fab9f392bea2bed3d2baf4aeb8884,SH_1_Block;T_PLC_MS_block,UDINT_TO_TIME2,program0,True,True,True,TP,explicit FUNCTION_BLOCK declaration in mapped Structured Text source,production: GEB-scoped dt_FB_; probe: ungated core_symbol_text contains dt_FB_,DERIVED_EVIDENCE,
geb_SH_2,SH_2,GEB,fold_5,UNIQUE,1,AICPS-PLCBEAD_PLCEmbed-c78a56f/PLC-BEAD/Source/GEB/SH_2/SH_2.ST,a720cb08e2babbfb58b97b86645a0568e125c2dff36171c13bd8e472c8857578,SH_2_Block;T_PLC_MS_block,BIT_OF_DWORD;EVEN;UDINT_TO_TIME2,program0,True,True,True,TP,explicit FUNCTION_BLOCK declaration in mapped Structured Text source,production: GEB-scoped dt_FB_; probe: ungated core_symbol_text contains dt_FB_,DERIVED_EVIDENCE,
geb_SH_T,SH_T,GEB,fold_6,UNIQUE,1,AICPS-PLCBEAD_PLCEmbed-c78a56f/PLC-BEAD/Source/GEB/SH_T/SH_T.ST,481082439b9fb25bbfd303401841d743dacbd04bb8aef738e6c5dabcc830dc14,SH_T_Block,,program0,True,True,True,TP,explicit FUNCTION_BLOCK declaration in mapped Structured Text source,production: GEB-scoped dt_FB_; probe: ungated core_symbol_text contains dt_FB_,DERIVED_EVIDENCE,
geb_SIGMOID,SIGMOID,GEB,fold_6,UNIQUE,1,AICPS-PLCBEAD_PLCEmbed-c78a56f/PLC-BEAD/Source/GEB/SIGMOID/SIGMOID.ST,18a7e0be4ea01decc62105a8824d442ee9d0f1d6d36be2b439947fdec8863e7e,,SIGMOID,program0,False,False,False,TN,explicit FUNCTION_BLOCK declaration in mapped Structured Text source,production: GEB-scoped dt_FB_; probe: ungated core_symbol_text contains dt_FB_,DERIVED_EVIDENCE,
geb_SIGNAL,SIGNAL,GEB,fold_5,UNIQUE,1,AICPS-PLCBEAD_PLCEmbed-c78a56f/PLC-BEAD/Source/GEB/SIGNAL/SIGNAL.ST,e6dc6843980ea19c723f74c5fae56e095799b21a125f289ae9d92f5df59aaa8e,SIGNAL_Block;T_PLC_MS_block,TIME_TO_UDINT2;UDINT_TO_TIME2;_BYTE_TO_INT,program0,True,True,True,TP,explicit FUNCTION_BLOCK declaration in mapped Structured Text source,production: GEB-scoped dt_FB_; probe: ungated core_symbol_text contains dt_FB_,DERIVED_EVIDENCE,
geb_SIGNAL_4,SIGNAL_4,GEB,fold_6,UNIQUE,1,AICPS-PLCBEAD_PLCEmbed-c78a56f/PLC-BEAD/Source/GEB/SIGNAL_4/SIGNAL_4.ST,049b2cd2d8e3f8269882e53d2ae99d82e131a211269e5f3f4e92fde6f266c44f,SIGNAL_4_Block;SIGNAL_Block;T_PLC_MS_block,TIME_TO_UDINT2;UDINT_TO_TIME2;_BYTE_TO_INT,program0,True,True,True,TP,explicit FUNCTION_BLOCK declaration in mapped Structured Text source,production: GEB-scoped dt_FB_; probe: ungated core_symbol_text contains dt_FB_,DERIVED_EVIDENCE,
geb_SIGN_I,SIGN_I,GEB,fold_7,UNIQUE,1,AICPS-PLCBEAD_PLCEmbed-c78a56f/PLC-BEAD/Source/GEB/SIGN_I/SIGN_I.ST,cec644cc5797e4873a99f3996157fbbada8a47bf3950709e4d33c4426d412d4f,,BIT_OF_DWORD;SIGN_I,program0,False,False,False,TN,explicit FUNCTION_BLOCK declaration in mapped Structured Text source,production: GEB-scoped dt_FB_; probe: ungated core_symbol_text contains dt_FB_,DERIVED_EVIDENCE,
geb_SIGN_R,SIGN_R,GEB,fold_8,UNIQUE,1,AICPS-PLCBEAD_PLCEmbed-c78a56f/PLC-BEAD/Source/GEB/SIGN_R/SIGN_R.ST,9a04c07d1f8ec878642f4521b381f47762eb3af57852c1422eff7f7a108b0611,,SIGN_R,program0,False,False,False,TN,explicit FUNCTION_BLOCK declaration in mapped Structured Text source,production: GEB-scoped dt_FB_; probe: ungated core_symbol_text contains dt_FB_,DERIVED_EVIDENCE,
geb_SINC,SINC,GEB,fold_9,UNIQUE,1,AICPS-PLCBEAD_PLCEmbed-c78a56f/PLC-BEAD/Source/GEB/SINC/SINC.ST,5d984a58035fd0dd7b55a741e3b5c49eaa4b67bdd74f791eda4dc367b7f80090,,SINC,program0,False,False,False,TN,explicit FUNCTION_BLOCK declaration in mapped Structured Text source,production: GEB-scoped dt_FB_; probe: ungated core_symbol_text contains dt_FB_,DERIVED_EVIDENCE,
geb_SINH,SINH,GEB,fold_0,UNIQUE,1,AICPS-PLCBEAD_PLCEmbed-c78a56f/PLC-BEAD/Source/GEB/SINH/SINH.ST,4993121e499b6a1467dd0801f15cc3a8d335efebbc04609243bcc3b1c8c775cf,,SINH,program0,False,False,False,TN,explicit FUNCTION_BLOCK declaration in mapped Structured Text source,production: GEB-scoped dt_FB_; probe: ungated core_symbol_text contains dt_FB_,DERIVED_EVIDENCE,
geb_SNTP_CLIENT,SNTP_CLIENT,GEB,fold_7,MULTIPLE_CONSISTENT,2,AICPS-PLCBEAD_PLCEmbed-c78a56f/PLC-BEAD/Source/GEB/Network_SNTP_CLIENT/SNTP_CLIENT.ST;AICPS-PLCBEAD_PLCEmbed-c78a56f/PLC-BEAD/Source/GEB/sample_project/oscat/Network/SNTP_CLIENT.ST,1085aebd678d838c4f904a268e42c3501bf522eac4f85b489c729d716ff71af7;6e8d4893638740851e289f1b3e496b7dd46d1c57c7dd88624089aa854e224fab,IP_FIFO_Block;SNTP_CLIENT_Block;T_PLC_MS_block,DWORD_OF_BYTE;WORD_OF_BYTE;_BYTE_TO_INT;_INT_TO_UDINT;_WORD_TO_DINT,instance0;program0,True,True,True,TP,explicit FUNCTION_BLOCK declaration in mapped Structured Text source,production: GEB-scoped dt_FB_; probe: ungated core_symbol_text contains dt_FB_,DERIVED_EVIDENCE,
geb_SPEED,SPEED,GEB,fold_8,UNIQUE,1,AICPS-PLCBEAD_PLCEmbed-c78a56f/PLC-BEAD/Source/GEB/SPEED/SPEED.ST,4d002f61094ad32f74ee3477cedcd9d2685e9c204e265dca171d14883d6b09c1,SPEED_Block,,program0,True,True,True,TP,explicit FUNCTION_BLOCK declaration in mapped Structured Text source,production: GEB-scoped dt_FB_; probe: ungated core_symbol_text contains dt_FB_,DERIVED_EVIDENCE,
geb_SPHERE_V,SPHERE_V,GEB,fold_6,UNIQUE,1,AICPS-PLCBEAD_PLCEmbed-c78a56f/PLC-BEAD/Source/GEB/SPHERE_V/SPHERE_V.ST,da3c2653db55276d658b63fb61f26c199e3b6081f90fd530f9dfffbc4f56fbc5,,SPHERE_V,program0,False,False,False,TN,explicit FUNCTION_BLOCK declaration in mapped Structured Text source,production: GEB-scoped dt_FB_; probe: ungated core_symbol_text contains dt_FB_,DERIVED_EVIDENCE,
geb_SQRTN,SQRTN,GEB,fold_1,UNIQUE,1,AICPS-PLCBEAD_PLCEmbed-c78a56f/PLC-BEAD/Source/GEB/SQRTN/SQRTN.ST,786c3c2f6687dafab056d75b85730b8c850b4b3641687abc96ec7050d493abc2,,SQRTN,program0,False,False,False,TN,explicit FUNCTION_BLOCK declaration in mapped Structured Text source,production: GEB-scoped dt_FB_; probe: ungated core_symbol_text contains dt_FB_,DERIVED_EVIDENCE,
geb_SRAMP,SRAMP,GEB,fold_7,UNIQUE,1,AICPS-PLCBEAD_PLCEmbed-c78a56f/PLC-BEAD/Source/GEB/SRAMP/SRAMP.ST,45c27f703211f3f9c5d8358b0eeb91a49fdfceda7d199b45ea58f2994dd445df,SRAMP_Block;TC_S_Block;T_PLC_US_Block,,program0,True,True,True,TP,explicit FUNCTION_BLOCK declaration in mapped Structured Text source,production: GEB-scoped dt_FB_; probe: ungated core_symbol_text contains dt_FB_,DERIVED_EVIDENCE,
geb_STACK_16,STACK_16,GEB,fold_4,UNIQUE,1,AICPS-PLCBEAD_PLCEmbed-c78a56f/PLC-BEAD/Source/GEB/STACK_16/STACK_16.ST,a0a4d4e3d0740feaf85ec4407f7ab5c9dceb6f8726fb174d6401965645e97c23,STACK_16_Block,,program0,True,True,True,TP,explicit FUNCTION_BLOCK declaration in mapped Structured Text source,production: GEB-scoped dt_FB_; probe: ungated core_symbol_text contains dt_FB_,DERIVED_EVIDENCE,
geb_STACK_32,STACK_32,GEB,fold_5,UNIQUE,1,AICPS-PLCBEAD_PLCEmbed-c78a56f/PLC-BEAD/Source/GEB/STACK_32/STACK_32.ST,26f11fec2079f431552f60a0956cab385a87cc503b6b095c661263ac75ece670,STACK_32_Block,,program0,True,True,True,TP,explicit FUNCTION_BLOCK declaration in mapped Structured Text source,production: GEB-scoped dt_FB_; probe: ungated core_symbol_text contains dt_FB_,DERIVED_EVIDENCE,
geb_STAIR,STAIR,GEB,fold_7,UNIQUE,1,AICPS-PLCBEAD_PLCEmbed-c78a56f/PLC-BEAD/Source/GEB/STAIR/STAIR.ST,8b8d1c2c22785bfb78ac0deb5d6977c27eb5b8c3396e657159a88c60def8dc88,,STAIR;_REAL_TO_DINT,program0,False,False,False,TN,explicit FUNCTION_BLOCK declaration in mapped Structured Text source,production: GEB-scoped dt_FB_; probe: ungated core_symbol_text contains dt_FB_,DERIVED_EVIDENCE,
geb_STAIR2,STAIR2,GEB,fold_8,UNIQUE,1,AICPS-PLCBEAD_PLCEmbed-c78a56f/PLC-BEAD/Source/GEB/STAIR2/STAIR2.ST,5061a2b65898b64fc838dbc3bb91d58ad27758b563c3dfd6270c7b66970ef243,STAIR2_Block,FLOOR,program0,True,True,True,TP,explicit FUNCTION_BLOCK declaration in mapped Structured Text source,production: GEB-scoped dt_FB_; probe: ungated core_symbol_text contains dt_FB_,DERIVED_EVIDENCE,
geb_STATUS_TO_ESR,STATUS_TO_ESR,GEB,fold_7,UNIQUE,1,AICPS-PLCBEAD_PLCEmbed-c78a56f/PLC-BEAD/Source/GEB/STATUS_TO_ESR/STATUS_TO_ESR.ST,77d2266c5648d63e80b44e7bd4436fdc7487040bf7e1d425e47a342495283092,STATUS_TO_ESR_Block,,program0,True,True,True,TP,explicit FUNCTION_BLOCK declaration in mapped Structured Text source,production: GEB-scoped dt_FB_; probe: ungated core_symbol_text contains dt_FB_,DERIVED_EVIDENCE,
geb_STORE_8,STORE_8,GEB,fold_4,UNIQUE,1,AICPS-PLCBEAD_PLCEmbed-c78a56f/PLC-BEAD/Source/GEB/STORE_8/STORE_8.ST,17bccb659df8bb836a2fda051ce6ba8eb6a2d2f92dfd2a1f1a38bad3335a0d33,STORE_8_Block,,program0,True,True,True,TP,explicit FUNCTION_BLOCK declaration in mapped Structured Text source,production: GEB-scoped dt_FB_; probe: ungated core_symbol_text contains dt_FB_,DERIVED_EVIDENCE,
geb_SUN_MIDDAY,SUN_MIDDAY,GEB,fold_0,UNIQUE,1,AICPS-PLCBEAD_PLCEmbed-c78a56f/PLC-BEAD/Source/GEB/SUN_MIDDAY/SUN_MIDDAY.ST,0fe95227b730125971728e521dc543575ccfc26fb1aad5853d1cc6b3ea2045a0,,DAY_OF_YEAR;HOUR_TO_TOD;SUN_MIDDAY;_REAL_TO_UDINT,program0,False,False,False,TN,explicit FUNCTION_BLOCK declaration in mapped Structured Text source,production: GEB-scoped dt_FB_; probe: ungated core_symbol_text contains dt_FB_,DERIVED_EVIDENCE,
geb_SUN_POS,SUN_POS,GEB,fold_1,UNIQUE,1,AICPS-PLCBEAD_PLCEmbed-c78a56f/PLC-BEAD/Source/GEB/SUN_POS/SUN_POS.ST,ba6d37142b229ad6fc70a89797fa7382fdb1f0f5f55d82d416c63a87582cbc7e,SUN_POS,DEG;DT_TO_TOD2;FLOOR2;MODR;RAD;REFRACTION;TOD_TO_REAL2,program0,True,True,True,TP,explicit FUNCTION_BLOCK declaration in mapped Structured Text source,production: GEB-scoped dt_FB_; probe: ungated core_symbol_text contains dt_FB_,DERIVED_EVIDENCE,
geb_SUN_TIME,SUN_TIME,GEB,fold_2,UNIQUE,1,AICPS-PLCBEAD_PLCEmbed-c78a56f/PLC-BEAD/Source/GEB/SUN_TIME/SUN_TIME.ST,2b39d4b53ad986a73ef73adcf033da5c398675f6127eba8554ebaf22803a4c41,SUN_TIME_Block,DAY_OF_YEAR;DEG;FLOOR2;HOUR_TO_TIME;HOUR_TO_TOD;MODR;RAD;SUN_MIDDAY;TIME_TO_UDINT2;_REAL_TO_UDINT,program0,True,True,True,TP,explicit FUNCTION_BLOCK declaration in mapped Structured Text source,production: GEB-scoped dt_FB_; probe: ungated core_symbol_text contains dt_FB_,DERIVED_EVIDENCE,
geb_SWAP_BYTE,SWAP_BYTE,GEB,fold_4,UNIQUE,1,AICPS-PLCBEAD_PLCEmbed-c78a56f/PLC-BEAD/Source/GEB/SWAP_BYTE/SWAP_BYTE.ST,7eb446de0c4397a8e6bf8b88fcb5c8f3aea94f35ad336c26d4394051a41e4dbc,,SWAP_BYTE,program0,False,False,False,TN,explicit FUNCTION_BLOCK declaration in mapped Structured Text source,production: GEB-scoped dt_FB_; probe: ungated core_symbol_text contains dt_FB_,DERIVED_EVIDENCE,
geb_SWAP_BYTE2,SWAP_BYTE2,GEB,fold_5,UNIQUE,1,AICPS-PLCBEAD_PLCEmbed-c78a56f/PLC-BEAD/Source/GEB/SWAP_BYTE2/SWAP_BYTE2.ST,12d8e538366ed27f72b73eedb3c1ddb374044276a9abe52d161e775a2310dd60,,SWAP_BYTE2,program0,False,False,False,TN,explicit FUNCTION_BLOCK declaration in mapped Structured Text source,production: GEB-scoped dt_FB_; probe: ungated core_symbol_text contains dt_FB_,DERIVED_EVIDENCE,
geb_SWITCH_I,SWITCH_I,GEB,fold_9,UNIQUE,1,AICPS-PLCBEAD_PLCEmbed-c78a56f/PLC-BEAD/Source/GEB/building_SWITCH_I/SWITCH_I.ST,818bfcf68525be1f59342c12552b0d8b67aac74a9e2219dfab8bad35ffddf1f7,SWITCH_I_Block;T_PLC_MS_block,UDINT_TO_TIME2,program0,True,True,True,TP,explicit FUNCTION_BLOCK declaration in mapped Structured Text source,production: GEB-scoped dt_FB_; probe: ungated core_symbol_text contains dt_FB_,DERIVED_EVIDENCE,
geb_SWITCH_X,SWITCH_X,GEB,fold_0,UNIQUE,1,AICPS-PLCBEAD_PLCEmbed-c78a56f/PLC-BEAD/Source/GEB/building_SWITCH_X/SWITCH_X.ST,8c9d78530d724bbbd28894d2c09e67ec4a4727cdd77fd2e43c363f4f7cca3b5a,SWITCH_X_Block,,program0,True,True,True,TP,explicit FUNCTION_BLOCK declaration in mapped Structured Text source,production: GEB-scoped dt_FB_; probe: ungated core_symbol_text contains dt_FB_,DERIVED_EVIDENCE,
geb_SW_RECONFIG,SW_RECONFIG,GEB,fold_8,UNIQUE,1,AICPS-PLCBEAD_PLCEmbed-c78a56f/PLC-BEAD/Source/GEB/building_SW_RECONFIG/SW_RECONFIG.ST,340ba9e49b78b65ff582a651a1e39ad108318019b7a959eab65aef1aa2ef6a69,SW_RECONFIG_Block,,program0,True,True,True,TP,explicit FUNCTION_BLOCK declaration in mapped Structured Text source,production: GEB-scoped dt_FB_; probe: ungated core_symbol_text contains dt_FB_,DERIVED_EVIDENCE,
geb_TANC,TANC,GEB,fold_2,UNIQUE,1,AICPS-PLCBEAD_PLCEmbed-c78a56f/PLC-BEAD/Source/GEB/TANC/TANC.ST,4902f4b846f3d1bdfa2cfa9cb5d66e212fc35173370ca74170feaa61e9d362e0,,TANC,program0,False,False,False,TN,explicit FUNCTION_BLOCK declaration in mapped Structured Text source,production: GEB-scoped dt_FB_; probe: ungated core_symbol_text contains dt_FB_,DERIVED_EVIDENCE,
geb_TANH,TANH,GEB,fold_3,UNIQUE,1,AICPS-PLCBEAD_PLCEmbed-c78a56f/PLC-BEAD/Source/GEB/TANH/TANH.ST,4579eea72d6b8fd81faea0b152ba9e6a67761d28dd7a1d420ce1572cc561e690,,TANH,program0,False,False,False,TN,explicit FUNCTION_BLOCK declaration in mapped Structured Text source,production: GEB-scoped dt_FB_; probe: ungated core_symbol_text contains dt_FB_,DERIVED_EVIDENCE,
geb_TANK_LEVEL,TANK_LEVEL,GEB,fold_1,UNIQUE,1,AICPS-PLCBEAD_PLCEmbed-c78a56f/PLC-BEAD/Source/GEB/building_TANK_LEVEL/TANK_LEVEL.ST,ce97d5ab23e68b06cfef632bab53e402cfe17696ca4a1ed4b18e9317c9ee01c3,ACTUATOR_COIL_Block;TANK_LEVEL_Block;TONOF;T_PLC_MS_block,TIME_TO_UDINT2;UDINT_TO_TIME2,program0,True,True,True,TP,explicit FUNCTION_BLOCK declaration in mapped Structured Text source,production: GEB-scoped dt_FB_; probe: ungated core_symbol_text contains dt_FB_,DERIVED_EVIDENCE,
geb_TANK_VOL1,TANK_VOL1,GEB,fold_2,UNIQUE,1,AICPS-PLCBEAD_PLCEmbed-c78a56f/PLC-BEAD/Source/GEB/building_TANK_VOL1/TANK_VOL1.ST,0f9a522b2c31cf4fc0f7a466b256e5e7fe7987a002deb4f6f83b984a95cc6924,,CIRCLE_SEG;TANK_VOL1,program0,False,False,False,TN,explicit FUNCTION_BLOCK declaration in mapped Structured Text source,production: GEB-scoped dt_FB_; probe: ungated core_symbol_text contains dt_FB_,DERIVED_EVIDENCE,
geb_TANK_VOL2,TANK_VOL2,GEB,fold_3,UNIQUE,1,AICPS-PLCBEAD_PLCEmbed-c78a56f/PLC-BEAD/Source/GEB/building_TANK_VOL2/TANK_VOL2.ST,40f5e13c6e9ffd876cef3d77a236825ef4eabe5b7a7d37d1dd3ac51d4004233d,,TANK_VOL2,program0,False,False,False,TN,explicit FUNCTION_BLOCK declaration in mapped Structured Text source,production: GEB-scoped dt_FB_; probe: ungated core_symbol_text contains dt_FB_,DERIVED_EVIDENCE,
geb_TC_MS,TC_MS,GEB,fold_6,UNIQUE,1,AICPS-PLCBEAD_PLCEmbed-c78a56f/PLC-BEAD/Source/GEB/TC_MS/TC_MS.ST,06e6f441214666a47aa8734a078727904d06915e4c1a98ce0c0110058b1125f5,TC_MS_Block;T_PLC_MS_block,,program0,True,True,True,TP,explicit FUNCTION_BLOCK declaration in mapped Structured Text source,production: GEB-scoped dt_FB_; probe: ungated core_symbol_text contains dt_FB_,DERIVED_EVIDENCE,
geb_TC_S,TC_S,GEB,fold_7,UNIQUE,1,AICPS-PLCBEAD_PLCEmbed-c78a56f/PLC-BEAD/Source/GEB/TC_S/TC_S.ST,862ea2095693a379fccdcc30a791ed99e6a04ae8ae669bb88be8e5b93a52c31c,TC_S_Block;T_PLC_US_Block,,program0,True,True,True,TP,explicit FUNCTION_BLOCK declaration in mapped Structured Text source,production: GEB-scoped dt_FB_; probe: ungated core_symbol_text contains dt_FB_,DERIVED_EVIDENCE,
geb_TC_US,TC_US,GEB,fold_8,UNIQUE,1,AICPS-PLCBEAD_PLCEmbed-c78a56f/PLC-BEAD/Source/GEB/TC_US/TC_US.ST,906a1873ee5d8cd056bd2942fc5fce8bada2403b18eb886d22c17ebb0c17c472,TC_US_Block;T_PLC_US_Block,,program0,True,True,True,TP,explicit FUNCTION_BLOCK declaration in mapped Structured Text source,production: GEB-scoped dt_FB_; probe: ungated core_symbol_text contains dt_FB_,DERIVED_EVIDENCE,
geb_TEMPERATURE,TEMPERATURE,GEB,fold_9,UNIQUE,1,AICPS-PLCBEAD_PLCEmbed-c78a56f/PLC-BEAD/Source/GEB/TEMPERATURE/TEMPERATURE.ST,67d60132ca0495ac295ffac19631f5151ba5298ce1aab464a1f041f506740aea,TEMPERATURE,,program0,True,True,True,TP,explicit FUNCTION_BLOCK declaration in mapped Structured Text source,production: GEB-scoped dt_FB_; probe: ungated core_symbol_text contains dt_FB_,DERIVED_EVIDENCE,
geb_TEMP_EXT,TEMP_EXT,GEB,fold_4,UNIQUE,1,AICPS-PLCBEAD_PLCEmbed-c78a56f/PLC-BEAD/Source/GEB/building_TEMP_EXT/TEMP_EXT.ST,333379f7080b74fe821165a808c48e0effa34cc06fe612e54244caaa303ba20d,TEMP_EXT_Block;T_PLC_MS_block,DAY_OF_MONTH;DAY_OF_YEAR;DAY_OF_YEAR_UDINT;DT_TO_TOD2;LEAP_OF_DATE;MID3;MONTH_OF_DATE_UDINT;MULTI_IN;SET_DATE;UDINT_TO_TIME2;_BYTE_TO_INT;_DT_TO_DATE_B;_INT_TO_UDINT,program0,True,True,True,TP,explicit FUNCTION_BLOCK declaration in mapped Structured Text source,production: GEB-scoped dt_FB_; probe: ungated core_symbol_text contains dt_FB_,DERIVED_EVIDENCE,
geb_TEMP_NI,TEMP_NI,GEB,fold_6,UNIQUE,1,AICPS-PLCBEAD_PLCEmbed-c78a56f/PLC-BEAD/Source/GEB/TEMP_NI/TEMP_NI.ST,e2a37e46ebb3cfcda9fd4da0cc5a7576d39b19723569eb3932374112183f912e,,TEMP_NI,program0,False,False,False,TN,explicit FUNCTION_BLOCK declaration in mapped Structured Text source,production: GEB-scoped dt_FB_; probe: ungated core_symbol_text contains dt_FB_,DERIVED_EVIDENCE,
geb_TEMP_NTC,TEMP_NTC,GEB,fold_7,UNIQUE,1,AICPS-PLCBEAD_PLCEmbed-c78a56f/PLC-BEAD/Source/GEB/TEMP_NTC/TEMP_NTC.ST,a1e831aec10f0c5ba412ba056088fb581f03ff4e468a3d9ef485620a6677e0b1,,TEMP_NTC,program0,False,False,False,TN,explicit FUNCTION_BLOCK declaration in mapped Structured Text source,production: GEB-scoped dt_FB_; probe: ungated core_symbol_text contains dt_FB_,DERIVED_EVIDENCE,
geb_TEMP_PT,TEMP_PT,GEB,fold_8,UNIQUE,1,AICPS-PLCBEAD_PLCEmbed-c78a56f/PLC-BEAD/Source/GEB/TEMP_PT/TEMP_PT.ST,2376288df4dd0f329cb096ea1c07f271097f495338f37e5fade2f4081ecd0761,,RES_PT;TEMP_PT,program0,False,False,False,TN,explicit FUNCTION_BLOCK declaration in mapped Structured Text source,production: GEB-scoped dt_FB_; probe: ungated core_symbol_text contains dt_FB_,DERIVED_EVIDENCE,
geb_TEMP_SI,TEMP_SI,GEB,fold_9,UNIQUE,1,AICPS-PLCBEAD_PLCEmbed-c78a56f/PLC-BEAD/Source/GEB/TEMP_SI/TEMP_SI.ST,90fa8b89000a29a793fdb3f0800d8555fba151122c1cb40a54ddf8f9d58d8715,,TEMP_SI,program0,False,False,False,TN,explicit FUNCTION_BLOCK declaration in mapped Structured Text source,production: GEB-scoped dt_FB_; probe: ungated core_symbol_text contains dt_FB_,DERIVED_EVIDENCE,
geb_TIMECHECK,TIMECHECK,GEB,fold_8,UNIQUE,1,AICPS-PLCBEAD_PLCEmbed-c78a56f/PLC-BEAD/Source/GEB/TIMECHECK/TIMECHECK.ST,4590954ce27ccb0651e2edd3aebd4e6a2f5608a4c682d13a77feb9d238a5bbc0,,TIMECHECK,program0,False,False,False,TN,explicit FUNCTION_BLOCK declaration in mapped Structured Text source,production: GEB-scoped dt_FB_; probe: ungated core_symbol_text contains dt_FB_,DERIVED_EVIDENCE,
geb_TIMER_1,TIMER_1,GEB,fold_1,UNIQUE,1,AICPS-PLCBEAD_PLCEmbed-c78a56f/PLC-BEAD/Source/GEB/building_TIMER_1/TIMER_1.ST,7c7277396b685752e852ebfdf9a4e6fc845e8c958053ce6b8f9398bf91321ece,TIMER_1_Block,DAY_OF_WEEK;DT_TO_TOD2;TIMECHECK;TIME_TO_TOD;TIME_TO_TOD2;TOD_TO_TIME;_DT_TO_DATE_B,program0,True,True,True,TP,explicit FUNCTION_BLOCK declaration in mapped Structured Text source,production: GEB-scoped dt_FB_; probe: ungated core_symbol_text contains dt_FB_,DERIVED_EVIDENCE,
geb_TIMER_2,TIMER_2,GEB,fold_2,UNIQUE,1,AICPS-PLCBEAD_PLCEmbed-c78a56f/PLC-BEAD/Source/GEB/building_TIMER_2/TIMER_2.ST,250f9629e3b9b8b08cb22661b80f08ec60a9bccfe182744c4d719da811ff8496,TIMER_2_Block;T_PLC_MS_block,DAY_OF_MONTH;DAY_OF_WEEK;DAY_OF_YEAR;DAY_OF_YEAR_UDINT;DT_TO_TOD2;LEAP_OF_DATE;MONTH_OF_DATE;MONTH_OF_DATE_UDINT;TIME_TO_UDINT2;UDINT_TO_TIME2;_BYTE_TO_INT;_DT_TO_DATE_B,program0,True,True,True,TP,explicit FUNCTION_BLOCK declaration in mapped Structured Text source,production: GEB-scoped dt_FB_; probe: ungated core_symbol_text contains dt_FB_,DERIVED_EVIDENCE,
geb_TIMER_EXT,TIMER_EXT,GEB,fold_3,UNIQUE,1,AICPS-PLCBEAD_PLCEmbed-c78a56f/PLC-BEAD/Source/GEB/building_TIMER_EXT/TIMER_EXT.ST,2426a58fe33c8c8b0fb783863f8bfe4b6e589afeaf89c1185fd4938200993e17,DEBOUNCE_Block;MANUAL_2_Block;TIMER_EXT_Block;T_PLC_MS_block,DAY_OF_WEEK;DT_TO_TOD2;TIME_TO_UDINT2;_DT_TO_DATE_B,program0,True,True,True,TP,explicit FUNCTION_BLOCK declaration in mapped Structured Text source,production: GEB-scoped dt_FB_; probe: ungated core_symbol_text contains dt_FB_,DERIVED_EVIDENCE,
geb_TIMER_P4,TIMER_P4,GEB,fold_4,UNIQUE,1,AICPS-PLCBEAD_PLCEmbed-c78a56f/PLC-BEAD/Source/GEB/building_TIMER_P4/TIMER_P4.ST,df09efba51faf5bb1412e0f2fa38f56cd142228adc5fa9601e4f49780002b494,TIMER_P4_Block,BIT_LOAD_B;BIT_OF_DWORD;DATE_TO_DT;DATE_TO_UDINT2;DAY_OF_MONTH;DAY_OF_WEEK;DAY_OF_YEAR;DAY_OF_YEAR_UDINT;DT_TO_DATE;LEAP_DAY;LEAP_OF_DATE;MONTH_END;MONTH_OF_DATE;MONTH_OF_DATE_UDINT;SET_DATE;SET_DT;TIME_TO_UDINT2;YEAR_END;YEAR_OF_DATE;_BYTE_TO_DINT;_BYTE_TO_INT;_DT_TO_DATE_B;_INT_TO_UDINT,program0,True,True,True,TP,explicit FUNCTION_BLOCK declaration in mapped Structured Text source,production: GEB-scoped dt_FB_; probe: ungated core_symbol_text contains dt_FB_,DERIVED_EVIDENCE,
geb_TIME_TO_DWORD,TIME_TO_DWORD,GEB,fold_3,UNIQUE,1,AICPS-PLCBEAD_PLCEmbed-c78a56f/PLC-BEAD/Source/GEB/TIME_TO_DWORD/TIME_TO_DWORD.ST,c5c772fa7960b0055470842fe6511210620b92eae996fb1f9614888b3a2e5153,,TIME_TO_DWORD1,program0,False,False,False,TN,explicit FUNCTION_BLOCK declaration in mapped Structured Text source,production: GEB-scoped dt_FB_; probe: ungated core_symbol_text contains dt_FB_,DERIVED_EVIDENCE,
geb_TIME_TO_INT,TIME_TO_INT,GEB,fold_4,UNIQUE,1,AICPS-PLCBEAD_PLCEmbed-c78a56f/PLC-BEAD/Source/GEB/TIME_TO_INT/TIME_TO_INT.ST,c77be49a535118197ef59d3bc44b2ac7e1ab2cb47c88d0ff71a8d26590e4689d,,TIME_TO_INT1,program0,False,False,False,TN,explicit FUNCTION_BLOCK declaration in mapped Structured Text source,production: GEB-scoped dt_FB_; probe: ungated core_symbol_text contains dt_FB_,DERIVED_EVIDENCE,
geb_TIME_TO_REAL,TIME_TO_REAL,GEB,fold_5,UNIQUE,1,AICPS-PLCBEAD_PLCEmbed-c78a56f/PLC-BEAD/Source/GEB/TIME_TO_REAL/TIME_TO_REAL.ST,2084f14c919ca3ab2473117163a468fdbe6a54174e1c91476224ba65772a2364,,TIME_TO_REAL1,program0,False,False,False,TN,explicit FUNCTION_BLOCK declaration in mapped Structured Text source,production: GEB-scoped dt_FB_; probe: ungated core_symbol_text contains dt_FB_,DERIVED_EVIDENCE,
geb_TIME_TO_TOD,TIME_TO_TOD,GEB,fold_6,UNIQUE,1,AICPS-PLCBEAD_PLCEmbed-c78a56f/PLC-BEAD/Source/GEB/TIME_TO_TOD/TIME_TO_TOD.ST,f92beaeb7e1a2bb70950e748a8f36c2c70c479f8f09d8725170044b7a5ebb8ee,,TIME_TO_TOD,program0,False,False,False,TN,explicit FUNCTION_BLOCK declaration in mapped Structured Text source,production: GEB-scoped dt_FB_; probe: ungated core_symbol_text contains dt_FB_,DERIVED_EVIDENCE,
geb_TIME_TO_UDINT,TIME_TO_UDINT,GEB,fold_7,UNIQUE,1,AICPS-PLCBEAD_PLCEmbed-c78a56f/PLC-BEAD/Source/GEB/TIME_TO_UDINT/TIME_TO_UDINT.ST,9d979c36ae02781047bb0a0676766626f1da919500794bda0269c10b5e6fe939,,TIME_TO_UDINT2,program0,False,False,False,TN,explicit FUNCTION_BLOCK declaration in mapped Structured Text source,production: GEB-scoped dt_FB_; probe: ungated core_symbol_text contains dt_FB_,DERIVED_EVIDENCE,
geb_TMAX,TMAX,GEB,fold_7,UNIQUE,1,AICPS-PLCBEAD_PLCEmbed-c78a56f/PLC-BEAD/Source/GEB/TMAX/TMAX.ST,811f00b030d26dfe009c5e15d68c1fc0d534fa1e569d5a5ee9323de5d68ba343,TMAX;T_PLC_MS_block,UDINT_TO_TIME2,program0,True,True,True,TP,explicit FUNCTION_BLOCK declaration in mapped Structured Text source,production: GEB-scoped dt_FB_; probe: ungated core_symbol_text contains dt_FB_,DERIVED_EVIDENCE,
geb_TMIN,TMIN,GEB,fold_8,UNIQUE,1,AICPS-PLCBEAD_PLCEmbed-c78a56f/PLC-BEAD/Source/GEB/TMIN/TMIN.ST,523a6c63267a5d6ba0fde42c7e639efbd8ce9192f55b25c95c9b1b7081fd86ed,TMIN,,program0,True,True,True,TP,explicit FUNCTION_BLOCK declaration in mapped Structured Text source,production: GEB-scoped dt_FB_; probe: ungated core_symbol_text contains dt_FB_,DERIVED_EVIDENCE,
geb_TN_RECEIVE,TN_RECEIVE,GEB,fold_5,MULTIPLE_CONSISTENT,2,AICPS-PLCBEAD_PLCEmbed-c78a56f/PLC-BEAD/Source/GEB/Network_TN_RECEIVE/TN_RECEIVE.ST;AICPS-PLCBEAD_PLCEmbed-c78a56f/PLC-BEAD/Source/GEB/sample_project/oscat/Network/TN_RECEIVE.ST,15ba06da764f6c8bb6355103a21f6242d1446ef5f013e8124d9be0c83bdc32f4;98cd48c8b15a0b583d54c75b5aa4d9fa237f6dd160c722cc3cafaa279b495850,TN_RECEIVE_Block,ISC_NUM,instance0;program0,True,True,True,TP,explicit FUNCTION_BLOCK declaration in mapped Structured Text source,production: GEB-scoped dt_FB_; probe: ungated core_symbol_text contains dt_FB_,DERIVED_EVIDENCE,
geb_TN_SC_ADD_SHADOW,TN_SC_ADD_SHADOW,GEB,fold_6,MULTIPLE_CONSISTENT,2,AICPS-PLCBEAD_PLCEmbed-c78a56f/PLC-BEAD/Source/GEB/Network_TN_SC_ADD_SHADOW/TN_SC_ADD_SHADOW.ST;AICPS-PLCBEAD_PLCEmbed-c78a56f/PLC-BEAD/Source/GEB/sample_project/oscat/Network/TN_SC_ADD_SHADOW.ST,2fbffefe2b0ee2cba3f95d93414d7ed6be8bdc79c1f690fa999479a57b2da0fc;6ab733d46f8973f72b03e033f23256f24ac5416fd0c1fabe09eaa25d34e6cec1,TN_SC_ADD_SHADOW_Block,TN_SC_SHADOW_ATTR;TN_SC_XY2_ERROR,instance0;program0,True,True,True,TP,explicit FUNCTION_BLOCK declaration in mapped Structured Text source,production: GEB-scoped dt_FB_; probe: ungated core_symbol_text contains dt_FB_,DERIVED_EVIDENCE,
geb_TN_SC_AREA_RESTORE,TN_SC_AREA_RESTORE,GEB,fold_7,MULTIPLE_CONSISTENT,2,AICPS-PLCBEAD_PLCEmbed-c78a56f/PLC-BEAD/Source/GEB/Network_TN_SC_AREA_RESTORE/TN_SC_AREA_RESTORE.ST;AICPS-PLCBEAD_PLCEmbed-c78a56f/PLC-BEAD/Source/GEB/sample_project/oscat/Network/TN_SC_AREA_RESTORE.ST,ac7c7588348d76363f29a02abbaa60b8aaccfa8fc2a143f4fb5f79e23dbaf37b;0f19034d78bb585af70ccbfc9463a66c9fcf70189c7395f6c79d8cd2fd614f2f,TN_SC_AREA_RESTORE_Block,TN_SC_XY2_ERROR;_BYTE_TO_INT,instance0;program0,True,True,True,TP,explicit FUNCTION_BLOCK declaration in mapped Structured Text source,production: GEB-scoped dt_FB_; probe: ungated core_symbol_text contains dt_FB_,DERIVED_EVIDENCE,
geb_TN_SC_AREA_SAVE,TN_SC_AREA_SAVE,GEB,fold_8,MULTIPLE_CONSISTENT,2,AICPS-PLCBEAD_PLCEmbed-c78a56f/PLC-BEAD/Source/GEB/Network_TN_SC_AREA_SAVE/TN_SC_AREA_SAVE.ST;AICPS-PLCBEAD_PLCEmbed-c78a56f/PLC-BEAD/Source/GEB/sample_project/oscat/Network/TN_SC_AREA_SAVE.ST,6687129416d38aafbb4542547bc115421d95dd694be00ecc41d42e8ad89d2496;244d7a38e77438234ff4821e1591f0b8b43ca8b38818232b350d54ee7484e06d,TN_SC_AREA_SAVE_Block,TN_SC_XY2_ERROR,instance0;program0,True,True,True,TP,explicit FUNCTION_BLOCK declaration in mapped Structured Text source,production: GEB-scoped dt_FB_; probe: ungated core_symbol_text contains dt_FB_,DERIVED_EVIDENCE,
geb_TN_SC_BOX,TN_SC_BOX,GEB,fold_9,MULTIPLE_CONSISTENT,2,AICPS-PLCBEAD_PLCEmbed-c78a56f/PLC-BEAD/Source/GEB/Network_TN_SC_BOX/TN_SC_BOX.ST;AICPS-PLCBEAD_PLCEmbed-c78a56f/PLC-BEAD/Source/GEB/sample_project/oscat/Network/TN_SC_BOX.ST,b4e0f26c9f0d5406883550860dfd7bc9de13b2ed09e26a9707fdb3766ee3720e;47d57ad5d94e6bdfa675fff95cdd2e1eba8d76a605c6c0a04947d50d96f29c8b,TN_SC_BOX_Block;TN_SC_FILL_Block,TN_SC_XY2_ERROR,instance0;program0,True,True,True,TP,explicit FUNCTION_BLOCK declaration in mapped Structured Text source,production: GEB-scoped dt_FB_; probe: ungated core_symbol_text contains dt_FB_,DERIVED_EVIDENCE,
geb_TN_SC_FILL,TN_SC_FILL,GEB,fold_0,MULTIPLE_CONSISTENT,2,AICPS-PLCBEAD_PLCEmbed-c78a56f/PLC-BEAD/Source/GEB/Network_TN_SC_FILL/TN_SC_FILL.ST;AICPS-PLCBEAD_PLCEmbed-c78a56f/PLC-BEAD/Source/GEB/sample_project/oscat/Network/TN_SC_FILL.ST,a881ea58953766b015acabec665e9f5b347e6683e000c98907c29b26d490bced;278748baf448b9423f973c9657bcb708b35d2dc264d70cdfb479a76a62928457,TN_SC_FILL_Block,TN_SC_XY2_ERROR,instance0;program0,True,True,True,TP,explicit FUNCTION_BLOCK declaration in mapped Structured Text source,production: GEB-scoped dt_FB_; probe: ungated core_symbol_text contains dt_FB_,DERIVED_EVIDENCE,
geb_TN_SC_LINE,TN_SC_LINE,GEB,fold_1,MULTIPLE_CONSISTENT,2,AICPS-PLCBEAD_PLCEmbed-c78a56f/PLC-BEAD/Source/GEB/Network_TN_SC_LINE/TN_SC_LINE.ST;AICPS-PLCBEAD_PLCEmbed-c78a56f/PLC-BEAD/Source/GEB/sample_project/oscat/Network/TN_SC_LINE.ST,f17a3dc37052eefe51126b5c15e92044cceb2337dedcc6e4fb9abe9fae330e66;5a50738c3e36bdcd5ebed9f9d70924db2316e1d3b9a263db6e0dbba70a973c62,TN_SC_LINE_Block,TN_SC_XY2_ERROR,instance0;program0,True,True,True,TP,explicit FUNCTION_BLOCK declaration in mapped Structured Text source,production: GEB-scoped dt_FB_; probe: ungated core_symbol_text contains dt_FB_,DERIVED_EVIDENCE,
geb_TN_SC_READ_ATTR,TN_SC_READ_ATTR,GEB,fold_2,MULTIPLE_CONSISTENT,2,AICPS-PLCBEAD_PLCEmbed-c78a56f/PLC-BEAD/Source/GEB/Network_TN_SC_READ_ATTR/TN_SC_READ_ATTR.ST;AICPS-PLCBEAD_PLCEmbed-c78a56f/PLC-BEAD/Source/GEB/sample_project/oscat/Network/TN_SC_READ_ATTR.ST,282909861a71fab0e49a622fa8598168be06f62e5937bf90d6ca3ffd03704b29;a3b234a466f30c98d14a9aa4a398735fa176f5ef3121488d824cd2bc5a9df086,TN_SC_READ_ATTR_Block,TN_SC_XY_ERROR,instance0;program0,True,True,True,TP,explicit FUNCTION_BLOCK declaration in mapped Structured Text source,production: GEB-scoped dt_FB_; probe: ungated core_symbol_text contains dt_FB_,DERIVED_EVIDENCE,
geb_TN_SC_READ_CHAR,TN_SC_READ_CHAR,GEB,fold_3,MULTIPLE_CONSISTENT,2,AICPS-PLCBEAD_PLCEmbed-c78a56f/PLC-BEAD/Source/GEB/Network_TN_SC_READ_CHAR/TN_SC_READ_CHAR.ST;AICPS-PLCBEAD_PLCEmbed-c78a56f/PLC-BEAD/Source/GEB/sample_project/oscat/Network/TN_SC_READ_CHAR.ST,f23405d9c319fb139ee752a7051b6ff24663277490f9af10a935b73e1e326c70;08e4f695a032df555e2e0ea81d3d8b582db751c2555b8223e39ae34815e07d99,TN_SC_READ_CHAR_Block,TN_SC_XY_ERROR,instance0;program0,True,True,True,TP,explicit FUNCTION_BLOCK declaration in mapped Structured Text source,production: GEB-scoped dt_FB_; probe: ungated core_symbol_text contains dt_FB_,DERIVED_EVIDENCE,
geb_TN_SC_SHADOW_ATTR,TN_SC_SHADOW_ATTR,GEB,fold_4,MULTIPLE_CONSISTENT,2,AICPS-PLCBEAD_PLCEmbed-c78a56f/PLC-BEAD/Source/GEB/Network_TN_SC_SHADOW_ATTR/TN_SC_SHADOW_ATTR.ST;AICPS-PLCBEAD_PLCEmbed-c78a56f/PLC-BEAD/Source/GEB/sample_project/oscat/Network/TN_SC_SHADOW_ATTR.ST,fc8e784d27433da821601e1e9ed948b201f8dfffd857bb9f3c18aa14dbd347a8;c4e1608d5e13d7113b55a30ca77697b709af5c02e95cc5dd925dd5db2e645126,,TN_SC_SHADOW_ATTR,instance0;program0,False,False,False,TN,explicit FUNCTION_BLOCK declaration in mapped Structured Text source,production: GEB-scoped dt_FB_; probe: ungated core_symbol_text contains dt_FB_,DERIVED_EVIDENCE,
geb_TN_SC_WRITE_ATTR,TN_SC_WRITE_ATTR,GEB,fold_5,MULTIPLE_CONSISTENT,2,AICPS-PLCBEAD_PLCEmbed-c78a56f/PLC-BEAD/Source/GEB/Network_TN_SC_WRITE_ATTR/TN_SC_WRITE_ATTR.ST;AICPS-PLCBEAD_PLCEmbed-c78a56f/PLC-BEAD/Source/GEB/sample_project/oscat/Network/TN_SC_WRITE_ATTR.ST,9201ef555a282f6eef500dd78a4d1d1bae25a02c7204998eb3660b5f3e078af1;c3d716c8c729a19f4d2b40b6ddbdebc99f8e608cb7998e464f97884504dd1c10,TN_SC_WRITE_ATTR_Block,TN_SC_XY_ERROR,instance0;program0,True,True,True,TP,explicit FUNCTION_BLOCK declaration in mapped Structured Text source,production: GEB-scoped dt_FB_; probe: ungated core_symbol_text contains dt_FB_,DERIVED_EVIDENCE,
geb_TN_SC_WRITE_CHAR,TN_SC_WRITE_CHAR,GEB,fold_6,MULTIPLE_CONSISTENT,2,AICPS-PLCBEAD_PLCEmbed-c78a56f/PLC-BEAD/Source/GEB/Network_TN_SC_WRITE_CHAR/TN_SC_WRITE_CHAR.ST;AICPS-PLCBEAD_PLCEmbed-c78a56f/PLC-BEAD/Source/GEB/sample_project/oscat/Network/TN_SC_WRITE_CHAR.ST,9687f44ebf1096365a74fd72e4671642a6f1fdf8db940453ba6f38a4498fbe0f;3e00af0fc465bf1f74cd070b79c44f05bb1655fd1c7cd6ab0c3fef15e9b97bdf,TN_SC_WRITE_CHAR_Block,TN_SC_XY_ERROR,instance0;program0,True,True,True,TP,explicit FUNCTION_BLOCK declaration in mapped Structured Text source,production: GEB-scoped dt_FB_; probe: ungated core_symbol_text contains dt_FB_,DERIVED_EVIDENCE,
geb_TN_SC_XY2_ERROR,TN_SC_XY2_ERROR,GEB,fold_8,MULTIPLE_CONSISTENT,2,AICPS-PLCBEAD_PLCEmbed-c78a56f/PLC-BEAD/Source/GEB/Network_TN_SC_XY2_ERROR/TN_SC_XY2_ERROR.ST;AICPS-PLCBEAD_PLCEmbed-c78a56f/PLC-BEAD/Source/GEB/sample_project/oscat/Network/TN_SC_XY2_ERROR.ST,638628f530b907591a9475fac6c42516c8e6786b10a64dc91be166e32822e6bc;29c4796446ddc104f40448d30fbab12f35ec8a9366bef6b3dc4d6005907c4ff8,,TN_SC_XY2_ERROR,instance0;program0,False,False,False,TN,explicit FUNCTION_BLOCK declaration in mapped Structured Text source,production: GEB-scoped dt_FB_; probe: ungated core_symbol_text contains dt_FB_,DERIVED_EVIDENCE,
geb_TN_SC_XY_ERROR,TN_SC_XY_ERROR,GEB,fold_7,MULTIPLE_CONSISTENT,2,AICPS-PLCBEAD_PLCEmbed-c78a56f/PLC-BEAD/Source/GEB/Network_TN_SC_XY_ERROR/TN_SC_XY_ERROR.ST;AICPS-PLCBEAD_PLCEmbed-c78a56f/PLC-BEAD/Source/GEB/sample_project/oscat/Network/TN_SC_XY_ERROR.ST,d24cadd18cd46824152b24e02f66644d1c6a52782a26699e66a15f09eff5ab54;07089adb103cabac39dcf05c0bc5efcdf6c6141a016b64224a5228c386a8a27d,,TN_SC_XY_ERROR,instance0;program0,False,False,False,TN,explicit FUNCTION_BLOCK declaration in mapped Structured Text source,production: GEB-scoped dt_FB_; probe: ungated core_symbol_text contains dt_FB_,DERIVED_EVIDENCE,
geb_TN_SEND_ROWS,TN_SEND_ROWS,GEB,fold_9,MULTIPLE_CONSISTENT,2,AICPS-PLCBEAD_PLCEmbed-c78a56f/PLC-BEAD/Source/GEB/Network_TN_SEND_ROWS/TN_SEND_ROWS.ST;AICPS-PLCBEAD_PLCEmbed-c78a56f/PLC-BEAD/Source/GEB/sample_project/oscat/Network/TN_SEND_ROWS.ST,8526d25194bb2a59e4ad48ce04f841c7fa6a6307a4e23a5a06dcdd8534074e07;591ea18782b7ff7e9841297970f08f6ab15dbb7faf5ed81f0ce550c12e26dafc,TN_SEND_ROWS_Block,INT_TO_BCDC,instance0;program0,True,True,True,TP,explicit FUNCTION_BLOCK declaration in mapped Structured Text source,production: GEB-scoped dt_FB_; probe: ungated core_symbol_text contains dt_FB_,DERIVED_EVIDENCE,
geb_TOD_TO_REAL,TOD_TO_REAL,GEB,fold_6,UNIQUE,1,AICPS-PLCBEAD_PLCEmbed-c78a56f/PLC-BEAD/Source/GEB/TOD_TO_REAL/TOD_TO_REAL.ST,c64ddd827cccf1e73cc92e5a91d4b1abbcaf64b031aa8bd8472f99a926c5851a,,TOD_TO_REAL2,program0,False,False,False,TN,explicit FUNCTION_BLOCK declaration in mapped Structured Text source,production: GEB-scoped dt_FB_; probe: ungated core_symbol_text contains dt_FB_,DERIVED_EVIDENCE,
geb_TOD_TO_STRING,TOD_TO_STRING,GEB,fold_8,UNIQUE,1,AICPS-PLCBEAD_PLCEmbed-c78a56f/PLC-BEAD/Source/GEB/TOD_TO_STRING/TOD_TO_STRING.ST,22d96b0ace6222f900863148cd4668cc2b25e560846043aa54344164674465fc,TOD_TO_STRING_Block,HOUR;MINUTE,program0,True,True,True,TP,explicit FUNCTION_BLOCK declaration in mapped Structured Text source,production: GEB-scoped dt_FB_; probe: ungated core_symbol_text contains dt_FB_,DERIVED_EVIDENCE,
geb_TOD_TO_TIME,TOD_TO_TIME,GEB,fold_9,UNIQUE,1,AICPS-PLCBEAD_PLCEmbed-c78a56f/PLC-BEAD/Source/GEB/TOD_TO_TIME/TOD_TO_TIME.ST,6a5b58f91d7bf501e7c4b10687b3b707aebb86925f72ab18ab7b4ac132d6a661,,TOD_TO_TIME2,program0,False,False,False,TN,explicit FUNCTION_BLOCK declaration in mapped Structured Text source,production: GEB-scoped dt_FB_; probe: ungated core_symbol_text contains dt_FB_,DERIVED_EVIDENCE,
geb_TOF_1,TOF_1,GEB,fold_9,UNIQUE,1,AICPS-PLCBEAD_PLCEmbed-c78a56f/PLC-BEAD/Source/GEB/TOF_1/TOF_1.ST,5c48a03a3d516abe0d7091065e477471877fa19f0b31afffed5bd2b89c9746f4,TOF_1;T_PLC_MS_block,UDINT_TO_TIME2,program0,True,True,True,TP,explicit FUNCTION_BLOCK declaration in mapped Structured Text source,production: GEB-scoped dt_FB_; probe: ungated core_symbol_text contains dt_FB_,DERIVED_EVIDENCE,
geb_TOGGLE,TOGGLE,GEB,fold_5,UNIQUE,1,AICPS-PLCBEAD_PLCEmbed-c78a56f/PLC-BEAD/Source/GEB/TOGGLE/TOGGLE.ST,3a3685ce47f68331761da2d8d67c777b1cdcfcb1c1416214c98c5788f6bbade8,TOGGLE,,program0,True,True,True,TP,explicit FUNCTION_BLOCK declaration in mapped Structured Text source,production: GEB-scoped dt_FB_; probe: ungated core_symbol_text contains dt_FB_,DERIVED_EVIDENCE,
geb_TONOF,TONOF,GEB,fold_0,UNIQUE,1,AICPS-PLCBEAD_PLCEmbed-c78a56f/PLC-BEAD/Source/GEB/TONOF/TONOF.ST,ef6f76f0a7515c2945aed6ccb01a05844e8e873075603f28f6e4d403296c97e7,TONOF,,program0,True,True,True,TP,explicit FUNCTION_BLOCK declaration in mapped Structured Text source,production: GEB-scoped dt_FB_; probe: ungated core_symbol_text contains dt_FB_,DERIVED_EVIDENCE,
geb_TO_LOWER,TO_LOWER,GEB,fold_5,UNIQUE,1,AICPS-PLCBEAD_PLCEmbed-c78a56f/PLC-BEAD/Source/GEB/TO_LOWER/TO_LOWER.ST,5320a3fccad76d4a990f91b6a2cd47e61764d9d4b63169a4fc2b2052617ce8e7,,SETUP_EXTENDED_ASCII;TO_LOWER,program0,False,False,False,TN,explicit FUNCTION_BLOCK declaration in mapped Structured Text source,production: GEB-scoped dt_FB_; probe: ungated core_symbol_text contains dt_FB_,DERIVED_EVIDENCE,
geb_TO_UML,TO_UML,GEB,fold_6,UNIQUE,1,AICPS-PLCBEAD_PLCEmbed-c78a56f/PLC-BEAD/Source/GEB/TO_UML/TO_UML.ST,2fb59629bf0f0e0ec5f776500d0183bf5a00c9703611358a9ea658753e31a6a6,TO_UML_Block,_BYTE_TO_INT,program0,True,True,True,TP,explicit FUNCTION_BLOCK declaration in mapped Structured Text source,production: GEB-scoped dt_FB_; probe: ungated core_symbol_text contains dt_FB_,DERIVED_EVIDENCE,
geb_TO_UPPER,TO_UPPER,GEB,fold_7,UNIQUE,1,AICPS-PLCBEAD_PLCEmbed-c78a56f/PLC-BEAD/Source/GEB/TO_UPPER/TO_UPPER.ST,ebfc59e511b79ffd1aa2e580fb21c109ad6c428c18fc31db6568e899a0ef7e91,,SETUP_EXTENDED_ASCII;TO_UPPER,program0,False,False,False,TN,explicit FUNCTION_BLOCK declaration in mapped Structured Text source,production: GEB-scoped dt_FB_; probe: ungated core_symbol_text contains dt_FB_,DERIVED_EVIDENCE,
geb_TP_1,TP_1,GEB,fold_1,UNIQUE,1,AICPS-PLCBEAD_PLCEmbed-c78a56f/PLC-BEAD/Source/GEB/TP_1/TP_1.ST,538e7c73c7b02bf8b90fd5f5b1298f0a05b93e772db0e40570f3a8a34a0801be,TP_1;T_PLC_MS_block,UDINT_TO_TIME2,program0,True,True,True,TP,explicit FUNCTION_BLOCK declaration in mapped Structured Text source,production: GEB-scoped dt_FB_; probe: ungated core_symbol_text contains dt_FB_,DERIVED_EVIDENCE,
geb_TP_1D,TP_1D,GEB,fold_2,UNIQUE,1,AICPS-PLCBEAD_PLCEmbed-c78a56f/PLC-BEAD/Source/GEB/TP_1D/TP_1D.ST,ef5946f40413a5297fd4acf1647714a674237492e41d684d938fe1f2c2d54079,TP_1D;T_PLC_MS_block,UDINT_TO_TIME2,program0,True,True,True,TP,explicit FUNCTION_BLOCK declaration in mapped Structured Text source,production: GEB-scoped dt_FB_; probe: ungated core_symbol_text contains dt_FB_,DERIVED_EVIDENCE,
geb_TP_X,TP_X,GEB,fold_3,UNIQUE,1,AICPS-PLCBEAD_PLCEmbed-c78a56f/PLC-BEAD/Source/GEB/TP_X/TP_X.ST,4e476bea88f1bd1b43c172a772770c37c9ccf1a3c011272e5751b055e8252637,TP_X;T_PLC_MS_block,UDINT_TO_TIME2,program0,True,True,True,TP,explicit FUNCTION_BLOCK declaration in mapped Structured Text source,production: GEB-scoped dt_FB_; probe: ungated core_symbol_text contains dt_FB_,DERIVED_EVIDENCE,
geb_TREND,TREND,GEB,fold_9,UNIQUE,1,AICPS-PLCBEAD_PLCEmbed-c78a56f/PLC-BEAD/Source/GEB/TREND/TREND.ST,13ff61a673b6afbb389a455a2ebb2d21aeb8a01cf1764c5e4cf287cfd7756459,TREND,,program0,True,True,True,TP,explicit FUNCTION_BLOCK declaration in mapped Structured Text source,production: GEB-scoped dt_FB_; probe: ungated core_symbol_text contains dt_FB_,DERIVED_EVIDENCE,
geb_TREND_DW,TREND_DW,GEB,fold_0,UNIQUE,1,AICPS-PLCBEAD_PLCEmbed-c78a56f/PLC-BEAD/Source/GEB/TREND_DW/TREND_DW.ST,6d812092c3b4b7cdf779103c301db9cf7aa5dc5bbdcd54c18c3cbe89401c0f21,TREND_DW,,program0,True,True,True,TP,explicit FUNCTION_BLOCK declaration in mapped Structured Text source,production: GEB-scoped dt_FB_; probe: ungated core_symbol_text contains dt_FB_,DERIVED_EVIDENCE,
geb_TRIANGLE_A,TRIANGLE_A,GEB,fold_8,UNIQUE,1,AICPS-PLCBEAD_PLCEmbed-c78a56f/PLC-BEAD/Source/GEB/TRIANGLE_A/TRIANGLE_A.ST,93d75e215c4dc3fd1554cb7581b162601da7627327087719e1387b90f08b02b6,,FLOOR2;MODR;RAD;TRIANGLE_A;_REAL_TO_DINT,program0,False,False,False,TN,explicit FUNCTION_BLOCK declaration in mapped Structured Text source,production: GEB-scoped dt_FB_; probe: ungated core_symbol_text contains dt_FB_,DERIVED_EVIDENCE,
geb_TRIM,TRIM,GEB,fold_9,UNIQUE,1,AICPS-PLCBEAD_PLCEmbed-c78a56f/PLC-BEAD/Source/GEB/TRIM/TRIM.ST,3386e17b6cec8ee12b60980510318e0c3d71d75f20101d5f638be341ec30603d,TRIM,,program0,True,True,True,TP,explicit FUNCTION_BLOCK declaration in mapped Structured Text source,production: GEB-scoped dt_FB_; probe: ungated core_symbol_text contains dt_FB_,DERIVED_EVIDENCE,
geb_TRIM1,TRIM1,GEB,fold_0,UNIQUE,1,AICPS-PLCBEAD_PLCEmbed-c78a56f/PLC-BEAD/Source/GEB/TRIM1/TRIM1.ST,f5d791f52e34d46810a28d2f1469eee52a8c60ff45d5579c04c192cb4e2f742f,TRIM1,,program0,True,True,True,TP,explicit FUNCTION_BLOCK declaration in mapped Structured Text source,production: GEB-scoped dt_FB_; probe: ungated core_symbol_text contains dt_FB_,DERIVED_EVIDENCE,
geb_TRUNC_REAL,TRUNC_REAL,GEB,fold_4,UNIQUE,1,AICPS-PLCBEAD_PLCEmbed-c78a56f/PLC-BEAD/Source/GEB/TRUNC_REAL/TRUNC_REAL.ST,6f587d67dcf17aa3d30bbe8af28961a84ecd573a5915f98506a2d977b452878e,,TRUNC_REAL,program0,False,False,False,TN,explicit FUNCTION_BLOCK declaration in mapped Structured Text source,production: GEB-scoped dt_FB_; probe: ungated core_symbol_text contains dt_FB_,DERIVED_EVIDENCE,
geb_TRUNC_UDINT,TRUNC_UDINT,GEB,fold_5,UNIQUE,1,AICPS-PLCBEAD_PLCEmbed-c78a56f/PLC-BEAD/Source/GEB/TRUNC_UDINT/TRUNC_UDINT.ST,a8ac3b68e8e09aa6750ff5da000895a35a5e842d063fab1417c7aab9a4a23aa9,,TRUNC_UDINT,program0,False,False,False,TN,explicit FUNCTION_BLOCK declaration in mapped Structured Text source,production: GEB-scoped dt_FB_; probe: ungated core_symbol_text contains dt_FB_,DERIVED_EVIDENCE,
geb_TUNE,TUNE,GEB,fold_8,UNIQUE,1,AICPS-PLCBEAD_PLCEmbed-c78a56f/PLC-BEAD/Source/GEB/TUNE/TUNE.ST,536f034fa55cb9797f18a853aef46d4512a8b1b556f29a7e76a6285f6aa50ad3,TUNE_Block;T_PLC_MS_block,TIME_TO_UDINT2,program0,True,True,True,TP,explicit FUNCTION_BLOCK declaration in mapped Structured Text source,production: GEB-scoped dt_FB_; probe: ungated core_symbol_text contains dt_FB_,DERIVED_EVIDENCE,
geb_TUNE2,TUNE2,GEB,fold_9,UNIQUE,1,AICPS-PLCBEAD_PLCEmbed-c78a56f/PLC-BEAD/Source/GEB/TUNE2/TUNE2.ST,bb2dd9af37b5a2e6398943d31796055b319cc1b4b7eedfce134dea717177abf7,TUNE2_Block;T_PLC_MS_block,TIME_TO_UDINT2,program0,True,True,True,TP,explicit FUNCTION_BLOCK declaration in mapped Structured Text source,production: GEB-scoped dt_FB_; probe: ungated core_symbol_text contains dt_FB_,DERIVED_EVIDENCE,
geb_T_PLC_MS,T_PLC_MS,GEB,fold_4,UNIQUE,1,AICPS-PLCBEAD_PLCEmbed-c78a56f/PLC-BEAD/Source/GEB/T_PLC_MS/T_PLC_MS.ST,1296b6104de5bb53fb31a72ec79d7ca7f3de2a7fee9f3e29902e61f67480ae3b,T_PLC_MS_block,,program0,True,True,True,TP,explicit FUNCTION_BLOCK declaration in mapped Structured Text source,production: GEB-scoped dt_FB_; probe: ungated core_symbol_text contains dt_FB_,DERIVED_EVIDENCE,
geb_T_PLC_US,T_PLC_US,GEB,fold_5,UNIQUE,1,AICPS-PLCBEAD_PLCEmbed-c78a56f/PLC-BEAD/Source/GEB/T_PLC_US/T_PLC_US.ST,9c9ddd6378e54626f70058fd9f4f44c1f325d2f123236141bfaa352d3440a702,T_PLC_US_Block,,program0,True,True,True,TP,explicit FUNCTION_BLOCK declaration in mapped Structured Text source,production: GEB-scoped dt_FB_; probe: ungated core_symbol_text contains dt_FB_,DERIVED_EVIDENCE,
geb_UDINT_TO_TIME,UDINT_TO_TIME,GEB,fold_0,UNIQUE,1,AICPS-PLCBEAD_PLCEmbed-c78a56f/PLC-BEAD/Source/GEB/UDINT_TO_TIME/UDINT_TO_TIME.ST,4df374f0f601bb6798eacf457495cbc141124a7fbb2154ea9b27f289fc85b0f5,,_UDINT_TO_TIME,program0,False,False,False,TN,explicit FUNCTION_BLOCK declaration in mapped Structured Text source,production: GEB-scoped dt_FB_; probe: ungated core_symbol_text contains dt_FB_,DERIVED_EVIDENCE,
geb_URL_TO_STRING,URL_TO_STRING,GEB,fold_9,MULTIPLE_CONSISTENT,2,AICPS-PLCBEAD_PLCEmbed-c78a56f/PLC-BEAD/Source/GEB/Network_URL_TO_STRING/URL_TO_STRING.ST;AICPS-PLCBEAD_PLCEmbed-c78a56f/PLC-BEAD/Source/GEB/sample_project/oscat/Network/URL_TO_STRING.ST,bad7b7092f88e2ebd516c7e813aa6deb7fb83f90aede3f28516b05c24c9cb678;4cf3acc005b3bb9702f5ad0894ddd15a2676043544735a5997435d628b8726ad,URL_TO_STRING_Block,,instance0;program0,True,True,True,TP,explicit FUNCTION_BLOCK declaration in mapped Structured Text source,production: GEB-scoped dt_FB_; probe: ungated core_symbol_text contains dt_FB_,DERIVED_EVIDENCE,
geb_UTC_TO_LTIME,UTC_TO_LTIME,GEB,fold_1,UNIQUE,1,AICPS-PLCBEAD_PLCEmbed-c78a56f/PLC-BEAD/Source/GEB/UTC_TO_LTIME/UTC_TO_LTIME.ST,d0a44bde93766e9c1236249e841f1d315162da67191537f32a9021f654262de9,,DST;DT_TO_DATE2;SET_DATE;SET_DT;UTC_TO_LTIME;YEAR_OF_DATE;_INT_TO_UDINT,program0,False,False,False,TN,explicit FUNCTION_BLOCK declaration in mapped Structured Text source,production: GEB-scoped dt_FB_; probe: ungated core_symbol_text contains dt_FB_,DERIVED_EVIDENCE,
geb_V3_ABS,V3_ABS,GEB,fold_0,UNIQUE,1,AICPS-PLCBEAD_PLCEmbed-c78a56f/PLC-BEAD/Source/GEB/V3_ABS/V3_ABS.ST,09437e0dfe843028740a987c308b247c50f429d81a5581093e02c03d39870dbc,V3_ABS_Block,,program0,True,True,True,TP,explicit FUNCTION_BLOCK declaration in mapped Structured Text source,production: GEB-scoped dt_FB_; probe: ungated core_symbol_text contains dt_FB_,DERIVED_EVIDENCE,
geb_V3_ADD,V3_ADD,GEB,fold_1,UNIQUE,1,AICPS-PLCBEAD_PLCEmbed-c78a56f/PLC-BEAD/Source/GEB/V3_ADD/V3_ADD.ST,69d70822e1ac6374b19ad9e00bd185bfae0675f18aabc2d7828f3efbc02388a0,V3_ADD_Block,,program0,True,True,True,TP,explicit FUNCTION_BLOCK declaration in mapped Structured Text source,production: GEB-scoped dt_FB_; probe: ungated core_symbol_text contains dt_FB_,DERIVED_EVIDENCE,
geb_V3_ANG,V3_ANG,GEB,fold_2,UNIQUE,1,AICPS-PLCBEAD_PLCEmbed-c78a56f/PLC-BEAD/Source/GEB/V3_ANG/V3_ANG.ST,8db9424d5bb308173b83a404ac3375ba42ad9b6bc4b9a297d2b5b9d2482f15ef,V3_ABS_Block;V3_ANG_Block;V3_DPRO_Block,,program0,True,True,True,TP,explicit FUNCTION_BLOCK declaration in mapped Structured Text source,production: GEB-scoped dt_FB_; probe: ungated core_symbol_text contains dt_FB_,DERIVED_EVIDENCE,
geb_V3_DPRO,V3_DPRO,GEB,fold_3,UNIQUE,1,AICPS-PLCBEAD_PLCEmbed-c78a56f/PLC-BEAD/Source/GEB/V3_DPRO/V3_DPRO.ST,beb4a8a12e8bce877f7026b78982882760b39c4541fce73ab6121ce090fdb49f,V3_DPRO_Block,,program0,True,True,True,TP,explicit FUNCTION_BLOCK declaration in mapped Structured Text source,production: GEB-scoped dt_FB_; probe: ungated core_symbol_text contains dt_FB_,DERIVED_EVIDENCE,
geb_V3_NORM,V3_NORM,GEB,fold_4,UNIQUE,1,AICPS-PLCBEAD_PLCEmbed-c78a56f/PLC-BEAD/Source/GEB/V3_NORM/V3_NORM.ST,f33199683a7c2af919a39c3a401c4fd449691e2e03fd08a812aaf27e455ed240,V3_ABS_Block;V3_NORM_Block;V3_SMUL_Block,,program0,True,True,True,TP,explicit FUNCTION_BLOCK declaration in mapped Structured Text source,production: GEB-scoped dt_FB_; probe: ungated core_symbol_text contains dt_FB_,DERIVED_EVIDENCE,
geb_V3_NUL,V3_NUL,GEB,fold_5,UNIQUE,1,AICPS-PLCBEAD_PLCEmbed-c78a56f/PLC-BEAD/Source/GEB/V3_NUL/V3_NUL.ST,54b713efb272f546ef65ed7d45568bfc539c6f95caecd973cc3141d06beef217,V3_NUL_Block,,program0,True,True,True,TP,explicit FUNCTION_BLOCK declaration in mapped Structured Text source,production: GEB-scoped dt_FB_; probe: ungated core_symbol_text contains dt_FB_,DERIVED_EVIDENCE,
geb_V3_PAR,V3_PAR,GEB,fold_6,UNIQUE,1,AICPS-PLCBEAD_PLCEmbed-c78a56f/PLC-BEAD/Source/GEB/V3_PAR/V3_PAR.ST,1ae7d9557f58489a37820b21c15d926c3555f63599fc3a3e5c26d9de8d6be000,V3_ABS_Block;V3_PAR_Block;V3_XPRO_Block,,program0,True,True,True,TP,explicit FUNCTION_BLOCK declaration in mapped Structured Text source,production: GEB-scoped dt_FB_; probe: ungated core_symbol_text contains dt_FB_,DERIVED_EVIDENCE,
geb_V3_REV,V3_REV,GEB,fold_7,UNIQUE,1,AICPS-PLCBEAD_PLCEmbed-c78a56f/PLC-BEAD/Source/GEB/V3_REV/V3_REV.ST,d3e9887e0df05b9623706c7856569bb81a857d058203f8586dd32ccbe34032f1,V3_REV_Block,,program0,True,True,True,TP,explicit FUNCTION_BLOCK declaration in mapped Structured Text source,production: GEB-scoped dt_FB_; probe: ungated core_symbol_text contains dt_FB_,DERIVED_EVIDENCE,
geb_V3_SMUL,V3_SMUL,GEB,fold_8,UNIQUE,1,AICPS-PLCBEAD_PLCEmbed-c78a56f/PLC-BEAD/Source/GEB/V3_SMUL/V3_SMUL.ST,337d92cc38ccff86610caca073566fbfed9041aa032b5098fd9c4b8f117a3fba,V3_SMUL_Block,,program0,True,True,True,TP,explicit FUNCTION_BLOCK declaration in mapped Structured Text source,production: GEB-scoped dt_FB_; probe: ungated core_symbol_text contains dt_FB_,DERIVED_EVIDENCE,
geb_V3_SUB,V3_SUB,GEB,fold_9,UNIQUE,1,AICPS-PLCBEAD_PLCEmbed-c78a56f/PLC-BEAD/Source/GEB/V3_SUB/V3_SUB.ST,acf1ae7bb04c5c0eaa989c56edadfdfa93276a71c6b7c358aae4d6e065413970,V3_SUB_Block,,program0,True,True,True,TP,explicit FUNCTION_BLOCK declaration in mapped Structured Text source,production: GEB-scoped dt_FB_; probe: ungated core_symbol_text contains dt_FB_,DERIVED_EVIDENCE,
geb_V3_XANG,V3_XANG,GEB,fold_0,UNIQUE,1,AICPS-PLCBEAD_PLCEmbed-c78a56f/PLC-BEAD/Source/GEB/V3_XANG/V3_XANG.ST,dbbcff6a1abd82cfb77961c41543cc5f97017ee5f89636531d28170b182ab8f0,V3_ABS_Block;V3_XANG_Block,,program0,True,True,True,TP,explicit FUNCTION_BLOCK declaration in mapped Structured Text source,production: GEB-scoped dt_FB_; probe: ungated core_symbol_text contains dt_FB_,DERIVED_EVIDENCE,
geb_V3_XPRO,V3_XPRO,GEB,fold_1,UNIQUE,1,AICPS-PLCBEAD_PLCEmbed-c78a56f/PLC-BEAD/Source/GEB/V3_XPRO/V3_XPRO.ST,03552b5d3129465d7424838fe79ec4fbf81a72f33671c5109141cd6a331cb955,V3_XPRO_Block,,program0,True,True,True,TP,explicit FUNCTION_BLOCK declaration in mapped Structured Text source,production: GEB-scoped dt_FB_; probe: ungated core_symbol_text contains dt_FB_,DERIVED_EVIDENCE,
geb_V3_YANG,V3_YANG,GEB,fold_2,UNIQUE,1,AICPS-PLCBEAD_PLCEmbed-c78a56f/PLC-BEAD/Source/GEB/V3_YANG/V3_YANG.ST,6c539668aadcf68ec985e9bbdf4e2195d546ba4e3ce8cabbf7bc78e49138e8c1,V3_ABS_Block;V3_YANG_Block,,program0,True,True,True,TP,explicit FUNCTION_BLOCK declaration in mapped Structured Text source,production: GEB-scoped dt_FB_; probe: ungated core_symbol_text contains dt_FB_,DERIVED_EVIDENCE,
geb_V3_ZANG,V3_ZANG,GEB,fold_3,UNIQUE,1,AICPS-PLCBEAD_PLCEmbed-c78a56f/PLC-BEAD/Source/GEB/V3_ZANG/V3_ZANG.ST,a162392189054021f5687e1cacf80d1d2cef1b9aa6c8c29e8a6dd6c70bbf1092,V3_ABS_Block;V3_ZANG_Block,,program0,True,True,True,TP,explicit FUNCTION_BLOCK declaration in mapped Structured Text source,production: GEB-scoped dt_FB_; probe: ungated core_symbol_text contains dt_FB_,DERIVED_EVIDENCE,
geb_WATER_CP,WATER_CP,GEB,fold_5,UNIQUE,1,AICPS-PLCBEAD_PLCEmbed-c78a56f/PLC-BEAD/Source/GEB/building_WATER_CP/WATER_CP.ST,1d19342edc09ed01e1c101147908f2b817dc1ae77b944bec722e4eac0560187e,LINEAR_INT_Block;WATER_CP_Block,,program0,True,True,True,TP,explicit FUNCTION_BLOCK declaration in mapped Structured Text source,production: GEB-scoped dt_FB_; probe: ungated core_symbol_text contains dt_FB_,DERIVED_EVIDENCE,
geb_WATER_DENSITY,WATER_DENSITY,GEB,fold_6,UNIQUE,1,AICPS-PLCBEAD_PLCEmbed-c78a56f/PLC-BEAD/Source/GEB/building_WATER_DENSITY/WATER_DENSITY.ST,4ec435a8617003b0f90b5e07e9f5f5fae879717252f1f8449b149cd62d30cce7,,WATER_DENSITY,program0,False,False,False,TN,explicit FUNCTION_BLOCK declaration in mapped Structured Text source,production: GEB-scoped dt_FB_; probe: ungated core_symbol_text contains dt_FB_,DERIVED_EVIDENCE,
geb_WATER_ENTHALPY,WATER_ENTHALPY,GEB,fold_7,UNIQUE,1,AICPS-PLCBEAD_PLCEmbed-c78a56f/PLC-BEAD/Source/GEB/building_WATER_ENTHALPY/WATER_ENTHALPY.ST,c07a77d1414c36ec9ad821a2eb9a0bc0eb1bea4b037adceaa12956e79c018605,LINEAR_INT_Block;WATER_ENTHALPY_Block,,program0,True,True,True,TP,explicit FUNCTION_BLOCK declaration in mapped Structured Text source,production: GEB-scoped dt_FB_; probe: ungated core_symbol_text contains dt_FB_,DERIVED_EVIDENCE,
geb_WCT,WCT,GEB,fold_8,UNIQUE,1,AICPS-PLCBEAD_PLCEmbed-c78a56f/PLC-BEAD/Source/GEB/building_WCT/WCT.ST,f75839be6bdfd0879f0f2e47534e9137bd660df80b77f53d715d29cec2231ccf,,WCT,program0,False,False,False,TN,explicit FUNCTION_BLOCK declaration in mapped Structured Text source,production: GEB-scoped dt_FB_; probe: ungated core_symbol_text contains dt_FB_,DERIVED_EVIDENCE,
geb_WEEKDAY_TO_STRING,WEEKDAY_TO_STRING,GEB,fold_1,UNIQUE,1,AICPS-PLCBEAD_PLCEmbed-c78a56f/PLC-BEAD/Source/GEB/WEEKDAY_TO_STRING/WEEKDAY_TO_STRING.ST,6bd3033924210788aae5f6a0cec10974dc9ac2c9953e4f9f94e4feccae36b93b,SETUP_HOLIDAY_FR_Block;SETUP_LANGUAGE_Block;SETUP_WEEKDAYS2_Block;SETUP_WEEKDAYS_Block;WEEKDAY_TO_STRING_Block,,program0,True,True,True,TP,explicit FUNCTION_BLOCK declaration in mapped Structured Text source,production: GEB-scoped dt_FB_; probe: ungated core_symbol_text contains dt_FB_,DERIVED_EVIDENCE,
geb_WINDOW,WINDOW,GEB,fold_6,UNIQUE,1,AICPS-PLCBEAD_PLCEmbed-c78a56f/PLC-BEAD/Source/GEB/WINDOW/WINDOW.ST,ba6b76193431a8e9d0703c2c0c1c13a12a3234d64c600d9d413ae091ecbec302,,WINDOW,program0,False,False,False,TN,explicit FUNCTION_BLOCK declaration in mapped Structured Text source,production: GEB-scoped dt_FB_; probe: ungated core_symbol_text contains dt_FB_,DERIVED_EVIDENCE,
geb_WINDOW2,WINDOW2,GEB,fold_7,UNIQUE,1,AICPS-PLCBEAD_PLCEmbed-c78a56f/PLC-BEAD/Source/GEB/WINDOW2/WINDOW2.ST,4770b4a8960005851056ede6e1cc57a7f5de89eaedaec25707a5c4699321c5b6,,WINDOW2,program0,False,False,False,TN,explicit FUNCTION_BLOCK declaration in mapped Structured Text source,production: GEB-scoped dt_FB_; probe: ungated core_symbol_text contains dt_FB_,DERIVED_EVIDENCE,
geb_WORD_OF_BYTE,WORD_OF_BYTE,GEB,fold_7,UNIQUE,1,AICPS-PLCBEAD_PLCEmbed-c78a56f/PLC-BEAD/Source/GEB/WORD_OF_BYTE/WORD_OF_BYTE.ST,b3942295e25ca0a81c2028bdb5500a00977b94c079774e97ba7bc5a13b486e0e,,WORD_OF_BYTE,program0,False,False,False,TN,explicit FUNCTION_BLOCK declaration in mapped Structured Text source,production: GEB-scoped dt_FB_; probe: ungated core_symbol_text contains dt_FB_,DERIVED_EVIDENCE,
geb_WORD_OF_DWORD,WORD_OF_DWORD,GEB,fold_8,UNIQUE,1,AICPS-PLCBEAD_PLCEmbed-c78a56f/PLC-BEAD/Source/GEB/WORD_OF_DWORD/WORD_OF_DWORD.ST,f2628e098b58ab8441e9ab4f221ec8c3745873280f862bfa97deeafeaeb96ead,,WORD_OF_DWORD;_BYTE_TO_INT,program0,False,False,False,TN,explicit FUNCTION_BLOCK declaration in mapped Structured Text source,production: GEB-scoped dt_FB_; probe: ungated core_symbol_text contains dt_FB_,DERIVED_EVIDENCE,
geb_WORD_TO_RANGE,WORD_TO_RANGE,GEB,fold_1,UNIQUE,1,AICPS-PLCBEAD_PLCEmbed-c78a56f/PLC-BEAD/Source/GEB/WORD_TO_RANGE/WORD_TO_RANGE.ST,40b9709e23143265b0a11bbc0004126e42ab994444142999ac2c5807052a6b28,,WORD_TO_RANGE;_WORD_TO_REAL,program0,False,False,False,TN,explicit FUNCTION_BLOCK declaration in mapped Structured Text source,production: GEB-scoped dt_FB_; probe: ungated core_symbol_text contains dt_FB_,DERIVED_EVIDENCE,
geb_WORK_WEEK,WORK_WEEK,GEB,fold_2,UNIQUE,1,AICPS-PLCBEAD_PLCEmbed-c78a56f/PLC-BEAD/Source/GEB/WORK_WEEK/WORK_WEEK.ST,0430df339900e43788e83ffa38cea5cf070b2e94898fa4e1adb7c29e90ae2137,,DAY_OF_WEEK;LEAP_YEAR;WORK_WEEK;YEAR_BEGIN;YEAR_OF_DATE;_INT_TO_UDINT,program0,False,False,False,TN,explicit FUNCTION_BLOCK declaration in mapped Structured Text source,production: GEB-scoped dt_FB_; probe: ungated core_symbol_text contains dt_FB_,DERIVED_EVIDENCE,
geb_WORLD_WEATHER_DESC_GE,WORLD_WEATHER_DESC_GE,GEB,fold_0,MULTIPLE_CONSISTENT,2,AICPS-PLCBEAD_PLCEmbed-c78a56f/PLC-BEAD/Source/GEB/Network_WORLD_WEATHER_DESC_GE/WORLD_WEATHER_DESC_GE.ST;AICPS-PLCBEAD_PLCEmbed-c78a56f/PLC-BEAD/Source/GEB/sample_project/oscat/Network/WORLD_WEATHER_DESC_GE.ST,6e79d3268362d6d1846adeba4016637e3dd1a910ec70e286c1f835fd556dc8cf;c250005f8e8b898fd0b98fac8d4a91d47b62984c56c81d901d591233e8a4b6fc,WORLD_WEATHER_DESC_GE_Block,,instance0;program0,True,True,True,TP,explicit FUNCTION_BLOCK declaration in mapped Structured Text source,production: GEB-scoped dt_FB_; probe: ungated core_symbol_text contains dt_FB_,DERIVED_EVIDENCE,
geb_WORLD_WEATHER_ICON_OSCAT,WORLD_WEATHER_ICON_OSCAT,GEB,fold_1,MULTIPLE_CONSISTENT,2,AICPS-PLCBEAD_PLCEmbed-c78a56f/PLC-BEAD/Source/GEB/Network_WORLD_WEATHER_ICON_OSCAT/WORLD_WEATHER_ICON_OSCAT.ST;AICPS-PLCBEAD_PLCEmbed-c78a56f/PLC-BEAD/Source/GEB/sample_project/oscat/Network/WORLD_WEATHER_ICON_OSCAT.ST,9c98d409e0dd6a329841b765c1c40ee002fb1183fd9100fc497b7a14011ff335;2e92ff7b36ca08d62fd8705b93b805777dfc1df235d777da16771f64f803231c,WORLD_WEATHER_ICON_OSCAT_Block,,instance0;program0,True,True,True,TP,explicit FUNCTION_BLOCK declaration in mapped Structured Text source,production: GEB-scoped dt_FB_; probe: ungated core_symbol_text contains dt_FB_,DERIVED_EVIDENCE,
geb_YAHOO_WEATHER_DESC_GE,YAHOO_WEATHER_DESC_GE,GEB,fold_2,MULTIPLE_CONSISTENT,2,AICPS-PLCBEAD_PLCEmbed-c78a56f/PLC-BEAD/Source/GEB/Network_YAHOO_WEATHER_DESC_GE/YAHOO_WEATHER_DESC_GE.ST;AICPS-PLCBEAD_PLCEmbed-c78a56f/PLC-BEAD/Source/GEB/sample_project/oscat/Network/YAHOO_WEATHER_DESC_GE.ST,05802005209314a96db94c69a3b47efe32fe03f0cf7ac4e9a18381a0122bfb3a;ca4e43566d308532197d82568706704918bfdda5c070f8e24502e9252db50483,YAHOO_WEATHER_DESC_GE_Block,,instance0;program0,True,True,True,TP,explicit FUNCTION_BLOCK declaration in mapped Structured Text source,production: GEB-scoped dt_FB_; probe: ungated core_symbol_text contains dt_FB_,DERIVED_EVIDENCE,
geb_YAHOO_WEATHER_ICON_OSCAT,YAHOO_WEATHER_ICON_OSCAT,GEB,fold_3,MULTIPLE_CONSISTENT,2,AICPS-PLCBEAD_PLCEmbed-c78a56f/PLC-BEAD/Source/GEB/Network_YAHOO_WEATHER_ICON_OSCAT/YAHOO_WEATHER_ICON_OSCAT.ST;AICPS-PLCBEAD_PLCEmbed-c78a56f/PLC-BEAD/Source/GEB/sample_project/oscat/Network/YAHOO_WEATHER_ICON_OSCAT.ST,ba1f7b84d8228ab4e3dc6162d2d42aaa3fda9ec13e76c9636eca154cc15347ed;573a787371cb0469a1414ac4821d95bbab9aa5b78364ca1320284ee988adbd5c,YAHOO_WEATHER_ICON_OSCAT_Block,,instance0;program0,True,True,True,TP,explicit FUNCTION_BLOCK declaration in mapped Structured Text source,production: GEB-scoped dt_FB_; probe: ungated core_symbol_text contains dt_FB_,DERIVED_EVIDENCE,
geb_YEAR_BEGIN,YEAR_BEGIN,GEB,fold_3,UNIQUE,1,AICPS-PLCBEAD_PLCEmbed-c78a56f/PLC-BEAD/Source/GEB/YEAR_BEGIN/YEAR_BEGIN.ST,1c167305ed761e0b751628de0160d98a2263dbc68043aec80d9dc0f1863c03e2,,YEAR_BEGIN;_INT_TO_UDINT,program0,False,False,False,TN,explicit FUNCTION_BLOCK declaration in mapped Structured Text source,production: GEB-scoped dt_FB_; probe: ungated core_symbol_text contains dt_FB_,DERIVED_EVIDENCE,
geb_YEAR_END,YEAR_END,GEB,fold_4,UNIQUE,1,AICPS-PLCBEAD_PLCEmbed-c78a56f/PLC-BEAD/Source/GEB/YEAR_END/YEAR_END.ST,5bdb73a3cd679c8cb7753951bdc34f9c51648cef9ee944018e8e2f3bb4c506fc,,YEAR_END,program0,False,False,False,TN,explicit FUNCTION_BLOCK declaration in mapped Structured Text source,production: GEB-scoped dt_FB_; probe: ungated core_symbol_text contains dt_FB_,DERIVED_EVIDENCE,
geb_YEAR_OF_DATE,YEAR_OF_DATE,GEB,fold_5,UNIQUE,1,AICPS-PLCBEAD_PLCEmbed-c78a56f/PLC-BEAD/Source/GEB/YEAR_OF_DATE/YEAR_OF_DATE.ST,8d24285aecaa848e3a9c8a93ab63d6466ca59896c97565ddeb6764fba04b9ef7,,YEAR_OF_DATE,program0,False,False,False,TN,explicit FUNCTION_BLOCK declaration in mapped Structured Text source,production: GEB-scoped dt_FB_; probe: ungated core_symbol_text contains dt_FB_,DERIVED_EVIDENCE,
geb__ARRAY_ABS,_ARRAY_ABS,GEB,fold_0,UNIQUE,1,AICPS-PLCBEAD_PLCEmbed-c78a56f/PLC-BEAD/Source/GEB/_ARRAY_ABS/_ARRAY_ABS.ST,9df6793d48732cd7496c503c67c8544900ed31484c103aa1c4cadc1bfdb838dc,,_ARRAY_ABS,program0,False,False,False,TN,explicit FUNCTION_BLOCK declaration in mapped Structured Text source,production: GEB-scoped dt_FB_; probe: ungated core_symbol_text contains dt_FB_,DERIVED_EVIDENCE,
geb__ARRAY_ADD,_ARRAY_ADD,GEB,fold_1,UNIQUE,1,AICPS-PLCBEAD_PLCEmbed-c78a56f/PLC-BEAD/Source/GEB/_ARRAY_ADD/_ARRAY_ADD.ST,e7b3408ae95912d5ca394d5285ecc4e5e17187c41e36b240d88bec95dd74f34c,,_ARRAY_ADD,program0,False,False,False,TN,explicit FUNCTION_BLOCK declaration in mapped Structured Text source,production: GEB-scoped dt_FB_; probe: ungated core_symbol_text contains dt_FB_,DERIVED_EVIDENCE,
geb__ARRAY_INIT,_ARRAY_INIT,GEB,fold_2,UNIQUE,1,AICPS-PLCBEAD_PLCEmbed-c78a56f/PLC-BEAD/Source/GEB/_ARRAY_INIT/_ARRAY_INIT.ST,2b9548d4bb80d5d0211e9d35b6b576150cc88e2d659d9dfdb851fe95a71d01f5,_ARRAY_INIT_Block,,program0,True,True,True,TP,explicit FUNCTION_BLOCK declaration in mapped Structured Text source,production: GEB-scoped dt_FB_; probe: ungated core_symbol_text contains dt_FB_,DERIVED_EVIDENCE,
geb__ARRAY_MUL,_ARRAY_MUL,GEB,fold_3,UNIQUE,1,AICPS-PLCBEAD_PLCEmbed-c78a56f/PLC-BEAD/Source/GEB/_ARRAY_MUL/_ARRAY_MUL.ST,fcc89e2a9574ccf66ed831a8c4c2d7fcb93949040312d80361a34bab21862f5b,ARRAY_MUL2,,program0,True,True,True,TP,explicit FUNCTION_BLOCK declaration in mapped Structured Text source,production: GEB-scoped dt_FB_; probe: ungated core_symbol_text contains dt_FB_,DERIVED_EVIDENCE,
geb__ARRAY_SHUFFLE,_ARRAY_SHUFFLE,GEB,fold_4,UNIQUE,1,AICPS-PLCBEAD_PLCEmbed-c78a56f/PLC-BEAD/Source/GEB/_ARRAY_SHUFFLE/_ARRAY_SHUFFLE.ST,5c3c85f713c958f66fa50703becd6ad46678d0001760181220bda2a194cbda3c,ARRAY_SHUFFLE2;RDM22;RDM_Block;T_PLC_MS_block,BIT_COUNT;BIT_LOAD_DW;BIT_OF_DWORD;D_TRUNC;FRACT;_DWORD_TO_REAL;_INT_TO_UDINT,program0,True,True,True,TP,explicit FUNCTION_BLOCK declaration in mapped Structured Text source,production: GEB-scoped dt_FB_; probe: ungated core_symbol_text contains dt_FB_,DERIVED_EVIDENCE,
geb__ARRAY_SORT,_ARRAY_SORT,GEB,fold_5,UNIQUE,1,AICPS-PLCBEAD_PLCEmbed-c78a56f/PLC-BEAD/Source/GEB/_ARRAY_SORT/_ARRAY_SORT.ST,c177ad7d2c8318f4812f76a3d4d3ed8e0f6898aa069476eebdb8f64375c1ac5c,ARRAY_SORT2,_INT_TO_UDINT,program0,True,True,True,TP,explicit FUNCTION_BLOCK declaration in mapped Structured Text source,production: GEB-scoped dt_FB_; probe: ungated core_symbol_text contains dt_FB_,DERIVED_EVIDENCE,
geb__BUFFER_UPPERCASE_NW,_BUFFER_UPPERCASE_NW,GEB,fold_6,MULTIPLE_CONSISTENT,2,AICPS-PLCBEAD_PLCEmbed-c78a56f/PLC-BEAD/Source/GEB/Network__BUFFER_UPPERCASE_NW/_BUFFER_UPPERCASE_NW.ST;AICPS-PLCBEAD_PLCEmbed-c78a56f/PLC-BEAD/Source/GEB/sample_project/oscat/Network/_BUFFER_UPPERCASE_NW.ST,76f0ba8f10a54076cd419e3d9f49e70816df437bdf6ca273ef92265878321d05;14b104accc43c6480c428346c1a5f68839d01c72e1847bd9725801f24576a97b,_BUFFER_UPPERCASE_NW,SETUP_EXTENDED_ASCII;TO_UPPER,instance0;program0,True,True,True,TP,explicit FUNCTION_BLOCK declaration in mapped Structured Text source,production: GEB-scoped dt_FB_; probe: ungated core_symbol_text contains dt_FB_,DERIVED_EVIDENCE,
geb__BYTE_TO_DINT,_BYTE_TO_DINT,GEB,fold_0,UNIQUE,1,AICPS-PLCBEAD_PLCEmbed-c78a56f/PLC-BEAD/Source/GEB/_BYTE_TO_DINT/_BYTE_TO_DINT.ST,fa60bdff29c3627bd3c0e48bf852ca11bdf5ca2da17733aea9e76ef572310428,,_BYTE_TO_DINT,program0,False,False,False,TN,explicit FUNCTION_BLOCK declaration in mapped Structured Text source,production: GEB-scoped dt_FB_; probe: ungated core_symbol_text contains dt_FB_,DERIVED_EVIDENCE,
geb__BYTE_TO_INT,_BYTE_TO_INT,GEB,fold_1,UNIQUE,1,AICPS-PLCBEAD_PLCEmbed-c78a56f/PLC-BEAD/Source/GEB/_BYTE_TO_INT/_BYTE_TO_INT.ST,db194fd67356d0aa5e686074cc76e225804429e28e10c29714f9cc560283e6cd,,_BYTE_TO_INT,program0,False,False,False,TN,explicit FUNCTION_BLOCK declaration in mapped Structured Text source,production: GEB-scoped dt_FB_; probe: ungated core_symbol_text contains dt_FB_,DERIVED_EVIDENCE,
geb__BYTE_TO_REAL,_BYTE_TO_REAL,GEB,fold_2,UNIQUE,1,AICPS-PLCBEAD_PLCEmbed-c78a56f/PLC-BEAD/Source/GEB/_BYTE_TO_REAL/_BYTE_TO_REAL.ST,4ae6b44c4efa62fbab09cceabd825c645657224fbcea7b4272bea2fc02fdd993,,_BYTE_TO_REAL,program0,False,False,False,TN,explicit FUNCTION_BLOCK declaration in mapped Structured Text source,production: GEB-scoped dt_FB_; probe: ungated core_symbol_text contains dt_FB_,DERIVED_EVIDENCE,
geb__DWORD_TO_REAL,_DWORD_TO_REAL,GEB,fold_3,UNIQUE,1,AICPS-PLCBEAD_PLCEmbed-c78a56f/PLC-BEAD/Source/GEB/_DWORD_TO_REAL/_DWORD_TO_REAL.ST,7b539d5a79b3144c4e720694e13ed52aabd7f4b51d317ea802939a5716513c27,,_DWORD_TO_REAL,program0,False,False,False,TN,explicit FUNCTION_BLOCK declaration in mapped Structured Text source,production: GEB-scoped dt_FB_; probe: ungated core_symbol_text contains dt_FB_,DERIVED_EVIDENCE,
geb__INSERT80,_INSERT80,GEB,fold_0,UNIQUE,1,AICPS-PLCBEAD_PLCEmbed-c78a56f/PLC-BEAD/Source/GEB/_INSERT80/_INSERT80.ST,f4f2cfd4bdda5ec13429c47d7c36148dfde7d1245b5ef19dd1179a42ec240c0d,_INSERT80,,program0,True,True,True,TP,explicit FUNCTION_BLOCK declaration in mapped Structured Text source,production: GEB-scoped dt_FB_; probe: ungated core_symbol_text contains dt_FB_,DERIVED_EVIDENCE,
geb__INT_TO_UDINT,_INT_TO_UDINT,GEB,fold_4,UNIQUE,1,AICPS-PLCBEAD_PLCEmbed-c78a56f/PLC-BEAD/Source/GEB/_INT_TO_UDINT/_INT_TO_UDINT.ST,30f6c841c6f5cff8cd0866d818e4d3d281dfa2a44dd5c177e2c78cf022b02b52,,_INT_TO_UDINT,program0,False,False,False,TN,explicit FUNCTION_BLOCK declaration in mapped Structured Text source,production: GEB-scoped dt_FB_; probe: ungated core_symbol_text contains dt_FB_,DERIVED_EVIDENCE,
geb__MOD_INT,_MOD_INT,GEB,fold_0,UNIQUE,1,AICPS-PLCBEAD_PLCEmbed-c78a56f/PLC-BEAD/Source/GEB/_MOD_INT/_MOD_INT.ST,62c60a786e65e3dbf2bc57511b836912f0fde14001d3f5149abd2a1b8f2b3f87,,_MOD_INT,program0,False,False,False,TN,explicit FUNCTION_BLOCK declaration in mapped Structured Text source,production: GEB-scoped dt_FB_; probe: ungated core_symbol_text contains dt_FB_,DERIVED_EVIDENCE,
geb__REAL_TO_DINT,_REAL_TO_DINT,GEB,fold_5,UNIQUE,1,AICPS-PLCBEAD_PLCEmbed-c78a56f/PLC-BEAD/Source/GEB/_REAL_TO_DINT/_REAL_TO_DINT.ST,fc4e6f6991c4eea305e9596222fccc2998dc6d842f0043f3442d2cb7b497af9f,,_REAL_TO_DINT,program0,False,False,False,TN,explicit FUNCTION_BLOCK declaration in mapped Structured Text source,production: GEB-scoped dt_FB_; probe: ungated core_symbol_text contains dt_FB_,DERIVED_EVIDENCE,
geb__REAL_TO_DWORD,_REAL_TO_DWORD,GEB,fold_6,UNIQUE,1,AICPS-PLCBEAD_PLCEmbed-c78a56f/PLC-BEAD/Source/GEB/_REAL_TO_DWORD/_REAL_TO_DWORD.ST,582dec90a82c5d18d0445c1cad8dbbe3b29d342e9329ecfeef706b2d600bb0fa,,_REAL_TO_DWORD,program0,False,False,False,TN,explicit FUNCTION_BLOCK declaration in mapped Structured Text source,production: GEB-scoped dt_FB_; probe: ungated core_symbol_text contains dt_FB_,DERIVED_EVIDENCE,
geb__REAL_TO_UDINT,_REAL_TO_UDINT,GEB,fold_7,UNIQUE,1,AICPS-PLCBEAD_PLCEmbed-c78a56f/PLC-BEAD/Source/GEB/_REAL_TO_UDINT/_REAL_TO_UDINT.ST,b1904a9004c16e2e87902d0491b635b49ebc316ab193658eee57815742816b37,,_REAL_TO_UDINT,program0,False,False,False,TN,explicit FUNCTION_BLOCK declaration in mapped Structured Text source,production: GEB-scoped dt_FB_; probe: ungated core_symbol_text contains dt_FB_,DERIVED_EVIDENCE,
geb__RMP_B,_RMP_B,GEB,fold_0,UNIQUE,1,AICPS-PLCBEAD_PLCEmbed-c78a56f/PLC-BEAD/Source/GEB/_RMP_B/_RMP_B.ST,a95b398d273aef808e6ae7a45558ad05d723ccbd9e63063b32e1909276cb0094,T_PLC_MS_block;_RMP_B,FRMP_B;TIME_TO_UDINT2;UDINT_TO_TIME2,program0,True,True,True,TP,explicit FUNCTION_BLOCK declaration in mapped Structured Text source,production: GEB-scoped dt_FB_; probe: ungated core_symbol_text contains dt_FB_,DERIVED_EVIDENCE,
geb__RMP_NEXT,_RMP_NEXT,GEB,fold_1,UNIQUE,1,AICPS-PLCBEAD_PLCEmbed-c78a56f/PLC-BEAD/Source/GEB/_RMP_NEXT/_RMP_NEXT.ST,58dcc27cbd97207c54db3b4564cf498c61c408e1840d6d9c36ec424d75b360e2,TREND_DW;T_PLC_MS_block;_RMP_B;_RMP_NEXT,FRMP_B;TIME_TO_UDINT2;UDINT_TO_TIME2,program0,True,True,True,TP,explicit FUNCTION_BLOCK declaration in mapped Structured Text source,production: GEB-scoped dt_FB_; probe: ungated core_symbol_text contains dt_FB_,DERIVED_EVIDENCE,
geb__RMP_W,_RMP_W,GEB,fold_2,UNIQUE,1,AICPS-PLCBEAD_PLCEmbed-c78a56f/PLC-BEAD/Source/GEB/_RMP_W/_RMP_W.ST,d8f6a44bdc5ffc4dcc33953b5d065ae9bb4a9923a7caf48cac05f0798ff40b9e,T_PLC_MS_block;_RMP_W,TIME_TO_UDINT2;_WORD_TO_DINT,program0s,True,True,True,TP,explicit FUNCTION_BLOCK declaration in mapped Structured Text source,production: GEB-scoped dt_FB_; probe: ungated core_symbol_text contains dt_FB_,DERIVED_EVIDENCE,
geb__WORD_TO_DINT,_WORD_TO_DINT,GEB,fold_8,UNIQUE,1,AICPS-PLCBEAD_PLCEmbed-c78a56f/PLC-BEAD/Source/GEB/_WORD_TO_DINT/_WORD_TO_DINT.ST,b7fc637914a3519bd5a91e4bf390e65f385f280df1f7f42184a7ce96b2d40fee,,_WORD_TO_DINT,program0,False,False,False,TN,explicit FUNCTION_BLOCK declaration in mapped Structured Text source,production: GEB-scoped dt_FB_; probe: ungated core_symbol_text contains dt_FB_,DERIVED_EVIDENCE,
geb__WORD_TO_REAL,_WORD_TO_REAL,GEB,fold_9,UNIQUE,1,AICPS-PLCBEAD_PLCEmbed-c78a56f/PLC-BEAD/Source/GEB/_WORD_TO_REAL/_WORD_TO_REAL.ST,6cf434ede27a7da994d42d9dcfcd01b5aa63133bf2653e6b58f4e770fb0bd4bc,,_WORD_TO_REAL,program0,False,False,False,TN,explicit FUNCTION_BLOCK declaration in mapped Structured Text source,production: GEB-scoped dt_FB_; probe: ungated core_symbol_text contains dt_FB_,DERIVED_EVIDENCE,
openplcV2_ACOSH,ACOSH,OpenPLCv2,fold_1,UNIQUE,1,AICPS-PLCBEAD_PLCEmbed-c78a56f/PLC-BEAD/Source/OpenPLCv2/ACOSH.ST,f943874cdd763acf7a4fc01ac7ddd7666c7848d9a24a682f2422e3de7f30475d,,ACOSH,instance0;program0,False,False,False,TN,explicit FUNCTION_BLOCK declaration in mapped Structured Text source,production: GEB-scoped dt_FB_; probe: ungated core_symbol_text contains dt_FB_,DERIVED_EVIDENCE,
openplcV2_ACOTH,ACOTH,OpenPLCv2,fold_2,UNIQUE,1,AICPS-PLCBEAD_PLCEmbed-c78a56f/PLC-BEAD/Source/OpenPLCv2/ACOTH.ST,c987abbb3239e902c4b193f23647652ef810f3a56a8e80abe821a95d75ec378c,,ACOTH,instance0;program0,False,False,False,TN,explicit FUNCTION_BLOCK declaration in mapped Structured Text source,production: GEB-scoped dt_FB_; probe: ungated core_symbol_text contains dt_FB_,DERIVED_EVIDENCE,
openplcV2_ACTUATOR_3P,ACTUATOR_3P,OpenPLCv2,fold_0,UNIQUE,1,AICPS-PLCBEAD_PLCEmbed-c78a56f/PLC-BEAD/Source/OpenPLCv2/ACTUATOR_3P.ST,7df81b7ad58abeeb3c6f34339403fb3462a7155d3ad18270ce93a42aa1c8c3da,ACTUATOR_3P_Block;TREND_DW;T_PLC_MS_block;_RMP_B;_RMP_NEXT_Block,FRMP_B;TIME_TO_UDINT2;UDINT_TO_TIME2;_BYTE_TO_INT,instance0;program0,True,False,False,FN,explicit FUNCTION_BLOCK declaration in mapped Structured Text source,production: GEB-scoped dt_FB_; probe: ungated core_symbol_text contains dt_FB_,DERIVED_EVIDENCE,
openplcV2_ACTUATOR_A,ACTUATOR_A,OpenPLCv2,fold_1,UNIQUE,1,AICPS-PLCBEAD_PLCEmbed-c78a56f/PLC-BEAD/Source/OpenPLCv2/ACTUATOR_A.ST,872e2e01653d1ec12d312fcf94f84c002ee7d8af50faa5f6acbfd4f3d1a7823b,ACTUATOR_A_Block;CYCLE_4;T_PLC_MS_block,,instance0;program0,True,False,False,FN,explicit FUNCTION_BLOCK declaration in mapped Structured Text source,production: GEB-scoped dt_FB_; probe: ungated core_symbol_text contains dt_FB_,DERIVED_EVIDENCE,
openplcV2_ACTUATOR_COIL,ACTUATOR_COIL,OpenPLCv2,fold_2,UNIQUE,1,AICPS-PLCBEAD_PLCEmbed-c78a56f/PLC-BEAD/Source/OpenPLCv2/ACTUATOR_COIL.ST,4b88010a26fe0ff350a1760a0649ba200869a2b9242f20a0fbd4e5c7ab385cac,ACTUATOR_COIL_Block;T_PLC_MS_block,TIME_TO_UDINT2;UDINT_TO_TIME2,instance0;program0,True,False,False,FN,explicit FUNCTION_BLOCK declaration in mapped Structured Text source,production: GEB-scoped dt_FB_; probe: ungated core_symbol_text contains dt_FB_,DERIVED_EVIDENCE,
openplcV2_ACTUATOR_PUMP,ACTUATOR_PUMP,OpenPLCv2,fold_3,UNIQUE,1,AICPS-PLCBEAD_PLCEmbed-c78a56f/PLC-BEAD/Source/OpenPLCv2/ACTUATOR_PUMP.ST,52da8b246ab388aebe987ebedb2c9354708edeca0b30a4cc754c3387b9aaa364,ACTUATOR_PUMP_Block;ONTIME_Block;T_PLC_MS_block,,instance0;program0,True,False,False,FN,explicit FUNCTION_BLOCK declaration in mapped Structured Text source,production: GEB-scoped dt_FB_; probe: ungated core_symbol_text contains dt_FB_,DERIVED_EVIDENCE,
openplcV2_ACTUATOR_UD,ACTUATOR_UD,OpenPLCv2,fold_4,UNIQUE,1,AICPS-PLCBEAD_PLCEmbed-c78a56f/PLC-BEAD/Source/OpenPLCv2/ACTUATOR_UD.ST,f5a6f19b6c0c8abe67301cc71ed785003f2228a6d677ac360aa90155035005b1,ACTUATOR_UD_Block;T_PLC_MS_block,,instance0;program0,True,False,False,FN,explicit FUNCTION_BLOCK declaration in mapped Structured Text source,production: GEB-scoped dt_FB_; probe: ungated core_symbol_text contains dt_FB_,DERIVED_EVIDENCE,
openplcV2_AGDF,AGDF,OpenPLCv2,fold_3,UNIQUE,1,AICPS-PLCBEAD_PLCEmbed-c78a56f/PLC-BEAD/Source/OpenPLCv2/AGDF.ST,cfc79a7e5bf1ba8fb021794082079b1714f8a384f49b78449844edbbfc71a257,,AGDF,instance0;program0,False,False,False,TN,explicit FUNCTION_BLOCK declaration in mapped Structured Text source,production: GEB-scoped dt_FB_; probe: ungated core_symbol_text contains dt_FB_,DERIVED_EVIDENCE,
openplcV2_AIN,AIN,OpenPLCv2,fold_0,UNIQUE,1,AICPS-PLCBEAD_PLCEmbed-c78a56f/PLC-BEAD/Source/OpenPLCv2/AIN.ST,f2912d6cc332e297b4cc1cd4c63d49adb61e68070f4d22f37cc6e40c488fda3a,,AIN;BIT_OF_DWORD;_BYTE_TO_INT;_DWORD_TO_REAL,instance0;program0,False,False,False,TN,explicit FUNCTION_BLOCK declaration in mapped Structured Text source,production: GEB-scoped dt_FB_; probe: ungated core_symbol_text contains dt_FB_,DERIVED_EVIDENCE,
openplcV2_AIN1,AIN1,OpenPLCv2,fold_1,UNIQUE,1,AICPS-PLCBEAD_PLCEmbed-c78a56f/PLC-BEAD/Source/OpenPLCv2/AIN1.ST,85a05177ce93a65ffc5f22362bdfc8c8ab311975462c11a7a2e571650ef63ea3,AIN1,,instance0;program0,True,False,False,FN,explicit FUNCTION_BLOCK declaration in mapped Structured Text source,production: GEB-scoped dt_FB_; probe: ungated core_symbol_text contains dt_FB_,DERIVED_EVIDENCE,
openplcV2_AIR_DENSITY,AIR_DENSITY,OpenPLCv2,fold_5,UNIQUE,1,AICPS-PLCBEAD_PLCEmbed-c78a56f/PLC-BEAD/Source/OpenPLCv2/AIR_DENSITY.ST,a585324dc7ae45a10c1fcea5a6b028ac1917ea9f65c2448fe1152dc89518991b,,AIR_DENSITY;SDD,instance0;program0,False,False,False,TN,explicit FUNCTION_BLOCK declaration in mapped Structured Text source,production: GEB-scoped dt_FB_; probe: ungated core_symbol_text contains dt_FB_,DERIVED_EVIDENCE,
openplcV2_AIR_ENTHALPY,AIR_ENTHALPY,OpenPLCv2,fold_6,UNIQUE,1,AICPS-PLCBEAD_PLCEmbed-c78a56f/PLC-BEAD/Source/OpenPLCv2/AIR_ENTHALPY.ST,0b0d0ebbe2fab083702abe0b3fb1b04e77c2f96f0fdabc1ae870f0c396a3e983,,AIR_ENTHALPY;DEW_CON;SDD,instance0;program0,False,False,False,TN,explicit FUNCTION_BLOCK declaration in mapped Structured Text source,production: GEB-scoped dt_FB_; probe: ungated core_symbol_text contains dt_FB_,DERIVED_EVIDENCE,
openplcV2_ALARM_2,ALARM_2,OpenPLCv2,fold_0,UNIQUE,1,AICPS-PLCBEAD_PLCEmbed-c78a56f/PLC-BEAD/Source/OpenPLCv2/ALARM_2.ST,7e4b7f405384b2de4d80b911bf66a2b4f3ff2978fdb7252b5286bb0e9f0647bb,ALARM_2,,instance0;program0,True,False,False,FN,explicit FUNCTION_BLOCK declaration in mapped Structured Text source,production: GEB-scoped dt_FB_; probe: ungated core_symbol_text contains dt_FB_,DERIVED_EVIDENCE,
openplcV2_AOUT,AOUT,OpenPLCv2,fold_2,UNIQUE,1,AICPS-PLCBEAD_PLCEmbed-c78a56f/PLC-BEAD/Source/OpenPLCv2/AOUT.ST,32288891269e306cf1fee4851b31ce780ec28b92788ecbecba213cfce00c2e83,,AOUT;SIGN_R;_BYTE_TO_INT;_DWORD_TO_REAL;_REAL_TO_DWORD,instance0;program0,False,False,False,TN,explicit FUNCTION_BLOCK declaration in mapped Structured Text source,production: GEB-scoped dt_FB_; probe: ungated core_symbol_text contains dt_FB_,DERIVED_EVIDENCE,
openplcV2_AOUT1,AOUT1,OpenPLCv2,fold_3,UNIQUE,1,AICPS-PLCBEAD_PLCEmbed-c78a56f/PLC-BEAD/Source/OpenPLCv2/AOUT1.ST,31d5ad708f818905f8d49c906ffa41320341ec72633b466f204e29489df5b409,,AOUT1;SIGN_R;_REAL_TO_DWORD,instance0;program0,False,False,False,TN,explicit FUNCTION_BLOCK declaration in mapped Structured Text source,production: GEB-scoped dt_FB_; probe: ungated core_symbol_text contains dt_FB_,DERIVED_EVIDENCE,
openplcV2_ARRAY_AVG,ARRAY_AVG,OpenPLCv2,fold_7,UNIQUE,1,AICPS-PLCBEAD_PLCEmbed-c78a56f/PLC-BEAD/Source/OpenPLCv2/ARRAY_AVG.ST,4a588c8ba32272d0f4157e13796f96d19c61e0ef10c1b0b9836fe422fa04957c,ARRAY_AVG_Block,,instance0;program0,True,False,False,FN,explicit FUNCTION_BLOCK declaration in mapped Structured Text source,production: GEB-scoped dt_FB_; probe: ungated core_symbol_text contains dt_FB_,DERIVED_EVIDENCE,
openplcV2_ARRAY_GAV,ARRAY_GAV,OpenPLCv2,fold_8,UNIQUE,1,AICPS-PLCBEAD_PLCEmbed-c78a56f/PLC-BEAD/Source/OpenPLCv2/ARRAY_GAV.ST,07b43e5ea437696eaf24e6b0e95c7f592dee1c5c218ec1eb4df50cf4528735bc,ARRAY_GAV_Block,SQRTN,instance0;program0,True,False,False,FN,explicit FUNCTION_BLOCK declaration in mapped Structured Text source,production: GEB-scoped dt_FB_; probe: ungated core_symbol_text contains dt_FB_,DERIVED_EVIDENCE,
openplcV2_ARRAY_HAV,ARRAY_HAV,OpenPLCv2,fold_9,UNIQUE,1,AICPS-PLCBEAD_PLCEmbed-c78a56f/PLC-BEAD/Source/OpenPLCv2/ARRAY_HAV.ST,86c1db1bfdb6146dc0615ddf4e1c431f885eb5bcb2081b71f2cf8de178e7de21,ARRAY_HAV_Block,,instance0;program0,True,False,False,FN,explicit FUNCTION_BLOCK declaration in mapped Structured Text source,production: GEB-scoped dt_FB_; probe: ungated core_symbol_text contains dt_FB_,DERIVED_EVIDENCE,
openplcV2_ARRAY_MAX,ARRAY_MAX,OpenPLCv2,fold_0,UNIQUE,1,AICPS-PLCBEAD_PLCEmbed-c78a56f/PLC-BEAD/Source/OpenPLCv2/ARRAY_MAX.ST,dc686bead534e5a4e038fa68f31fe750d67339a5beb09be6dd57809ec7ba0511,ARRAY_MAX_Block,,instance0;program0,True,False,False,FN,explicit FUNCTION_BLOCK declaration in mapped Structured Text source,production: GEB-scoped dt_FB_; probe: ungated core_symbol_text contains dt_FB_,DERIVED_EVIDENCE,
openplcV2_ARRAY_MEDIAN,ARRAY_MEDIAN,OpenPLCv2,fold_1,UNIQUE,1,AICPS-PLCBEAD_PLCEmbed-c78a56f/PLC-BEAD/Source/OpenPLCv2/ARRAY_MEDIAN.ST,4659be7d513f2f6acbcba05ae7ffea4a8bcd5ca5eb3f05d8fdf088329101a5d3,_ARRAY_MEDIAN_Block;_ARRAY_SORT_Block,BIT_OF_DWORD;EVEN;_INT_TO_UDINT,instance0;program0,True,False,False,FN,explicit FUNCTION_BLOCK declaration in mapped Structured Text source,production: GEB-scoped dt_FB_; probe: ungated core_symbol_text contains dt_FB_,DERIVED_EVIDENCE,
openplcV2_ARRAY_MIN,ARRAY_MIN,OpenPLCv2,fold_2,UNIQUE,1,AICPS-PLCBEAD_PLCEmbed-c78a56f/PLC-BEAD/Source/OpenPLCv2/ARRAY_MIN.ST,2ca1274d8a10adf9a34c71b0734990179e4b4d2ddb12b1d7371d2b4ffeefd83d,ARRAY_MIN_Block,,instance0;program0,True,False,False,FN,explicit FUNCTION_BLOCK declaration in mapped Structured Text source,production: GEB-scoped dt_FB_; probe: ungated core_symbol_text contains dt_FB_,DERIVED_EVIDENCE,
openplcV2_ARRAY_SDV,ARRAY_SDV,OpenPLCv2,fold_3,UNIQUE,1,AICPS-PLCBEAD_PLCEmbed-c78a56f/PLC-BEAD/Source/OpenPLCv2/ARRAY_SDV.ST,ffc85d4c9cfbecc2a5d0708cd6a09dede30831b219d9f9df520ce48da6949f7c,ARRAY_SDV_Block;ARRAY_VAR_Block,,instance0;program0,True,False,False,FN,explicit FUNCTION_BLOCK declaration in mapped Structured Text source,production: GEB-scoped dt_FB_; probe: ungated core_symbol_text contains dt_FB_,DERIVED_EVIDENCE,
openplcV2_ARRAY_SPR,ARRAY_SPR,OpenPLCv2,fold_4,UNIQUE,1,AICPS-PLCBEAD_PLCEmbed-c78a56f/PLC-BEAD/Source/OpenPLCv2/ARRAY_SPR.ST,504850e81fab447d22ec58ab4cd992c2974d27e8c20e3d7fec3f9b7feed589cf,ARRAY_SPR_Block,,instance0;program0,True,False,False,FN,explicit FUNCTION_BLOCK declaration in mapped Structured Text source,production: GEB-scoped dt_FB_; probe: ungated core_symbol_text contains dt_FB_,DERIVED_EVIDENCE,
openplcV2_ARRAY_SUM,ARRAY_SUM,OpenPLCv2,fold_5,UNIQUE,1,AICPS-PLCBEAD_PLCEmbed-c78a56f/PLC-BEAD/Source/OpenPLCv2/ARRAY_SUM.ST,d3f51cbed36f6b9a771742db25981c7e096bd0372dabab9093c7c4ed947cf859,ARRAY_SUM_Block,,instance0;program0,True,False,False,FN,explicit FUNCTION_BLOCK declaration in mapped Structured Text source,production: GEB-scoped dt_FB_; probe: ungated core_symbol_text contains dt_FB_,DERIVED_EVIDENCE,
openplcV2_ARRAY_TREND,ARRAY_TREND,OpenPLCv2,fold_6,UNIQUE,1,AICPS-PLCBEAD_PLCEmbed-c78a56f/PLC-BEAD/Source/OpenPLCv2/ARRAY_TREND.ST,1d6a1a07b4647272b6de0a20666fe06bac64f724f74ed845c21b83c796f444bc,ARRAY_TREND_Block,BIT_OF_DWORD;EVEN,instance0;program0,True,False,False,FN,explicit FUNCTION_BLOCK declaration in mapped Structured Text source,production: GEB-scoped dt_FB_; probe: ungated core_symbol_text contains dt_FB_,DERIVED_EVIDENCE,
openplcV2_ARRAY_VAR,ARRAY_VAR,OpenPLCv2,fold_7,UNIQUE,1,AICPS-PLCBEAD_PLCEmbed-c78a56f/PLC-BEAD/Source/OpenPLCv2/ARRAY_VAR.ST,937fb6a5b76f854d2cf7f3e1a0c60cf66be9d038e42a13a0eb769f4203f1f093,ARRAY_VAR_Block,,instance0;program0,True,False,False,FN,explicit FUNCTION_BLOCK declaration in mapped Structured Text source,production: GEB-scoped dt_FB_; probe: ungated core_symbol_text contains dt_FB_,DERIVED_EVIDENCE,
openplcV2_ASINH,ASINH,OpenPLCv2,fold_4,UNIQUE,1,AICPS-PLCBEAD_PLCEmbed-c78a56f/PLC-BEAD/Source/OpenPLCv2/ASINH.ST,93f4ac90270f4a11bf7081b035fcd72d318c2e809c32b425773ca44f376d5465,,ASINH,instance0;program0,False,False,False,TN,explicit FUNCTION_BLOCK declaration in mapped Structured Text source,production: GEB-scoped dt_FB_; probe: ungated core_symbol_text contains dt_FB_,DERIVED_EVIDENCE,
openplcV2_ASTRO,ASTRO,OpenPLCv2,fold_0,UNIQUE,1,AICPS-PLCBEAD_PLCEmbed-c78a56f/PLC-BEAD/Source/OpenPLCv2/ASTRO.ST,ce06f834e96cc0b7331681b6def3a517ac9db9441675834358f14091d0089920,ASTRO,,instance0;program0,True,False,False,FN,explicit FUNCTION_BLOCK declaration in mapped Structured Text source,production: GEB-scoped dt_FB_; probe: ungated core_symbol_text contains dt_FB_,DERIVED_EVIDENCE,
openplcV2_ATAN2,ATAN2,OpenPLCv2,fold_5,UNIQUE,1,AICPS-PLCBEAD_PLCEmbed-c78a56f/PLC-BEAD/Source/OpenPLCv2/ATAN2.ST,dc5a967941703d43673d89fc1a25f53c156f642a288710e2ac31a16eff48b151,,ATAN2,instance0;program0,False,False,False,TN,explicit FUNCTION_BLOCK declaration in mapped Structured Text source,production: GEB-scoped dt_FB_; probe: ungated core_symbol_text contains dt_FB_,DERIVED_EVIDENCE,
openplcV2_ATANH,ATANH,OpenPLCv2,fold_6,UNIQUE,1,AICPS-PLCBEAD_PLCEmbed-c78a56f/PLC-BEAD/Source/OpenPLCv2/ATANH.ST,3eca03b4987c91711fd93be89d1a9ba84eaf5fe1df54af54cd6dc60950232564,,ATANH,instance0;program0,False,False,False,TN,explicit FUNCTION_BLOCK declaration in mapped Structured Text source,production: GEB-scoped dt_FB_; probe: ungated core_symbol_text contains dt_FB_,DERIVED_EVIDENCE,
openplcV2_AUTORUN,AUTORUN,OpenPLCv2,fold_7,UNIQUE,1,AICPS-PLCBEAD_PLCEmbed-c78a56f/PLC-BEAD/Source/OpenPLCv2/AUTORUN.ST,6631460e0004ee26cb706cbac5b81dccb1f22f81f628c0739e18ea0009e032fb,AUTORUN_Block;T_PLC_MS_block;_RMP_B,FRMP_B;TIME_TO_UDINT2;UDINT_TO_TIME2,instance0;program0,True,False,False,FN,explicit FUNCTION_BLOCK declaration in mapped Structured Text source,production: GEB-scoped dt_FB_; probe: ungated core_symbol_text contains dt_FB_,DERIVED_EVIDENCE,
openplcV2_A_TRIG,A_TRIG,OpenPLCv2,fold_0,UNIQUE,1,AICPS-PLCBEAD_PLCEmbed-c78a56f/PLC-BEAD/Source/OpenPLCv2/A_TRIG.ST,0a68aeef263acbe7027a37892d87db7773b1e8104e8bafc2d38a087bbc0b8f15,A_TRIG,,instance0;program0,True,False,False,FN,explicit FUNCTION_BLOCK declaration in mapped Structured Text source,production: GEB-scoped dt_FB_; probe: ungated core_symbol_text contains dt_FB_,DERIVED_EVIDENCE,
openplcV2_BAND_B,BAND_B,OpenPLCv2,fold_0,UNIQUE,1,AICPS-PLCBEAD_PLCEmbed-c78a56f/PLC-BEAD/Source/OpenPLCv2/BAND_B.ST,b05e479c988d2f72c45707f806d7ec7b8cd38d47e240acb05113e5e3479ff3f6,,BAND_B,instance0;program0,False,False,False,TN,explicit FUNCTION_BLOCK declaration in mapped Structured Text source,production: GEB-scoped dt_FB_; probe: ungated core_symbol_text contains dt_FB_,DERIVED_EVIDENCE,
openplcV2_BAR_GRAPH,BAR_GRAPH,OpenPLCv2,fold_1,UNIQUE,1,AICPS-PLCBEAD_PLCEmbed-c78a56f/PLC-BEAD/Source/OpenPLCv2/BAR_GRAPH.ST,a6f6ee0eaee7e770d4c8fc74b2632d0a9336db58295ce0086c0723346d171b7b,BAR_GRAPH,,instance0;program0,True,False,False,FN,explicit FUNCTION_BLOCK declaration in mapped Structured Text source,production: GEB-scoped dt_FB_; probe: ungated core_symbol_text contains dt_FB_,DERIVED_EVIDENCE,
openplcV2_BASE64_DECODE_STREAM,BASE64_DECODE_STREAM,OpenPLCv2,fold_0,UNIQUE,1,AICPS-PLCBEAD_PLCEmbed-c78a56f/PLC-BEAD/Source/OpenPLCv2/BASE64_DECODE_STREAM.ST,b3717e5f647fe15a8de00889a1148fa90ecad983678a4ff8ad2aa9b7f984bf01,BASE64_DECODE_STREAM,,instance0;program0,True,False,False,FN,explicit FUNCTION_BLOCK declaration in mapped Structured Text source,production: GEB-scoped dt_FB_; probe: ungated core_symbol_text contains dt_FB_,DERIVED_EVIDENCE,
openplcV2_BCDC_TO_INT,BCDC_TO_INT,OpenPLCv2,fold_0,UNIQUE,1,AICPS-PLCBEAD_PLCEmbed-c78a56f/PLC-BEAD/Source/OpenPLCv2/BCDC_TO_INT.ST,70f8be37160d2d43e063ad7bb8052f799cbfb223443f0428b1c39c0ab20e97bc,,BCDC_TO_INT;_BYTE_TO_INT,instance0;program0,False,False,False,TN,explicit FUNCTION_BLOCK declaration in mapped Structured Text source,production: GEB-scoped dt_FB_; probe: ungated core_symbol_text contains dt_FB_,DERIVED_EVIDENCE,
openplcV2_BETA,BETA,OpenPLCv2,fold_7,UNIQUE,1,AICPS-PLCBEAD_PLCEmbed-c78a56f/PLC-BEAD/Source/OpenPLCv2/BETA.ST,ab87deabc10e6cf088f22bb732b62acff6246c5a7e3e65f6cf95a450425ecfe0,,BETA;GAMMA,instance0;program0,False,False,False,TN,explicit FUNCTION_BLOCK declaration in mapped Structured Text source,production: GEB-scoped dt_FB_; probe: ungated core_symbol_text contains dt_FB_,DERIVED_EVIDENCE,
openplcV2_BFT_TO_MS,BFT_TO_MS,OpenPLCv2,fold_1,UNIQUE,1,AICPS-PLCBEAD_PLCEmbed-c78a56f/PLC-BEAD/Source/OpenPLCv2/BFT_TO_MS.ST,a0e08a76f7b9bbe3f1f91d508f7eb3359332d6bcb9457ed1bf891bca2b54ee10,,BFT_TO_MS,instance0;program0,False,False,False,TN,explicit FUNCTION_BLOCK declaration in mapped Structured Text source,production: GEB-scoped dt_FB_; probe: ungated core_symbol_text contains dt_FB_,DERIVED_EVIDENCE,
openplcV2_BINOM,BINOM,OpenPLCv2,fold_8,UNIQUE,1,AICPS-PLCBEAD_PLCEmbed-c78a56f/PLC-BEAD/Source/OpenPLCv2/BINOM.ST,aa175f774cbd74538efa9fd45455cef7ed4a92c1e364458d6a0380e82ca10fa2,,BINOM,instance0;program0,False,False,False,TN,explicit FUNCTION_BLOCK declaration in mapped Structured Text source,production: GEB-scoped dt_FB_; probe: ungated core_symbol_text contains dt_FB_,DERIVED_EVIDENCE,
openplcV2_BIT_COUNT,BIT_COUNT,OpenPLCv2,fold_1,UNIQUE,1,AICPS-PLCBEAD_PLCEmbed-c78a56f/PLC-BEAD/Source/OpenPLCv2/BIT_COUNT.ST,ee5fe4082b9cc26d1dbce15e51f34d49e707bac14b3fc03d893102d36e8920da,,BIT_COUNT,instance0;program0,False,False,False,TN,explicit FUNCTION_BLOCK declaration in mapped Structured Text source,production: GEB-scoped dt_FB_; probe: ungated core_symbol_text contains dt_FB_,DERIVED_EVIDENCE,
openplcV2_BIT_LOAD_B,BIT_LOAD_B,OpenPLCv2,fold_2,UNIQUE,1,AICPS-PLCBEAD_PLCEmbed-c78a56f/PLC-BEAD/Source/OpenPLCv2/BIT_LOAD_B.ST,1d2c62b4fdbb47992db8e04d2c9de5067c752a30d476af9f23d529d7e18229d3,,BIT_LOAD_B,instance0;program0,False,False,False,TN,explicit FUNCTION_BLOCK declaration in mapped Structured Text source,production: GEB-scoped dt_FB_; probe: ungated core_symbol_text contains dt_FB_,DERIVED_EVIDENCE,
openplcV2_BIT_LOAD_B2,BIT_LOAD_B2,OpenPLCv2,fold_3,UNIQUE,1,AICPS-PLCBEAD_PLCEmbed-c78a56f/PLC-BEAD/Source/OpenPLCv2/BIT_LOAD_B2.ST,13d0e242ed38e05989fcce67d04d79910fb2b905e30d6151fe443f6a3d4fbdc0,,BIT_LOAD_B2,instance0;program0,False,False,False,TN,explicit FUNCTION_BLOCK declaration in mapped Structured Text source,production: GEB-scoped dt_FB_; probe: ungated core_symbol_text contains dt_FB_,DERIVED_EVIDENCE,
openplcV2_BIT_LOAD_DW,BIT_LOAD_DW,OpenPLCv2,fold_4,UNIQUE,1,AICPS-PLCBEAD_PLCEmbed-c78a56f/PLC-BEAD/Source/OpenPLCv2/BIT_LOAD_DW.ST,b8d0d19ac6932ac50d969328d454cf39f28992b2c621428cfffe64f8f9a72a2d,,BIT_LOAD_DW,instance0;program0,False,False,False,TN,explicit FUNCTION_BLOCK declaration in mapped Structured Text source,production: GEB-scoped dt_FB_; probe: ungated core_symbol_text contains dt_FB_,DERIVED_EVIDENCE,
openplcV2_BIT_LOAD_DW2,BIT_LOAD_DW2,OpenPLCv2,fold_5,UNIQUE,1,AICPS-PLCBEAD_PLCEmbed-c78a56f/PLC-BEAD/Source/OpenPLCv2/BIT_LOAD_DW2.ST,76d536728af8a2794443bb8fc4cb6714065f1f66b9757e1a570da2f2e473f60e,,BIT_LOAD_DW2,instance0;program0,False,False,False,TN,explicit FUNCTION_BLOCK declaration in mapped Structured Text source,production: GEB-scoped dt_FB_; probe: ungated core_symbol_text contains dt_FB_,DERIVED_EVIDENCE,
openplcV2_BIT_LOAD_W,BIT_LOAD_W,OpenPLCv2,fold_6,UNIQUE,1,AICPS-PLCBEAD_PLCEmbed-c78a56f/PLC-BEAD/Source/OpenPLCv2/BIT_LOAD_W.ST,e4ddc4089af1c1058af184ea7c42677a1b3c483187087e575b6d06df98b45695,,BIT_LOAD_W,instance0;program0,False,False,False,TN,explicit FUNCTION_BLOCK declaration in mapped Structured Text source,production: GEB-scoped dt_FB_; probe: ungated core_symbol_text contains dt_FB_,DERIVED_EVIDENCE,
openplcV2_BIT_LOAD_W2,BIT_LOAD_W2,OpenPLCv2,fold_7,UNIQUE,1,AICPS-PLCBEAD_PLCEmbed-c78a56f/PLC-BEAD/Source/OpenPLCv2/BIT_LOAD_W2.ST,ef6e5d211f70ed48665661c2e3af20cdb78639c778b1b90ec15238b3cff75aff,,BIT_LOAD_W2,instance0;program0,False,False,False,TN,explicit FUNCTION_BLOCK declaration in mapped Structured Text source,production: GEB-scoped dt_FB_; probe: ungated core_symbol_text contains dt_FB_,DERIVED_EVIDENCE,
openplcV2_BIT_OF_DWORD,BIT_OF_DWORD,OpenPLCv2,fold_8,UNIQUE,1,AICPS-PLCBEAD_PLCEmbed-c78a56f/PLC-BEAD/Source/OpenPLCv2/BIT_OF_DWORD.ST,8015972ac101c5e63cdd8d4fd9af497821cc2fa8a6285401d80b51b5724de7f0,,BIT_OF_DWORD,instance0;program0,False,False,False,TN,explicit FUNCTION_BLOCK declaration in mapped Structured Text source,production: GEB-scoped dt_FB_; probe: ungated core_symbol_text contains dt_FB_,DERIVED_EVIDENCE,
openplcV2_BIT_TOGGLE_B,BIT_TOGGLE_B,OpenPLCv2,fold_9,UNIQUE,1,AICPS-PLCBEAD_PLCEmbed-c78a56f/PLC-BEAD/Source/OpenPLCv2/BIT_TOGGLE_B.ST,d1889c35c1104b9840952f0a4d6728de40768a335c5753f05416aecd68389dca,,BIT_TOGGLE_B,instance0;program0,False,False,False,TN,explicit FUNCTION_BLOCK declaration in mapped Structured Text source,production: GEB-scoped dt_FB_; probe: ungated core_symbol_text contains dt_FB_,DERIVED_EVIDENCE,
openplcV2_BIT_TOGGLE_DW,BIT_TOGGLE_DW,OpenPLCv2,fold_0,UNIQUE,1,AICPS-PLCBEAD_PLCEmbed-c78a56f/PLC-BEAD/Source/OpenPLCv2/BIT_TOGGLE_DW.ST,14af7b7dcc7aae8887c4a2e1f8f9d038ac8ee183b5a3e61d8235706af086fd02,,BIT_TOGGLE_DW,instance0;program0,False,False,False,TN,explicit FUNCTION_BLOCK declaration in mapped Structured Text source,production: GEB-scoped dt_FB_; probe: ungated core_symbol_text contains dt_FB_,DERIVED_EVIDENCE,
openplcV2_BIT_TOGGLE_W,BIT_TOGGLE_W,OpenPLCv2,fold_1,UNIQUE,1,AICPS-PLCBEAD_PLCEmbed-c78a56f/PLC-BEAD/Source/OpenPLCv2/BIT_TOGGLE_W.ST,9b7c6a5a6ce7c2ecdd23353528ba98c30942bca129c2766fa5152f10fcf758a0,,BIT_TOGGLE_W,instance0;program0,False,False,False,TN,explicit FUNCTION_BLOCK declaration in mapped Structured Text source,production: GEB-scoped dt_FB_; probe: ungated core_symbol_text contains dt_FB_,DERIVED_EVIDENCE,
openplcV2_BLIND_ACTUATOR,BLIND_ACTUATOR,OpenPLCv2,fold_0,UNIQUE,1,AICPS-PLCBEAD_PLCEmbed-c78a56f/PLC-BEAD/Source/OpenPLCv2/BLIND_ACTUATOR.ST,d0271e994e43951124efbc3f4138e6e6c3257e05fde8932c642e66f59d31d9dd,BLIND_ACTUATOR_Block;INTERLOCK_Block;RMP_B_Block;T_PLC_MS_block;_RMP_B,FRMP_B;TIME_TO_UDINT2,instance0;program0,True,False,False,FN,explicit FUNCTION_BLOCK declaration in mapped Structured Text source,production: GEB-scoped dt_FB_; probe: ungated core_symbol_text contains dt_FB_,DERIVED_EVIDENCE,
openplcV2_BLIND_CONTROL,BLIND_CONTROL,OpenPLCv2,fold_1,UNIQUE,1,AICPS-PLCBEAD_PLCEmbed-c78a56f/PLC-BEAD/Source/OpenPLCv2/BLIND_CONTROL.ST,3e9e0125cb885dfa559fb2f2bd34b2df36c6c7687f4514dc6d002ab22b4d8bea,BLIND_ACTUATOR_Block;BLIND_CONTROL_Block;INTERLOCK_Block;RMP_B_Block;T_PLC_MS_block;_RMP_B,FRMP_B;TIME_TO_UDINT2;_BYTE_TO_INT,instance0;program0,True,False,False,FN,explicit FUNCTION_BLOCK declaration in mapped Structured Text source,production: GEB-scoped dt_FB_; probe: ungated core_symbol_text contains dt_FB_,DERIVED_EVIDENCE,
openplcV2_BLIND_CONTROL_S,BLIND_CONTROL_S,OpenPLCv2,fold_2,UNIQUE,1,AICPS-PLCBEAD_PLCEmbed-c78a56f/PLC-BEAD/Source/OpenPLCv2/BLIND_CONTROL_S.ST,ef661c63aad6288a37842b22b1a88305a67ecb8c4a1bfa69e125dd3f3499660d,BLIND_CONTROL_S_Block;TREND_DW;T_PLC_MS_block;_RMP_B;_RMP_NEXT,FRMP_B;TIME_TO_UDINT2;UDINT_TO_TIME2;_BYTE_TO_INT,instance0;program0,True,False,False,FN,explicit FUNCTION_BLOCK declaration in mapped Structured Text source,production: GEB-scoped dt_FB_; probe: ungated core_symbol_text contains dt_FB_,DERIVED_EVIDENCE,
openplcV2_BLIND_INPUT,BLIND_INPUT,OpenPLCv2,fold_3,UNIQUE,1,AICPS-PLCBEAD_PLCEmbed-c78a56f/PLC-BEAD/Source/OpenPLCv2/BLIND_INPUT.ST,88efc1dc684a3e151eb83689c3f87ba2e6ceea1fc83e033270b9b8b41bf38937,BLIND_INPUT_Block;CLICK_MODE_Block;T_PLC_MS_block,UDINT_TO_TIME2;_BYTE_TO_INT,instance0;program0,True,False,False,FN,explicit FUNCTION_BLOCK declaration in mapped Structured Text source,production: GEB-scoped dt_FB_; probe: ungated core_symbol_text contains dt_FB_,DERIVED_EVIDENCE,
openplcV2_BLIND_NIGHT,BLIND_NIGHT,OpenPLCv2,fold_4,UNIQUE,1,AICPS-PLCBEAD_PLCEmbed-c78a56f/PLC-BEAD/Source/OpenPLCv2/BLIND_NIGHT.ST,63c063519dfe561aa312d36743e07f5ce81a688187832c7c57b3b91b5758e7c5,BLIND_NIGHT_Block,DT_TO_DATE2;DT_TO_TOD2;TIME_TO_UDINT2,instance0;program0,True,False,False,FN,explicit FUNCTION_BLOCK declaration in mapped Structured Text source,production: GEB-scoped dt_FB_; probe: ungated core_symbol_text contains dt_FB_,DERIVED_EVIDENCE,
openplcV2_BLIND_SCENE,BLIND_SCENE,OpenPLCv2,fold_5,UNIQUE,1,AICPS-PLCBEAD_PLCEmbed-c78a56f/PLC-BEAD/Source/OpenPLCv2/BLIND_SCENE.ST,2a61481f20db644c8163b808f82c47844259b139070d32926342429f1afc4021,BLIND_SCENE_Block,_BYTE_TO_INT,instance0;program0,True,False,False,FN,explicit FUNCTION_BLOCK declaration in mapped Structured Text source,production: GEB-scoped dt_FB_; probe: ungated core_symbol_text contains dt_FB_,DERIVED_EVIDENCE,
openplcV2_BLIND_SECURITY,BLIND_SECURITY,OpenPLCv2,fold_6,UNIQUE,1,AICPS-PLCBEAD_PLCEmbed-c78a56f/PLC-BEAD/Source/OpenPLCv2/BLIND_SECURITY.ST,f890125b18fe7c30473c091e088422eb17cfe67f3e709988821a2e2b802c045b,BLIND_SECURITY_Block,,instance0;program0,True,False,False,FN,explicit FUNCTION_BLOCK declaration in mapped Structured Text source,production: GEB-scoped dt_FB_; probe: ungated core_symbol_text contains dt_FB_,DERIVED_EVIDENCE,
openplcV2_BLIND_SET,BLIND_SET,OpenPLCv2,fold_7,UNIQUE,1,AICPS-PLCBEAD_PLCEmbed-c78a56f/PLC-BEAD/Source/OpenPLCv2/BLIND_SET.ST,1af82d7f377e1bce43eb1a3c6b408b574a403382a5bbaef3ce478e92fa82a636,BLIND_SET_Block;T_PLC_MS_block,UDINT_TO_TIME2,instance0;program0,True,False,False,FN,explicit FUNCTION_BLOCK declaration in mapped Structured Text source,production: GEB-scoped dt_FB_; probe: ungated core_symbol_text contains dt_FB_,DERIVED_EVIDENCE,
openplcV2_BLIND_SHADE_S,BLIND_SHADE_S,OpenPLCv2,fold_8,UNIQUE,1,AICPS-PLCBEAD_PLCEmbed-c78a56f/PLC-BEAD/Source/OpenPLCv2/BLIND_SHADE_S.ST,67ef32de8fe23378aa12ff77f6ef8b9e41edb974f41e83667d45a3e70f6a1730,BLIND_SHADE_S_Block,DT_TO_TOD2;TIME_TO_UDINT2,instance0;program0,True,False,False,FN,explicit FUNCTION_BLOCK declaration in mapped Structured Text source,production: GEB-scoped dt_FB_; probe: ungated core_symbol_text contains dt_FB_,DERIVED_EVIDENCE,
openplcV2_BOILER,BOILER,OpenPLCv2,fold_8,UNIQUE,1,AICPS-PLCBEAD_PLCEmbed-c78a56f/PLC-BEAD/Source/OpenPLCv2/BOILER.ST,c3c92251078e9b0ff82d836d1d6fb0bf370ec2eee3398c6cfa254547044c8e70,BOILER_Block,,instance0;program0,True,False,False,FN,explicit FUNCTION_BLOCK declaration in mapped Structured Text source,production: GEB-scoped dt_FB_; probe: ungated core_symbol_text contains dt_FB_,DERIVED_EVIDENCE,
openplcV2_BUFFER_COMP,BUFFER_COMP,OpenPLCv2,fold_8,UNIQUE,1,AICPS-PLCBEAD_PLCEmbed-c78a56f/PLC-BEAD/Source/OpenPLCv2/BUFFER_COMP.ST,12b0b5649c2efa3f337e788726947352f4d44638afe3d291ed7e9bdd832c16e6,BUFFER_COMP_Block,,instance0;program0,True,False,False,FN,explicit FUNCTION_BLOCK declaration in mapped Structured Text source,production: GEB-scoped dt_FB_; probe: ungated core_symbol_text contains dt_FB_,DERIVED_EVIDENCE,
openplcV2_BUFFER_COMP_NW,BUFFER_COMP_NW,OpenPLCv2,fold_9,UNIQUE,1,AICPS-PLCBEAD_PLCEmbed-c78a56f/PLC-BEAD/Source/OpenPLCv2/BUFFER_COMP_NW.ST,f93b39f22d491be427ae74974b2960a7629975ed0f034850c00145e3a4ebff35,BUFFER_COMP_NW,,instance0;program0,True,False,False,FN,explicit FUNCTION_BLOCK declaration in mapped Structured Text source,production: GEB-scoped dt_FB_; probe: ungated core_symbol_text contains dt_FB_,DERIVED_EVIDENCE,
openplcV2_BUILDING_VERSION,BUILDING_VERSION,OpenPLCv2,fold_9,UNIQUE,1,AICPS-PLCBEAD_PLCEmbed-c78a56f/PLC-BEAD/Source/OpenPLCv2/BUILDING_VERSION.ST,a6891eac87444387ef0e15f56d6f784d6d74438d5ad3e2a45d7daaf2ff73b358,,BUILDING_VERSION;SET_DATE;_INT_TO_UDINT,instance0;program0,False,False,False,TN,explicit FUNCTION_BLOCK declaration in mapped Structured Text source,production: GEB-scoped dt_FB_; probe: ungated core_symbol_text contains dt_FB_,DERIVED_EVIDENCE,
openplcV2_BYTE_OF_BIT,BYTE_OF_BIT,OpenPLCv2,fold_2,UNIQUE,1,AICPS-PLCBEAD_PLCEmbed-c78a56f/PLC-BEAD/Source/OpenPLCv2/BYTE_OF_BIT.ST,754c5f5dda9c476236bd47387c65be8eed510945aa3a5f8fa2352038df2def2d,,BYTE_OF_BIT,instance0;program0,False,False,False,TN,explicit FUNCTION_BLOCK declaration in mapped Structured Text source,production: GEB-scoped dt_FB_; probe: ungated core_symbol_text contains dt_FB_,DERIVED_EVIDENCE,
openplcV2_BYTE_OF_DWORD,BYTE_OF_DWORD,OpenPLCv2,fold_3,UNIQUE,1,AICPS-PLCBEAD_PLCEmbed-c78a56f/PLC-BEAD/Source/OpenPLCv2/BYTE_OF_DWORD.ST,6287a6a79eb2fffca5107c867afc452fb8197a69a631770d4a45e35b64c284b5,,BYTE_OF_DWORD;_BYTE_TO_INT,instance0;program0,False,False,False,TN,explicit FUNCTION_BLOCK declaration in mapped Structured Text source,production: GEB-scoped dt_FB_; probe: ungated core_symbol_text contains dt_FB_,DERIVED_EVIDENCE,
openplcV2_BYTE_TO_BITS,BYTE_TO_BITS,OpenPLCv2,fold_4,UNIQUE,1,AICPS-PLCBEAD_PLCEmbed-c78a56f/PLC-BEAD/Source/OpenPLCv2/BYTE_TO_BITS.ST,e5928c6606a98f44b91a84f4fa8ec0e220834f1230886faf5c09b42d8601004b,BYTE_TO_BITS,BIT_OF_DWORD,instance0;program0,True,False,False,FN,explicit FUNCTION_BLOCK declaration in mapped Structured Text source,production: GEB-scoped dt_FB_; probe: ungated core_symbol_text contains dt_FB_,DERIVED_EVIDENCE,
openplcV2_BYTE_TO_GRAY,BYTE_TO_GRAY,OpenPLCv2,fold_5,UNIQUE,1,AICPS-PLCBEAD_PLCEmbed-c78a56f/PLC-BEAD/Source/OpenPLCv2/BYTE_TO_GRAY.ST,7266b91bcb3c300cde3fc1b1a089840aa12b261dce33484814e58bb17e46bcc2,,BYTE_TO_GRAY,instance0;program0,False,False,False,TN,explicit FUNCTION_BLOCK declaration in mapped Structured Text source,production: GEB-scoped dt_FB_; probe: ungated core_symbol_text contains dt_FB_,DERIVED_EVIDENCE,
openplcV2_BYTE_TO_RANGE,BYTE_TO_RANGE,OpenPLCv2,fold_4,UNIQUE,1,AICPS-PLCBEAD_PLCEmbed-c78a56f/PLC-BEAD/Source/OpenPLCv2/BYTE_TO_RANGE.ST,dfca8acffed8871a72e844ba758143de689f07a6d376509ef6f94026a30d2c51,,BYTE_TO_RANGE;_BYTE_TO_REAL,instance0;program0,False,False,False,TN,explicit FUNCTION_BLOCK declaration in mapped Structured Text source,production: GEB-scoped dt_FB_; probe: ungated core_symbol_text contains dt_FB_,DERIVED_EVIDENCE,
openplcV2_BYTE_TO_STRB,BYTE_TO_STRB,OpenPLCv2,fold_1,UNIQUE,1,AICPS-PLCBEAD_PLCEmbed-c78a56f/PLC-BEAD/Source/OpenPLCv2/BYTE_TO_STRB.ST,e43dfb7c6f3530c97bec9c7f24c93bd9c567ebc79d99dc04b3d621a9b2eda797,BYTE_TO_STRB_Block,,instance0;program0,True,False,False,FN,explicit FUNCTION_BLOCK declaration in mapped Structured Text source,production: GEB-scoped dt_FB_; probe: ungated core_symbol_text contains dt_FB_,DERIVED_EVIDENCE,
openplcV2_BYTE_TO_STRH,BYTE_TO_STRH,OpenPLCv2,fold_2,UNIQUE,1,AICPS-PLCBEAD_PLCEmbed-c78a56f/PLC-BEAD/Source/OpenPLCv2/BYTE_TO_STRH.ST,98d418d6fd6e4a8fd5c84b3385457e04e913076759f30e12b5c380395fcfca65,BYTE_TO_STRH_Block,,instance0;program0,True,False,False,FN,explicit FUNCTION_BLOCK declaration in mapped Structured Text source,production: GEB-scoped dt_FB_; probe: ungated core_symbol_text contains dt_FB_,DERIVED_EVIDENCE,
openplcV2_BYTE_TO_TIME,BYTE_TO_TIME,OpenPLCv2,fold_6,UNIQUE,1,AICPS-PLCBEAD_PLCEmbed-c78a56f/PLC-BEAD/Source/OpenPLCv2/BYTE_TO_TIME.ST,86bc1f97c41cf1184cc017c4419a11138f938a72908ccf7ff2b11c3e0830ae3c,,BYTE_TO_TIME2;_BYTE_TO_INT,instance0;program0,False,False,False,TN,explicit FUNCTION_BLOCK declaration in mapped Structured Text source,production: GEB-scoped dt_FB_; probe: ungated core_symbol_text contains dt_FB_,DERIVED_EVIDENCE,
openplcV2_B_TRIG,B_TRIG,OpenPLCv2,fold_1,UNIQUE,1,AICPS-PLCBEAD_PLCEmbed-c78a56f/PLC-BEAD/Source/OpenPLCv2/B_TRIG.ST,c3eeb7007608e8eb0b3c96b1fd282c9c1d5cd393d19b0daa13f6a245c8959bff,B_TRIG,,instance0;program0,True,False,False,FN,explicit FUNCTION_BLOCK declaration in mapped Structured Text source,production: GEB-scoped dt_FB_; probe: ungated core_symbol_text contains dt_FB_,DERIVED_EVIDENCE,
openplcV2_CABS,CABS,OpenPLCv2,fold_0,UNIQUE,1,AICPS-PLCBEAD_PLCEmbed-c78a56f/PLC-BEAD/Source/OpenPLCv2/CABS.ST,8a6889341b02f82a06d58bf4dc2cb2fde22a33e5ed8599ee14cd68b2860ccdde,CABS_Block,HYPOT,instance0;program0,True,False,False,FN,explicit FUNCTION_BLOCK declaration in mapped Structured Text source,production: GEB-scoped dt_FB_; probe: ungated core_symbol_text contains dt_FB_,DERIVED_EVIDENCE,
openplcV2_CACOS,CACOS,OpenPLCv2,fold_1,UNIQUE,1,AICPS-PLCBEAD_PLCEmbed-c78a56f/PLC-BEAD/Source/OpenPLCv2/CACOS.ST,0a78cb66d3753710b92a52b76fe14ad1600b3c306d3d0dbc891e277679287148,CACOSH_Block;CACOS_Block;CLOG_Block;CSQRT_Block,ATAN2;HYPOT;SGN,instance0;program0,True,False,False,FN,explicit FUNCTION_BLOCK declaration in mapped Structured Text source,production: GEB-scoped dt_FB_; probe: ungated core_symbol_text contains dt_FB_,DERIVED_EVIDENCE,
openplcV2_CACOSH,CACOSH,OpenPLCv2,fold_2,UNIQUE,1,AICPS-PLCBEAD_PLCEmbed-c78a56f/PLC-BEAD/Source/OpenPLCv2/CACOSH.ST,730bd2269cf3cb978ae4b7d9f9984b3111ab7cd0e277150d554772f96d5736a2,CACOSH_Block;CLOG_Block;CSQRT_Block,ATAN2;HYPOT;SGN,instance0;program0,True,False,False,FN,explicit FUNCTION_BLOCK declaration in mapped Structured Text source,production: GEB-scoped dt_FB_; probe: ungated core_symbol_text contains dt_FB_,DERIVED_EVIDENCE,
openplcV2_CADD,CADD,OpenPLCv2,fold_3,UNIQUE,1,AICPS-PLCBEAD_PLCEmbed-c78a56f/PLC-BEAD/Source/OpenPLCv2/CADD.ST,bf386a62151565f2002f7cdf0b50af92d26a43d218f2c2c325daa870e7288a46,CADD_Block,,instance0;program0,True,False,False,FN,explicit FUNCTION_BLOCK declaration in mapped Structured Text source,production: GEB-scoped dt_FB_; probe: ungated core_symbol_text contains dt_FB_,DERIVED_EVIDENCE,
openplcV2_CALENDAR_CALC,CALENDAR_CALC,OpenPLCv2,fold_0,UNIQUE,1,AICPS-PLCBEAD_PLCEmbed-c78a56f/PLC-BEAD/Source/OpenPLCv2/CALENDAR_CALC.ST,35afd4172ecc5dadbbbf9105d0c3b41f7cdfeb854fa6118b0ed3139929e25a6e,CALENDAR_CALC;HOLIDAY_Block;SETUP_LANGUAGE_Block;SETUP_LOCATION;SETUP_WEEKDAYS;SUN_POS;SUN_TIME_Block,DATE_ADD;DAY_OF_DATE;DAY_OF_MONTH;DAY_OF_WEEK;DAY_OF_YEAR;DAY_OF_YEAR_UDINT;DEG;DST;DT_TO_DATE2;DT_TO_TOD2;EASTER;FLOOR2;HOUR;HOUR_TO_TIME;HOUR_TO_TOD;LEAP_OF_DATE;LEAP_YEAR;MODR;MONTH_OF_DATE;RAD;REFRACTION;SET_DATE;SET_DT;SUN_MIDDAY;SUN_MIDDAY_UDINT;TIME_TO_UDINT2;TOD_TO_REAL2;UTC_TO_LTIME;WORK_WEEK;YEAR_BEGIN;YEAR_OF_DATE;_INT_TO_UDINT;_REAL_TO_UDINT,instance0;program0,True,False,False,FN,explicit FUNCTION_BLOCK declaration in mapped Structured Text source,production: GEB-scoped dt_FB_; probe: ungated core_symbol_text contains dt_FB_,DERIVED_EVIDENCE,
openplcV2_CALIBRATE,CALIBRATE,OpenPLCv2,fold_2,UNIQUE,1,AICPS-PLCBEAD_PLCEmbed-c78a56f/PLC-BEAD/Source/OpenPLCv2/CALIBRATE.ST,1b37d093946eb31b9f106dcd9dc1056986d2b53f3583c9eda5ada505abbca9ad,CALIBRATE,,instance0;program0,True,False,False,FN,explicit FUNCTION_BLOCK declaration in mapped Structured Text source,production: GEB-scoped dt_FB_; probe: ungated core_symbol_text contains dt_FB_,DERIVED_EVIDENCE,
openplcV2_CARG,CARG,OpenPLCv2,fold_4,UNIQUE,1,AICPS-PLCBEAD_PLCEmbed-c78a56f/PLC-BEAD/Source/OpenPLCv2/CARG.ST,c97a4ba3bae6386bb4cbc9d9a2b1e906ee96e9c7b8963c8ea4224b905538c3bc,CARG_Block,ATAN2,instance0;program0,True,False,False,FN,explicit FUNCTION_BLOCK declaration in mapped Structured Text source,production: GEB-scoped dt_FB_; probe: ungated core_symbol_text contains dt_FB_,DERIVED_EVIDENCE,
openplcV2_CASIN,CASIN,OpenPLCv2,fold_5,UNIQUE,1,AICPS-PLCBEAD_PLCEmbed-c78a56f/PLC-BEAD/Source/OpenPLCv2/CASIN.ST,0eb674b59c40c7c6999698a578900a34bef0a7a9d0e4b52a5c2171049eff070f,CASINH_Block;CASIN_Block;CLOG_Block;CSQRT_Block,ATAN2;HYPOT;SGN,instance0;program0,True,False,False,FN,explicit FUNCTION_BLOCK declaration in mapped Structured Text source,production: GEB-scoped dt_FB_; probe: ungated core_symbol_text contains dt_FB_,DERIVED_EVIDENCE,
openplcV2_CASINH,CASINH,OpenPLCv2,fold_6,UNIQUE,1,AICPS-PLCBEAD_PLCEmbed-c78a56f/PLC-BEAD/Source/OpenPLCv2/CASINH.ST,28124c28b2092d8a6b851d077c7383a11b62eb715984639d194cfa81570be5cb,CASINH_Block;CLOG_Block;CSQRT_Block,ATAN2;HYPOT;SGN,instance0;program0,True,False,False,FN,explicit FUNCTION_BLOCK declaration in mapped Structured Text source,production: GEB-scoped dt_FB_; probe: ungated core_symbol_text contains dt_FB_,DERIVED_EVIDENCE,
openplcV2_CATAN,CATAN,OpenPLCv2,fold_7,UNIQUE,1,AICPS-PLCBEAD_PLCEmbed-c78a56f/PLC-BEAD/Source/OpenPLCv2/CATAN.ST,ce3e4af41bc8abdb9ba21cd02cb452e8933a02cbb493e83b4cad22a02c1dada7,CATAN_Block,,instance0;program0,True,False,False,FN,explicit FUNCTION_BLOCK declaration in mapped Structured Text source,production: GEB-scoped dt_FB_; probe: ungated core_symbol_text contains dt_FB_,DERIVED_EVIDENCE,
openplcV2_CATANH,CATANH,OpenPLCv2,fold_8,UNIQUE,1,AICPS-PLCBEAD_PLCEmbed-c78a56f/PLC-BEAD/Source/OpenPLCv2/CATANH.ST,4e073ae083dc0b25a16da35e63bfccce14c844876a58c00a9cf77ab412f6a985,CATANH_Block,,instance0;program0,True,False,False,FN,explicit FUNCTION_BLOCK declaration in mapped Structured Text source,production: GEB-scoped dt_FB_; probe: ungated core_symbol_text contains dt_FB_,DERIVED_EVIDENCE,
openplcV2_CAUCHY,CAUCHY,OpenPLCv2,fold_9,UNIQUE,1,AICPS-PLCBEAD_PLCEmbed-c78a56f/PLC-BEAD/Source/OpenPLCv2/CAUCHY.ST,0d77e98eee4524803657163d608aa27460d2ec4b1caff4441e006d75f666fcef,,CAUCHY,instance0;program0,False,False,False,TN,explicit FUNCTION_BLOCK declaration in mapped Structured Text source,production: GEB-scoped dt_FB_; probe: ungated core_symbol_text contains dt_FB_,DERIVED_EVIDENCE,
openplcV2_CAUCHYCD,CAUCHYCD,OpenPLCv2,fold_0,UNIQUE,1,AICPS-PLCBEAD_PLCEmbed-c78a56f/PLC-BEAD/Source/OpenPLCv2/CAUCHYCD.ST,c933126200eb0cfcaed98a1af2fddcb4d2b9dadd92a420fa16155ce4d20f9d5f,,CAUCHYCD,instance0;program0,False,False,False,TN,explicit FUNCTION_BLOCK declaration in mapped Structured Text source,production: GEB-scoped dt_FB_; probe: ungated core_symbol_text contains dt_FB_,DERIVED_EVIDENCE,
openplcV2_CCON,CCON,OpenPLCv2,fold_9,UNIQUE,1,AICPS-PLCBEAD_PLCEmbed-c78a56f/PLC-BEAD/Source/OpenPLCv2/CCON.ST,567b492ac4a97e7d1b9c479b518ed04ef817f7dba12ea28a3572b1d64069f5f4,CCON_Block,,instance0;program0,True,False,False,FN,explicit FUNCTION_BLOCK declaration in mapped Structured Text source,production: GEB-scoped dt_FB_; probe: ungated core_symbol_text contains dt_FB_,DERIVED_EVIDENCE,
openplcV2_CCOS,CCOS,OpenPLCv2,fold_0,UNIQUE,1,AICPS-PLCBEAD_PLCEmbed-c78a56f/PLC-BEAD/Source/OpenPLCv2/CCOS.ST,6fba38e45aa03d212a4120ede1de99df980f336c93c4d826e91d88dc79b70650,CCOSH_Block;CCOS_Block;CSET_Block,COSH;SINH,instance0;program0,True,False,False,FN,explicit FUNCTION_BLOCK declaration in mapped Structured Text source,production: GEB-scoped dt_FB_; probe: ungated core_symbol_text contains dt_FB_,DERIVED_EVIDENCE,
openplcV2_CCOSH,CCOSH,OpenPLCv2,fold_1,UNIQUE,1,AICPS-PLCBEAD_PLCEmbed-c78a56f/PLC-BEAD/Source/OpenPLCv2/CCOSH.ST,02160dc07ca31030609300c979c6492ec21245fe2ef7fd19fa59f1b12a704d6b,CCOSH_Block,COSH;SINH,instance0;program0,True,False,False,FN,explicit FUNCTION_BLOCK declaration in mapped Structured Text source,production: GEB-scoped dt_FB_; probe: ungated core_symbol_text contains dt_FB_,DERIVED_EVIDENCE,
openplcV2_CDIV,CDIV,OpenPLCv2,fold_2,UNIQUE,1,AICPS-PLCBEAD_PLCEmbed-c78a56f/PLC-BEAD/Source/OpenPLCv2/CDIV.ST,d440901bcc8fcd871b06b811061a41dc91063a57c13be0bae75966ebe65f2b23,CDIV_Block,,instance0;program0,True,False,False,FN,explicit FUNCTION_BLOCK declaration in mapped Structured Text source,production: GEB-scoped dt_FB_; probe: ungated core_symbol_text contains dt_FB_,DERIVED_EVIDENCE,
openplcV2_CEIL,CEIL,OpenPLCv2,fold_1,UNIQUE,1,AICPS-PLCBEAD_PLCEmbed-c78a56f/PLC-BEAD/Source/OpenPLCv2/CEIL.ST,d49667af71f4d9bdabf84a07ab8ee24d7fb272aaabba1e342841aa873b433189,,CEIL,instance0;program0,False,False,False,TN,explicit FUNCTION_BLOCK declaration in mapped Structured Text source,production: GEB-scoped dt_FB_; probe: ungated core_symbol_text contains dt_FB_,DERIVED_EVIDENCE,
openplcV2_CEIL2,CEIL2,OpenPLCv2,fold_2,UNIQUE,1,AICPS-PLCBEAD_PLCEmbed-c78a56f/PLC-BEAD/Source/OpenPLCv2/CEIL2.ST,fed5c9b251b7cb4f59ab3aefea3fd64dec1d929bed03dbaf28257447b708c3cd,,CEIL2;_REAL_TO_DINT,instance0;program0,False,False,False,TN,explicit FUNCTION_BLOCK declaration in mapped Structured Text source,production: GEB-scoped dt_FB_; probe: ungated core_symbol_text contains dt_FB_,DERIVED_EVIDENCE,
openplcV2_CEXP,CEXP,OpenPLCv2,fold_3,UNIQUE,1,AICPS-PLCBEAD_PLCEmbed-c78a56f/PLC-BEAD/Source/OpenPLCv2/CEXP.ST,5f226a401d8ba938ae650b3d7df299c356c515ec120098591ffbd0fd3c68a5fe,CEXP_Block,,instance0;program0,True,False,False,FN,explicit FUNCTION_BLOCK declaration in mapped Structured Text source,production: GEB-scoped dt_FB_; probe: ungated core_symbol_text contains dt_FB_,DERIVED_EVIDENCE,
openplcV2_CHARNAME,CHARNAME,OpenPLCv2,fold_3,UNIQUE,1,AICPS-PLCBEAD_PLCEmbed-c78a56f/PLC-BEAD/Source/OpenPLCv2/CHARNAME.ST,b61011dde6f8136761b3b151a348d625fbe6071ee9a7a7042ef17a45c746ee98,CHARNAME_Block;CHR_TO_STRING_Block;SETUP_CHARNAMES_Block,,instance0;program0,True,False,False,FN,explicit FUNCTION_BLOCK declaration in mapped Structured Text source,production: GEB-scoped dt_FB_; probe: ungated core_symbol_text contains dt_FB_,DERIVED_EVIDENCE,
openplcV2_CHECK_PARITY,CHECK_PARITY,OpenPLCv2,fold_7,UNIQUE,1,AICPS-PLCBEAD_PLCEmbed-c78a56f/PLC-BEAD/Source/OpenPLCv2/CHECK_PARITY.ST,e31b98865650efde494609f4e6dcc30935b2cd129315d940db406ecc6adbe134,,BIT_OF_DWORD;CHECK_PARITY,instance0;program0,False,False,False,TN,explicit FUNCTION_BLOCK declaration in mapped Structured Text source,production: GEB-scoped dt_FB_; probe: ungated core_symbol_text contains dt_FB_,DERIVED_EVIDENCE,
openplcV2_CHR_TO_STRING,CHR_TO_STRING,OpenPLCv2,fold_4,UNIQUE,1,AICPS-PLCBEAD_PLCEmbed-c78a56f/PLC-BEAD/Source/OpenPLCv2/CHR_TO_STRING.ST,fb3dd3624a61158e9f3f5f1ba643451946028f9db1da8201b0826ff0983177b0,CHR_TO_STRING_Block,,instance0;program0,True,False,False,FN,explicit FUNCTION_BLOCK declaration in mapped Structured Text source,production: GEB-scoped dt_FB_; probe: ungated core_symbol_text contains dt_FB_,DERIVED_EVIDENCE,
openplcV2_CINV,CINV,OpenPLCv2,fold_4,UNIQUE,1,AICPS-PLCBEAD_PLCEmbed-c78a56f/PLC-BEAD/Source/OpenPLCv2/CINV.ST,fccdee186393d30e072ad39b1c07ec2cd2edb8bda1711d7301b56c339cb1c235,CINV_Block,,instance0;program0,True,False,False,FN,explicit FUNCTION_BLOCK declaration in mapped Structured Text source,production: GEB-scoped dt_FB_; probe: ungated core_symbol_text contains dt_FB_,DERIVED_EVIDENCE,
openplcV2_CIRCLE_A,CIRCLE_A,OpenPLCv2,fold_0,UNIQUE,1,AICPS-PLCBEAD_PLCEmbed-c78a56f/PLC-BEAD/Source/OpenPLCv2/CIRCLE_A.ST,4cdf23f6031ed697ddf9a8851b9196df4695a03d34760b74d6ba14d156fff169,,CIRCLE_A,instance0;program0,False,False,False,TN,explicit FUNCTION_BLOCK declaration in mapped Structured Text source,production: GEB-scoped dt_FB_; probe: ungated core_symbol_text contains dt_FB_,DERIVED_EVIDENCE,
openplcV2_CIRCLE_C,CIRCLE_C,OpenPLCv2,fold_1,UNIQUE,1,AICPS-PLCBEAD_PLCEmbed-c78a56f/PLC-BEAD/Source/OpenPLCv2/CIRCLE_C.ST,508ba57b0a0396e9d52f51e32104d9c1a9e3efc44b648ed1c6819a2db84d1580,,CIRCLE_C,instance0;program0,False,False,False,TN,explicit FUNCTION_BLOCK declaration in mapped Structured Text source,production: GEB-scoped dt_FB_; probe: ungated core_symbol_text contains dt_FB_,DERIVED_EVIDENCE,
openplcV2_CIRCLE_SEG,CIRCLE_SEG,OpenPLCv2,fold_2,UNIQUE,1,AICPS-PLCBEAD_PLCEmbed-c78a56f/PLC-BEAD/Source/OpenPLCv2/CIRCLE_SEG.ST,33daa714f9e008a084c1b1d7c39001d877764ee83bd3f362363f8344c60a4816,,CIRCLE_SEG,instance0;program0,False,False,False,TN,explicit FUNCTION_BLOCK declaration in mapped Structured Text source,production: GEB-scoped dt_FB_; probe: ungated core_symbol_text contains dt_FB_,DERIVED_EVIDENCE,
openplcV2_CLEAN,CLEAN,OpenPLCv2,fold_5,UNIQUE,1,AICPS-PLCBEAD_PLCEmbed-c78a56f/PLC-BEAD/Source/OpenPLCv2/CLEAN.ST,0eb433c28637db27cfd9446bdbf234a9ca95aa6a68d004d53536028d007a8e8e,CLEAN_Block,,instance0;program0,True,False,False,FN,explicit FUNCTION_BLOCK declaration in mapped Structured Text source,production: GEB-scoped dt_FB_; probe: ungated core_symbol_text contains dt_FB_,DERIVED_EVIDENCE,
openplcV2_CLICK,CLICK,OpenPLCv2,fold_0,UNIQUE,1,AICPS-PLCBEAD_PLCEmbed-c78a56f/PLC-BEAD/Source/OpenPLCv2/CLICK.ST,0026c7dc3bf1d267408c022cafcc39b69595dcd58ba60a38dc0d410ecc6be64e,CLICK_Block;SW_RECONFIG_Block;T_PLC_MS_block,UDINT_TO_TIME2,instance0;program0,True,False,False,FN,explicit FUNCTION_BLOCK declaration in mapped Structured Text source,production: GEB-scoped dt_FB_; probe: ungated core_symbol_text contains dt_FB_,DERIVED_EVIDENCE,
openplcV2_CLICK_CNT,CLICK_CNT,OpenPLCv2,fold_2,UNIQUE,1,AICPS-PLCBEAD_PLCEmbed-c78a56f/PLC-BEAD/Source/OpenPLCv2/CLICK_CNT.ST,3f0ce01ec886c10a66bd9d01455987c474231e4c4a1ba03aed03a81c3b72a649,CLICK_CNT,,instance0;program0,True,False,False,FN,explicit FUNCTION_BLOCK declaration in mapped Structured Text source,production: GEB-scoped dt_FB_; probe: ungated core_symbol_text contains dt_FB_,DERIVED_EVIDENCE,
openplcV2_CLICK_DEC,CLICK_DEC,OpenPLCv2,fold_3,UNIQUE,1,AICPS-PLCBEAD_PLCEmbed-c78a56f/PLC-BEAD/Source/OpenPLCv2/CLICK_DEC.ST,f49500457712e974a6da60fee03de0d72cfd7ce55b12e7faae7aa26e877ec34d,CLICK_DEC,,instance0;program0,True,False,False,FN,explicit FUNCTION_BLOCK declaration in mapped Structured Text source,production: GEB-scoped dt_FB_; probe: ungated core_symbol_text contains dt_FB_,DERIVED_EVIDENCE,
openplcV2_CLICK_MODE,CLICK_MODE,OpenPLCv2,fold_1,UNIQUE,1,AICPS-PLCBEAD_PLCEmbed-c78a56f/PLC-BEAD/Source/OpenPLCv2/CLICK_MODE.ST,b18a2ef9ac52eaa253a5c1369d845f695164f77ea4a72de02e6cac60c98fd493,CLICK_MODE_Block,,instance0;program0,True,False,False,FN,explicit FUNCTION_BLOCK declaration in mapped Structured Text source,production: GEB-scoped dt_FB_; probe: ungated core_symbol_text contains dt_FB_,DERIVED_EVIDENCE,
openplcV2_CLK_DIV,CLK_DIV,OpenPLCv2,fold_4,UNIQUE,1,AICPS-PLCBEAD_PLCEmbed-c78a56f/PLC-BEAD/Source/OpenPLCv2/CLK_DIV.ST,89b34c3959a8a23f63d4e567e82f4547042b7941282abcc5cab29427570d8ecd,CLK_DIV,BIT_OF_DWORD,instance0;program0,True,False,False,FN,explicit FUNCTION_BLOCK declaration in mapped Structured Text source,production: GEB-scoped dt_FB_; probe: ungated core_symbol_text contains dt_FB_,DERIVED_EVIDENCE,
openplcV2_CLK_N,CLK_N,OpenPLCv2,fold_5,UNIQUE,1,AICPS-PLCBEAD_PLCEmbed-c78a56f/PLC-BEAD/Source/OpenPLCv2/CLK_N.ST,727ae55ab85b7a0c70e10a7faa57c94de4b94b64c617633bff55fe2535eedec1,CLK_N;T_PLC_MS_block,BIT_OF_DWORD,instance0;program0,True,False,False,FN,explicit FUNCTION_BLOCK declaration in mapped Structured Text source,production: GEB-scoped dt_FB_; probe: ungated core_symbol_text contains dt_FB_,DERIVED_EVIDENCE,
openplcV2_CLK_PRG,CLK_PRG,OpenPLCv2,fold_6,UNIQUE,1,AICPS-PLCBEAD_PLCEmbed-c78a56f/PLC-BEAD/Source/OpenPLCv2/CLK_PRG.ST,531c9795ebe1d072b30e359cc0cecbe9c1e34e2177987983df4215061aed7783,CLK_PRG;T_PLC_MS_block,,instance0;program0,True,False,False,FN,explicit FUNCTION_BLOCK declaration in mapped Structured Text source,production: GEB-scoped dt_FB_; probe: ungated core_symbol_text contains dt_FB_,DERIVED_EVIDENCE,
openplcV2_CLK_PULSE,CLK_PULSE,OpenPLCv2,fold_7,UNIQUE,1,AICPS-PLCBEAD_PLCEmbed-c78a56f/PLC-BEAD/Source/OpenPLCv2/CLK_PULSE.ST,be6194b2104c385b53fa168ff3689aca459dc56857070f03458c90fcc6363cc1,CLK_PULSE;T_PLC_MS_block,TIME_TO_UDINT2,instance0;program0,True,False,False,FN,explicit FUNCTION_BLOCK declaration in mapped Structured Text source,production: GEB-scoped dt_FB_; probe: ungated core_symbol_text contains dt_FB_,DERIVED_EVIDENCE,
openplcV2_CLOG,CLOG,OpenPLCv2,fold_5,UNIQUE,1,AICPS-PLCBEAD_PLCEmbed-c78a56f/PLC-BEAD/Source/OpenPLCv2/CLOG.ST,1fce4353f9b594386f54fe52ae9f465205d4ebbbe86bfe611bcad8f50f0ac25b,CLOG_Block,ATAN2;HYPOT,instance0;program0,True,False,False,FN,explicit FUNCTION_BLOCK declaration in mapped Structured Text source,production: GEB-scoped dt_FB_; probe: ungated core_symbol_text contains dt_FB_,DERIVED_EVIDENCE,
openplcV2_CMP,CMP,OpenPLCv2,fold_3,UNIQUE,1,AICPS-PLCBEAD_PLCEmbed-c78a56f/PLC-BEAD/Source/OpenPLCv2/CMP.ST,e77c82e601b0454cbd6fb0cc4be38db8a0fcc0210bfa85ccd38394d7ed5ef89c,,CMP;EXP10;FLOOR,instance0;program0,False,False,False,TN,explicit FUNCTION_BLOCK declaration in mapped Structured Text source,production: GEB-scoped dt_FB_; probe: ungated core_symbol_text contains dt_FB_,DERIVED_EVIDENCE,
openplcV2_CMUL,CMUL,OpenPLCv2,fold_6,UNIQUE,1,AICPS-PLCBEAD_PLCEmbed-c78a56f/PLC-BEAD/Source/OpenPLCv2/CMUL.ST,2d55aaf4460457f04340b33e84dc4d682460f39780989f1edcc9274c7943d002,CMUL_Block,,instance0;program0,True,False,False,FN,explicit FUNCTION_BLOCK declaration in mapped Structured Text source,production: GEB-scoped dt_FB_; probe: ungated core_symbol_text contains dt_FB_,DERIVED_EVIDENCE,
openplcV2_CONE_V,CONE_V,OpenPLCv2,fold_3,UNIQUE,1,AICPS-PLCBEAD_PLCEmbed-c78a56f/PLC-BEAD/Source/OpenPLCv2/CONE_V.ST,e4bca92fa51515b71a9dacff3f72ca26e21e03850a027f644964b7ddebb2f346,,CONE_V,instance0;program0,False,False,False,TN,explicit FUNCTION_BLOCK declaration in mapped Structured Text source,production: GEB-scoped dt_FB_; probe: ungated core_symbol_text contains dt_FB_,DERIVED_EVIDENCE,
openplcV2_CONTROL_SET1,CONTROL_SET1,OpenPLCv2,fold_1,UNIQUE,1,AICPS-PLCBEAD_PLCEmbed-c78a56f/PLC-BEAD/Source/OpenPLCv2/CONTROL_SET1.ST,c18f6de694038bce8ee1aceeb36337458693f3ec66255b696442344d18dec4e8,CONTROL_SET1_Block,,instance0;program0,True,False,False,FN,explicit FUNCTION_BLOCK declaration in mapped Structured Text source,production: GEB-scoped dt_FB_; probe: ungated core_symbol_text contains dt_FB_,DERIVED_EVIDENCE,
openplcV2_CONTROL_SET2,CONTROL_SET2,OpenPLCv2,fold_2,UNIQUE,1,AICPS-PLCBEAD_PLCEmbed-c78a56f/PLC-BEAD/Source/OpenPLCv2/CONTROL_SET2.ST,6dfc6cbfde24a0cc1893ffc374ec8063b963833c6bb4a3888aaae43e208a535b,CONTROL_SET2,,instance0;program0,True,False,False,FN,explicit FUNCTION_BLOCK declaration in mapped Structured Text source,production: GEB-scoped dt_FB_; probe: ungated core_symbol_text contains dt_FB_,DERIVED_EVIDENCE,
openplcV2_COSH,COSH,OpenPLCv2,fold_4,UNIQUE,1,AICPS-PLCBEAD_PLCEmbed-c78a56f/PLC-BEAD/Source/OpenPLCv2/COSH.ST,d34e2e6f9405f7bfd9433e3bb6632cbba07abdc30e2a421b4b867c04f386a4c1,,COSH,instance0;program0,False,False,False,TN,explicit FUNCTION_BLOCK declaration in mapped Structured Text source,production: GEB-scoped dt_FB_; probe: ungated core_symbol_text contains dt_FB_,DERIVED_EVIDENCE,
openplcV2_COTH,COTH,OpenPLCv2,fold_5,UNIQUE,1,AICPS-PLCBEAD_PLCEmbed-c78a56f/PLC-BEAD/Source/OpenPLCv2/COTH.ST,996abbd90040b40744146b4158ad858256ec56509707fc575554c3ea83ba13ec,,COTH,instance0;program0,False,False,False,TN,explicit FUNCTION_BLOCK declaration in mapped Structured Text source,production: GEB-scoped dt_FB_; probe: ungated core_symbol_text contains dt_FB_,DERIVED_EVIDENCE,
openplcV2_COUNT_BR,COUNT_BR,OpenPLCv2,fold_0,UNIQUE,1,AICPS-PLCBEAD_PLCEmbed-c78a56f/PLC-BEAD/Source/OpenPLCv2/COUNT_BR.ST,dd4a7a67a6e34220b98b5fb18c8cd438648b1f928d4e4d1a1e1fed181609508d,COUNT_BR,INC;_BYTE_TO_INT,instance0;program0,True,False,False,FN,explicit FUNCTION_BLOCK declaration in mapped Structured Text source,production: GEB-scoped dt_FB_; probe: ungated core_symbol_text contains dt_FB_,DERIVED_EVIDENCE,
openplcV2_COUNT_DR,COUNT_DR,OpenPLCv2,fold_1,UNIQUE,1,AICPS-PLCBEAD_PLCEmbed-c78a56f/PLC-BEAD/Source/OpenPLCv2/COUNT_DR.ST,8c093b4f00ef1cbdf505a21eddc33af92f9d0d7d86d09b4bc193e0f1eadbaa7a,COUNT_DR,,instance0;program0,True,False,False,FN,explicit FUNCTION_BLOCK declaration in mapped Structured Text source,production: GEB-scoped dt_FB_; probe: ungated core_symbol_text contains dt_FB_,DERIVED_EVIDENCE,
openplcV2_COUNT_SUBSTRING,COUNT_SUBSTRING,OpenPLCv2,fold_6,UNIQUE,1,AICPS-PLCBEAD_PLCEmbed-c78a56f/PLC-BEAD/Source/OpenPLCv2/COUNT_SUBSTRING.ST,21e01880278b32d4e31651268dc7fb72f1547235e4fb9e38a260da9702ca5e3a,COUNT_SUBSTRING_Block,,instance0;program0,True,False,False,FN,explicit FUNCTION_BLOCK declaration in mapped Structured Text source,production: GEB-scoped dt_FB_; probe: ungated core_symbol_text contains dt_FB_,DERIVED_EVIDENCE,
openplcV2_CPOL,CPOL,OpenPLCv2,fold_7,UNIQUE,1,AICPS-PLCBEAD_PLCEmbed-c78a56f/PLC-BEAD/Source/OpenPLCv2/CPOL.ST,f18923b8057a497a9bc182ddbf287a0cacbc4fb96ee2b49279325debf229dab5,CPOL_Block,,instance0;program0,True,False,False,FN,explicit FUNCTION_BLOCK declaration in mapped Structured Text source,production: GEB-scoped dt_FB_; probe: ungated core_symbol_text contains dt_FB_,DERIVED_EVIDENCE,
openplcV2_CPOW,CPOW,OpenPLCv2,fold_8,UNIQUE,1,AICPS-PLCBEAD_PLCEmbed-c78a56f/PLC-BEAD/Source/OpenPLCv2/CPOW.ST,81cf4c4f4666f47bf84caa16ec9c9d9f93039b8036ef53becf1a74f5476e3ff7,CEXP_Block;CLOG_Block;CMUL_Block;CPOW_Block,ATAN2;HYPOT,instance0;program0,True,False,False,FN,explicit FUNCTION_BLOCK declaration in mapped Structured Text source,production: GEB-scoped dt_FB_; probe: ungated core_symbol_text contains dt_FB_,DERIVED_EVIDENCE,
openplcV2_CRC_GEN,CRC_GEN,OpenPLCv2,fold_8,UNIQUE,1,AICPS-PLCBEAD_PLCEmbed-c78a56f/PLC-BEAD/Source/OpenPLCv2/CRC_GEN.ST,ea0149b5a6dd9df0b98a41e7e612a305923a0da707a7fc6a750aeb7f4bec5b4c,CRC_GEN_Block,REFLECT;REVERSE,instance0;program0,True,False,False,FN,explicit FUNCTION_BLOCK declaration in mapped Structured Text source,production: GEB-scoped dt_FB_; probe: ungated core_symbol_text contains dt_FB_,DERIVED_EVIDENCE,
openplcV2_CSET,CSET,OpenPLCv2,fold_9,UNIQUE,1,AICPS-PLCBEAD_PLCEmbed-c78a56f/PLC-BEAD/Source/OpenPLCv2/CSET.ST,bd8d28a4ac5bc0ce6f81a06f5e09f11deda54a9945a65cb65ef73da3f65ad855,CSET_Block,,instance0;program0,True,False,False,FN,explicit FUNCTION_BLOCK declaration in mapped Structured Text source,production: GEB-scoped dt_FB_; probe: ungated core_symbol_text contains dt_FB_,DERIVED_EVIDENCE,
openplcV2_CSIN,CSIN,OpenPLCv2,fold_0,UNIQUE,1,AICPS-PLCBEAD_PLCEmbed-c78a56f/PLC-BEAD/Source/OpenPLCv2/CSIN.ST,abaf5d5fb70f32d17fb4732ef6572dfa3f07f7083904c99c34b0ee971a8970ec,CSIN_Block,COSH;SINH,instance0;program0,True,False,False,FN,explicit FUNCTION_BLOCK declaration in mapped Structured Text source,production: GEB-scoped dt_FB_; probe: ungated core_symbol_text contains dt_FB_,DERIVED_EVIDENCE,
openplcV2_CSINH,CSINH,OpenPLCv2,fold_1,UNIQUE,1,AICPS-PLCBEAD_PLCEmbed-c78a56f/PLC-BEAD/Source/OpenPLCv2/CSINH.ST,3e002c0f4f3d28f352b187ad28330819bf2465206ce1e9277f015a121a07e4e8,CSINH_Block,COSH;SINH,instance0;program0,True,False,False,FN,explicit FUNCTION_BLOCK declaration in mapped Structured Text source,production: GEB-scoped dt_FB_; probe: ungated core_symbol_text contains dt_FB_,DERIVED_EVIDENCE,
openplcV2_CSQRT,CSQRT,OpenPLCv2,fold_2,UNIQUE,1,AICPS-PLCBEAD_PLCEmbed-c78a56f/PLC-BEAD/Source/OpenPLCv2/CSQRT.ST,4bbeb42afa0fff7e5b741d2adeff7ecdf04a276d8f7ccfafd71da2308cd316dc,CSQRT_Block,HYPOT;SGN,instance0;program0,True,False,False,FN,explicit FUNCTION_BLOCK declaration in mapped Structured Text source,production: GEB-scoped dt_FB_; probe: ungated core_symbol_text contains dt_FB_,DERIVED_EVIDENCE,
openplcV2_CSUB,CSUB,OpenPLCv2,fold_3,UNIQUE,1,AICPS-PLCBEAD_PLCEmbed-c78a56f/PLC-BEAD/Source/OpenPLCv2/CSUB.ST,70884bfcb4ae4958667ac645f999b5812de11e32562cb468697c2d148fcc4cbc,CSUB_Block,,instance0;program0,True,False,False,FN,explicit FUNCTION_BLOCK declaration in mapped Structured Text source,production: GEB-scoped dt_FB_; probe: ungated core_symbol_text contains dt_FB_,DERIVED_EVIDENCE,
openplcV2_CTAN,CTAN,OpenPLCv2,fold_4,UNIQUE,1,AICPS-PLCBEAD_PLCEmbed-c78a56f/PLC-BEAD/Source/OpenPLCv2/CTAN.ST,161eeea3f688a24e669c364b34c045285d6586d51acbceecb5481cb4797d2729,CTAN_Block,COSH;SINH,instance0;program0,True,False,False,FN,explicit FUNCTION_BLOCK declaration in mapped Structured Text source,production: GEB-scoped dt_FB_; probe: ungated core_symbol_text contains dt_FB_,DERIVED_EVIDENCE,
openplcV2_CTANH,CTANH,OpenPLCv2,fold_5,UNIQUE,1,AICPS-PLCBEAD_PLCEmbed-c78a56f/PLC-BEAD/Source/OpenPLCv2/CTANH.ST,101b01ba731711340085e386aa2a1946121282703a731c0bc8562fc7179eba94,CTANH_Block,COSH;SINH,instance0;program0,True,False,False,FN,explicit FUNCTION_BLOCK declaration in mapped Structured Text source,production: GEB-scoped dt_FB_; probe: ungated core_symbol_text contains dt_FB_,DERIVED_EVIDENCE,
openplcV2_CTRL_IN,CTRL_IN,OpenPLCv2,fold_3,UNIQUE,1,AICPS-PLCBEAD_PLCEmbed-c78a56f/PLC-BEAD/Source/OpenPLCv2/CTRL_IN.ST,6da9df6819e34fb28c238d0671216524192a1718f33a40d860d7ab7d6a072fb2,,CTRL_IN;DEAD_ZONE,instance0;program0,False,False,False,TN,explicit FUNCTION_BLOCK declaration in mapped Structured Text source,production: GEB-scoped dt_FB_; probe: ungated core_symbol_text contains dt_FB_,DERIVED_EVIDENCE,
openplcV2_CTRL_OUT,CTRL_OUT,OpenPLCv2,fold_4,UNIQUE,1,AICPS-PLCBEAD_PLCEmbed-c78a56f/PLC-BEAD/Source/OpenPLCv2/CTRL_OUT.ST,f37a596be43c917d1102c411147fff2e06eee13204b29ba373c0127cd73fd295,CTRL_OUT,,instance0;program0,True,False,False,FN,explicit FUNCTION_BLOCK declaration in mapped Structured Text source,production: GEB-scoped dt_FB_; probe: ungated core_symbol_text contains dt_FB_,DERIVED_EVIDENCE,
openplcV2_CTRL_PI,CTRL_PI,OpenPLCv2,fold_5,UNIQUE,1,AICPS-PLCBEAD_PLCEmbed-c78a56f/PLC-BEAD/Source/OpenPLCv2/CTRL_PI.ST,48eacfa69c9e044884f0332216ea9983f2761efb14c3c98576c51b2fe02530f5,CTRL_OUT;CTRL_PI;FT_PIWL;T_PLC_US_Block,CTRL_IN;DEAD_ZONE,instance0;program0,True,False,False,FN,explicit FUNCTION_BLOCK declaration in mapped Structured Text source,production: GEB-scoped dt_FB_; probe: ungated core_symbol_text contains dt_FB_,DERIVED_EVIDENCE,
openplcV2_CTRL_PID,CTRL_PID,OpenPLCv2,fold_6,UNIQUE,1,AICPS-PLCBEAD_PLCEmbed-c78a56f/PLC-BEAD/Source/OpenPLCv2/CTRL_PID.ST,fc8e746c10e47c6d6f15007dd1de31151dc1d44719116a93701092b70cac47a3,CTRL_OUT;CTRL_PID;FT_DERIV;FT_PIDWL;FT_PIWL;T_PLC_US_Block,CTRL_IN;DEAD_ZONE,instance0;program0,True,False,False,FN,explicit FUNCTION_BLOCK declaration in mapped Structured Text source,production: GEB-scoped dt_FB_; probe: ungated core_symbol_text contains dt_FB_,DERIVED_EVIDENCE,
openplcV2_CTRL_PWM,CTRL_PWM,OpenPLCv2,fold_7,UNIQUE,1,AICPS-PLCBEAD_PLCEmbed-c78a56f/PLC-BEAD/Source/OpenPLCv2/CTRL_PWM.ST,388e0b649f3e802f80dd85f3ac86f4f2c92c4fb9c759c7c075e3d4eafeacd1fd,CLK_PRG;CTRL_PWM;PWM_DC;TP_X;T_PLC_MS_block,REAL_TO_TIME2;_REAL_TO_UDINT,instance0;program0,True,False,False,FN,explicit FUNCTION_BLOCK declaration in mapped Structured Text source,production: GEB-scoped dt_FB_; probe: ungated core_symbol_text contains dt_FB_,DERIVED_EVIDENCE,
openplcV2_CYCLE_4,CYCLE_4,OpenPLCv2,fold_8,UNIQUE,1,AICPS-PLCBEAD_PLCEmbed-c78a56f/PLC-BEAD/Source/OpenPLCv2/CYCLE_4.ST,6d8646d43dc11279d86cb9787e2e02082a88f14b9c3aa5714d77d259ff141880,CYCLE_4;T_PLC_MS_block,,instance0;program0,True,False,False,FN,explicit FUNCTION_BLOCK declaration in mapped Structured Text source,production: GEB-scoped dt_FB_; probe: ungated core_symbol_text contains dt_FB_,DERIVED_EVIDENCE,
openplcV2_CYCLE_TIME,CYCLE_TIME,OpenPLCv2,fold_3,UNIQUE,1,AICPS-PLCBEAD_PLCEmbed-c78a56f/PLC-BEAD/Source/OpenPLCv2/CYCLE_TIME.ST,547d3b940e06831bac8b051718b26cbbce60a32006a10353bd5eb8ad7f667ecb,CYCLE_TIME;T_PLC_MS_block,,instance0;program0,True,False,False,FN,explicit FUNCTION_BLOCK declaration in mapped Structured Text source,production: GEB-scoped dt_FB_; probe: ungated core_symbol_text contains dt_FB_,DERIVED_EVIDENCE,
openplcV2_C_TO_F,C_TO_F,OpenPLCv2,fold_2,UNIQUE,1,AICPS-PLCBEAD_PLCEmbed-c78a56f/PLC-BEAD/Source/OpenPLCv2/C_TO_F.ST,91f70264134f62933a718e7c1d6d358193df20968b521508afdad079a0b5b722,,C_TO_F,instance0;program0,False,False,False,TN,explicit FUNCTION_BLOCK declaration in mapped Structured Text source,production: GEB-scoped dt_FB_; probe: ungated core_symbol_text contains dt_FB_,DERIVED_EVIDENCE,
openplcV2_C_TO_K,C_TO_K,OpenPLCv2,fold_3,UNIQUE,1,AICPS-PLCBEAD_PLCEmbed-c78a56f/PLC-BEAD/Source/OpenPLCv2/C_TO_K.ST,443d569ce0f52f9b28ba3ff4e45e1f4c6c747a6a42018733088e4016ece3c846,,C_TO_K,instance0;program0,False,False,False,TN,explicit FUNCTION_BLOCK declaration in mapped Structured Text source,production: GEB-scoped dt_FB_; probe: ungated core_symbol_text contains dt_FB_,DERIVED_EVIDENCE,
openplcV2_DATE_ADD,DATE_ADD,OpenPLCv2,fold_1,UNIQUE,1,AICPS-PLCBEAD_PLCEmbed-c78a56f/PLC-BEAD/Source/OpenPLCv2/DATE_ADD.ST,c67fc773f8db40424acb59498118ca7ddc0ab9abe3ef6143329404d1d143ce35,,DATE_ADD;DAY_OF_MONTH;DAY_OF_WEEK;DAY_OF_YEAR;LEAP_OF_DATE;MONTH_OF_DATE;SET_DATE;YEAR_OF_DATE;_INT_TO_UDINT,instance0;program0,False,False,False,TN,explicit FUNCTION_BLOCK declaration in mapped Structured Text source,production: GEB-scoped dt_FB_; probe: ungated core_symbol_text contains dt_FB_,DERIVED_EVIDENCE,
openplcV2_DATE_TO_DT,DATE_TO_DT,OpenPLCv2,fold_2,UNIQUE,1,AICPS-PLCBEAD_PLCEmbed-c78a56f/PLC-BEAD/Source/OpenPLCv2/DATE_TO_DT.ST,24ba49fdfe890ded8e2cf16955dfb3d848a7c624490f9e1b4387c2ab6da82fc6,,DATE_TO_DT,instance0;program0,False,False,False,TN,explicit FUNCTION_BLOCK declaration in mapped Structured Text source,production: GEB-scoped dt_FB_; probe: ungated core_symbol_text contains dt_FB_,DERIVED_EVIDENCE,
openplcV2_DATE_TO_DWORD,DATE_TO_DWORD,OpenPLCv2,fold_3,UNIQUE,1,AICPS-PLCBEAD_PLCEmbed-c78a56f/PLC-BEAD/Source/OpenPLCv2/DATE_TO_DWORD.ST,088a7ee16c352c5e42854c3765661c1a5f74567016be299a15b52e2f5e0a2fcc,,DATE_TO_DWORD2,instance0;program0,False,False,False,TN,explicit FUNCTION_BLOCK declaration in mapped Structured Text source,production: GEB-scoped dt_FB_; probe: ungated core_symbol_text contains dt_FB_,DERIVED_EVIDENCE,
openplcV2_DATE_TO_REAL,DATE_TO_REAL,OpenPLCv2,fold_4,UNIQUE,1,AICPS-PLCBEAD_PLCEmbed-c78a56f/PLC-BEAD/Source/OpenPLCv2/DATE_TO_REAL.ST,f1cbe96a1e88583175361880e99ba88d5f0ecb43c7cff1e9b037c75b65ca66ae,,DATE_TO_REAL2,instance0;program0,False,False,False,TN,explicit FUNCTION_BLOCK declaration in mapped Structured Text source,production: GEB-scoped dt_FB_; probe: ungated core_symbol_text contains dt_FB_,DERIVED_EVIDENCE,
openplcV2_DATE_TO_STRING,DATE_TO_STRING,OpenPLCv2,fold_7,UNIQUE,1,AICPS-PLCBEAD_PLCEmbed-c78a56f/PLC-BEAD/Source/OpenPLCv2/DATE_TO_STRING.ST,599a3e7130143977822ad377d054d68ba9a99533b3dfda7cd10c35b86b390ae1,DATE_TO_STRING2,DAY_OF_MONTH;DAY_OF_YEAR;LEAP_OF_DATE;MONTH_OF_DATE;YEAR_OF_DATE,instance0;program0,True,False,False,FN,explicit FUNCTION_BLOCK declaration in mapped Structured Text source,production: GEB-scoped dt_FB_; probe: ungated core_symbol_text contains dt_FB_,DERIVED_EVIDENCE,
openplcV2_DATE_TO_UDINT,DATE_TO_UDINT,OpenPLCv2,fold_5,UNIQUE,1,AICPS-PLCBEAD_PLCEmbed-c78a56f/PLC-BEAD/Source/OpenPLCv2/DATE_TO_UDINT.ST,856e155980fdecada4495e48bc91d0f2c107fba6e8aa6e3b6b235aa969d590d0,,DATE_TO_UDINT2,instance0;program0,False,False,False,TN,explicit FUNCTION_BLOCK declaration in mapped Structured Text source,production: GEB-scoped dt_FB_; probe: ungated core_symbol_text contains dt_FB_,DERIVED_EVIDENCE,
openplcV2_DAYS_DELTA,DAYS_DELTA,OpenPLCv2,fold_1,UNIQUE,1,AICPS-PLCBEAD_PLCEmbed-c78a56f/PLC-BEAD/Source/OpenPLCv2/DAYS_DELTA.ST,2f8fd5ea7fe275bd5f8010e59d6209054c7510da67d1e7b7f1ea5cbbb056e04d,,DAYS_DELTA,instance0;program0,False,False,False,TN,explicit FUNCTION_BLOCK declaration in mapped Structured Text source,production: GEB-scoped dt_FB_; probe: ungated core_symbol_text contains dt_FB_,DERIVED_EVIDENCE,
openplcV2_DAYS_IN_MONTH,DAYS_IN_MONTH,OpenPLCv2,fold_2,UNIQUE,1,AICPS-PLCBEAD_PLCEmbed-c78a56f/PLC-BEAD/Source/OpenPLCv2/DAYS_IN_MONTH.ST,50cfac504034ce2a25a04bb7c257e47376793cabddd5fb5e0cd085e8709c3893,,DAYS_IN_MONTH;DAY_OF_YEAR;LEAP_OF_DATE,instance0;program0,False,False,False,TN,explicit FUNCTION_BLOCK declaration in mapped Structured Text source,production: GEB-scoped dt_FB_; probe: ungated core_symbol_text contains dt_FB_,DERIVED_EVIDENCE,
openplcV2_DAYS_IN_YEAR,DAYS_IN_YEAR,OpenPLCv2,fold_3,UNIQUE,1,AICPS-PLCBEAD_PLCEmbed-c78a56f/PLC-BEAD/Source/OpenPLCv2/DAYS_IN_YEAR.ST,f5bb360f155f2b4d663814b3b0f7dafbda47dcd63f531cf6a658ca039b5c1b87,,DAYS_IN_YEAR;LEAP_OF_DATE,instance0;program0,False,False,False,TN,explicit FUNCTION_BLOCK declaration in mapped Structured Text source,production: GEB-scoped dt_FB_; probe: ungated core_symbol_text contains dt_FB_,DERIVED_EVIDENCE,
openplcV2_DAY_OF_DATE,DAY_OF_DATE,OpenPLCv2,fold_6,UNIQUE,1,AICPS-PLCBEAD_PLCEmbed-c78a56f/PLC-BEAD/Source/OpenPLCv2/DAY_OF_DATE.ST,f83fcfdb56c218a8d92332d7dd944447d7d08e6532ab423f6bf40348eea63777,,DAY_OF_DATE,instance0;program0,False,False,False,TN,explicit FUNCTION_BLOCK declaration in mapped Structured Text source,production: GEB-scoped dt_FB_; probe: ungated core_symbol_text contains dt_FB_,DERIVED_EVIDENCE,
openplcV2_DAY_OF_MONTH,DAY_OF_MONTH,OpenPLCv2,fold_7,UNIQUE,1,AICPS-PLCBEAD_PLCEmbed-c78a56f/PLC-BEAD/Source/OpenPLCv2/DAY_OF_MONTH.ST,826995db704efef300b1e1c98ddbdfe9912907023ab168db9044bdcd857bd3be,,DAY_OF_MONTH;DAY_OF_YEAR;LEAP_OF_DATE,instance0;program0,False,False,False,TN,explicit FUNCTION_BLOCK declaration in mapped Structured Text source,production: GEB-scoped dt_FB_; probe: ungated core_symbol_text contains dt_FB_,DERIVED_EVIDENCE,
openplcV2_DAY_OF_WEEK,DAY_OF_WEEK,OpenPLCv2,fold_8,UNIQUE,1,AICPS-PLCBEAD_PLCEmbed-c78a56f/PLC-BEAD/Source/OpenPLCv2/DAY_OF_WEEK.ST,49dae63366edd31143ea334e070b22d22cba110002484152ce8475e6e0d706f1,,DAY_OF_WEEK,instance0;program0,False,False,False,TN,explicit FUNCTION_BLOCK declaration in mapped Structured Text source,production: GEB-scoped dt_FB_; probe: ungated core_symbol_text contains dt_FB_,DERIVED_EVIDENCE,
openplcV2_DAY_OF_YEAR,DAY_OF_YEAR,OpenPLCv2,fold_9,UNIQUE,1,AICPS-PLCBEAD_PLCEmbed-c78a56f/PLC-BEAD/Source/OpenPLCv2/DAY_OF_YEAR.ST,6e4771664da90fcbfe3a5dfeca192cab9c73c3baee5b651a4760f3b37691759d,,DAY_OF_YEAR,instance0;program0,False,False,False,TN,explicit FUNCTION_BLOCK declaration in mapped Structured Text source,production: GEB-scoped dt_FB_; probe: ungated core_symbol_text contains dt_FB_,DERIVED_EVIDENCE,
openplcV2_DEAD_BAND,DEAD_BAND,OpenPLCv2,fold_8,UNIQUE,1,AICPS-PLCBEAD_PLCEmbed-c78a56f/PLC-BEAD/Source/OpenPLCv2/DEAD_BAND.ST,e0b620767e8ee7b8bb4eaa429f763866af75f3ae358be89722f5cc1002d45e44,,DEAD_BAND,instance0;program0,False,False,False,TN,explicit FUNCTION_BLOCK declaration in mapped Structured Text source,production: GEB-scoped dt_FB_; probe: ungated core_symbol_text contains dt_FB_,DERIVED_EVIDENCE,
openplcV2_DEAD_BAND_A,DEAD_BAND_A,OpenPLCv2,fold_9,UNIQUE,1,AICPS-PLCBEAD_PLCEmbed-c78a56f/PLC-BEAD/Source/OpenPLCv2/DEAD_BAND_A.ST,c40d215ffa6d7ceea200d0311e0208e84c1d41fe68f4fd9d9d1c66a8a291376e,DEAD_BAND_A;FT_PT1;T_PLC_US_Block,MULTIME;_DWORD_TO_REAL;_REAL_TO_DWORD,instance0;program0,True,False,False,FN,explicit FUNCTION_BLOCK declaration in mapped Structured Text source,production: GEB-scoped dt_FB_; probe: ungated core_symbol_text contains dt_FB_,DERIVED_EVIDENCE,
openplcV2_DEAD_ZONE,DEAD_ZONE,OpenPLCv2,fold_0,UNIQUE,1,AICPS-PLCBEAD_PLCEmbed-c78a56f/PLC-BEAD/Source/OpenPLCv2/DEAD_ZONE.ST,88400a7032d341acbf9cc5fbab68fca29aaf7203add0f1971854041dc2a64083,,DEAD_ZONE,instance0;program0,False,False,False,TN,explicit FUNCTION_BLOCK declaration in mapped Structured Text source,production: GEB-scoped dt_FB_; probe: ungated core_symbol_text contains dt_FB_,DERIVED_EVIDENCE,
openplcV2_DEAD_ZONE2,DEAD_ZONE2,OpenPLCv2,fold_1,UNIQUE,1,AICPS-PLCBEAD_PLCEmbed-c78a56f/PLC-BEAD/Source/OpenPLCv2/DEAD_ZONE2.ST,97ddceea460cdad5af36aa656888689926d27bb1caf6014e7be0b4d22aac8ee9,DEAD_ZONE2,,instance0;program0,True,False,False,FN,explicit FUNCTION_BLOCK declaration in mapped Structured Text source,production: GEB-scoped dt_FB_; probe: ungated core_symbol_text contains dt_FB_,DERIVED_EVIDENCE,
openplcV2_DEBOUNCE,DEBOUNCE,OpenPLCv2,fold_2,UNIQUE,1,AICPS-PLCBEAD_PLCEmbed-c78a56f/PLC-BEAD/Source/OpenPLCv2/DEBOUNCE.ST,d1aeb49b556bc1dd66c46ca366998c4fb8be2cb6086ccf3030d874fe1c5a2db9,DEBOUNCE_Block,,instance0;program0,True,False,False,FN,explicit FUNCTION_BLOCK declaration in mapped Structured Text source,production: GEB-scoped dt_FB_; probe: ungated core_symbol_text contains dt_FB_,DERIVED_EVIDENCE,
openplcV2_DEC1,DEC1,OpenPLCv2,fold_5,UNIQUE,1,AICPS-PLCBEAD_PLCEmbed-c78a56f/PLC-BEAD/Source/OpenPLCv2/DEC1.ST,d9b7e32c80296f13cb82ea4275fba6f3950fc23a04660d85ef01dfeeb0ad98d9,,DEC1,instance0;program0,False,False,False,TN,explicit FUNCTION_BLOCK declaration in mapped Structured Text source,production: GEB-scoped dt_FB_; probe: ungated core_symbol_text contains dt_FB_,DERIVED_EVIDENCE,
openplcV2_DEC_2,DEC_2,OpenPLCv2,fold_9,UNIQUE,1,AICPS-PLCBEAD_PLCEmbed-c78a56f/PLC-BEAD/Source/OpenPLCv2/DEC_2.ST,4c3eff3249f77d762068ddab7f3df10dcafe61c7ca6a3138e976ee9f1c15a7e0,DEC_2,,instance0;program0,True,False,False,FN,explicit FUNCTION_BLOCK declaration in mapped Structured Text source,production: GEB-scoped dt_FB_; probe: ungated core_symbol_text contains dt_FB_,DERIVED_EVIDENCE,
openplcV2_DEC_4,DEC_4,OpenPLCv2,fold_0,UNIQUE,1,AICPS-PLCBEAD_PLCEmbed-c78a56f/PLC-BEAD/Source/OpenPLCv2/DEC_4.ST,a4723eb611b7eb345ae89e77b78315506d99e8481ce80a32516987ba09b6a656,DEC_4,,instance0;program0,True,False,False,FN,explicit FUNCTION_BLOCK declaration in mapped Structured Text source,production: GEB-scoped dt_FB_; probe: ungated core_symbol_text contains dt_FB_,DERIVED_EVIDENCE,
openplcV2_DEC_8,DEC_8,OpenPLCv2,fold_1,UNIQUE,1,AICPS-PLCBEAD_PLCEmbed-c78a56f/PLC-BEAD/Source/OpenPLCv2/DEC_8.ST,b57fe640cfef636c95df3d814917e82cd1071d4f3661890ee6d2755e2e4d0b31,DEC_8,BIT_LOAD_B;_BYTE_TO_INT,instance0;program0,True,False,False,FN,explicit FUNCTION_BLOCK declaration in mapped Structured Text source,production: GEB-scoped dt_FB_; probe: ungated core_symbol_text contains dt_FB_,DERIVED_EVIDENCE,
openplcV2_DEG,DEG,OpenPLCv2,fold_7,UNIQUE,1,AICPS-PLCBEAD_PLCEmbed-c78a56f/PLC-BEAD/Source/OpenPLCv2/DEG.ST,a94de3eff51b718a108a22102d5f97f719fcd05347c4371579d187dd1a2719bd,,DEG;FLOOR2;MODR,instance0;program0,False,False,False,TN,explicit FUNCTION_BLOCK declaration in mapped Structured Text source,production: GEB-scoped dt_FB_; probe: ungated core_symbol_text contains dt_FB_,DERIVED_EVIDENCE,
openplcV2_DEG_TO_DIR,DEG_TO_DIR,OpenPLCv2,fold_4,UNIQUE,1,AICPS-PLCBEAD_PLCEmbed-c78a56f/PLC-BEAD/Source/OpenPLCv2/DEG_TO_DIR.ST,8dbce8e0ded2358a221b655b249c1ffac1f4ff29912f1c50746df73d3d61aae9,DEG_TO_DIR_Block;SETUP_DIRS;SETUP_LANGUAGE_Block,,instance0;program0,True,False,False,FN,explicit FUNCTION_BLOCK declaration in mapped Structured Text source,production: GEB-scoped dt_FB_; probe: ungated core_symbol_text contains dt_FB_,DERIVED_EVIDENCE,
openplcV2_DELAY,DELAY,OpenPLCv2,fold_5,UNIQUE,1,AICPS-PLCBEAD_PLCEmbed-c78a56f/PLC-BEAD/Source/OpenPLCv2/DELAY.ST,ac28586bf5903f6518166780db3a528c34bbaf0f12a5eb4f761d704c77abcd18,DELAY,INC1,instance0;program0,True,False,False,FN,explicit FUNCTION_BLOCK declaration in mapped Structured Text source,production: GEB-scoped dt_FB_; probe: ungated core_symbol_text contains dt_FB_,DERIVED_EVIDENCE,
openplcV2_DELAY_4,DELAY_4,OpenPLCv2,fold_6,UNIQUE,1,AICPS-PLCBEAD_PLCEmbed-c78a56f/PLC-BEAD/Source/OpenPLCv2/DELAY_4.ST,749ce1b93f669418280005b01175ed4d2704398fb49a87d86b1f415b410d068a,DELAY_4,,instance0;program0,True,False,False,FN,explicit FUNCTION_BLOCK declaration in mapped Structured Text source,production: GEB-scoped dt_FB_; probe: ungated core_symbol_text contains dt_FB_,DERIVED_EVIDENCE,
openplcV2_DEL_CHARS,DEL_CHARS,OpenPLCv2,fold_8,UNIQUE,1,AICPS-PLCBEAD_PLCEmbed-c78a56f/PLC-BEAD/Source/OpenPLCv2/DEL_CHARS.ST,f2073102eca93357a2c35fe9217c88a61c94c908f7c9d38d530a282b315a605d,DEL_CHARS_Block,,instance0;program0,True,False,False,FN,explicit FUNCTION_BLOCK declaration in mapped Structured Text source,production: GEB-scoped dt_FB_; probe: ungated core_symbol_text contains dt_FB_,DERIVED_EVIDENCE,
openplcV2_DEW_CON,DEW_CON,OpenPLCv2,fold_0,UNIQUE,1,AICPS-PLCBEAD_PLCEmbed-c78a56f/PLC-BEAD/Source/OpenPLCv2/DEW_CON.ST,de66ce74952ce4c8b4cda8cf5ace2762779fd4152d98ac1afc5dd9e2b6ba9c92,,DEW_CON;SDD,instance0;program0,False,False,False,TN,explicit FUNCTION_BLOCK declaration in mapped Structured Text source,production: GEB-scoped dt_FB_; probe: ungated core_symbol_text contains dt_FB_,DERIVED_EVIDENCE,
openplcV2_DEW_RH,DEW_RH,OpenPLCv2,fold_1,UNIQUE,1,AICPS-PLCBEAD_PLCEmbed-c78a56f/PLC-BEAD/Source/OpenPLCv2/DEW_RH.ST,764a3bb06bdf514b0f0573571323b6f41734aee001ebd117f824df7473d4e3b1,,DEW_CON;DEW_RH;SDD,instance0;program0,False,False,False,TN,explicit FUNCTION_BLOCK declaration in mapped Structured Text source,production: GEB-scoped dt_FB_; probe: ungated core_symbol_text contains dt_FB_,DERIVED_EVIDENCE,
openplcV2_DEW_TEMP,DEW_TEMP,OpenPLCv2,fold_2,UNIQUE,1,AICPS-PLCBEAD_PLCEmbed-c78a56f/PLC-BEAD/Source/OpenPLCv2/DEW_TEMP.ST,6ef94f1577f270c857897671185476874efe8c53fd565709243a37c63382786c,,DEW_TEMP;EXP10,instance0;program0,False,False,False,TN,explicit FUNCTION_BLOCK declaration in mapped Structured Text source,production: GEB-scoped dt_FB_; probe: ungated core_symbol_text contains dt_FB_,DERIVED_EVIDENCE,
openplcV2_DIFFER,DIFFER,OpenPLCv2,fold_8,UNIQUE,1,AICPS-PLCBEAD_PLCEmbed-c78a56f/PLC-BEAD/Source/OpenPLCv2/DIFFER.ST,52759e07f86125acb78cb070ee661a33111eb88925fce0a5790ee603c577b236,,DIFFER,instance0;program0,False,False,False,TN,explicit FUNCTION_BLOCK declaration in mapped Structured Text source,production: GEB-scoped dt_FB_; probe: ungated core_symbol_text contains dt_FB_,DERIVED_EVIDENCE,
openplcV2_DIMM_2,DIMM_2,OpenPLCv2,fold_3,UNIQUE,1,AICPS-PLCBEAD_PLCEmbed-c78a56f/PLC-BEAD/Source/OpenPLCv2/DIMM_2.ST,86f63da06f6a52a20d457a426ddd60cb9f55ecb5f820625cdcbefd33e60cecec,CLICK_MODE_Block;DIMM_2_Block;T_PLC_MS_block;_RMP_B,FRMP_B;TIME_TO_UDINT2;UDINT_TO_TIME2,instance0;program0,True,False,False,FN,explicit FUNCTION_BLOCK declaration in mapped Structured Text source,production: GEB-scoped dt_FB_; probe: ungated core_symbol_text contains dt_FB_,DERIVED_EVIDENCE,
openplcV2_DIMM_I,DIMM_I,OpenPLCv2,fold_4,UNIQUE,1,AICPS-PLCBEAD_PLCEmbed-c78a56f/PLC-BEAD/Source/OpenPLCv2/DIMM_I.ST,192cbe62c40da2ad10f93a79bc145c50ce998dedb11a05dafcc6130325e9243e,CLICK_MODE_Block;DIMM_I_Block;SW_RECONFIG_Block;T_PLC_MS_block;_RMP_B,FRMP_B;TIME_TO_UDINT2;UDINT_TO_TIME2;_BYTE_TO_INT,instance0;program0,True,False,False,FN,explicit FUNCTION_BLOCK declaration in mapped Structured Text source,production: GEB-scoped dt_FB_; probe: ungated core_symbol_text contains dt_FB_,DERIVED_EVIDENCE,
openplcV2_DIR_TO_DEG,DIR_TO_DEG,OpenPLCv2,fold_5,UNIQUE,1,AICPS-PLCBEAD_PLCEmbed-c78a56f/PLC-BEAD/Source/OpenPLCv2/DIR_TO_DEG.ST,dce3ef92a4bf46cf8498306be157aed0617871e897bf5d7ab37ce5d108954067,DIR_TO_DEG_Block;SETUP_DIRS;SETUP_LANGUAGE_Block,,instance0;program0,True,False,False,FN,explicit FUNCTION_BLOCK declaration in mapped Structured Text source,production: GEB-scoped dt_FB_; probe: ungated core_symbol_text contains dt_FB_,DERIVED_EVIDENCE,
openplcV2_DRIVER_1,DRIVER_1,OpenPLCv2,fold_0,UNIQUE,1,AICPS-PLCBEAD_PLCEmbed-c78a56f/PLC-BEAD/Source/OpenPLCv2/DRIVER_1.ST,8b10b4020d1dfb6ca868de34f02c575b7c342bdd55b0825df7043f413636f9d0,DRIVER_1,,instance0;program0,True,False,False,FN,explicit FUNCTION_BLOCK declaration in mapped Structured Text source,production: GEB-scoped dt_FB_; probe: ungated core_symbol_text contains dt_FB_,DERIVED_EVIDENCE,
openplcV2_DRIVER_4,DRIVER_4,OpenPLCv2,fold_1,UNIQUE,1,AICPS-PLCBEAD_PLCEmbed-c78a56f/PLC-BEAD/Source/OpenPLCv2/DRIVER_4.ST,c95fe45ccda106fbd7c7196f9b3a1c182d7d82bfc24c1fb103909e177a5c35b0,DRIVER_1;DRIVER_4,,instance0;program0,True,False,False,FN,explicit FUNCTION_BLOCK declaration in mapped Structured Text source,production: GEB-scoped dt_FB_; probe: ungated core_symbol_text contains dt_FB_,DERIVED_EVIDENCE,
openplcV2_DRIVER_4C,DRIVER_4C,OpenPLCv2,fold_2,UNIQUE,1,AICPS-PLCBEAD_PLCEmbed-c78a56f/PLC-BEAD/Source/OpenPLCv2/DRIVER_4C.ST,a6684cd1625597372cc2a1c77a106d4490308d254a65010fb8b3ce5c2898ffb6,DRIVER_4C,,instance0;program0,True,False,False,FN,explicit FUNCTION_BLOCK declaration in mapped Structured Text source,production: GEB-scoped dt_FB_; probe: ungated core_symbol_text contains dt_FB_,DERIVED_EVIDENCE,
openplcV2_DST,DST,OpenPLCv2,fold_5,UNIQUE,1,AICPS-PLCBEAD_PLCEmbed-c78a56f/PLC-BEAD/Source/OpenPLCv2/DST.ST,e367ffe97ca432cf7226b9f1642f730e61d8cf51da651b8f8b692395727b7c5c,,DST;DT_TO_DATE2;SET_DATE;SET_DT;YEAR_OF_DATE;_INT_TO_UDINT,instance0;program0,False,False,False,TN,explicit FUNCTION_BLOCK declaration in mapped Structured Text source,production: GEB-scoped dt_FB_; probe: ungated core_symbol_text contains dt_FB_,DERIVED_EVIDENCE,
openplcV2_DT2_TO_SDT,DT2_TO_SDT,OpenPLCv2,fold_8,UNIQUE,1,AICPS-PLCBEAD_PLCEmbed-c78a56f/PLC-BEAD/Source/OpenPLCv2/DT2_TO_SDT.ST,2d21cae75e65b05f87cc4ec6353f88befb060e16a9448e0afb2ac2b43f2b4ac9,DT2_TO_SDT,DAY_OF_MONTH;DAY_OF_WEEK;DAY_OF_YEAR;LEAP_OF_DATE;MONTH_OF_DATE;YEAR_OF_DATE,instance0;program0,True,False,False,FN,explicit FUNCTION_BLOCK declaration in mapped Structured Text source,production: GEB-scoped dt_FB_; probe: ungated core_symbol_text contains dt_FB_,DERIVED_EVIDENCE,
openplcV2_DT_SIMU,DT_SIMU,OpenPLCv2,fold_4,UNIQUE,1,AICPS-PLCBEAD_PLCEmbed-c78a56f/PLC-BEAD/Source/OpenPLCv2/DT_SIMU.ST,db1b7f12dbe9651f0699e1106a8efe564312969bfd21874a0aab33336637f40e,DT_SIMU;T_PLC_MS_block,_REAL_TO_UDINT,instance0;program0,True,False,False,FN,explicit FUNCTION_BLOCK declaration in mapped Structured Text source,production: GEB-scoped dt_FB_; probe: ungated core_symbol_text contains dt_FB_,DERIVED_EVIDENCE,
openplcV2_DT_TO_SDT,DT_TO_SDT,OpenPLCv2,fold_6,UNIQUE,1,AICPS-PLCBEAD_PLCEmbed-c78a56f/PLC-BEAD/Source/OpenPLCv2/DT_TO_SDT.ST,552cacc14541c8bcd38d3d68e6c3516b50bcdfd8af19bbb11ac9dfaeb0daa302,DT_TO_SDT,DAY_OF_MONTH;DAY_OF_WEEK;DAY_OF_YEAR;DT_TO_DATE2;LEAP_OF_DATE;MONTH_OF_DATE;YEAR_OF_DATE;_INT_TO_UDINT,instance0;program0,True,False,False,FN,explicit FUNCTION_BLOCK declaration in mapped Structured Text source,production: GEB-scoped dt_FB_; probe: ungated core_symbol_text contains dt_FB_,DERIVED_EVIDENCE,
openplcV2_DT_TO_STRING,DT_TO_STRING,OpenPLCv2,fold_9,UNIQUE,1,AICPS-PLCBEAD_PLCEmbed-c78a56f/PLC-BEAD/Source/OpenPLCv2/DT_TO_STRING.ST,0228bd30d220412b54e647758be02821cbf67ca36b8fc4ad01a223a1e66ec197,DT_TO_STRING_Block,DAY_OF_MONTH;DAY_OF_YEAR;HOUR_OF_DT;LEAP_OF_DATE;MINUTE_OF_DT;MONTH_OF_DATE;SECOND_OF_DT;YEAR_OF_DATE,instance0;program0,True,False,False,FN,explicit FUNCTION_BLOCK declaration in mapped Structured Text source,production: GEB-scoped dt_FB_; probe: ungated core_symbol_text contains dt_FB_,DERIVED_EVIDENCE,
openplcV2_DT_TO_TOD,DT_TO_TOD,OpenPLCv2,fold_7,UNIQUE,1,AICPS-PLCBEAD_PLCEmbed-c78a56f/PLC-BEAD/Source/OpenPLCv2/DT_TO_TOD.ST,6ce480fdb1684e639c1d33978a4d2540d4825e2d15c2f42daab9b188476aec09,,DT_TO_TOD2,instance0;program0,False,False,False,TN,explicit FUNCTION_BLOCK declaration in mapped Structured Text source,production: GEB-scoped dt_FB_; probe: ungated core_symbol_text contains dt_FB_,DERIVED_EVIDENCE,
openplcV2_DWORD_OF_BYTE,DWORD_OF_BYTE,OpenPLCv2,fold_2,UNIQUE,1,AICPS-PLCBEAD_PLCEmbed-c78a56f/PLC-BEAD/Source/OpenPLCv2/DWORD_OF_BYTE.ST,16ac14971601d72bae4af1b4a12c845070e0ce0b95f12ffea0a716b53817cebc,,DWORD_OF_BYTE,instance0;program0,False,False,False,TN,explicit FUNCTION_BLOCK declaration in mapped Structured Text source,production: GEB-scoped dt_FB_; probe: ungated core_symbol_text contains dt_FB_,DERIVED_EVIDENCE,
openplcV2_DWORD_OF_WORD,DWORD_OF_WORD,OpenPLCv2,fold_3,UNIQUE,1,AICPS-PLCBEAD_PLCEmbed-c78a56f/PLC-BEAD/Source/OpenPLCv2/DWORD_OF_WORD.ST,2380348ead5fb76d2af234dd93bbed5c9e2f6346727b6439dbeb09cf05a51731,,DWORD_OF_WORD,instance0;program0,False,False,False,TN,explicit FUNCTION_BLOCK declaration in mapped Structured Text source,production: GEB-scoped dt_FB_; probe: ungated core_symbol_text contains dt_FB_,DERIVED_EVIDENCE,
openplcV2_DWORD_TO_DATE,DWORD_TO_DATE,OpenPLCv2,fold_9,UNIQUE,1,AICPS-PLCBEAD_PLCEmbed-c78a56f/PLC-BEAD/Source/OpenPLCv2/DWORD_TO_DATE.ST,799a716a062ee9bbfc738abb385a74c3fbcc9e824021f920131f51e18cd70f65,,DWORD_TO_DATE2,instance0;program0,False,False,False,TN,explicit FUNCTION_BLOCK declaration in mapped Structured Text source,production: GEB-scoped dt_FB_; probe: ungated core_symbol_text contains dt_FB_,DERIVED_EVIDENCE,
openplcV2_DWORD_TO_DT,DWORD_TO_DT,OpenPLCv2,fold_0,UNIQUE,1,AICPS-PLCBEAD_PLCEmbed-c78a56f/PLC-BEAD/Source/OpenPLCv2/DWORD_TO_DT.ST,5c5a844eab9030367337b1c86ce843092d3236dcb51fff6bac5a16f782b93890,,DWORD_TO_DT2,instance0;program0,False,False,False,TN,explicit FUNCTION_BLOCK declaration in mapped Structured Text source,production: GEB-scoped dt_FB_; probe: ungated core_symbol_text contains dt_FB_,DERIVED_EVIDENCE,
openplcV2_DWORD_TO_STRB,DWORD_TO_STRB,OpenPLCv2,fold_0,UNIQUE,1,AICPS-PLCBEAD_PLCEmbed-c78a56f/PLC-BEAD/Source/OpenPLCv2/DWORD_TO_STRB.ST,7ef0bac542a411f57a055ab6db87daeed46ba5bfe8077f255e710cf70e8bea2d,DWORD_TO_STRB_Block,,instance0;program0,True,False,False,FN,explicit FUNCTION_BLOCK declaration in mapped Structured Text source,production: GEB-scoped dt_FB_; probe: ungated core_symbol_text contains dt_FB_,DERIVED_EVIDENCE,
openplcV2_DWORD_TO_STRF,DWORD_TO_STRF,OpenPLCv2,fold_1,UNIQUE,1,AICPS-PLCBEAD_PLCEmbed-c78a56f/PLC-BEAD/Source/OpenPLCv2/DWORD_TO_STRF.ST,0468dc383282ca3b2cc9e3da3af8be02ead9269d8b26ff1bb023a335354e7f3b,DWORD_TO_STRF_Block,,instance0;program0,True,False,False,FN,explicit FUNCTION_BLOCK declaration in mapped Structured Text source,production: GEB-scoped dt_FB_; probe: ungated core_symbol_text contains dt_FB_,DERIVED_EVIDENCE,
openplcV2_DWORD_TO_STRH,DWORD_TO_STRH,OpenPLCv2,fold_2,UNIQUE,1,AICPS-PLCBEAD_PLCEmbed-c78a56f/PLC-BEAD/Source/OpenPLCv2/DWORD_TO_STRH.ST,21c51c03077611a36d829f282659822e9172d88f89b4c2cec86e5aa948559ae7,DWORD_TO_STRH_Block,,instance0;program0,True,False,False,FN,explicit FUNCTION_BLOCK declaration in mapped Structured Text source,production: GEB-scoped dt_FB_; probe: ungated core_symbol_text contains dt_FB_,DERIVED_EVIDENCE,
openplcV2_DWORD_TO_TIME,DWORD_TO_TIME,OpenPLCv2,fold_1,UNIQUE,1,AICPS-PLCBEAD_PLCEmbed-c78a56f/PLC-BEAD/Source/OpenPLCv2/DWORD_TO_TIME.ST,d605fd1bdd4ba19b588aabb6c9a050090c7c15ca9e021bf89823bb5e61dde6f5,,DWORD_TO_TIME2,instance0;program0,False,False,False,TN,explicit FUNCTION_BLOCK declaration in mapped Structured Text source,production: GEB-scoped dt_FB_; probe: ungated core_symbol_text contains dt_FB_,DERIVED_EVIDENCE,
openplcV2_DWORD_TO_TOD,DWORD_TO_TOD,OpenPLCv2,fold_2,UNIQUE,1,AICPS-PLCBEAD_PLCEmbed-c78a56f/PLC-BEAD/Source/OpenPLCv2/DWORD_TO_TOD.ST,fd92f9dec743f2b1327c35586706713cc7dfd30313d8551b63df0c40bdced785,,DWORD_TO_TOD2,instance0;program0,False,False,False,TN,explicit FUNCTION_BLOCK declaration in mapped Structured Text source,production: GEB-scoped dt_FB_; probe: ungated core_symbol_text contains dt_FB_,DERIVED_EVIDENCE,
openplcV2_D_TRIG,D_TRIG,OpenPLCv2,fold_9,UNIQUE,1,AICPS-PLCBEAD_PLCEmbed-c78a56f/PLC-BEAD/Source/OpenPLCv2/D_TRIG.ST,d0602bea49ee9e46c18ca8ca640ff2d5958ee87b880ad48a3fd00a010a28b0bc,D_TRIG,,instance0;program0,True,False,False,FN,explicit FUNCTION_BLOCK declaration in mapped Structured Text source,production: GEB-scoped dt_FB_; probe: ungated core_symbol_text contains dt_FB_,DERIVED_EVIDENCE,
openplcV2_D_TRUNC,D_TRUNC,OpenPLCv2,fold_6,UNIQUE,1,AICPS-PLCBEAD_PLCEmbed-c78a56f/PLC-BEAD/Source/OpenPLCv2/D_TRUNC.ST,c01203f71e552acbb4eafde3d7a173546d5cdd325a772278895fa06621287e15,,D_TRUNC,instance0;program0,False,False,False,TN,explicit FUNCTION_BLOCK declaration in mapped Structured Text source,production: GEB-scoped dt_FB_; probe: ungated core_symbol_text contains dt_FB_,DERIVED_EVIDENCE,
openplcV2_EASTER,EASTER,OpenPLCv2,fold_3,UNIQUE,1,AICPS-PLCBEAD_PLCEmbed-c78a56f/PLC-BEAD/Source/OpenPLCv2/EASTER.ST,2a9ee995b5959bc33e9c5ae2eebe8f45baead62ccc281214df8e2b172af64c9f,,EASTER;SET_DATE;_INT_TO_UDINT,instance0;program0,False,False,False,TN,explicit FUNCTION_BLOCK declaration in mapped Structured Text source,production: GEB-scoped dt_FB_; probe: ungated core_symbol_text contains dt_FB_,DERIVED_EVIDENCE,
openplcV2_ELLIPSE_A,ELLIPSE_A,OpenPLCv2,fold_4,UNIQUE,1,AICPS-PLCBEAD_PLCEmbed-c78a56f/PLC-BEAD/Source/OpenPLCv2/ELLIPSE_A.ST,eb364339600d4b3ea6fbb819d5f9c92086749dac2b0cb33bb2a2ea9313b98f55,,ELLIPSE_A,instance0;program0,False,False,False,TN,explicit FUNCTION_BLOCK declaration in mapped Structured Text source,production: GEB-scoped dt_FB_; probe: ungated core_symbol_text contains dt_FB_,DERIVED_EVIDENCE,
openplcV2_ELLIPSE_C,ELLIPSE_C,OpenPLCv2,fold_5,UNIQUE,1,AICPS-PLCBEAD_PLCEmbed-c78a56f/PLC-BEAD/Source/OpenPLCv2/ELLIPSE_C.ST,314fa450d3218f70be7cf4f6dae85414e5806f7787ecb5e283db7f4ade66e600,,ELLIPSE_C,instance0;program0,False,False,False,TN,explicit FUNCTION_BLOCK declaration in mapped Structured Text source,production: GEB-scoped dt_FB_; probe: ungated core_symbol_text contains dt_FB_,DERIVED_EVIDENCE,
openplcV2_ENERGY,ENERGY,OpenPLCv2,fold_6,UNIQUE,1,AICPS-PLCBEAD_PLCEmbed-c78a56f/PLC-BEAD/Source/OpenPLCv2/ENERGY.ST,ae161653f87896542db8fd4db61907bdbbf9f29b8ba892f6feb7f49bbf6d595c,ENERGY,,instance0;program0,True,False,False,FN,explicit FUNCTION_BLOCK declaration in mapped Structured Text source,production: GEB-scoped dt_FB_; probe: ungated core_symbol_text contains dt_FB_,DERIVED_EVIDENCE,
openplcV2_ERF,ERF,OpenPLCv2,fold_9,UNIQUE,1,AICPS-PLCBEAD_PLCEmbed-c78a56f/PLC-BEAD/Source/OpenPLCv2/ERF.ST,16c761f01081624e49e9911e129bd502f3ae46b37d96a60e5c4f25850f661ecb,,ERF;SGN,instance0;program0,False,False,False,TN,explicit FUNCTION_BLOCK declaration in mapped Structured Text source,production: GEB-scoped dt_FB_; probe: ungated core_symbol_text contains dt_FB_,DERIVED_EVIDENCE,
openplcV2_ERFC,ERFC,OpenPLCv2,fold_0,UNIQUE,1,AICPS-PLCBEAD_PLCEmbed-c78a56f/PLC-BEAD/Source/OpenPLCv2/ERFC.ST,676b4bbac569c49602e471bc674af530f7f5c63f9f511bedeaa667755e42f4bf,,ERF;ERFC;SGN,instance0;program0,False,False,False,TN,explicit FUNCTION_BLOCK declaration in mapped Structured Text source,production: GEB-scoped dt_FB_; probe: ungated core_symbol_text contains dt_FB_,DERIVED_EVIDENCE,
openplcV2_ESR_COLLECT,ESR_COLLECT,OpenPLCv2,fold_6,UNIQUE,1,AICPS-PLCBEAD_PLCEmbed-c78a56f/PLC-BEAD/Source/OpenPLCv2/ESR_COLLECT.ST,0a9eb6baeb472cdee182e79fbd882d8aa51849be2ed84b89705979a4d6ee84d0,ESR_COLLECT,INC1,instance0;program0,True,False,False,FN,explicit FUNCTION_BLOCK declaration in mapped Structured Text source,production: GEB-scoped dt_FB_; probe: ungated core_symbol_text contains dt_FB_,DERIVED_EVIDENCE,
openplcV2_ESR_MON_B8,ESR_MON_B8,OpenPLCv2,fold_7,UNIQUE,1,AICPS-PLCBEAD_PLCEmbed-c78a56f/PLC-BEAD/Source/OpenPLCv2/ESR_MON_B8.ST,5b93e1f7f2ca7ca56b8b1a988512e7db3303b1a346b8f401088d06f1b50ea2de,ESR_MON_B8;T_PLC_MS_block,,instance0;program0,True,False,False,FN,explicit FUNCTION_BLOCK declaration in mapped Structured Text source,production: GEB-scoped dt_FB_; probe: ungated core_symbol_text contains dt_FB_,DERIVED_EVIDENCE,
openplcV2_ESR_MON_X8,ESR_MON_X8,OpenPLCv2,fold_8,UNIQUE,1,AICPS-PLCBEAD_PLCEmbed-c78a56f/PLC-BEAD/Source/OpenPLCv2/ESR_MON_X8.ST,42eca2d99b132a7343b0cde1f2d0243440e68db17e17e974a9ef7ea61f47845c,ESR_MON_X8;STATUS_TO_ESR_Block;T_PLC_MS_block,,instance0;program0,True,False,False,FN,explicit FUNCTION_BLOCK declaration in mapped Structured Text source,production: GEB-scoped dt_FB_; probe: ungated core_symbol_text contains dt_FB_,DERIVED_EVIDENCE,
openplcV2_EVEN,EVEN,OpenPLCv2,fold_1,UNIQUE,1,AICPS-PLCBEAD_PLCEmbed-c78a56f/PLC-BEAD/Source/OpenPLCv2/EVEN.ST,d2ec836a2656d0519e6374612afe77f69a367eccde74a0c5d8ae38c6fc75ff75,,BIT_OF_DWORD;EVEN,instance0;program0,False,False,False,TN,explicit FUNCTION_BLOCK declaration in mapped Structured Text source,production: GEB-scoped dt_FB_; probe: ungated core_symbol_text contains dt_FB_,DERIVED_EVIDENCE,
openplcV2_EVENTS,EVENTS,OpenPLCv2,fold_4,UNIQUE,1,AICPS-PLCBEAD_PLCEmbed-c78a56f/PLC-BEAD/Source/OpenPLCv2/EVENTS.ST,0b440ecd41e33f00c1e95acce5876a92ea88cf71f0a0f1fb452caeb58493f0e2,EVENTS,DAY_OF_DATE;SET_DATE;YEAR_OF_DATE;_INT_TO_UDINT,instance0;program0,True,False,False,FN,explicit FUNCTION_BLOCK declaration in mapped Structured Text source,production: GEB-scoped dt_FB_; probe: ungated core_symbol_text contains dt_FB_,DERIVED_EVIDENCE,
openplcV2_EXP10,EXP10,OpenPLCv2,fold_2,UNIQUE,1,AICPS-PLCBEAD_PLCEmbed-c78a56f/PLC-BEAD/Source/OpenPLCv2/EXP10.ST,b87702b820ee779d23b497991afbbb758fe7260cce3d3091cb52ee0743773133,,EXP10,instance0;program0,False,False,False,TN,explicit FUNCTION_BLOCK declaration in mapped Structured Text source,production: GEB-scoped dt_FB_; probe: ungated core_symbol_text contains dt_FB_,DERIVED_EVIDENCE,
openplcV2_EXPN,EXPN,OpenPLCv2,fold_3,UNIQUE,1,AICPS-PLCBEAD_PLCEmbed-c78a56f/PLC-BEAD/Source/OpenPLCv2/EXPN.ST,fe4f1fae5d4d50d2ce03ee0d904be9dda0eb987bed7fd653139a694242057afd,,BIT_OF_DWORD;EXPN,instance0;program0,False,False,False,TN,explicit FUNCTION_BLOCK declaration in mapped Structured Text source,production: GEB-scoped dt_FB_; probe: ungated core_symbol_text contains dt_FB_,DERIVED_EVIDENCE,
openplcV2_FACT,FACT,OpenPLCv2,fold_4,UNIQUE,1,AICPS-PLCBEAD_PLCEmbed-c78a56f/PLC-BEAD/Source/OpenPLCv2/FACT.ST,55cb801c3f3fd34ddaba02f8a3b27b2d6177d77c2e175f06a9ad95759430ba7b,,FACT,instance0;program0,False,False,False,TN,explicit FUNCTION_BLOCK declaration in mapped Structured Text source,production: GEB-scoped dt_FB_; probe: ungated core_symbol_text contains dt_FB_,DERIVED_EVIDENCE,
openplcV2_FADE,FADE,OpenPLCv2,fold_7,UNIQUE,1,AICPS-PLCBEAD_PLCEmbed-c78a56f/PLC-BEAD/Source/OpenPLCv2/FADE.ST,5339146fcf59d1c034ee2048d0f3a2eb3e89a3eb5a4f707a4700f29e965748e3,FADE;RMP_W;T_PLC_MS_block;_RMP_W,TIME_TO_UDINT2;_WORD_TO_DINT;_WORD_TO_REAL,instance0;program0,True,False,False,FN,explicit FUNCTION_BLOCK declaration in mapped Structured Text source,production: GEB-scoped dt_FB_; probe: ungated core_symbol_text contains dt_FB_,DERIVED_EVIDENCE,
openplcV2_FF_D2E,FF_D2E,OpenPLCv2,fold_2,UNIQUE,1,AICPS-PLCBEAD_PLCEmbed-c78a56f/PLC-BEAD/Source/OpenPLCv2/FF_D2E.ST,a99968a49a20669b8517cdc24ff73c9a4e2e0f5410a4b1496eaaad5d408034c5,FF_D2E,,instance0;program0,True,False,False,FN,explicit FUNCTION_BLOCK declaration in mapped Structured Text source,production: GEB-scoped dt_FB_; probe: ungated core_symbol_text contains dt_FB_,DERIVED_EVIDENCE,
openplcV2_FF_D4E,FF_D4E,OpenPLCv2,fold_3,UNIQUE,1,AICPS-PLCBEAD_PLCEmbed-c78a56f/PLC-BEAD/Source/OpenPLCv2/FF_D4E.ST,0e91ca884f8c6aedc2ce3a6043196e389ad0ba20474e8067968c8839192035ab,FF_D4E,,instance0;program0,True,False,False,FN,explicit FUNCTION_BLOCK declaration in mapped Structured Text source,production: GEB-scoped dt_FB_; probe: ungated core_symbol_text contains dt_FB_,DERIVED_EVIDENCE,
openplcV2_FF_DRE,FF_DRE,OpenPLCv2,fold_4,UNIQUE,1,AICPS-PLCBEAD_PLCEmbed-c78a56f/PLC-BEAD/Source/OpenPLCv2/FF_DRE.ST,8105d89ad22f11b28d2564ff7f0880dc7c964b36f0c24f18c6aec5a7726f1e06,FF_DRE,,instance0;program0,True,False,False,FN,explicit FUNCTION_BLOCK declaration in mapped Structured Text source,production: GEB-scoped dt_FB_; probe: ungated core_symbol_text contains dt_FB_,DERIVED_EVIDENCE,
openplcV2_FF_JKE,FF_JKE,OpenPLCv2,fold_5,UNIQUE,1,AICPS-PLCBEAD_PLCEmbed-c78a56f/PLC-BEAD/Source/OpenPLCv2/FF_JKE.ST,72fa24fb0d9167cd90f96ad5d267d58d6e82f11f275e438272b29834ba0920bb,FF_JKE,,instance0;program0,True,False,False,FN,explicit FUNCTION_BLOCK declaration in mapped Structured Text source,production: GEB-scoped dt_FB_; probe: ungated core_symbol_text contains dt_FB_,DERIVED_EVIDENCE,
openplcV2_FF_RSE,FF_RSE,OpenPLCv2,fold_6,UNIQUE,1,AICPS-PLCBEAD_PLCEmbed-c78a56f/PLC-BEAD/Source/OpenPLCv2/FF_RSE.ST,0499edf1b03802238aa37f86a61ccba3ef07812ec76b72157cf0aec056f336df,FF_RSE,,instance0;program0,True,False,False,FN,explicit FUNCTION_BLOCK declaration in mapped Structured Text source,production: GEB-scoped dt_FB_; probe: ungated core_symbol_text contains dt_FB_,DERIVED_EVIDENCE,
openplcV2_FIB,FIB,OpenPLCv2,fold_5,UNIQUE,1,AICPS-PLCBEAD_PLCEmbed-c78a56f/PLC-BEAD/Source/OpenPLCv2/FIB.ST,9a5b46687f7810ddb6cebf1e681772daca4815ee7ab7a5dd530104af621d0e04,,FIB,instance0;program0,False,False,False,TN,explicit FUNCTION_BLOCK declaration in mapped Structured Text source,production: GEB-scoped dt_FB_; probe: ungated core_symbol_text contains dt_FB_,DERIVED_EVIDENCE,
openplcV2_FIFO_16,FIFO_16,OpenPLCv2,fold_0,UNIQUE,1,AICPS-PLCBEAD_PLCEmbed-c78a56f/PLC-BEAD/Source/OpenPLCv2/FIFO_16.ST,0983f364c9d153a9fa77b78e8cd8ebada613fe44fb790513fdb4c15d8d2bab90,FIFO_16,INC1,instance0;program0,True,False,False,FN,explicit FUNCTION_BLOCK declaration in mapped Structured Text source,production: GEB-scoped dt_FB_; probe: ungated core_symbol_text contains dt_FB_,DERIVED_EVIDENCE,
openplcV2_FIFO_32,FIFO_32,OpenPLCv2,fold_1,UNIQUE,1,AICPS-PLCBEAD_PLCEmbed-c78a56f/PLC-BEAD/Source/OpenPLCv2/FIFO_32.ST,7d47b7fe6bb6977706d7011e990f223ac92cabbac9d6fd90c141ed8df1de81a8,FIFO_32,INC1,instance0;program0,True,False,False,FN,explicit FUNCTION_BLOCK declaration in mapped Structured Text source,production: GEB-scoped dt_FB_; probe: ungated core_symbol_text contains dt_FB_,DERIVED_EVIDENCE,
openplcV2_FILE_BLOCK,FILE_BLOCK,OpenPLCv2,fold_1,UNIQUE,1,AICPS-PLCBEAD_PLCEmbed-c78a56f/PLC-BEAD/Source/OpenPLCv2/FILE_BLOCK.ST,b686b6670afc0bcb953498e8af72f5b7eae1d0d17cfdcc3d8e0e2a79a6718c0e,FILE_BLOCK,,instance0;program0,True,False,False,FN,explicit FUNCTION_BLOCK declaration in mapped Structured Text source,production: GEB-scoped dt_FB_; probe: ungated core_symbol_text contains dt_FB_,DERIVED_EVIDENCE,
openplcV2_FILE_PATH_SPLIT,FILE_PATH_SPLIT,OpenPLCv2,fold_2,UNIQUE,1,AICPS-PLCBEAD_PLCEmbed-c78a56f/PLC-BEAD/Source/OpenPLCv2/FILE_PATH_SPLIT.ST,879f513fad365ad885b0200be6e3f5a8879bb9ad4861b8325ac692fb5780ab48,FILE_PATH_SPLIT_Block,,instance0;program0,True,False,False,FN,explicit FUNCTION_BLOCK declaration in mapped Structured Text source,production: GEB-scoped dt_FB_; probe: ungated core_symbol_text contains dt_FB_,DERIVED_EVIDENCE,
openplcV2_FILL,FILL,OpenPLCv2,fold_3,UNIQUE,1,AICPS-PLCBEAD_PLCEmbed-c78a56f/PLC-BEAD/Source/OpenPLCv2/FILL.ST,aa7f25e84586cdaf6f6bfa555ca891b02575e9dec70d7da78672e4280d9af0c9,CHR_TO_STRING_Block;FILL_Block,BIT_OF_DWORD,instance0;program0,True,False,False,FN,explicit FUNCTION_BLOCK declaration in mapped Structured Text source,production: GEB-scoped dt_FB_; probe: ungated core_symbol_text contains dt_FB_,DERIVED_EVIDENCE,
openplcV2_FILTER_DW,FILTER_DW,OpenPLCv2,fold_8,UNIQUE,1,AICPS-PLCBEAD_PLCEmbed-c78a56f/PLC-BEAD/Source/OpenPLCv2/FILTER_DW.ST,a9f2cbd241c3dcf0f927afaf4a35477bd58f7b12887a288f67238c800a5e5881,FILTER_DW;T_PLC_MS_block,_DWORD_TO_REAL;_REAL_TO_DWORD,instance0;program0,True,False,False,FN,explicit FUNCTION_BLOCK declaration in mapped Structured Text source,production: GEB-scoped dt_FB_; probe: ungated core_symbol_text contains dt_FB_,DERIVED_EVIDENCE,
openplcV2_FILTER_I,FILTER_I,OpenPLCv2,fold_9,UNIQUE,1,AICPS-PLCBEAD_PLCEmbed-c78a56f/PLC-BEAD/Source/OpenPLCv2/FILTER_I.ST,641fa0734c10849b2e6ef908927842760f08e11458122fd522984fb5b5c4ecf7,FILTER_I;T_PLC_MS_block,,instance0;program0,True,False,False,FN,explicit FUNCTION_BLOCK declaration in mapped Structured Text source,production: GEB-scoped dt_FB_; probe: ungated core_symbol_text contains dt_FB_,DERIVED_EVIDENCE,
openplcV2_FILTER_MAV_DW,FILTER_MAV_DW,OpenPLCv2,fold_0,UNIQUE,1,AICPS-PLCBEAD_PLCEmbed-c78a56f/PLC-BEAD/Source/OpenPLCv2/FILTER_MAV_DW.ST,92843ba139b24d407c0d27c6f6fab40820531e8604f5d2e97dead3383503a444,FILTER_MAV_DW,INC1,instance0;program0,True,False,False,FN,explicit FUNCTION_BLOCK declaration in mapped Structured Text source,production: GEB-scoped dt_FB_; probe: ungated core_symbol_text contains dt_FB_,DERIVED_EVIDENCE,
openplcV2_FILTER_MAV_W,FILTER_MAV_W,OpenPLCv2,fold_1,UNIQUE,1,AICPS-PLCBEAD_PLCEmbed-c78a56f/PLC-BEAD/Source/OpenPLCv2/FILTER_MAV_W.ST,aee55b432e9ef58483ca359cda18d78bf53fba011910d74e01541e753b4a852a,FILTER_MAV_W,INC1,instance0;program0,True,False,False,FN,explicit FUNCTION_BLOCK declaration in mapped Structured Text source,production: GEB-scoped dt_FB_; probe: ungated core_symbol_text contains dt_FB_,DERIVED_EVIDENCE,
openplcV2_FILTER_W,FILTER_W,OpenPLCv2,fold_2,UNIQUE,1,AICPS-PLCBEAD_PLCEmbed-c78a56f/PLC-BEAD/Source/OpenPLCv2/FILTER_W.ST,d5edd99f37da770623aafbfdafe73529fa68a4bd94c653ceac6fcb39a101fca3,FILTER_W;T_PLC_MS_block,,instance0;program0,True,False,False,FN,explicit FUNCTION_BLOCK declaration in mapped Structured Text source,production: GEB-scoped dt_FB_; probe: ungated core_symbol_text contains dt_FB_,DERIVED_EVIDENCE,
openplcV2_FILTER_WAV,FILTER_WAV,OpenPLCv2,fold_3,UNIQUE,1,AICPS-PLCBEAD_PLCEmbed-c78a56f/PLC-BEAD/Source/OpenPLCv2/FILTER_WAV.ST,dd17a109ce9f3cb8f650b3a223eac4798434718a7178315e49ffce4a497a097f,FILTER_WAV,DEC1;INC1,instance0;program0,True,False,False,FN,explicit FUNCTION_BLOCK declaration in mapped Structured Text source,production: GEB-scoped dt_FB_; probe: ungated core_symbol_text contains dt_FB_,DERIVED_EVIDENCE,
openplcV2_FINDB,FINDB,OpenPLCv2,fold_4,UNIQUE,1,AICPS-PLCBEAD_PLCEmbed-c78a56f/PLC-BEAD/Source/OpenPLCv2/FINDB.ST,97c3d750738771653a6b9f3d46fda20c5b0dee90366c3f4948d48044ca3316be,FINDB_Block,,instance0;program0,True,False,False,FN,explicit FUNCTION_BLOCK declaration in mapped Structured Text source,production: GEB-scoped dt_FB_; probe: ungated core_symbol_text contains dt_FB_,DERIVED_EVIDENCE,
openplcV2_FINDP,FINDP,OpenPLCv2,fold_5,UNIQUE,1,AICPS-PLCBEAD_PLCEmbed-c78a56f/PLC-BEAD/Source/OpenPLCv2/FINDP.ST,5a715f6ce4de3fea337c3762b54120c3196978b1860af7d173c35619e9f7fc06,FINDP_Block,,instance0;program0,True,False,False,FN,explicit FUNCTION_BLOCK declaration in mapped Structured Text source,production: GEB-scoped dt_FB_; probe: ungated core_symbol_text contains dt_FB_,DERIVED_EVIDENCE,
openplcV2_FIX,FIX,OpenPLCv2,fold_6,UNIQUE,1,AICPS-PLCBEAD_PLCEmbed-c78a56f/PLC-BEAD/Source/OpenPLCv2/FIX.ST,5f77f344f3064c5dfd6dd4dac40680b0e2dbc9a23f074af3366b9de3dd47436a,CHR_TO_STRING_Block;FILL_Block;FIX_Block,BIT_OF_DWORD;_BYTE_TO_INT,instance0;program0,True,False,False,FN,explicit FUNCTION_BLOCK declaration in mapped Structured Text source,production: GEB-scoped dt_FB_; probe: ungated core_symbol_text contains dt_FB_,DERIVED_EVIDENCE,
openplcV2_FLOOR,FLOOR,OpenPLCv2,fold_6,UNIQUE,1,AICPS-PLCBEAD_PLCEmbed-c78a56f/PLC-BEAD/Source/OpenPLCv2/FLOOR.ST,a159f4ab469a12c31cddc8e06f4a9c3366d5247fcec0a10fc6a7ba608666be3c,,FLOOR,instance0;program0,False,False,False,TN,explicit FUNCTION_BLOCK declaration in mapped Structured Text source,production: GEB-scoped dt_FB_; probe: ungated core_symbol_text contains dt_FB_,DERIVED_EVIDENCE,
openplcV2_FLOOR2,FLOOR2,OpenPLCv2,fold_7,UNIQUE,1,AICPS-PLCBEAD_PLCEmbed-c78a56f/PLC-BEAD/Source/OpenPLCv2/FLOOR2.ST,47d9c5e9c22972e6e01df5da37a411139f86d7be94c5f98cb0fc1464ecd52359,,FLOOR2;_REAL_TO_DINT,instance0;program0,False,False,False,TN,explicit FUNCTION_BLOCK declaration in mapped Structured Text source,production: GEB-scoped dt_FB_; probe: ungated core_symbol_text contains dt_FB_,DERIVED_EVIDENCE,
openplcV2_FLOW_CONTROL,FLOW_CONTROL,OpenPLCv2,fold_3,UNIQUE,1,AICPS-PLCBEAD_PLCEmbed-c78a56f/PLC-BEAD/Source/OpenPLCv2/FLOW_CONTROL.ST,042c6dd236cd5aa48be326454cefb74161fa5711a5a733963f0e13f550cd56b7,FLOW_CONTROL;TP_1D;T_PLC_MS_block,UDINT_TO_TIME2,instance0;program0,True,False,False,FN,explicit FUNCTION_BLOCK declaration in mapped Structured Text source,production: GEB-scoped dt_FB_; probe: ungated core_symbol_text contains dt_FB_,DERIVED_EVIDENCE,
openplcV2_FLOW_CONTROL_4,FLOW_CONTROL_4,OpenPLCv2,fold_4,UNIQUE,1,AICPS-PLCBEAD_PLCEmbed-c78a56f/PLC-BEAD/Source/OpenPLCv2/FLOW_CONTROL_4.ST,502c35fd294ecc737a0d2c054754dc207986f8297ba0bc720e4668263f6c90be,FLOW_CONTROL_4,,instance0;program0,True,False,False,FN,explicit FUNCTION_BLOCK declaration in mapped Structured Text source,production: GEB-scoped dt_FB_; probe: ungated core_symbol_text contains dt_FB_,DERIVED_EVIDENCE,
openplcV2_FLOW_METER,FLOW_METER,OpenPLCv2,fold_5,UNIQUE,1,AICPS-PLCBEAD_PLCEmbed-c78a56f/PLC-BEAD/Source/OpenPLCv2/FLOW_METER.ST,0c57e469ffcee1637e405aaf813953e5b237e40ff0feca20f950ba54b6845dd2,FLOW_METER;INTEGRATE;T_PLC_MS_block,FLOOR;_INT_TO_UDINT,instance0;program0,True,False,False,FN,explicit FUNCTION_BLOCK declaration in mapped Structured Text source,production: GEB-scoped dt_FB_; probe: ungated core_symbol_text contains dt_FB_,DERIVED_EVIDENCE,
openplcV2_FRACT,FRACT,OpenPLCv2,fold_8,UNIQUE,1,AICPS-PLCBEAD_PLCEmbed-c78a56f/PLC-BEAD/Source/OpenPLCv2/FRACT.ST,4b46b17ed18ff2e93c9b01a86ff8bcea08365339491f3bb66dd9f2f39d93f262,,D_TRUNC;FRACT,instance0;program0,False,False,False,TN,explicit FUNCTION_BLOCK declaration in mapped Structured Text source,production: GEB-scoped dt_FB_; probe: ungated core_symbol_text contains dt_FB_,DERIVED_EVIDENCE,
openplcV2_FRMP_B,FRMP_B,OpenPLCv2,fold_5,UNIQUE,1,AICPS-PLCBEAD_PLCEmbed-c78a56f/PLC-BEAD/Source/OpenPLCv2/FRMP_B.ST,b06cb125f831093f95fb85e6ae221ca60e3c3dbf4e6a55bf272167551b1146cd,,FRMP_B,instance0;program0,False,False,False,TN,explicit FUNCTION_BLOCK declaration in mapped Structured Text source,production: GEB-scoped dt_FB_; probe: ungated core_symbol_text contains dt_FB_,DERIVED_EVIDENCE,
openplcV2_FT_AVG,FT_AVG,OpenPLCv2,fold_6,UNIQUE,1,AICPS-PLCBEAD_PLCEmbed-c78a56f/PLC-BEAD/Source/OpenPLCv2/FT_AVG.ST,5bcb427d4f538526a6eb3eb62079e7825f48550ee82f164aa2f8a1cd288054a0,DELAY;FT_AVG,INC1,instance0;program0,True,False,False,FN,explicit FUNCTION_BLOCK declaration in mapped Structured Text source,production: GEB-scoped dt_FB_; probe: ungated core_symbol_text contains dt_FB_,DERIVED_EVIDENCE,
openplcV2_FT_DERIV,FT_DERIV,OpenPLCv2,fold_2,UNIQUE,1,AICPS-PLCBEAD_PLCEmbed-c78a56f/PLC-BEAD/Source/OpenPLCv2/FT_DERIV.ST,c7da30115530f6d02c70742d1c2f6b40f643150424185663cf74c3366932fc26,FT_DERIV;T_PLC_US_Block,,instance0;program0,True,False,False,FN,explicit FUNCTION_BLOCK declaration in mapped Structured Text source,production: GEB-scoped dt_FB_; probe: ungated core_symbol_text contains dt_FB_,DERIVED_EVIDENCE,
openplcV2_FT_IMP,FT_IMP,OpenPLCv2,fold_3,UNIQUE,1,AICPS-PLCBEAD_PLCEmbed-c78a56f/PLC-BEAD/Source/OpenPLCv2/FT_IMP.ST,1773253fd73c4a10e2f93be10e26c57a6ec6ca0ac9a42aba616cb7b12172d455,FT_IMP;FT_PT1;T_PLC_US_Block,,instance0;program0,True,False,False,FN,explicit FUNCTION_BLOCK declaration in mapped Structured Text source,production: GEB-scoped dt_FB_; probe: ungated core_symbol_text contains dt_FB_,DERIVED_EVIDENCE,
openplcV2_FT_INT,FT_INT,OpenPLCv2,fold_4,UNIQUE,1,AICPS-PLCBEAD_PLCEmbed-c78a56f/PLC-BEAD/Source/OpenPLCv2/FT_INT.ST,3d2ecb69a80eb9e085e9cda534ae6ec4da09ec88dfa0ac33e53d68dcadee065b,FT_INT_Block;INTEGRATE;T_PLC_MS_block,,instance0;program0,True,False,False,FN,explicit FUNCTION_BLOCK declaration in mapped Structured Text source,production: GEB-scoped dt_FB_; probe: ungated core_symbol_text contains dt_FB_,DERIVED_EVIDENCE,
openplcV2_FT_MIN_MAX,FT_MIN_MAX,OpenPLCv2,fold_7,UNIQUE,1,AICPS-PLCBEAD_PLCEmbed-c78a56f/PLC-BEAD/Source/OpenPLCv2/FT_MIN_MAX.ST,b94cbb2173cd00c7b2aa8cc023870c01ada5cb9bb490262b762bf41e958c7500,FT_MIN_MAX_Block,,instance0;program0,True,False,False,FN,explicit FUNCTION_BLOCK declaration in mapped Structured Text source,production: GEB-scoped dt_FB_; probe: ungated core_symbol_text contains dt_FB_,DERIVED_EVIDENCE,
openplcV2_FT_PD,FT_PD,OpenPLCv2,fold_6,UNIQUE,1,AICPS-PLCBEAD_PLCEmbed-c78a56f/PLC-BEAD/Source/OpenPLCv2/FT_PD.ST,80f741d9f4672507315761b2a4bab43abc525ae716df088d11105e857793f00e,FT_DERIV;FT_PD_Block;T_PLC_US_Block,,instance0;program0,True,False,False,FN,explicit FUNCTION_BLOCK declaration in mapped Structured Text source,production: GEB-scoped dt_FB_; probe: ungated core_symbol_text contains dt_FB_,DERIVED_EVIDENCE,
openplcV2_FT_PDT1,FT_PDT1,OpenPLCv2,fold_7,UNIQUE,1,AICPS-PLCBEAD_PLCEmbed-c78a56f/PLC-BEAD/Source/OpenPLCv2/FT_PDT1.ST,58f484465f58980ecc16e75dfb20c638f44e57fdc8474f6f072bad5c7117c48f,FT_DERIV;FT_PDT1_Block;FT_PT1;T_PLC_US_Block,REAL_TO_TIME2;_REAL_TO_UDINT,instance0;program0,True,False,False,FN,explicit FUNCTION_BLOCK declaration in mapped Structured Text source,production: GEB-scoped dt_FB_; probe: ungated core_symbol_text contains dt_FB_,DERIVED_EVIDENCE,
openplcV2_FT_PI,FT_PI,OpenPLCv2,fold_8,UNIQUE,1,AICPS-PLCBEAD_PLCEmbed-c78a56f/PLC-BEAD/Source/OpenPLCv2/FT_PI.ST,0444a4ecd3f61ff1c89f4b9c66985f59be37a33b0dd0c1e9678e630eccdd7f1f,FT_INT_Block;FT_PI;INTEGRATE;T_PLC_MS_block,,instance0;program0,True,False,False,FN,explicit FUNCTION_BLOCK declaration in mapped Structured Text source,production: GEB-scoped dt_FB_; probe: ungated core_symbol_text contains dt_FB_,DERIVED_EVIDENCE,
openplcV2_FT_PID,FT_PID,OpenPLCv2,fold_9,UNIQUE,1,AICPS-PLCBEAD_PLCEmbed-c78a56f/PLC-BEAD/Source/OpenPLCv2/FT_PID.ST,e13f27b0c9e605536e59945b8f9942b0d1942301221a9a10f97ba2882c36c1a0,FT_DERIV;FT_INT_Block;FT_PID;INTEGRATE;T_PLC_MS_block;T_PLC_US_Block,,instance0;program0,True,False,False,FN,explicit FUNCTION_BLOCK declaration in mapped Structured Text source,production: GEB-scoped dt_FB_; probe: ungated core_symbol_text contains dt_FB_,DERIVED_EVIDENCE,
openplcV2_FT_PIDW,FT_PIDW,OpenPLCv2,fold_0,UNIQUE,1,AICPS-PLCBEAD_PLCEmbed-c78a56f/PLC-BEAD/Source/OpenPLCv2/FT_PIDW.ST,c75a45211926bfc44795ddbd720ae903047ad75a367c9ca3fe48e688d01363ed,FT_DERIV;FT_PIDW;INTEGRATE;T_PLC_MS_block;T_PLC_US_Block,REAL_TO_TIME2;_REAL_TO_UDINT,instance0;program0,True,False,False,FN,explicit FUNCTION_BLOCK declaration in mapped Structured Text source,production: GEB-scoped dt_FB_; probe: ungated core_symbol_text contains dt_FB_,DERIVED_EVIDENCE,
openplcV2_FT_PIDWL,FT_PIDWL,OpenPLCv2,fold_1,UNIQUE,1,AICPS-PLCBEAD_PLCEmbed-c78a56f/PLC-BEAD/Source/OpenPLCv2/FT_PIDWL.ST,558de92d913d8d4d56af8c85709e1549c9f1de8a6ac96ba02991963fc013fb43,FT_DERIV;FT_PIDWL;FT_PIWL;T_PLC_US_Block,,instance0;program0,True,False,False,FN,explicit FUNCTION_BLOCK declaration in mapped Structured Text source,production: GEB-scoped dt_FB_; probe: ungated core_symbol_text contains dt_FB_,DERIVED_EVIDENCE,
openplcV2_FT_PIW,FT_PIW,OpenPLCv2,fold_2,UNIQUE,1,AICPS-PLCBEAD_PLCEmbed-c78a56f/PLC-BEAD/Source/OpenPLCv2/FT_PIW.ST,4aca8fa6e9b14aa8732386d654fece328524f8b543f5c08940d6a8df17aae191,FT_INT_Block;FT_PIW;INTEGRATE;T_PLC_MS_block,,instance0;program0,True,False,False,FN,explicit FUNCTION_BLOCK declaration in mapped Structured Text source,production: GEB-scoped dt_FB_; probe: ungated core_symbol_text contains dt_FB_,DERIVED_EVIDENCE,
openplcV2_FT_PIWL,FT_PIWL,OpenPLCv2,fold_3,UNIQUE,1,AICPS-PLCBEAD_PLCEmbed-c78a56f/PLC-BEAD/Source/OpenPLCv2/FT_PIWL.ST,07564115c779594f25eb2b1da7e68c6ef109e6e1085a838ea30459d8b28a1580,FT_PIWL;T_PLC_US_Block,,instance0;program0,True,False,False,FN,explicit FUNCTION_BLOCK declaration in mapped Structured Text source,production: GEB-scoped dt_FB_; probe: ungated core_symbol_text contains dt_FB_,DERIVED_EVIDENCE,
openplcV2_FT_PROFILE,FT_PROFILE,OpenPLCv2,fold_5,UNIQUE,1,AICPS-PLCBEAD_PLCEmbed-c78a56f/PLC-BEAD/Source/OpenPLCv2/FT_PROFILE.ST,6565cc661954986f7e17ee3385fc9694ffb21f4f2f2c0ceb9d8f5eb7990fc71e,FT_PROFILE;T_PLC_MS_block,,instance0;program0,True,False,False,FN,explicit FUNCTION_BLOCK declaration in mapped Structured Text source,production: GEB-scoped dt_FB_; probe: ungated core_symbol_text contains dt_FB_,DERIVED_EVIDENCE,
openplcV2_FT_PT1,FT_PT1,OpenPLCv2,fold_4,UNIQUE,1,AICPS-PLCBEAD_PLCEmbed-c78a56f/PLC-BEAD/Source/OpenPLCv2/FT_PT1.ST,df364f94cb46bf3b7d9669464fd28cc4230ab3d806ce1d7f807742f6fdbfe8d2,FT_PT1;T_PLC_US_Block,,instance0;program0,True,False,False,FN,explicit FUNCTION_BLOCK declaration in mapped Structured Text source,production: GEB-scoped dt_FB_; probe: ungated core_symbol_text contains dt_FB_,DERIVED_EVIDENCE,
openplcV2_FT_PT2,FT_PT2,OpenPLCv2,fold_5,UNIQUE,1,AICPS-PLCBEAD_PLCEmbed-c78a56f/PLC-BEAD/Source/OpenPLCv2/FT_PT2.ST,5e52ef8116062516c2f5159f745e4f20563345852aefdda03ee20d69bba0ac19,FT_PT2;INTEGRATE;T_PLC_MS_block,,instance0;program0,True,False,False,FN,explicit FUNCTION_BLOCK declaration in mapped Structured Text source,production: GEB-scoped dt_FB_; probe: ungated core_symbol_text contains dt_FB_,DERIVED_EVIDENCE,
openplcV2_FT_RMP,FT_RMP,OpenPLCv2,fold_8,UNIQUE,1,AICPS-PLCBEAD_PLCEmbed-c78a56f/PLC-BEAD/Source/OpenPLCv2/FT_RMP.ST,e05d466acd43752624cc7a205ad2b4c44186d9f1fbde04f0c404a6296ad0ebdc,FT_RMP;T_PLC_MS_block,,instance0;program0,True,False,False,FN,explicit FUNCTION_BLOCK declaration in mapped Structured Text source,production: GEB-scoped dt_FB_; probe: ungated core_symbol_text contains dt_FB_,DERIVED_EVIDENCE,
openplcV2_FT_TN16,FT_TN16,OpenPLCv2,fold_6,UNIQUE,1,AICPS-PLCBEAD_PLCEmbed-c78a56f/PLC-BEAD/Source/OpenPLCv2/FT_TN16.ST,3ac244d0c377508459a62ed89958cace6af1549563f0be286921d3f03f9d007b,FT_TN16;T_PLC_MS_Block,,instance0;program0,True,False,False,FN,explicit FUNCTION_BLOCK declaration in mapped Structured Text source,production: GEB-scoped dt_FB_; probe: ungated core_symbol_text contains dt_FB_,DERIVED_EVIDENCE,
openplcV2_FT_TN64,FT_TN64,OpenPLCv2,fold_7,UNIQUE,1,AICPS-PLCBEAD_PLCEmbed-c78a56f/PLC-BEAD/Source/OpenPLCv2/FT_TN64.ST,8a3e7d65ddfe8a203850db2854478120ccaf6e46f727c79c814b42f56316a305,FT_TN64;T_PLC_MS_Block,,instance0;program0,True,False,False,FN,explicit FUNCTION_BLOCK declaration in mapped Structured Text source,production: GEB-scoped dt_FB_; probe: ungated core_symbol_text contains dt_FB_,DERIVED_EVIDENCE,
openplcV2_FT_TN8,FT_TN8,OpenPLCv2,fold_8,UNIQUE,1,AICPS-PLCBEAD_PLCEmbed-c78a56f/PLC-BEAD/Source/OpenPLCv2/FT_TN8.ST,99c0c1720899e9b73220f18687d3b7da5f8d7a7d089e19258db5d7ca12937de3,FT_TN8;T_PLC_MS_Block,,instance0;program0,True,False,False,FN,explicit FUNCTION_BLOCK declaration in mapped Structured Text source,production: GEB-scoped dt_FB_; probe: ungated core_symbol_text contains dt_FB_,DERIVED_EVIDENCE,
openplcV2_F_LAMP,F_LAMP,OpenPLCv2,fold_5,UNIQUE,1,AICPS-PLCBEAD_PLCEmbed-c78a56f/PLC-BEAD/Source/OpenPLCv2/F_LAMP.ST,7c7360e293810ebf7e60a8d95abb850b346e9d3794af5edb933b5559d5d56d58,F_LAMP_Block;ONTIME_Block;T_PLC_MS_block,,instance0;program0,True,False,False,FN,explicit FUNCTION_BLOCK declaration in mapped Structured Text source,production: GEB-scoped dt_FB_; probe: ungated core_symbol_text contains dt_FB_,DERIVED_EVIDENCE,
openplcV2_F_LIN,F_LIN,OpenPLCv2,fold_0,UNIQUE,1,AICPS-PLCBEAD_PLCEmbed-c78a56f/PLC-BEAD/Source/OpenPLCv2/F_LIN.ST,ecdbba993424d4d08f8589cceb835f9ea46539360dfd495767ba7269d9ceef38,,F_LIN,instance0;program0,False,False,False,TN,explicit FUNCTION_BLOCK declaration in mapped Structured Text source,production: GEB-scoped dt_FB_; probe: ungated core_symbol_text contains dt_FB_,DERIVED_EVIDENCE,
openplcV2_F_LIN2,F_LIN2,OpenPLCv2,fold_1,UNIQUE,1,AICPS-PLCBEAD_PLCEmbed-c78a56f/PLC-BEAD/Source/OpenPLCv2/F_LIN2.ST,c72724c312a6fef6cef35fc6f1d33f064a9d4857d3319e973b7b18669c9146bf,,F_LIN2,instance0;program0,False,False,False,TN,explicit FUNCTION_BLOCK declaration in mapped Structured Text source,production: GEB-scoped dt_FB_; probe: ungated core_symbol_text contains dt_FB_,DERIVED_EVIDENCE,
openplcV2_F_POLY,F_POLY,OpenPLCv2,fold_2,UNIQUE,1,AICPS-PLCBEAD_PLCEmbed-c78a56f/PLC-BEAD/Source/OpenPLCv2/F_POLY.ST,fe9d980622de19704f597ac411e5db1d57f8b450b03b29fc53845e40e4bccecd,F_POLY_Block,,instance0;program0,True,False,False,FN,explicit FUNCTION_BLOCK declaration in mapped Structured Text source,production: GEB-scoped dt_FB_; probe: ungated core_symbol_text contains dt_FB_,DERIVED_EVIDENCE,
openplcV2_F_POWER,F_POWER,OpenPLCv2,fold_3,UNIQUE,1,AICPS-PLCBEAD_PLCEmbed-c78a56f/PLC-BEAD/Source/OpenPLCv2/F_POWER.ST,a70b058ab4b68b9a46ec7a5ccde3631bc75b19a226c35b26ea51bc48f7f56e20,,F_POWER,instance0;program0,False,False,False,TN,explicit FUNCTION_BLOCK declaration in mapped Structured Text source,production: GEB-scoped dt_FB_; probe: ungated core_symbol_text contains dt_FB_,DERIVED_EVIDENCE,
openplcV2_F_QUAD,F_QUAD,OpenPLCv2,fold_4,UNIQUE,1,AICPS-PLCBEAD_PLCEmbed-c78a56f/PLC-BEAD/Source/OpenPLCv2/F_QUAD.ST,a1ce3db4115b46d7959f77ec3247ae0283f287b9cffc6d16ec6b2e1fd690cd22,,F_QUAD,instance0;program0,False,False,False,TN,explicit FUNCTION_BLOCK declaration in mapped Structured Text source,production: GEB-scoped dt_FB_; probe: ungated core_symbol_text contains dt_FB_,DERIVED_EVIDENCE,
openplcV2_F_TO_C,F_TO_C,OpenPLCv2,fold_7,UNIQUE,1,AICPS-PLCBEAD_PLCEmbed-c78a56f/PLC-BEAD/Source/OpenPLCv2/F_TO_C.ST,7caa9a27009a074ac62778fb8e5caec75c308bbc39e426d6355ba13c810654f0,,F_TO_C,instance0;program0,False,False,False,TN,explicit FUNCTION_BLOCK declaration in mapped Structured Text source,production: GEB-scoped dt_FB_; probe: ungated core_symbol_text contains dt_FB_,DERIVED_EVIDENCE,
openplcV2_F_TO_OM,F_TO_OM,OpenPLCv2,fold_8,UNIQUE,1,AICPS-PLCBEAD_PLCEmbed-c78a56f/PLC-BEAD/Source/OpenPLCv2/F_TO_OM.ST,63463ac849176d2c73d0b23f3198dbdf6ab51ca3f7cbb470f6c95c00138dcec4,,F_TO_OM,instance0;program0,False,False,False,TN,explicit FUNCTION_BLOCK declaration in mapped Structured Text source,production: GEB-scoped dt_FB_; probe: ungated core_symbol_text contains dt_FB_,DERIVED_EVIDENCE,
openplcV2_F_TO_PT,F_TO_PT,OpenPLCv2,fold_9,UNIQUE,1,AICPS-PLCBEAD_PLCEmbed-c78a56f/PLC-BEAD/Source/OpenPLCv2/F_TO_PT.ST,e4d5bdac198c374aefd9fd2537c96fdd24dfc64f4d0aedd4ee2dd29fa0f72006,,F_TO_PT;_REAL_TO_DWORD,instance0;program0,False,False,False,TN,explicit FUNCTION_BLOCK declaration in mapped Structured Text source,production: GEB-scoped dt_FB_; probe: ungated core_symbol_text contains dt_FB_,DERIVED_EVIDENCE,
openplcV2_GAMMA,GAMMA,OpenPLCv2,fold_9,UNIQUE,1,AICPS-PLCBEAD_PLCEmbed-c78a56f/PLC-BEAD/Source/OpenPLCv2/GAMMA.ST,f997e3f1f8988f3c0302ac8181e76b856a4c54fb23e82aebb581427d8eabfb74,,GAMMA,instance0;program0,False,False,False,TN,explicit FUNCTION_BLOCK declaration in mapped Structured Text source,production: GEB-scoped dt_FB_; probe: ungated core_symbol_text contains dt_FB_,DERIVED_EVIDENCE,
openplcV2_GAUSS,GAUSS,OpenPLCv2,fold_0,UNIQUE,1,AICPS-PLCBEAD_PLCEmbed-c78a56f/PLC-BEAD/Source/OpenPLCv2/GAUSS.ST,364574c9930ded67d426f37b0312a34f5dbc6b090ab9b18d3abdd247a1a9b2e4,,GAUSS,instance0;program0,False,False,False,TN,explicit FUNCTION_BLOCK declaration in mapped Structured Text source,production: GEB-scoped dt_FB_; probe: ungated core_symbol_text contains dt_FB_,DERIVED_EVIDENCE,
openplcV2_GAUSSCD,GAUSSCD,OpenPLCv2,fold_1,UNIQUE,1,AICPS-PLCBEAD_PLCEmbed-c78a56f/PLC-BEAD/Source/OpenPLCv2/GAUSSCD.ST,3876f583becd28c235ca3da60bb36709d70fb5afd036a90a871842a1caa8b02b,,ERF;GAUSSCD;SGN,instance0;program0,False,False,False,TN,explicit FUNCTION_BLOCK declaration in mapped Structured Text source,production: GEB-scoped dt_FB_; probe: ungated core_symbol_text contains dt_FB_,DERIVED_EVIDENCE,
openplcV2_GCD,GCD,OpenPLCv2,fold_2,UNIQUE,1,AICPS-PLCBEAD_PLCEmbed-c78a56f/PLC-BEAD/Source/OpenPLCv2/GCD.ST,418e4514efc5c507fa36e4844378541d19614e243950738bad9ed7b8dc2e76c9,,GCD,instance0;program0,False,False,False,TN,explicit FUNCTION_BLOCK declaration in mapped Structured Text source,production: GEB-scoped dt_FB_; probe: ungated core_symbol_text contains dt_FB_,DERIVED_EVIDENCE,
openplcV2_GDF,GDF,OpenPLCv2,fold_3,UNIQUE,1,AICPS-PLCBEAD_PLCEmbed-c78a56f/PLC-BEAD/Source/OpenPLCv2/GDF.ST,b12f444ed846aee63a6bdb3d640b6ae27d2dd6dff4a90043a39b864647638189,,GDF,instance0;program0,False,False,False,TN,explicit FUNCTION_BLOCK declaration in mapped Structured Text source,production: GEB-scoped dt_FB_; probe: ungated core_symbol_text contains dt_FB_,DERIVED_EVIDENCE,
openplcV2_GEN_BIT,GEN_BIT,OpenPLCv2,fold_0,UNIQUE,1,AICPS-PLCBEAD_PLCEmbed-c78a56f/PLC-BEAD/Source/OpenPLCv2/GEN_BIT.ST,88bf0c01d453692701876d6bf272919a2e6e1307d2455b690285c61a470af73a,GEN_BIT_Block,BIT_OF_DWORD,instance0;program0,True,False,False,FN,explicit FUNCTION_BLOCK declaration in mapped Structured Text source,production: GEB-scoped dt_FB_; probe: ungated core_symbol_text contains dt_FB_,DERIVED_EVIDENCE,
openplcV2_GEN_PULSE,GEN_PULSE,OpenPLCv2,fold_3,UNIQUE,1,AICPS-PLCBEAD_PLCEmbed-c78a56f/PLC-BEAD/Source/OpenPLCv2/GEN_PULSE.ST,07426deee3d0d44a258dc355f5c53b0de32a71db626bfa14d27a8b8818719977,GEN_PULSE_Block;T_PLC_MS_block,UDINT_TO_TIME2,instance0;program0,True,False,False,FN,explicit FUNCTION_BLOCK declaration in mapped Structured Text source,production: GEB-scoped dt_FB_; probe: ungated core_symbol_text contains dt_FB_,DERIVED_EVIDENCE,
openplcV2_GEN_PW2,GEN_PW2,OpenPLCv2,fold_4,UNIQUE,1,AICPS-PLCBEAD_PLCEmbed-c78a56f/PLC-BEAD/Source/OpenPLCv2/GEN_PW2.ST,23b630fa987fe1e3ad44c1e41bef11903cba64423ddac3cf6c7d1f906db8568a,GEN_PW2_Block;T_PLC_MS_block,UDINT_TO_TIME2,instance0;program0,True,False,False,FN,explicit FUNCTION_BLOCK declaration in mapped Structured Text source,production: GEB-scoped dt_FB_; probe: ungated core_symbol_text contains dt_FB_,DERIVED_EVIDENCE,
openplcV2_GEN_RDM,GEN_RDM,OpenPLCv2,fold_5,UNIQUE,1,AICPS-PLCBEAD_PLCEmbed-c78a56f/PLC-BEAD/Source/OpenPLCv2/GEN_RDM.ST,f76ca6f3b2c5aa1c9276c4c58ece5bc281b3d57ab31e630576867de08fc17fa0,GEN_RDM_Block;RDM_block;T_PLC_MS_block,BIT_COUNT;BIT_LOAD_DW;BIT_OF_DWORD;D_TRUNC;FRACT;_DWORD_TO_REAL;_INT_TO_UDINT,instance0;program0,True,False,False,FN,explicit FUNCTION_BLOCK declaration in mapped Structured Text source,production: GEB-scoped dt_FB_; probe: ungated core_symbol_text contains dt_FB_,DERIVED_EVIDENCE,
openplcV2_GEN_RDT,GEN_RDT,OpenPLCv2,fold_6,UNIQUE,1,AICPS-PLCBEAD_PLCEmbed-c78a56f/PLC-BEAD/Source/OpenPLCv2/GEN_RDT.ST,9f6897b2e6f49a8dc6e928b806b55893a28e762b733794cf1e99df048d719091,GEN_RDT_Block;RDM_block;T_PLC_MS_block,BIT_COUNT;BIT_LOAD_DW;BIT_OF_DWORD;D_TRUNC;FRACT;REAL_TO_TIME2;TIME_TO_REAL1;_DWORD_TO_REAL;_INT_TO_UDINT;_REAL_TO_UDINT,instance0;program0,True,False,False,FN,explicit FUNCTION_BLOCK declaration in mapped Structured Text source,production: GEB-scoped dt_FB_; probe: ungated core_symbol_text contains dt_FB_,DERIVED_EVIDENCE,
openplcV2_GEN_SQ,GEN_SQ,OpenPLCv2,fold_1,UNIQUE,1,AICPS-PLCBEAD_PLCEmbed-c78a56f/PLC-BEAD/Source/OpenPLCv2/GEN_SQ.ST,e8186e844471cff5bdaf81b6d219fde51271ddc5ea9adeac5d197a8ee95fdee6,GEN_SQ_Block;T_PLC_MS_block,UDINT_TO_TIME2,instance0;program0,True,False,False,FN,explicit FUNCTION_BLOCK declaration in mapped Structured Text source,production: GEB-scoped dt_FB_; probe: ungated core_symbol_text contains dt_FB_,DERIVED_EVIDENCE,
openplcV2_GEO_TO_DEG,GEO_TO_DEG,OpenPLCv2,fold_0,UNIQUE,1,AICPS-PLCBEAD_PLCEmbed-c78a56f/PLC-BEAD/Source/OpenPLCv2/GEO_TO_DEG.ST,504e0c69880dff78d6393b1ec21979c8e83151d58dcee834af846d47fe675cc3,,GEO_TO_DEG,instance0;program0,False,False,False,TN,explicit FUNCTION_BLOCK declaration in mapped Structured Text source,production: GEB-scoped dt_FB_; probe: ungated core_symbol_text contains dt_FB_,DERIVED_EVIDENCE,
openplcV2_GOLD,GOLD,OpenPLCv2,fold_4,UNIQUE,1,AICPS-PLCBEAD_PLCEmbed-c78a56f/PLC-BEAD/Source/OpenPLCv2/GOLD.ST,8c28cfbf7eb263278b35795c4ef5d22dec8a2ff3040a7fb67b694394bc845a7c,,GOLD,instance0;program0,False,False,False,TN,explicit FUNCTION_BLOCK declaration in mapped Structured Text source,production: GEB-scoped dt_FB_; probe: ungated core_symbol_text contains dt_FB_,DERIVED_EVIDENCE,
openplcV2_GRAY_TO_BYTE,GRAY_TO_BYTE,OpenPLCv2,fold_4,UNIQUE,1,AICPS-PLCBEAD_PLCEmbed-c78a56f/PLC-BEAD/Source/OpenPLCv2/GRAY_TO_BYTE.ST,eb82d85a4d8b59740a9df7240f40b975190824d25769cbbdca1c33c4f6926028,,GRAY_TO_BYTE,instance0;program0,False,False,False,TN,explicit FUNCTION_BLOCK declaration in mapped Structured Text source,production: GEB-scoped dt_FB_; probe: ungated core_symbol_text contains dt_FB_,DERIVED_EVIDENCE,
openplcV2_HEAT_INDEX,HEAT_INDEX,OpenPLCv2,fold_3,UNIQUE,1,AICPS-PLCBEAD_PLCEmbed-c78a56f/PLC-BEAD/Source/OpenPLCv2/HEAT_INDEX.ST,d259996ddc775db50e678977976c8654d80106b59861a76907a21d7b7d4dffbd,,C_TO_F;F_TO_C;HEAT_INDEX,instance0;program0,False,False,False,TN,explicit FUNCTION_BLOCK declaration in mapped Structured Text source,production: GEB-scoped dt_FB_; probe: ungated core_symbol_text contains dt_FB_,DERIVED_EVIDENCE,
openplcV2_HEAT_TEMP,HEAT_TEMP,OpenPLCv2,fold_5,UNIQUE,1,AICPS-PLCBEAD_PLCEmbed-c78a56f/PLC-BEAD/Source/OpenPLCv2/HEAT_TEMP.ST,7e714ac44228264091927eb263ceb04ccb7c99b62e67ee4075690184e2ed045b,HEAT_TEMP_Block,,instance0;program0,True,False,False,FN,explicit FUNCTION_BLOCK declaration in mapped Structured Text source,production: GEB-scoped dt_FB_; probe: ungated core_symbol_text contains dt_FB_,DERIVED_EVIDENCE,
openplcV2_HOLIDAY,HOLIDAY,OpenPLCv2,fold_5,UNIQUE,1,AICPS-PLCBEAD_PLCEmbed-c78a56f/PLC-BEAD/Source/OpenPLCv2/HOLIDAY.ST,3bf32dc8f55a529aae03109e7034eed9e1fec012fb4ae89a800f19bfc43dc42e,HOLIDAY_Block;SETUP_LANGUAGE_Block;SETUP_LOCATION;SETUP_WEEKDAYS,DATE_ADD;DAY_OF_MONTH;DAY_OF_WEEK;DAY_OF_YEAR;EASTER;LEAP_OF_DATE;MONTH_OF_DATE;SET_DATE;YEAR_OF_DATE;_INT_TO_UDINT,instance0;program0,True,False,False,FN,explicit FUNCTION_BLOCK declaration in mapped Structured Text source,production: GEB-scoped dt_FB_; probe: ungated core_symbol_text contains dt_FB_,DERIVED_EVIDENCE,
openplcV2_HOUR,HOUR,OpenPLCv2,fold_6,UNIQUE,1,AICPS-PLCBEAD_PLCEmbed-c78a56f/PLC-BEAD/Source/OpenPLCv2/HOUR.ST,d5efff50622eda3f67446381cc89fc09351533f899c2d949929142111fd53f18,,HOUR,instance0;program0,False,False,False,TN,explicit FUNCTION_BLOCK declaration in mapped Structured Text source,production: GEB-scoped dt_FB_; probe: ungated core_symbol_text contains dt_FB_,DERIVED_EVIDENCE,
openplcV2_HOUR_OF_DT,HOUR_OF_DT,OpenPLCv2,fold_7,UNIQUE,1,AICPS-PLCBEAD_PLCEmbed-c78a56f/PLC-BEAD/Source/OpenPLCv2/HOUR_OF_DT.ST,e53235f46cc26f6161ad62a891120e6577ca376fa0841c8e68f2fbd136c72e3a,,HOUR_OF_DT,instance0;program0,False,False,False,TN,explicit FUNCTION_BLOCK declaration in mapped Structured Text source,production: GEB-scoped dt_FB_; probe: ungated core_symbol_text contains dt_FB_,DERIVED_EVIDENCE,
openplcV2_HOUR_TO_TIME,HOUR_TO_TIME,OpenPLCv2,fold_8,UNIQUE,1,AICPS-PLCBEAD_PLCEmbed-c78a56f/PLC-BEAD/Source/OpenPLCv2/HOUR_TO_TIME.ST,f250a8e2f97830a2d4ee57f74afef5fe34393d7ed0ca2263435e061f3cc80951,,HOUR_TO_TIME;_REAL_TO_UDINT,instance0;program0,False,False,False,TN,explicit FUNCTION_BLOCK declaration in mapped Structured Text source,production: GEB-scoped dt_FB_; probe: ungated core_symbol_text contains dt_FB_,DERIVED_EVIDENCE,
openplcV2_HOUR_TO_TOD,HOUR_TO_TOD,OpenPLCv2,fold_9,UNIQUE,1,AICPS-PLCBEAD_PLCEmbed-c78a56f/PLC-BEAD/Source/OpenPLCv2/HOUR_TO_TOD.ST,1195c27ea430a01321916e5e0a2340b5e7ef4add0743686af1b30d296bf1554f,,HOUR_TO_TOD;_REAL_TO_UDINT,instance0;program0,False,False,False,TN,explicit FUNCTION_BLOCK declaration in mapped Structured Text source,production: GEB-scoped dt_FB_; probe: ungated core_symbol_text contains dt_FB_,DERIVED_EVIDENCE,
openplcV2_HYPOT,HYPOT,OpenPLCv2,fold_5,UNIQUE,1,AICPS-PLCBEAD_PLCEmbed-c78a56f/PLC-BEAD/Source/OpenPLCv2/HYPOT.ST,aa7f51c516fc0b9f4909ae1987ffd9b1c2d80a3095e599de9cc7e5f2848d326f,,HYPOT,instance0;program0,False,False,False,TN,explicit FUNCTION_BLOCK declaration in mapped Structured Text source,production: GEB-scoped dt_FB_; probe: ungated core_symbol_text contains dt_FB_,DERIVED_EVIDENCE,
openplcV2_HYST,HYST,OpenPLCv2,fold_9,UNIQUE,1,AICPS-PLCBEAD_PLCEmbed-c78a56f/PLC-BEAD/Source/OpenPLCv2/HYST.ST,b3a4fdab026342f90bf034b83f0f6c73a73c779f5a712fa9755671c4e9f11c17,HYST_Block,,instance0;program0,True,False,False,FN,explicit FUNCTION_BLOCK declaration in mapped Structured Text source,production: GEB-scoped dt_FB_; probe: ungated core_symbol_text contains dt_FB_,DERIVED_EVIDENCE,
openplcV2_HYST_1,HYST_1,OpenPLCv2,fold_0,UNIQUE,1,AICPS-PLCBEAD_PLCEmbed-c78a56f/PLC-BEAD/Source/OpenPLCv2/HYST_1.ST,5483c29f4f9d7ae9f5b4835440e8e66e5defa44346713f7f3fb9de9d1285b62c,HYST_1_Block,,instance0;program0,True,False,False,FN,explicit FUNCTION_BLOCK declaration in mapped Structured Text source,production: GEB-scoped dt_FB_; probe: ungated core_symbol_text contains dt_FB_,DERIVED_EVIDENCE,
openplcV2_HYST_2,HYST_2,OpenPLCv2,fold_1,UNIQUE,1,AICPS-PLCBEAD_PLCEmbed-c78a56f/PLC-BEAD/Source/OpenPLCv2/HYST_2.ST,68b0bd38e713dd7a81c7d0d8925240e66eeeee56843e5e28dc50ce2faf3efd0c,HYST_2_Block,,instance0;program0,True,False,False,FN,explicit FUNCTION_BLOCK declaration in mapped Structured Text source,production: GEB-scoped dt_FB_; probe: ungated core_symbol_text contains dt_FB_,DERIVED_EVIDENCE,
openplcV2_HYST_3,HYST_3,OpenPLCv2,fold_2,UNIQUE,1,AICPS-PLCBEAD_PLCEmbed-c78a56f/PLC-BEAD/Source/OpenPLCv2/HYST_3.ST,d0583df201810680a3525024968220ce2887242d469837309fa57d42936917ab,HYST_3_Block,,instance0;program0,True,False,False,FN,explicit FUNCTION_BLOCK declaration in mapped Structured Text source,production: GEB-scoped dt_FB_; probe: ungated core_symbol_text contains dt_FB_,DERIVED_EVIDENCE,
openplcV2_INC,INC,OpenPLCv2,fold_6,UNIQUE,1,AICPS-PLCBEAD_PLCEmbed-c78a56f/PLC-BEAD/Source/OpenPLCv2/INC.ST,ee1bf36eea73a0b277dc0ba914e4dcbac087b863247527811df7089c766a106b,,INC,instance0;program0,False,False,False,TN,explicit FUNCTION_BLOCK declaration in mapped Structured Text source,production: GEB-scoped dt_FB_; probe: ungated core_symbol_text contains dt_FB_,DERIVED_EVIDENCE,
openplcV2_INC1,INC1,OpenPLCv2,fold_7,UNIQUE,1,AICPS-PLCBEAD_PLCEmbed-c78a56f/PLC-BEAD/Source/OpenPLCv2/INC1.ST,0bc00800edf96f45a79e72e5c0828afb696b2147686cc0e87ad5bb197e77dfb3,,INC1,instance0;program0,False,False,False,TN,explicit FUNCTION_BLOCK declaration in mapped Structured Text source,production: GEB-scoped dt_FB_; probe: ungated core_symbol_text contains dt_FB_,DERIVED_EVIDENCE,
openplcV2_INC2,INC2,OpenPLCv2,fold_8,UNIQUE,1,AICPS-PLCBEAD_PLCEmbed-c78a56f/PLC-BEAD/Source/OpenPLCv2/INC2.ST,6d3ec0f4c8a12301793531eaf182be4a061d0dd1cb1cbc1d8ef7f7972acddb90,,INC2,instance0;program0,False,False,False,TN,explicit FUNCTION_BLOCK declaration in mapped Structured Text source,production: GEB-scoped dt_FB_; probe: ungated core_symbol_text contains dt_FB_,DERIVED_EVIDENCE,
openplcV2_INC_DEC,INC_DEC,OpenPLCv2,fold_6,UNIQUE,1,AICPS-PLCBEAD_PLCEmbed-c78a56f/PLC-BEAD/Source/OpenPLCv2/INC_DEC.ST,e18ea86a4d7231007aa7d4be66e4f60ac7f3489c48fd16fe068b378d19bdece0,INC_DEC_Block,,instance0;program0,True,False,False,FN,explicit FUNCTION_BLOCK declaration in mapped Structured Text source,production: GEB-scoped dt_FB_; probe: ungated core_symbol_text contains dt_FB_,DERIVED_EVIDENCE,
openplcV2_INSERT250,INSERT250,OpenPLCv2,fold_7,UNIQUE,1,AICPS-PLCBEAD_PLCEmbed-c78a56f/PLC-BEAD/Source/OpenPLCv2/INSERT250.ST,275aa06743b5abff8200a3976d0ee62c1498fde5d61d67dc12b67083278170af,_INSERT250,,instance0;program0,True,False,False,FN,explicit FUNCTION_BLOCK declaration in mapped Structured Text source,production: GEB-scoped dt_FB_; probe: ungated core_symbol_text contains dt_FB_,DERIVED_EVIDENCE,
openplcV2_INTEGRATE,INTEGRATE,OpenPLCv2,fold_3,UNIQUE,1,AICPS-PLCBEAD_PLCEmbed-c78a56f/PLC-BEAD/Source/OpenPLCv2/INTEGRATE.ST,e40e550378a0dd304d00428439ef4f8bb7f5bc2a74bfb3f6e06fd7cdb4cbac42,INTEGRATE;T_PLC_MS_block,,instance0;program0,True,False,False,FN,explicit FUNCTION_BLOCK declaration in mapped Structured Text source,production: GEB-scoped dt_FB_; probe: ungated core_symbol_text contains dt_FB_,DERIVED_EVIDENCE,
openplcV2_INTERLOCK,INTERLOCK,OpenPLCv2,fold_7,UNIQUE,1,AICPS-PLCBEAD_PLCEmbed-c78a56f/PLC-BEAD/Source/OpenPLCv2/INTERLOCK.ST,dad496a0f8f6f233ea45b4d09bce2aac36a533ec1bb28db734b79cdf81c59251,INTERLOCK_Block,,instance0;program0,True,False,False,FN,explicit FUNCTION_BLOCK declaration in mapped Structured Text source,production: GEB-scoped dt_FB_; probe: ungated core_symbol_text contains dt_FB_,DERIVED_EVIDENCE,
openplcV2_INTERLOCK_4,INTERLOCK_4,OpenPLCv2,fold_8,UNIQUE,1,AICPS-PLCBEAD_PLCEmbed-c78a56f/PLC-BEAD/Source/OpenPLCv2/INTERLOCK_4.ST,4d17a7c53d0aaa6065a3b8b2e9710cf76a983bf8353ea36a4cce97bc666de926,INTERLOCK_4_Block,BIT_LOAD_B,instance0;program0,True,False,False,FN,explicit FUNCTION_BLOCK declaration in mapped Structured Text source,production: GEB-scoped dt_FB_; probe: ungated core_symbol_text contains dt_FB_,DERIVED_EVIDENCE,
openplcV2_INT_TO_BCDC,INT_TO_BCDC,OpenPLCv2,fold_5,UNIQUE,1,AICPS-PLCBEAD_PLCEmbed-c78a56f/PLC-BEAD/Source/OpenPLCv2/INT_TO_BCDC.ST,cf602a7609192b0006c4be73510de3315dae448080f2cb4d91357cef4cd201a6,,INT_TO_BCDC,instance0;program0,False,False,False,TN,explicit FUNCTION_BLOCK declaration in mapped Structured Text source,production: GEB-scoped dt_FB_; probe: ungated core_symbol_text contains dt_FB_,DERIVED_EVIDENCE,
openplcV2_INT_TO_TIME,INT_TO_TIME,OpenPLCv2,fold_0,UNIQUE,1,AICPS-PLCBEAD_PLCEmbed-c78a56f/PLC-BEAD/Source/OpenPLCv2/INT_TO_TIME.ST,a11eec435d17f59579507165778d26269369a99c52625692ca62e3a2ee0c66c2,,_INT_TO_TIME,instance0;program0,False,False,False,TN,explicit FUNCTION_BLOCK declaration in mapped Structured Text source,production: GEB-scoped dt_FB_; probe: ungated core_symbol_text contains dt_FB_,DERIVED_EVIDENCE,
openplcV2_INV,INV,OpenPLCv2,fold_9,UNIQUE,1,AICPS-PLCBEAD_PLCEmbed-c78a56f/PLC-BEAD/Source/OpenPLCv2/INV.ST,86e7dcb1352a4be4ad64b382b922131fdd5380853e9e3bc0ea9d8eb67025c4b4,,INV,instance0;program0,False,False,False,TN,explicit FUNCTION_BLOCK declaration in mapped Structured Text source,production: GEB-scoped dt_FB_; probe: ungated core_symbol_text contains dt_FB_,DERIVED_EVIDENCE,
openplcV2_IP4_CHECK,IP4_CHECK,OpenPLCv2,fold_4,UNIQUE,1,AICPS-PLCBEAD_PLCEmbed-c78a56f/PLC-BEAD/Source/OpenPLCv2/IP4_CHECK.ST,4c7a0354d4bbca80a74efad20a77bc232ff2cbe2de04643f424423435e57db4b,,IP4_CHECK,instance0;program0,False,False,False,TN,explicit FUNCTION_BLOCK declaration in mapped Structured Text source,production: GEB-scoped dt_FB_; probe: ungated core_symbol_text contains dt_FB_,DERIVED_EVIDENCE,
openplcV2_IP4_TO_STRING,IP4_TO_STRING,OpenPLCv2,fold_5,UNIQUE,1,AICPS-PLCBEAD_PLCEmbed-c78a56f/PLC-BEAD/Source/OpenPLCv2/IP4_TO_STRING.ST,8da98e853c9a8c25f5aeefb7f5587bdca7c88b7384f784115bba9c748e3882b4,IP4_TO_STRING_Block,BYTE_OF_DWORD;_BYTE_TO_INT,instance0;program0,True,False,False,FN,explicit FUNCTION_BLOCK declaration in mapped Structured Text source,production: GEB-scoped dt_FB_; probe: ungated core_symbol_text contains dt_FB_,DERIVED_EVIDENCE,
openplcV2_IRTRANS_DECODE,IRTRANS_DECODE,OpenPLCv2,fold_0,UNIQUE,1,AICPS-PLCBEAD_PLCEmbed-c78a56f/PLC-BEAD/Source/OpenPLCv2/IRTRANS_DECODE.ST,d2ebba69df698b7ce7894751851049658ae418c7f701f0b99c6b7464659f46c3,CHR_TO_STRING_Block;IRTRANS_DECODE_Block,,instance0;program0,True,False,False,FN,explicit FUNCTION_BLOCK declaration in mapped Structured Text source,production: GEB-scoped dt_FB_; probe: ungated core_symbol_text contains dt_FB_,DERIVED_EVIDENCE,
openplcV2_IRTRANS_RCV_1,IRTRANS_RCV_1,OpenPLCv2,fold_1,UNIQUE,1,AICPS-PLCBEAD_PLCEmbed-c78a56f/PLC-BEAD/Source/OpenPLCv2/IRTRANS_RCV_1.ST,6521ff44748c7e8cbceaac47730812a9770687970d066e19f25996c111994808,IRTRANS_RCV_1_Block,,instance0;program0,True,False,False,FN,explicit FUNCTION_BLOCK declaration in mapped Structured Text source,production: GEB-scoped dt_FB_; probe: ungated core_symbol_text contains dt_FB_,DERIVED_EVIDENCE,
openplcV2_IRTRANS_RCV_4,IRTRANS_RCV_4,OpenPLCv2,fold_2,UNIQUE,1,AICPS-PLCBEAD_PLCEmbed-c78a56f/PLC-BEAD/Source/OpenPLCv2/IRTRANS_RCV_4.ST,357df07719567c68d883928c1d735562a8b4badc772c0a42f6d9de8508357f75,IRTRANS_RCV_4_Block,,instance0;program0,True,False,False,FN,explicit FUNCTION_BLOCK declaration in mapped Structured Text source,production: GEB-scoped dt_FB_; probe: ungated core_symbol_text contains dt_FB_,DERIVED_EVIDENCE,
openplcV2_IRTRANS_RCV_8,IRTRANS_RCV_8,OpenPLCv2,fold_3,UNIQUE,1,AICPS-PLCBEAD_PLCEmbed-c78a56f/PLC-BEAD/Source/OpenPLCv2/IRTRANS_RCV_8.ST,b331df2a96ca75a488e479b7c0af91f163a658d70b61d2b500e758ca2f88ed72,IRTRANS_RCV_8_Block,,instance0;program0,True,False,False,FN,explicit FUNCTION_BLOCK declaration in mapped Structured Text source,production: GEB-scoped dt_FB_; probe: ungated core_symbol_text contains dt_FB_,DERIVED_EVIDENCE,
openplcV2_IRTRANS_SERVER,IRTRANS_SERVER,OpenPLCv2,fold_4,UNIQUE,1,AICPS-PLCBEAD_PLCEmbed-c78a56f/PLC-BEAD/Source/OpenPLCv2/IRTRANS_SERVER.ST,0b7dd9327fb332393ba90f908f8e690a5e62c26012fbe3aa7dceefd4d2b8eccd,IRTRANS_SERVER_Block,,instance0;program0,True,False,False,FN,explicit FUNCTION_BLOCK declaration in mapped Structured Text source,production: GEB-scoped dt_FB_; probe: ungated core_symbol_text contains dt_FB_,DERIVED_EVIDENCE,
openplcV2_ISC_ALPHA,ISC_ALPHA,OpenPLCv2,fold_0,UNIQUE,1,AICPS-PLCBEAD_PLCEmbed-c78a56f/PLC-BEAD/Source/OpenPLCv2/ISC_ALPHA.ST,6176f43185af2b35b3a7d098df80130c4fd9912e9c75994eb4b2878a68ffc73b,,ISC_ALPHA;SETUP_EXTENDED_ASCII,instance0;program0,False,False,False,TN,explicit FUNCTION_BLOCK declaration in mapped Structured Text source,production: GEB-scoped dt_FB_; probe: ungated core_symbol_text contains dt_FB_,DERIVED_EVIDENCE,
openplcV2_ISC_CTRL,ISC_CTRL,OpenPLCv2,fold_1,UNIQUE,1,AICPS-PLCBEAD_PLCEmbed-c78a56f/PLC-BEAD/Source/OpenPLCv2/ISC_CTRL.ST,be61eaaba175c4b01d2a4229d277ec7789dbb4d7653748d35efeedb00fc0f25f,,ISC_CTRL,instance0;program0,False,False,False,TN,explicit FUNCTION_BLOCK declaration in mapped Structured Text source,production: GEB-scoped dt_FB_; probe: ungated core_symbol_text contains dt_FB_,DERIVED_EVIDENCE,
openplcV2_ISC_HEX,ISC_HEX,OpenPLCv2,fold_2,UNIQUE,1,AICPS-PLCBEAD_PLCEmbed-c78a56f/PLC-BEAD/Source/OpenPLCv2/ISC_HEX.ST,9658b975e45e921fddae3140457edf4c9e5e7c60fa4972dedaac6a20bb036f36,,ISC_HEX,instance0;program0,False,False,False,TN,explicit FUNCTION_BLOCK declaration in mapped Structured Text source,production: GEB-scoped dt_FB_; probe: ungated core_symbol_text contains dt_FB_,DERIVED_EVIDENCE,
openplcV2_ISC_LOWER,ISC_LOWER,OpenPLCv2,fold_3,UNIQUE,1,AICPS-PLCBEAD_PLCEmbed-c78a56f/PLC-BEAD/Source/OpenPLCv2/ISC_LOWER.ST,8058bd2344a8482c684dc26ea724b6e304e121c3e1653fd78ab2781c4538fe9d,,ISC_LOWER;SETUP_EXTENDED_ASCII,instance0;program0,False,False,False,TN,explicit FUNCTION_BLOCK declaration in mapped Structured Text source,production: GEB-scoped dt_FB_; probe: ungated core_symbol_text contains dt_FB_,DERIVED_EVIDENCE,
openplcV2_ISC_NUM,ISC_NUM,OpenPLCv2,fold_4,UNIQUE,1,AICPS-PLCBEAD_PLCEmbed-c78a56f/PLC-BEAD/Source/OpenPLCv2/ISC_NUM.ST,13d47b5ea4a194c32abc9d66c4182b73d0ceaf2dc586c1c36367a06582eb718f,,ISC_NUM,instance0;program0,False,False,False,TN,explicit FUNCTION_BLOCK declaration in mapped Structured Text source,production: GEB-scoped dt_FB_; probe: ungated core_symbol_text contains dt_FB_,DERIVED_EVIDENCE,
openplcV2_ISC_UPPER,ISC_UPPER,OpenPLCv2,fold_5,UNIQUE,1,AICPS-PLCBEAD_PLCEmbed-c78a56f/PLC-BEAD/Source/OpenPLCv2/ISC_UPPER.ST,6549e1ba46dab297330c017009f3d4a56186186e8421d4e83681d6393d6a1bcc,,ISC_UPPER;SETUP_EXTENDED_ASCII,instance0;program0,False,False,False,TN,explicit FUNCTION_BLOCK declaration in mapped Structured Text source,production: GEB-scoped dt_FB_; probe: ungated core_symbol_text contains dt_FB_,DERIVED_EVIDENCE,
openplcV2_IS_CC,IS_CC,OpenPLCv2,fold_8,UNIQUE,1,AICPS-PLCBEAD_PLCEmbed-c78a56f/PLC-BEAD/Source/OpenPLCv2/IS_CC.ST,02e1c688cb0f4fd36a4ebb61798f8c56e7063f9047521a339ba4aeab74889de4,IS_CC_Block,,instance0;program0,True,False,False,FN,explicit FUNCTION_BLOCK declaration in mapped Structured Text source,production: GEB-scoped dt_FB_; probe: ungated core_symbol_text contains dt_FB_,DERIVED_EVIDENCE,
openplcV2_IS_NCC,IS_NCC,OpenPLCv2,fold_9,UNIQUE,1,AICPS-PLCBEAD_PLCEmbed-c78a56f/PLC-BEAD/Source/OpenPLCv2/IS_NCC.ST,d5ec33806ce20ea6cfc3efe4d1119ee098d59e12aa0f3aa6798a16fb11e02c10,IS_NCC_Block,,instance0;program0,True,False,False,FN,explicit FUNCTION_BLOCK declaration in mapped Structured Text source,production: GEB-scoped dt_FB_; probe: ungated core_symbol_text contains dt_FB_,DERIVED_EVIDENCE,
openplcV2_IS_SORTED,IS_SORTED,OpenPLCv2,fold_2,UNIQUE,1,AICPS-PLCBEAD_PLCEmbed-c78a56f/PLC-BEAD/Source/OpenPLCv2/IS_SORTED.ST,5fab5bb9b44cc6c9e94ec45bd3d9d29003800df8889cc0db6910db65c0f813ee,IS_SORTED_Block,,instance0;program0,True,False,False,FN,explicit FUNCTION_BLOCK declaration in mapped Structured Text source,production: GEB-scoped dt_FB_; probe: ungated core_symbol_text contains dt_FB_,DERIVED_EVIDENCE,
openplcV2_IS_URLCHR,IS_URLCHR,OpenPLCv2,fold_6,UNIQUE,1,AICPS-PLCBEAD_PLCEmbed-c78a56f/PLC-BEAD/Source/OpenPLCv2/IS_URLCHR.ST,36bb0b34fa2b3f8e1d8c358f8f2b55c048bd05d3eaa7b815e67397bae1407c65,,IS_URLCHR,instance0;program0,False,False,False,TN,explicit FUNCTION_BLOCK declaration in mapped Structured Text source,production: GEB-scoped dt_FB_; probe: ungated core_symbol_text contains dt_FB_,DERIVED_EVIDENCE,
openplcV2_JD2000,JD2000,OpenPLCv2,fold_1,UNIQUE,1,AICPS-PLCBEAD_PLCEmbed-c78a56f/PLC-BEAD/Source/OpenPLCv2/JD2000.ST,50dbe52feac2ccc426559ff7f636c02ab68883b034e6c3bb11d5fd39c2dac6aa,,JD2000,instance0;program0,False,False,False,TN,explicit FUNCTION_BLOCK declaration in mapped Structured Text source,production: GEB-scoped dt_FB_; probe: ungated core_symbol_text contains dt_FB_,DERIVED_EVIDENCE,
openplcV2_KMH_TO_MS,KMH_TO_MS,OpenPLCv2,fold_2,UNIQUE,1,AICPS-PLCBEAD_PLCEmbed-c78a56f/PLC-BEAD/Source/OpenPLCv2/KMH_TO_MS.ST,ab6fd6d1ba73311a9891f3bb3bbb9c7f81ec214fa52e0ddc4f7bae3a87e30909,,KMH_TO_MS,instance0;program0,False,False,False,TN,explicit FUNCTION_BLOCK declaration in mapped Structured Text source,production: GEB-scoped dt_FB_; probe: ungated core_symbol_text contains dt_FB_,DERIVED_EVIDENCE,
openplcV2_K_TO_C,K_TO_C,OpenPLCv2,fold_1,UNIQUE,1,AICPS-PLCBEAD_PLCEmbed-c78a56f/PLC-BEAD/Source/OpenPLCv2/K_TO_C.ST,8a666b76bb9d2d32f52037bbeba16473e3dcebfcb83d88dd424586f18b6f1d48,,K_TO_C,instance0;program0,False,False,False,TN,explicit FUNCTION_BLOCK declaration in mapped Structured Text source,production: GEB-scoped dt_FB_; probe: ungated core_symbol_text contains dt_FB_,DERIVED_EVIDENCE,
openplcV2_LAMBERT_W,LAMBERT_W,OpenPLCv2,fold_0,UNIQUE,1,AICPS-PLCBEAD_PLCEmbed-c78a56f/PLC-BEAD/Source/OpenPLCv2/LAMBERT_W.ST,45b6992363a71838326ddef50e385a224def088cc9995a8931e395ac82628b04,LAMBERT_W_Block,_REAL_TO_DWORD,instance0;program0,True,False,False,FN,explicit FUNCTION_BLOCK declaration in mapped Structured Text source,production: GEB-scoped dt_FB_; probe: ungated core_symbol_text contains dt_FB_,DERIVED_EVIDENCE,
openplcV2_LANGEVIN,LANGEVIN,OpenPLCv2,fold_1,UNIQUE,1,AICPS-PLCBEAD_PLCEmbed-c78a56f/PLC-BEAD/Source/OpenPLCv2/LANGEVIN.ST,3b6f3dba56b2dbeac4b9e24bd7a1a9d1f49cbac2e4bb02fee9cd7560f81c6bd5,,COTH;LANGEVIN,instance0;program0,False,False,False,TN,explicit FUNCTION_BLOCK declaration in mapped Structured Text source,production: GEB-scoped dt_FB_; probe: ungated core_symbol_text contains dt_FB_,DERIVED_EVIDENCE,
openplcV2_LEAP_DAY,LEAP_DAY,OpenPLCv2,fold_2,UNIQUE,1,AICPS-PLCBEAD_PLCEmbed-c78a56f/PLC-BEAD/Source/OpenPLCv2/LEAP_DAY.ST,c0d603d241659c74f167bb9aacf18e10b23ff5975900f4593b404a91486dc542,,LEAP_DAY,instance0;program0,False,False,False,TN,explicit FUNCTION_BLOCK declaration in mapped Structured Text source,production: GEB-scoped dt_FB_; probe: ungated core_symbol_text contains dt_FB_,DERIVED_EVIDENCE,
openplcV2_LEAP_OF_DATE,LEAP_OF_DATE,OpenPLCv2,fold_3,UNIQUE,1,AICPS-PLCBEAD_PLCEmbed-c78a56f/PLC-BEAD/Source/OpenPLCv2/LEAP_OF_DATE.ST,a5fadba00fae0bdb1940ce7738a12221e4d8181ce1145be6bfc0afbbec5467af,,LEAP_OF_DATE,instance0;program0,False,False,False,TN,explicit FUNCTION_BLOCK declaration in mapped Structured Text source,production: GEB-scoped dt_FB_; probe: ungated core_symbol_text contains dt_FB_,DERIVED_EVIDENCE,
openplcV2_LEAP_YEAR,LEAP_YEAR,OpenPLCv2,fold_4,UNIQUE,1,AICPS-PLCBEAD_PLCEmbed-c78a56f/PLC-BEAD/Source/OpenPLCv2/LEAP_YEAR.ST,3aa2679d7acba9884414d9d2e107b8e18e7f647488fd1f1322edf83e2e4372bc,,LEAP_YEAR,instance0;program0,False,False,False,TN,explicit FUNCTION_BLOCK declaration in mapped Structured Text source,production: GEB-scoped dt_FB_; probe: ungated core_symbol_text contains dt_FB_,DERIVED_EVIDENCE,
openplcV2_LEGIONELLA,LEGIONELLA,OpenPLCv2,fold_6,UNIQUE,1,AICPS-PLCBEAD_PLCEmbed-c78a56f/PLC-BEAD/Source/OpenPLCv2/LEGIONELLA.ST,a9aad8c316daa337dd6e8644ba9a7def0b8ec456cf6fe73e5ad867a9eaf7bc64,HYST_1_Block;LEGIONELLA_Block;SEQUENCE_8_Block;TIMER_1_Block;T_PLC_MS_block,DAY_OF_WEEK;DT_TO_TOD2;TIMECHECK;TIME_TO_TOD;TIME_TO_TOD2;TOD_TO_TIME;UDINT_TO_TIME2;_DT_TO_DATE_B,instance0;program0,True,False,False,FN,explicit FUNCTION_BLOCK declaration in mapped Structured Text source,production: GEB-scoped dt_FB_; probe: ungated core_symbol_text contains dt_FB_,DERIVED_EVIDENCE,
openplcV2_LENGTH,LENGTH,OpenPLCv2,fold_6,UNIQUE,1,AICPS-PLCBEAD_PLCEmbed-c78a56f/PLC-BEAD/Source/OpenPLCv2/LENGTH.ST,c413f6cb3ad856f051eb8db8e31629c548522155388496fa78833554b0b9aae1,LENGTH_Block,,instance0;program0,True,False,False,FN,explicit FUNCTION_BLOCK declaration in mapped Structured Text source,production: GEB-scoped dt_FB_; probe: ungated core_symbol_text contains dt_FB_,DERIVED_EVIDENCE,
openplcV2_LINEAR_INT,LINEAR_INT,OpenPLCv2,fold_9,UNIQUE,1,AICPS-PLCBEAD_PLCEmbed-c78a56f/PLC-BEAD/Source/OpenPLCv2/LINEAR_INT.ST,f1385990c4c8cfb5e8afc0d5a2c380a2ab058a86b658a14c159d82501d1bae4d,LINEAR_INT_Block,,instance0;program0,True,False,False,FN,explicit FUNCTION_BLOCK declaration in mapped Structured Text source,production: GEB-scoped dt_FB_; probe: ungated core_symbol_text contains dt_FB_,DERIVED_EVIDENCE,
openplcV2_LIST_ADD,LIST_ADD,OpenPLCv2,fold_3,UNIQUE,1,AICPS-PLCBEAD_PLCEmbed-c78a56f/PLC-BEAD/Source/OpenPLCv2/LIST_ADD.ST,ffaf8fe253e98a73e7a259d21a433d746b5d6d7714dcdc3b42b68a29ac3a5ba0,CHR_TO_STRING_Block;LIST_ADD_Block,,instance0;program0,True,False,False,FN,explicit FUNCTION_BLOCK declaration in mapped Structured Text source,production: GEB-scoped dt_FB_; probe: ungated core_symbol_text contains dt_FB_,DERIVED_EVIDENCE,
openplcV2_LOG_VIEWPORT,LOG_VIEWPORT,OpenPLCv2,fold_7,UNIQUE,1,AICPS-PLCBEAD_PLCEmbed-c78a56f/PLC-BEAD/Source/OpenPLCv2/LOG_VIEWPORT.ST,d72042711e76bf3ff12e48cc5fdf89091138839b16221497ce994327aea9a893,LOG_VIEWPORT_Block,,instance0;program0,True,False,False,FN,explicit FUNCTION_BLOCK declaration in mapped Structured Text source,production: GEB-scoped dt_FB_; probe: ungated core_symbol_text contains dt_FB_,DERIVED_EVIDENCE,
openplcV2_LTCH,LTCH,OpenPLCv2,fold_7,UNIQUE,1,AICPS-PLCBEAD_PLCEmbed-c78a56f/PLC-BEAD/Source/OpenPLCv2/LTCH.ST,1a466d439d75bcf3142321e20a03380303df12c45ee0ac16d367e1a0a88e1f11,LTCH_Block,,instance0;program0,True,False,False,FN,explicit FUNCTION_BLOCK declaration in mapped Structured Text source,production: GEB-scoped dt_FB_; probe: ungated core_symbol_text contains dt_FB_,DERIVED_EVIDENCE,
openplcV2_LTCH_4,LTCH_4,OpenPLCv2,fold_8,UNIQUE,1,AICPS-PLCBEAD_PLCEmbed-c78a56f/PLC-BEAD/Source/OpenPLCv2/LTCH_4.ST,5db9c061e904eb1a88b29582db0833a995475ea25c1efa11c57787d25b0d4b36,LTCH_4_Block,,instance0;program0,True,False,False,FN,explicit FUNCTION_BLOCK declaration in mapped Structured Text source,production: GEB-scoped dt_FB_; probe: ungated core_symbol_text contains dt_FB_,DERIVED_EVIDENCE,
openplcV2_LTIME_TO_UTC,LTIME_TO_UTC,OpenPLCv2,fold_5,UNIQUE,1,AICPS-PLCBEAD_PLCEmbed-c78a56f/PLC-BEAD/Source/OpenPLCv2/LTIME_TO_UTC.ST,452dab2caa51d8b0d34420f55b3454c0924d15987cd69e6fae2df7dba354f314,,LTIME_TO_UTC;_INT_TO_UDINT,instance0;program0,False,False,False,TN,explicit FUNCTION_BLOCK declaration in mapped Structured Text source,production: GEB-scoped dt_FB_; probe: ungated core_symbol_text contains dt_FB_,DERIVED_EVIDENCE,
openplcV2_MANUAL,MANUAL,OpenPLCv2,fold_9,UNIQUE,1,AICPS-PLCBEAD_PLCEmbed-c78a56f/PLC-BEAD/Source/OpenPLCv2/MANUAL.ST,5447640d951f7147edec8a2b8dda7c1afc55622b460a8a6bfbef8facb39ee2a4,,MANUAL,instance0;program0,False,False,False,TN,explicit FUNCTION_BLOCK declaration in mapped Structured Text source,production: GEB-scoped dt_FB_; probe: ungated core_symbol_text contains dt_FB_,DERIVED_EVIDENCE,
openplcV2_MANUAL_1,MANUAL_1,OpenPLCv2,fold_0,UNIQUE,1,AICPS-PLCBEAD_PLCEmbed-c78a56f/PLC-BEAD/Source/OpenPLCv2/MANUAL_1.ST,624de20e7a109d857d7def6fd865a2c2cd3a1f4cfe215f2b81c523c0f026fcd9,MANUAL_1_Block,,instance0;program0,True,False,False,FN,explicit FUNCTION_BLOCK declaration in mapped Structured Text source,production: GEB-scoped dt_FB_; probe: ungated core_symbol_text contains dt_FB_,DERIVED_EVIDENCE,
openplcV2_MANUAL_2,MANUAL_2,OpenPLCv2,fold_1,UNIQUE,1,AICPS-PLCBEAD_PLCEmbed-c78a56f/PLC-BEAD/Source/OpenPLCv2/MANUAL_2.ST,299735b8a573e397bc9d97b7bb0979a4716e96024fbde268ea6d36d801ddf4c2,MANUAL_2_Block,,instance0;program0,True,False,False,FN,explicit FUNCTION_BLOCK declaration in mapped Structured Text source,production: GEB-scoped dt_FB_; probe: ungated core_symbol_text contains dt_FB_,DERIVED_EVIDENCE,
openplcV2_MANUAL_4,MANUAL_4,OpenPLCv2,fold_2,UNIQUE,1,AICPS-PLCBEAD_PLCEmbed-c78a56f/PLC-BEAD/Source/OpenPLCv2/MANUAL_4.ST,edea95bfa63a8bfb53f8562cb1998ea2d5c0e527a0e09898dfea39fbe54fe2ca,MANUAL_4_Block,INC,instance0;program0,True,False,False,FN,explicit FUNCTION_BLOCK declaration in mapped Structured Text source,production: GEB-scoped dt_FB_; probe: ungated core_symbol_text contains dt_FB_,DERIVED_EVIDENCE,
openplcV2_MATRIX,MATRIX,OpenPLCv2,fold_6,UNIQUE,1,AICPS-PLCBEAD_PLCEmbed-c78a56f/PLC-BEAD/Source/OpenPLCv2/MATRIX.ST,c71fccbeee9750feeaa0a07e9d0e4fb87fb6191d740613529726cc24c8fd78b8,MATRIX_Block,BIT_LOAD_B;BIT_OF_DWORD;_BYTE_TO_INT,instance0;program0,True,False,False,FN,explicit FUNCTION_BLOCK declaration in mapped Structured Text source,production: GEB-scoped dt_FB_; probe: ungated core_symbol_text contains dt_FB_,DERIVED_EVIDENCE,
openplcV2_MAX3,MAX3,OpenPLCv2,fold_2,UNIQUE,1,AICPS-PLCBEAD_PLCEmbed-c78a56f/PLC-BEAD/Source/OpenPLCv2/MAX3.ST,bd2b90880cc0eeab878cd35d4fcead08fcabf4c10b300c06751f4cd83046ec1f,,MAX3,instance0;program0,False,False,False,TN,explicit FUNCTION_BLOCK declaration in mapped Structured Text source,production: GEB-scoped dt_FB_; probe: ungated core_symbol_text contains dt_FB_,DERIVED_EVIDENCE,
openplcV2_MAX_TIME,MAX_TIME,OpenPLCv2,fold_0,UNIQUE,1,AICPS-PLCBEAD_PLCEmbed-c78a56f/PLC-BEAD/Source/OpenPLCv2/MAX_TIME.ST,099cc859a339b6d65f6d9c663364a49b88ebed83f1978ff3f78ef5b94cf09a80,,_MAX_TIME,instance0;program0,False,False,False,TN,explicit FUNCTION_BLOCK declaration in mapped Structured Text source,production: GEB-scoped dt_FB_; probe: ungated core_symbol_text contains dt_FB_,DERIVED_EVIDENCE,
openplcV2_MB_CLIENT,MB_CLIENT,OpenPLCv2,fold_8,UNIQUE,1,AICPS-PLCBEAD_PLCEmbed-c78a56f/PLC-BEAD/Source/OpenPLCv2/MB_CLIENT.ST,893979fc21b14a7d24269a30be206044df880e00fb9ceb7f54e26a092692564c,IP_FIFO_Block;MB_CLIENT_Block,BIT_LOAD_W;WORD_OF_BYTE;_BYTE_TO_INT,instance0;program0,True,False,False,FN,explicit FUNCTION_BLOCK declaration in mapped Structured Text source,production: GEB-scoped dt_FB_; probe: ungated core_symbol_text contains dt_FB_,DERIVED_EVIDENCE,
openplcV2_MB_SERVER,MB_SERVER,OpenPLCv2,fold_9,UNIQUE,1,AICPS-PLCBEAD_PLCEmbed-c78a56f/PLC-BEAD/Source/OpenPLCv2/MB_SERVER.ST,b2d602096b3ec224efd5f9159c3ce19f0e2ae20e14170bd3716478681c4c90ff,IP_FIFO_Block;MB_SERVER_Block;MB_VMAP_Block;T_PLC_MS_block,BIT_LOAD_W;WORD_OF_BYTE;_BYTE_TO_INT;_UDINT_TO_TIME,instance0;program0,True,False,False,FN,explicit FUNCTION_BLOCK declaration in mapped Structured Text source,production: GEB-scoped dt_FB_; probe: ungated core_symbol_text contains dt_FB_,DERIVED_EVIDENCE,
openplcV2_MB_VMAP,MB_VMAP,OpenPLCv2,fold_0,UNIQUE,1,AICPS-PLCBEAD_PLCEmbed-c78a56f/PLC-BEAD/Source/OpenPLCv2/MB_VMAP.ST,3c49a056338dc2043b89051bd058db4f9587039a8b6a676db43101f6457daf60,MB_VMAP_Block,,instance0;program0,True,False,False,FN,explicit FUNCTION_BLOCK declaration in mapped Structured Text source,production: GEB-scoped dt_FB_; probe: ungated core_symbol_text contains dt_FB_,DERIVED_EVIDENCE,
openplcV2_MESSAGE_4R,MESSAGE_4R,OpenPLCv2,fold_6,UNIQUE,1,AICPS-PLCBEAD_PLCEmbed-c78a56f/PLC-BEAD/Source/OpenPLCv2/MESSAGE_4R.ST,f1d64e9a325f39dbe6869362600215d057495c74e572b0f1677410d24bbab0a8,MESSAGE_4R_Block,INC1,instance0;program0,True,False,False,FN,explicit FUNCTION_BLOCK declaration in mapped Structured Text source,production: GEB-scoped dt_FB_; probe: ungated core_symbol_text contains dt_FB_,DERIVED_EVIDENCE,
openplcV2_MESSAGE_8,MESSAGE_8,OpenPLCv2,fold_7,UNIQUE,1,AICPS-PLCBEAD_PLCEmbed-c78a56f/PLC-BEAD/Source/OpenPLCv2/MESSAGE_8.ST,5a55cb82fdbdec708c8c1acc0fb2946df8ac7aa78265f708fe2948a58835b305,MESSAGE_8_Block,,instance0;program0,True,False,False,FN,explicit FUNCTION_BLOCK declaration in mapped Structured Text source,production: GEB-scoped dt_FB_; probe: ungated core_symbol_text contains dt_FB_,DERIVED_EVIDENCE,
openplcV2_METER,METER,OpenPLCv2,fold_1,UNIQUE,1,AICPS-PLCBEAD_PLCEmbed-c78a56f/PLC-BEAD/Source/OpenPLCv2/METER.ST,4b6a1efa722a049ba778747021de090a49b3348a9318fe5d1b49cd162b5c882a,METER_Block;R2_ADD_Block;T_PLC_MS_Block,,instance0;program0,True,False,False,FN,explicit FUNCTION_BLOCK declaration in mapped Structured Text source,production: GEB-scoped dt_FB_; probe: ungated core_symbol_text contains dt_FB_,DERIVED_EVIDENCE,
openplcV2_METER_STAT,METER_STAT,OpenPLCv2,fold_2,UNIQUE,1,AICPS-PLCBEAD_PLCEmbed-c78a56f/PLC-BEAD/Source/OpenPLCv2/METER_STAT.ST,1950c33f5c1403fcfb29d8ddea5b55608dab44cd052daf29abfe24871454bb3e,METER_STAT_Block,DAY_OF_WEEK;DAY_OF_YEAR;LEAP_OF_DATE;MONTH_OF_DATE;YEAR_OF_DATE,instance0;program0,True,False,False,FN,explicit FUNCTION_BLOCK declaration in mapped Structured Text source,production: GEB-scoped dt_FB_; probe: ungated core_symbol_text contains dt_FB_,DERIVED_EVIDENCE,
openplcV2_MID3,MID3,OpenPLCv2,fold_3,UNIQUE,1,AICPS-PLCBEAD_PLCEmbed-c78a56f/PLC-BEAD/Source/OpenPLCv2/MID3.ST,464179a88565c8d3144691be6eb4a48d6a735b91c52095bacf1434b0beb04f69,,MID3,instance0;program0,False,False,False,TN,explicit FUNCTION_BLOCK declaration in mapped Structured Text source,production: GEB-scoped dt_FB_; probe: ungated core_symbol_text contains dt_FB_,DERIVED_EVIDENCE,
openplcV2_MIN3,MIN3,OpenPLCv2,fold_4,UNIQUE,1,AICPS-PLCBEAD_PLCEmbed-c78a56f/PLC-BEAD/Source/OpenPLCv2/MIN3.ST,82d72d5073c1cba96980316275448afd2b1531b5c30e65c170d4677fa0f12d17,,MIN3,instance0;program0,False,False,False,TN,explicit FUNCTION_BLOCK declaration in mapped Structured Text source,production: GEB-scoped dt_FB_; probe: ungated core_symbol_text contains dt_FB_,DERIVED_EVIDENCE,
openplcV2_MINUTE,MINUTE,OpenPLCv2,fold_6,UNIQUE,1,AICPS-PLCBEAD_PLCEmbed-c78a56f/PLC-BEAD/Source/OpenPLCv2/MINUTE.ST,2a7ee595d735c392c02436607554abc2f8324d868e2c7b91088f2f789cf25ea6,,MINUTE,instance0;program0,False,False,False,TN,explicit FUNCTION_BLOCK declaration in mapped Structured Text source,production: GEB-scoped dt_FB_; probe: ungated core_symbol_text contains dt_FB_,DERIVED_EVIDENCE,
openplcV2_MINUTE_OF_DT,MINUTE_OF_DT,OpenPLCv2,fold_7,UNIQUE,1,AICPS-PLCBEAD_PLCEmbed-c78a56f/PLC-BEAD/Source/OpenPLCv2/MINUTE_OF_DT.ST,627dc5aad61af8d591f0bba8f991c9c6c26c137e6d6522e03721f3991b211278,,MINUTE_OF_DT,instance0;program0,False,False,False,TN,explicit FUNCTION_BLOCK declaration in mapped Structured Text source,production: GEB-scoped dt_FB_; probe: ungated core_symbol_text contains dt_FB_,DERIVED_EVIDENCE,
openplcV2_MINUTE_TO_TIME,MINUTE_TO_TIME,OpenPLCv2,fold_8,UNIQUE,1,AICPS-PLCBEAD_PLCEmbed-c78a56f/PLC-BEAD/Source/OpenPLCv2/MINUTE_TO_TIME.ST,069dc2bf709fbf35cea43dd2fd28b01cff1c7958f849fc048fc07bec249a3037,,MINUTE_TO_TIME;_REAL_TO_UDINT,instance0;program0,False,False,False,TN,explicit FUNCTION_BLOCK declaration in mapped Structured Text source,production: GEB-scoped dt_FB_; probe: ungated core_symbol_text contains dt_FB_,DERIVED_EVIDENCE,
openplcV2_MIRROR,MIRROR,OpenPLCv2,fold_8,UNIQUE,1,AICPS-PLCBEAD_PLCEmbed-c78a56f/PLC-BEAD/Source/OpenPLCv2/MIRROR.ST,6e2da33e86d087d5f36eb9a3f485b4c2bd2365623f4a130202b02a4dd57b93a1,MIRROR_Block,,instance0;program0,True,False,False,FN,explicit FUNCTION_BLOCK declaration in mapped Structured Text source,production: GEB-scoped dt_FB_; probe: ungated core_symbol_text contains dt_FB_,DERIVED_EVIDENCE,
openplcV2_MIX,MIX,OpenPLCv2,fold_4,UNIQUE,1,AICPS-PLCBEAD_PLCEmbed-c78a56f/PLC-BEAD/Source/OpenPLCv2/MIX.ST,867a8c101878d213b2f035373d472295ef85e2f01ba2e458c8d35dd8fc5f8a1a,,MIX,instance0;program0,False,False,False,TN,explicit FUNCTION_BLOCK declaration in mapped Structured Text source,production: GEB-scoped dt_FB_; probe: ungated core_symbol_text contains dt_FB_,DERIVED_EVIDENCE,
openplcV2_MODR,MODR,OpenPLCv2,fold_5,UNIQUE,1,AICPS-PLCBEAD_PLCEmbed-c78a56f/PLC-BEAD/Source/OpenPLCv2/MODR.ST,643a0f72bdbb26325964327ba2103cf462791e0869dbd8dc4f14b8c5cd511bd4,,FLOOR2;MODR,instance0;program0,False,False,False,TN,explicit FUNCTION_BLOCK declaration in mapped Structured Text source,production: GEB-scoped dt_FB_; probe: ungated core_symbol_text contains dt_FB_,DERIVED_EVIDENCE,
openplcV2_MONTH_BEGIN,MONTH_BEGIN,OpenPLCv2,fold_9,UNIQUE,1,AICPS-PLCBEAD_PLCEmbed-c78a56f/PLC-BEAD/Source/OpenPLCv2/MONTH_BEGIN.ST,09c4ce27fad1b4ed18056bbda8224ae804324170c4497f10ac70b4ca7b52ce95,,DAY_OF_MONTH;DAY_OF_YEAR;LEAP_OF_DATE;MONTH_BEGIN;MONTH_OF_DATE;_INT_TO_UDINT,instance0;program0,False,False,False,TN,explicit FUNCTION_BLOCK declaration in mapped Structured Text source,production: GEB-scoped dt_FB_; probe: ungated core_symbol_text contains dt_FB_,DERIVED_EVIDENCE,
openplcV2_MONTH_OF_DATE,MONTH_OF_DATE,OpenPLCv2,fold_1,UNIQUE,1,AICPS-PLCBEAD_PLCEmbed-c78a56f/PLC-BEAD/Source/OpenPLCv2/MONTH_OF_DATE.ST,13c41139a7a3bc5322085ce99a85025bb38396723785656935b14cfc8d4f97c1,,DAY_OF_YEAR;LEAP_OF_DATE;MONTH_OF_DATE,instance0;program0,False,False,False,TN,explicit FUNCTION_BLOCK declaration in mapped Structured Text source,production: GEB-scoped dt_FB_; probe: ungated core_symbol_text contains dt_FB_,DERIVED_EVIDENCE,
openplcV2_MONTH_TO_STRING,MONTH_TO_STRING,OpenPLCv2,fold_9,UNIQUE,1,AICPS-PLCBEAD_PLCEmbed-c78a56f/PLC-BEAD/Source/OpenPLCv2/MONTH_TO_STRING.ST,a619751bde5ccdaa3b6969a63df227e18c008ab645036026bb1ed825b6e45f0c,MONTH_TO_STRING_Block;SETUP_LANGUAGE_Block;SETUP_MONTHS3_Block;SETUP_MONTHS_Block,,instance0;program0,True,False,False,FN,explicit FUNCTION_BLOCK declaration in mapped Structured Text source,production: GEB-scoped dt_FB_; probe: ungated core_symbol_text contains dt_FB_,DERIVED_EVIDENCE,
openplcV2_MOON_PHASE,MOON_PHASE,OpenPLCv2,fold_1,UNIQUE,1,AICPS-PLCBEAD_PLCEmbed-c78a56f/PLC-BEAD/Source/OpenPLCv2/MOON_PHASE.ST,be46d1edbb7847a6ce763a7c982ca034e52de28a8fe35d01cfb9f19921843119,MOON_PHASE_Block,TIME_TO_UDINT2,instance0;program0,True,False,False,FN,explicit FUNCTION_BLOCK declaration in mapped Structured Text source,production: GEB-scoped dt_FB_; probe: ungated core_symbol_text contains dt_FB_,DERIVED_EVIDENCE,
openplcV2_MS_TO_BFT,MS_TO_BFT,OpenPLCv2,fold_3,UNIQUE,1,AICPS-PLCBEAD_PLCEmbed-c78a56f/PLC-BEAD/Source/OpenPLCv2/MS_TO_BFT.ST,01c1ce6d2aedeb60f41b54aad0a471c061aeb60314565ae254d64c68936289b6,,MS_TO_BFT,instance0;program0,False,False,False,TN,explicit FUNCTION_BLOCK declaration in mapped Structured Text source,production: GEB-scoped dt_FB_; probe: ungated core_symbol_text contains dt_FB_,DERIVED_EVIDENCE,
openplcV2_MS_TO_KMH,MS_TO_KMH,OpenPLCv2,fold_4,UNIQUE,1,AICPS-PLCBEAD_PLCEmbed-c78a56f/PLC-BEAD/Source/OpenPLCv2/MS_TO_KMH.ST,a32e898921f4d2b78430ad0be7d12bb669fadc7bc4c1b27be0fb4313205c7ea5,,MS_TO_KMH,instance0;program0,False,False,False,TN,explicit FUNCTION_BLOCK declaration in mapped Structured Text source,production: GEB-scoped dt_FB_; probe: ungated core_symbol_text contains dt_FB_,DERIVED_EVIDENCE,
openplcV2_MULTIME,MULTIME,OpenPLCv2,fold_2,UNIQUE,1,AICPS-PLCBEAD_PLCEmbed-c78a56f/PLC-BEAD/Source/OpenPLCv2/MULTIME.ST,2d2b93403dd170d98167f0cf2ae4a4f246b3f43d4f9af0187b9c889ff81cd3b0,,MULTIME;_DWORD_TO_REAL;_REAL_TO_DWORD,instance0;program0,False,False,False,TN,explicit FUNCTION_BLOCK declaration in mapped Structured Text source,production: GEB-scoped dt_FB_; probe: ungated core_symbol_text contains dt_FB_,DERIVED_EVIDENCE,
openplcV2_MULTI_IN,MULTI_IN,OpenPLCv2,fold_0,UNIQUE,1,AICPS-PLCBEAD_PLCEmbed-c78a56f/PLC-BEAD/Source/OpenPLCv2/MULTI_IN.ST,5b401af30c5c03a8b63877d39599e4b9378ea92fe385fef0f7e6700c05bab632,,MID3;MULTI_IN;_BYTE_TO_INT,instance0;program0,False,False,False,TN,explicit FUNCTION_BLOCK declaration in mapped Structured Text source,production: GEB-scoped dt_FB_; probe: ungated core_symbol_text contains dt_FB_,DERIVED_EVIDENCE,
openplcV2_MUL_ADD,MUL_ADD,OpenPLCv2,fold_6,UNIQUE,1,AICPS-PLCBEAD_PLCEmbed-c78a56f/PLC-BEAD/Source/OpenPLCv2/MUL_ADD.ST,e8bf770f972457e3b9cc568bf566e06c3e16001fb4c5e08743c3f90ff7326c7f,,MUL_ADD,instance0;program0,False,False,False,TN,explicit FUNCTION_BLOCK declaration in mapped Structured Text source,production: GEB-scoped dt_FB_; probe: ungated core_symbol_text contains dt_FB_,DERIVED_EVIDENCE,
openplcV2_MUX_2,MUX_2,OpenPLCv2,fold_7,UNIQUE,1,AICPS-PLCBEAD_PLCEmbed-c78a56f/PLC-BEAD/Source/OpenPLCv2/MUX_2.ST,e6c80855bd24376107df91c6fd9c7b3a7cfc82db878cb945d7353e380d1b9a47,,MUX_2,instance0;program0,False,False,False,TN,explicit FUNCTION_BLOCK declaration in mapped Structured Text source,production: GEB-scoped dt_FB_; probe: ungated core_symbol_text contains dt_FB_,DERIVED_EVIDENCE,
openplcV2_MUX_4,MUX_4,OpenPLCv2,fold_8,UNIQUE,1,AICPS-PLCBEAD_PLCEmbed-c78a56f/PLC-BEAD/Source/OpenPLCv2/MUX_4.ST,70ed8e039d70b7be5d92d882495396f6b5a5019ea131f54ae07d7b948a23efa8,,MUX_4,instance0;program0,False,False,False,TN,explicit FUNCTION_BLOCK declaration in mapped Structured Text source,production: GEB-scoped dt_FB_; probe: ungated core_symbol_text contains dt_FB_,DERIVED_EVIDENCE,
openplcV2_MUX_R2,MUX_R2,OpenPLCv2,fold_5,UNIQUE,1,AICPS-PLCBEAD_PLCEmbed-c78a56f/PLC-BEAD/Source/OpenPLCv2/MUX_R2.ST,d5f47ab440a8e783db69b4e7833003260dee7a7985ff2c04781efb72ebeda9c1,,MUX_R2,instance0;program0,False,False,False,TN,explicit FUNCTION_BLOCK declaration in mapped Structured Text source,production: GEB-scoped dt_FB_; probe: ungated core_symbol_text contains dt_FB_,DERIVED_EVIDENCE,
openplcV2_MUX_R4,MUX_R4,OpenPLCv2,fold_6,UNIQUE,1,AICPS-PLCBEAD_PLCEmbed-c78a56f/PLC-BEAD/Source/OpenPLCv2/MUX_R4.ST,d817c1eb6c9640a3db95123c8461ce80ac274bba119fa3deaabb4de45dccd2a4,,MUX_R4,instance0;program0,False,False,False,TN,explicit FUNCTION_BLOCK declaration in mapped Structured Text source,production: GEB-scoped dt_FB_; probe: ungated core_symbol_text contains dt_FB_,DERIVED_EVIDENCE,
openplcV2_M_D,M_D,OpenPLCv2,fold_7,UNIQUE,1,AICPS-PLCBEAD_PLCEmbed-c78a56f/PLC-BEAD/Source/OpenPLCv2/M_D.ST,83203fce26cc7267723b6eaf4ac299b9c898a1515479a9440594529a2f003e41,M_D_Block;T_PLC_MS_Block,,instance0;program0,True,False,False,FN,explicit FUNCTION_BLOCK declaration in mapped Structured Text source,production: GEB-scoped dt_FB_; probe: ungated core_symbol_text contains dt_FB_,DERIVED_EVIDENCE,
openplcV2_M_T,M_T,OpenPLCv2,fold_8,UNIQUE,1,AICPS-PLCBEAD_PLCEmbed-c78a56f/PLC-BEAD/Source/OpenPLCv2/M_T.ST,76b6f864ff65d7a055cda88d4d8a3eba791a40c0e62ca556c311c1b5f7bdee89,M_T_Block;T_PLC_MS_block,,instance0;program0,True,False,False,FN,explicit FUNCTION_BLOCK declaration in mapped Structured Text source,production: GEB-scoped dt_FB_; probe: ungated core_symbol_text contains dt_FB_,DERIVED_EVIDENCE,
openplcV2_M_TX,M_TX,OpenPLCv2,fold_9,UNIQUE,1,AICPS-PLCBEAD_PLCEmbed-c78a56f/PLC-BEAD/Source/OpenPLCv2/M_TX.ST,8c750018e83822eae605af134c87bda118b02a7d66df8acd7124beccf6e465a8,M_TX_Block;T_PLC_MS_block,,instance0;program0,True,False,False,FN,explicit FUNCTION_BLOCK declaration in mapped Structured Text source,production: GEB-scoped dt_FB_; probe: ungated core_symbol_text contains dt_FB_,DERIVED_EVIDENCE,
openplcV2_NEGX,NEGX,OpenPLCv2,fold_7,UNIQUE,1,AICPS-PLCBEAD_PLCEmbed-c78a56f/PLC-BEAD/Source/OpenPLCv2/NEGX.ST,9e54af399fd10c8a0dcdebdefd47ae9906c46a06e477b7779cd6556d2eb7c068,,NEGX,instance0;program0,False,False,False,TN,explicit FUNCTION_BLOCK declaration in mapped Structured Text source,production: GEB-scoped dt_FB_; probe: ungated core_symbol_text contains dt_FB_,DERIVED_EVIDENCE,
openplcV2_NETWORK_VERSION,NETWORK_VERSION,OpenPLCv2,fold_5,UNIQUE,1,AICPS-PLCBEAD_PLCEmbed-c78a56f/PLC-BEAD/Source/OpenPLCv2/NETWORK_VERSION.ST,1f7678146245ec74af7bdb3111a207d26a2baf19f78a02abce4ee0432a9a729f,,NETWORK_VERSION;SET_DATE;_INT_TO_UDINT,instance0;program0,False,False,False,TN,explicit FUNCTION_BLOCK declaration in mapped Structured Text source,production: GEB-scoped dt_FB_; probe: ungated core_symbol_text contains dt_FB_,DERIVED_EVIDENCE,
openplcV2_NET_VAR_BOOL8,NET_VAR_BOOL8,OpenPLCv2,fold_2,UNIQUE,1,AICPS-PLCBEAD_PLCEmbed-c78a56f/PLC-BEAD/Source/OpenPLCv2/NET_VAR_BOOL8.ST,e1c96fc3ae8217e5424c48c1318b9626e1b63efb1985dd1fb50e4c54208d47ae,BYTE_TO_BITS_Block;NET_VAR_BOOL8_Block,BIT_OF_DWORD;BYTE_OF_BIT,instance0;program0,True,False,False,FN,explicit FUNCTION_BLOCK declaration in mapped Structured Text source,production: GEB-scoped dt_FB_; probe: ungated core_symbol_text contains dt_FB_,DERIVED_EVIDENCE,
openplcV2_NET_VAR_BUFFER,NET_VAR_BUFFER,OpenPLCv2,fold_3,UNIQUE,1,AICPS-PLCBEAD_PLCEmbed-c78a56f/PLC-BEAD/Source/OpenPLCv2/NET_VAR_BUFFER.ST,eebd0420f54c339ef14b746d764ec1dc45638496497fe58980792034aee5cda8,NET_VAR_BUFFER_Block,,instance0;program0,True,False,False,FN,explicit FUNCTION_BLOCK declaration in mapped Structured Text source,production: GEB-scoped dt_FB_; probe: ungated core_symbol_text contains dt_FB_,DERIVED_EVIDENCE,
openplcV2_NET_VAR_DWORD8,NET_VAR_DWORD8,OpenPLCv2,fold_4,UNIQUE,1,AICPS-PLCBEAD_PLCEmbed-c78a56f/PLC-BEAD/Source/OpenPLCv2/NET_VAR_DWORD8.ST,fd862f59e93649c03853169875181b0ca1cdccf0b4b3b0f2ac3bab1ba7e8eff5,NET_VAR_DWORD8_Block,,instance0;program0,True,False,False,FN,explicit FUNCTION_BLOCK declaration in mapped Structured Text source,production: GEB-scoped dt_FB_; probe: ungated core_symbol_text contains dt_FB_,DERIVED_EVIDENCE,
openplcV2_OFFSET,OFFSET,OpenPLCv2,fold_7,UNIQUE,1,AICPS-PLCBEAD_PLCEmbed-c78a56f/PLC-BEAD/Source/OpenPLCv2/OFFSET.ST,6662aa89c5e9c5bd3c71b2c6c27862302b789520db3e50aefc77abe662da45fe,,_OFFSET,instance0;program0,False,False,False,TN,explicit FUNCTION_BLOCK declaration in mapped Structured Text source,production: GEB-scoped dt_FB_; probe: ungated core_symbol_text contains dt_FB_,DERIVED_EVIDENCE,
openplcV2_OFFSET2,OFFSET2,OpenPLCv2,fold_8,UNIQUE,1,AICPS-PLCBEAD_PLCEmbed-c78a56f/PLC-BEAD/Source/OpenPLCv2/OFFSET2.ST,6b686db60c705aa458129128ef82796acf0cafd5db748d783c55b5011f3be0b7,,OFFSET2,instance0;program0,False,False,False,TN,explicit FUNCTION_BLOCK declaration in mapped Structured Text source,production: GEB-scoped dt_FB_; probe: ungated core_symbol_text contains dt_FB_,DERIVED_EVIDENCE,
openplcV2_OM_TO_F,OM_TO_F,OpenPLCv2,fold_5,UNIQUE,1,AICPS-PLCBEAD_PLCEmbed-c78a56f/PLC-BEAD/Source/OpenPLCv2/OM_TO_F.ST,f4008f1222b0f297a3b1241e23189cf40ad16ebfb461de4fb32ea02da88c5c21,,OM_TO_F,instance0;program0,False,False,False,TN,explicit FUNCTION_BLOCK declaration in mapped Structured Text source,production: GEB-scoped dt_FB_; probe: ungated core_symbol_text contains dt_FB_,DERIVED_EVIDENCE,
openplcV2_ONTIME,ONTIME,OpenPLCv2,fold_3,UNIQUE,1,AICPS-PLCBEAD_PLCEmbed-c78a56f/PLC-BEAD/Source/OpenPLCv2/ONTIME.ST,282836361a6dd711424a551159c6afef4a3e076efdfd2627dccb8427b9fc5e9e,ONTIME_Block;T_PLC_MS_block,,instance0;program0,True,False,False,FN,explicit FUNCTION_BLOCK declaration in mapped Structured Text source,production: GEB-scoped dt_FB_; probe: ungated core_symbol_text contains dt_FB_,DERIVED_EVIDENCE,
openplcV2_OSCAT_VERSION,OSCAT_VERSION,OpenPLCv2,fold_9,UNIQUE,1,AICPS-PLCBEAD_PLCEmbed-c78a56f/PLC-BEAD/Source/OpenPLCv2/OSCAT_VERSION.ST,4637c3c6d7c2e2b13d228e6d55afc6de0f8e1feec0abca90e76a82004e62d2e9,,OSCAT_VERSION;SET_DATE;_INT_TO_UDINT,instance0;program0,False,False,False,TN,explicit FUNCTION_BLOCK declaration in mapped Structured Text source,production: GEB-scoped dt_FB_; probe: ungated core_symbol_text contains dt_FB_,DERIVED_EVIDENCE,
openplcV2_PARITY,PARITY,OpenPLCv2,fold_9,UNIQUE,1,AICPS-PLCBEAD_PLCEmbed-c78a56f/PLC-BEAD/Source/OpenPLCv2/PARITY.ST,81d9896819df418ec9d8403a441b0279dec73deb0fbd7c0e296e4f82d19a93bb,,BIT_OF_DWORD;PARITY,instance0;program0,False,False,False,TN,explicit FUNCTION_BLOCK declaration in mapped Structured Text source,production: GEB-scoped dt_FB_; probe: ungated core_symbol_text contains dt_FB_,DERIVED_EVIDENCE,
openplcV2_PARSET,PARSET,OpenPLCv2,fold_3,UNIQUE,1,AICPS-PLCBEAD_PLCEmbed-c78a56f/PLC-BEAD/Source/OpenPLCv2/PARSET.ST,753f7c643e8fcf4ecf6be069245c76775c37ef1f4a9ce95a0106aad9314b17bc,PARSET_Block;T_PLC_MS_block,BIT_LOAD_B;BIT_OF_DWORD;TIME_TO_UDINT2;_BYTE_TO_INT,instance0;program0,True,False,False,FN,explicit FUNCTION_BLOCK declaration in mapped Structured Text source,production: GEB-scoped dt_FB_; probe: ungated core_symbol_text contains dt_FB_,DERIVED_EVIDENCE,
openplcV2_PARSET2,PARSET2,OpenPLCv2,fold_4,UNIQUE,1,AICPS-PLCBEAD_PLCEmbed-c78a56f/PLC-BEAD/Source/OpenPLCv2/PARSET2.ST,88b8411b525e90a7894b710c3249d05c8b190c7e054eff4c675e3ade4180bda7,PARSET2_Block;PARSET_Block;T_PLC_MS_block,BIT_LOAD_B;BIT_OF_DWORD;TIME_TO_UDINT2;_BYTE_TO_INT,instance0;program0,True,False,False,FN,explicit FUNCTION_BLOCK declaration in mapped Structured Text source,production: GEB-scoped dt_FB_; probe: ungated core_symbol_text contains dt_FB_,DERIVED_EVIDENCE,
openplcV2_PERIOD,PERIOD,OpenPLCv2,fold_3,UNIQUE,1,AICPS-PLCBEAD_PLCEmbed-c78a56f/PLC-BEAD/Source/OpenPLCv2/PERIOD.ST,a917e980788931966170bd6c068dc50b6e26eb45573dc6372530665e7d65a387,,DAY_OF_YEAR;LEAP_OF_DATE;PERIOD,instance0;program0,False,False,False,TN,explicit FUNCTION_BLOCK declaration in mapped Structured Text source,production: GEB-scoped dt_FB_; probe: ungated core_symbol_text contains dt_FB_,DERIVED_EVIDENCE,
openplcV2_PERIOD2,PERIOD2,OpenPLCv2,fold_4,UNIQUE,1,AICPS-PLCBEAD_PLCEmbed-c78a56f/PLC-BEAD/Source/OpenPLCv2/PERIOD2.ST,8f7bb3a3928e469ff058746b8a780cc14b66e9169c68dc36ebc148e13b29ecef,PERIOD2_Block,,instance0;program0,True,False,False,FN,explicit FUNCTION_BLOCK declaration in mapped Structured Text source,production: GEB-scoped dt_FB_; probe: ungated core_symbol_text contains dt_FB_,DERIVED_EVIDENCE,
openplcV2_POLYNOM_INT,POLYNOM_INT,OpenPLCv2,fold_0,UNIQUE,1,AICPS-PLCBEAD_PLCEmbed-c78a56f/PLC-BEAD/Source/OpenPLCv2/POLYNOM_INT.ST,9904a48a64faaf6c49bb1c5e871c519f473725da779abe050da560f12723c6ce,POLYNOM_INT_Block,,instance0;program0,True,False,False,FN,explicit FUNCTION_BLOCK declaration in mapped Structured Text source,production: GEB-scoped dt_FB_; probe: ungated core_symbol_text contains dt_FB_,DERIVED_EVIDENCE,
openplcV2_PRESSURE,PRESSURE,OpenPLCv2,fold_6,UNIQUE,1,AICPS-PLCBEAD_PLCEmbed-c78a56f/PLC-BEAD/Source/OpenPLCv2/PRESSURE.ST,6fae2066a87047990bb36fb82075d401807ce6b66972e0cc6ecec45c11ffbe44,PRESSURE_Block,,instance0;program0,True,False,False,FN,explicit FUNCTION_BLOCK declaration in mapped Structured Text source,production: GEB-scoped dt_FB_; probe: ungated core_symbol_text contains dt_FB_,DERIVED_EVIDENCE,
openplcV2_PT_TO_F,PT_TO_F,OpenPLCv2,fold_7,UNIQUE,1,AICPS-PLCBEAD_PLCEmbed-c78a56f/PLC-BEAD/Source/OpenPLCv2/PT_TO_F.ST,572b356676bc7fc3350e54ce4c516c04bcf4dff0f5d23c504adb754bbeace8df,,PT_TO_F;_DWORD_TO_REAL,instance0;program0,False,False,False,TN,explicit FUNCTION_BLOCK declaration in mapped Structured Text source,production: GEB-scoped dt_FB_; probe: ungated core_symbol_text contains dt_FB_,DERIVED_EVIDENCE,
openplcV2_PULSE_LENGTH,PULSE_LENGTH,OpenPLCv2,fold_6,UNIQUE,1,AICPS-PLCBEAD_PLCEmbed-c78a56f/PLC-BEAD/Source/OpenPLCv2/PULSE_LENGTH.ST,64ea60fd9b07a4cdc28055ac70c97b2f24f6dc10e7676c4192a98b5677045198,PULSE_LENGTH_Block;T_PLC_MS_block,UDINT_TO_TIME2,instance0;program0,True,False,False,FN,explicit FUNCTION_BLOCK declaration in mapped Structured Text source,production: GEB-scoped dt_FB_; probe: ungated core_symbol_text contains dt_FB_,DERIVED_EVIDENCE,
openplcV2_PULSE_T,PULSE_T,OpenPLCv2,fold_7,UNIQUE,1,AICPS-PLCBEAD_PLCEmbed-c78a56f/PLC-BEAD/Source/OpenPLCv2/PULSE_T.ST,a0aa57773cf4ac893555014f12abb8ddb2110f5791aac3955c02c27c2a3b8d2b,PULSE_T_Block;T_PLC_MS_block,UDINT_TO_TIME2,instance0;program0,True,False,False,FN,explicit FUNCTION_BLOCK declaration in mapped Structured Text source,production: GEB-scoped dt_FB_; probe: ungated core_symbol_text contains dt_FB_,DERIVED_EVIDENCE,
openplcV2_PWM_DC,PWM_DC,OpenPLCv2,fold_0,UNIQUE,1,AICPS-PLCBEAD_PLCEmbed-c78a56f/PLC-BEAD/Source/OpenPLCv2/PWM_DC.ST,3e9200e7f6e264fd4189f641900e7b69dc977f8f3924b838401d0a5bd7067f58,CLK_PRG;PWM_DC;TP_X;T_PLC_MS_block,REAL_TO_TIME2;_REAL_TO_UDINT,instance0;program0,True,False,False,FN,explicit FUNCTION_BLOCK declaration in mapped Structured Text source,production: GEB-scoped dt_FB_; probe: ungated core_symbol_text contains dt_FB_,DERIVED_EVIDENCE,
openplcV2_R2_ABS,R2_ABS,OpenPLCv2,fold_0,UNIQUE,1,AICPS-PLCBEAD_PLCEmbed-c78a56f/PLC-BEAD/Source/OpenPLCv2/R2_ABS.ST,9f0e0084e559d1b6583d48f8664ef0bf3ca9ac34e484a4c29a7909d50f74f91b,R2_ABS_Block,,instance0;program0,True,False,False,FN,explicit FUNCTION_BLOCK declaration in mapped Structured Text source,production: GEB-scoped dt_FB_; probe: ungated core_symbol_text contains dt_FB_,DERIVED_EVIDENCE,
openplcV2_R2_ADD,R2_ADD,OpenPLCv2,fold_1,UNIQUE,1,AICPS-PLCBEAD_PLCEmbed-c78a56f/PLC-BEAD/Source/OpenPLCv2/R2_ADD.ST,59868bcc26b51e865416e5cf141cb9fa213297c4d15e38238c6a798cc7c483ba,R2_ADD_Block,,instance0;program0,True,False,False,FN,explicit FUNCTION_BLOCK declaration in mapped Structured Text source,production: GEB-scoped dt_FB_; probe: ungated core_symbol_text contains dt_FB_,DERIVED_EVIDENCE,
openplcV2_R2_ADD2,R2_ADD2,OpenPLCv2,fold_2,UNIQUE,1,AICPS-PLCBEAD_PLCEmbed-c78a56f/PLC-BEAD/Source/OpenPLCv2/R2_ADD2.ST,5eb6559dbb883515d27121f0c1a26d89b79a9b3fce78f08984a70c9492a0fe61,R2_ADD2_Block,,instance0;program0,True,False,False,FN,explicit FUNCTION_BLOCK declaration in mapped Structured Text source,production: GEB-scoped dt_FB_; probe: ungated core_symbol_text contains dt_FB_,DERIVED_EVIDENCE,
openplcV2_R2_DIV,R2_DIV,OpenPLCv2,fold_3,UNIQUE,1,AICPS-PLCBEAD_PLCEmbed-c78a56f/PLC-BEAD/Source/OpenPLCv2/R2_DIV.ST,b4c26df685e693ac2ac63888f55d5cd9feb9198adaa1a3f7f0b5aed69e7f50cd,R2_DIV_Block,,instance0;program0,True,False,False,FN,explicit FUNCTION_BLOCK declaration in mapped Structured Text source,production: GEB-scoped dt_FB_; probe: ungated core_symbol_text contains dt_FB_,DERIVED_EVIDENCE,
openplcV2_R2_MUL,R2_MUL,OpenPLCv2,fold_4,UNIQUE,1,AICPS-PLCBEAD_PLCEmbed-c78a56f/PLC-BEAD/Source/OpenPLCv2/R2_MUL.ST,bcc258370e7719b0c676a716e2c071498d3a7f86795becda56fbed585d36a756,R2_MUL_Block,,instance0;program0,True,False,False,FN,explicit FUNCTION_BLOCK declaration in mapped Structured Text source,production: GEB-scoped dt_FB_; probe: ungated core_symbol_text contains dt_FB_,DERIVED_EVIDENCE,
openplcV2_R2_SET,R2_SET,OpenPLCv2,fold_5,UNIQUE,1,AICPS-PLCBEAD_PLCEmbed-c78a56f/PLC-BEAD/Source/OpenPLCv2/R2_SET.ST,b843da9850461e1ded6689c79ab261ace7f8eb244ba4fc135e23c0880717cd42,R2_SET_Block,,instance0;program0,True,False,False,FN,explicit FUNCTION_BLOCK declaration in mapped Structured Text source,production: GEB-scoped dt_FB_; probe: ungated core_symbol_text contains dt_FB_,DERIVED_EVIDENCE,
openplcV2_RAD,RAD,OpenPLCv2,fold_8,UNIQUE,1,AICPS-PLCBEAD_PLCEmbed-c78a56f/PLC-BEAD/Source/OpenPLCv2/RAD.ST,d0efa2b69e3937092f4d9e6272ac0648c4d0061d816835461ecd9d322c50d5ec,,FLOOR2;MODR;RAD,instance0;program0,False,False,False,TN,explicit FUNCTION_BLOCK declaration in mapped Structured Text source,production: GEB-scoped dt_FB_; probe: ungated core_symbol_text contains dt_FB_,DERIVED_EVIDENCE,
openplcV2_RANGE_TO_BYTE,RANGE_TO_BYTE,OpenPLCv2,fold_9,UNIQUE,1,AICPS-PLCBEAD_PLCEmbed-c78a56f/PLC-BEAD/Source/OpenPLCv2/RANGE_TO_BYTE.ST,222f6ef4550041ca12bbedd0bdfdf1fcd10ccaa31fd586e1c77288ccba1a1601,,RANGE_TO_BYTE;TRUNC_REAL,instance0;program0,False,False,False,TN,explicit FUNCTION_BLOCK declaration in mapped Structured Text source,production: GEB-scoped dt_FB_; probe: ungated core_symbol_text contains dt_FB_,DERIVED_EVIDENCE,
openplcV2_RANGE_TO_WORD,RANGE_TO_WORD,OpenPLCv2,fold_0,UNIQUE,1,AICPS-PLCBEAD_PLCEmbed-c78a56f/PLC-BEAD/Source/OpenPLCv2/RANGE_TO_WORD.ST,7b9f6c3b2cdb54234596277767e20f64ef2cee54c980f8d24b8eaea3e437a649,,RANGE_TO_WORD;TRUNC_REAL,instance0;program0,False,False,False,TN,explicit FUNCTION_BLOCK declaration in mapped Structured Text source,production: GEB-scoped dt_FB_; probe: ungated core_symbol_text contains dt_FB_,DERIVED_EVIDENCE,
openplcV2_RDM,RDM,OpenPLCv2,fold_9,UNIQUE,1,AICPS-PLCBEAD_PLCEmbed-c78a56f/PLC-BEAD/Source/OpenPLCv2/RDM.ST,7634f20243e1d37325df91e4abf881df9c281205cb1127d4dcc3b7ae562ec440,RDM_block;T_PLC_MS_block,BIT_COUNT;BIT_LOAD_DW;BIT_OF_DWORD;D_TRUNC;FRACT;_DWORD_TO_REAL;_INT_TO_UDINT,instance0;program0,True,False,False,FN,explicit FUNCTION_BLOCK declaration in mapped Structured Text source,production: GEB-scoped dt_FB_; probe: ungated core_symbol_text contains dt_FB_,DERIVED_EVIDENCE,
openplcV2_RDM2,RDM2,OpenPLCv2,fold_0,UNIQUE,1,AICPS-PLCBEAD_PLCEmbed-c78a56f/PLC-BEAD/Source/OpenPLCv2/RDM2.ST,f8433b07ae881396720f3d1db2a1696190b20e5ca9fa2e65266205b52855fee1,RDM2_Block;RDM_Block;T_PLC_MS_Block,BIT_COUNT;BIT_LOAD_DW;BIT_OF_DWORD;D_TRUNC;FRACT;_DWORD_TO_REAL;_INT_TO_UDINT;_REAL_TO_DWORD,instance0;program0,True,False,False,FN,explicit FUNCTION_BLOCK declaration in mapped Structured Text source,production: GEB-scoped dt_FB_; probe: ungated core_symbol_text contains dt_FB_,DERIVED_EVIDENCE,
openplcV2_RDMDW,RDMDW,OpenPLCv2,fold_1,UNIQUE,1,AICPS-PLCBEAD_PLCEmbed-c78a56f/PLC-BEAD/Source/OpenPLCv2/RDMDW.ST,e0efe97f211aeae0b3c777c3de85dc706f84fea9cdef204822d0b18f2ff8bfe3,RDMDW_Block;RDM_Block;T_PLC_MS_Block,BIT_COUNT;BIT_LOAD_DW;BIT_OF_DWORD;D_TRUNC;FRACT;_DWORD_TO_REAL;_INT_TO_UDINT;_REAL_TO_DWORD,instance0;program0,True,False,False,FN,explicit FUNCTION_BLOCK declaration in mapped Structured Text source,production: GEB-scoped dt_FB_; probe: ungated core_symbol_text contains dt_FB_,DERIVED_EVIDENCE,
openplcV2_REAL_TO_FRAC,REAL_TO_FRAC,OpenPLCv2,fold_2,UNIQUE,1,AICPS-PLCBEAD_PLCEmbed-c78a56f/PLC-BEAD/Source/OpenPLCv2/REAL_TO_FRAC.ST,ed55a464e29dfc7a5ee8c76875e2f84625b221b57def7bd04dcc0a908b1b23a2,REAL_TO_FRAC_Block,,instance0;program0,True,False,False,FN,explicit FUNCTION_BLOCK declaration in mapped Structured Text source,production: GEB-scoped dt_FB_; probe: ungated core_symbol_text contains dt_FB_,DERIVED_EVIDENCE,
openplcV2_REAL_TO_STRF,REAL_TO_STRF,OpenPLCv2,fold_0,UNIQUE,1,AICPS-PLCBEAD_PLCEmbed-c78a56f/PLC-BEAD/Source/OpenPLCv2/REAL_TO_STRF.ST,ac34c161301fe783ff59087f11f71762fa774f45de5cc14999808c3f5e98dd3f,REAL_TO_STRF_Block,EXP10;_REAL_TO_DINT,instance0;program0,True,False,False,FN,explicit FUNCTION_BLOCK declaration in mapped Structured Text source,production: GEB-scoped dt_FB_; probe: ungated core_symbol_text contains dt_FB_,DERIVED_EVIDENCE,
openplcV2_REAL_TO_TIME,REAL_TO_TIME,OpenPLCv2,fold_5,UNIQUE,1,AICPS-PLCBEAD_PLCEmbed-c78a56f/PLC-BEAD/Source/OpenPLCv2/REAL_TO_TIME.ST,b26523e3827274adbfb8c64077fa6f3b58ac0d6922d729d6f097cee08dadecb8,,REAL_TO_TIME2;_REAL_TO_UDINT,instance0;program0,False,False,False,TN,explicit FUNCTION_BLOCK declaration in mapped Structured Text source,production: GEB-scoped dt_FB_; probe: ungated core_symbol_text contains dt_FB_,DERIVED_EVIDENCE,
openplcV2_REFLECT,REFLECT,OpenPLCv2,fold_0,UNIQUE,1,AICPS-PLCBEAD_PLCEmbed-c78a56f/PLC-BEAD/Source/OpenPLCv2/REFLECT.ST,8217c9e6bb9fdbf89562212c333ca87f09cdf23b26a60924032ab9c6f908b0f0,,REFLECT,instance0;program0,False,False,False,TN,explicit FUNCTION_BLOCK declaration in mapped Structured Text source,production: GEB-scoped dt_FB_; probe: ungated core_symbol_text contains dt_FB_,DERIVED_EVIDENCE,
openplcV2_REFRACTION,REFRACTION,OpenPLCv2,fold_6,UNIQUE,1,AICPS-PLCBEAD_PLCEmbed-c78a56f/PLC-BEAD/Source/OpenPLCv2/REFRACTION.ST,974d19162e606295fc0699dfbebf64f389b02a6bc1c9e8dfa99e763a29bee3eb,,REFRACTION,instance0;program0,False,False,False,TN,explicit FUNCTION_BLOCK declaration in mapped Structured Text source,production: GEB-scoped dt_FB_; probe: ungated core_symbol_text contains dt_FB_,DERIVED_EVIDENCE,
openplcV2_REPLACE_ALL,REPLACE_ALL,OpenPLCv2,fold_1,UNIQUE,1,AICPS-PLCBEAD_PLCEmbed-c78a56f/PLC-BEAD/Source/OpenPLCv2/REPLACE_ALL.ST,5cc3af3739a22c35fc9774f0d2303f42c44b8927bd6fe594e61e7dbd6aa6b4ba,FINDP_Block;REPLACE_ALL_Block,,instance0;program0,True,False,False,FN,explicit FUNCTION_BLOCK declaration in mapped Structured Text source,production: GEB-scoped dt_FB_; probe: ungated core_symbol_text contains dt_FB_,DERIVED_EVIDENCE,
openplcV2_REPLACE_CHARS,REPLACE_CHARS,OpenPLCv2,fold_2,UNIQUE,1,AICPS-PLCBEAD_PLCEmbed-c78a56f/PLC-BEAD/Source/OpenPLCv2/REPLACE_CHARS.ST,03020852cd19f1e2d4f09ac394011fe38cc3d3aac61b80a178cdae6dcecec62b,REPLACE_CHARS_Block,,instance0;program0,True,False,False,FN,explicit FUNCTION_BLOCK declaration in mapped Structured Text source,production: GEB-scoped dt_FB_; probe: ungated core_symbol_text contains dt_FB_,DERIVED_EVIDENCE,
openplcV2_RES_NI,RES_NI,OpenPLCv2,fold_1,UNIQUE,1,AICPS-PLCBEAD_PLCEmbed-c78a56f/PLC-BEAD/Source/OpenPLCv2/RES_NI.ST,d1951e1bd60cac3109b39c5e8bc6ba767dc1e1d1276d7b3accee6ad870a5ea8c,,RES_NI,instance0;program0,False,False,False,TN,explicit FUNCTION_BLOCK declaration in mapped Structured Text source,production: GEB-scoped dt_FB_; probe: ungated core_symbol_text contains dt_FB_,DERIVED_EVIDENCE,
openplcV2_RES_NTC,RES_NTC,OpenPLCv2,fold_2,UNIQUE,1,AICPS-PLCBEAD_PLCEmbed-c78a56f/PLC-BEAD/Source/OpenPLCv2/RES_NTC.ST,67a5f559490623945e7619c4db36ea733cae6afa010123e9cb69c8456ffd1f2e,,RES_NTC,instance0;program0,False,False,False,TN,explicit FUNCTION_BLOCK declaration in mapped Structured Text source,production: GEB-scoped dt_FB_; probe: ungated core_symbol_text contains dt_FB_,DERIVED_EVIDENCE,
openplcV2_RES_PT,RES_PT,OpenPLCv2,fold_3,UNIQUE,1,AICPS-PLCBEAD_PLCEmbed-c78a56f/PLC-BEAD/Source/OpenPLCv2/RES_PT.ST,3ee83a49b927dbadef6ecd83d8c8ac55bcae33b5ffd2ba7e1482c556a3b6fd8d,,RES_PT,instance0;program0,False,False,False,TN,explicit FUNCTION_BLOCK declaration in mapped Structured Text source,production: GEB-scoped dt_FB_; probe: ungated core_symbol_text contains dt_FB_,DERIVED_EVIDENCE,
openplcV2_RES_SI,RES_SI,OpenPLCv2,fold_4,UNIQUE,1,AICPS-PLCBEAD_PLCEmbed-c78a56f/PLC-BEAD/Source/OpenPLCv2/RES_SI.ST,0f88ff9f813aa9566dad01a14cc521ace3bef9ce41ee159b80c1127fc63abb9e,,RES_SI,instance0;program0,False,False,False,TN,explicit FUNCTION_BLOCK declaration in mapped Structured Text source,production: GEB-scoped dt_FB_; probe: ungated core_symbol_text contains dt_FB_,DERIVED_EVIDENCE,
openplcV2_REVERSE,REVERSE,OpenPLCv2,fold_1,UNIQUE,1,AICPS-PLCBEAD_PLCEmbed-c78a56f/PLC-BEAD/Source/OpenPLCv2/REVERSE.ST,0982da1931a41ded8de204d4544454e775bcd34d0b506c865c5b0d38ba893e72,,REVERSE,instance0;program0,False,False,False,TN,explicit FUNCTION_BLOCK declaration in mapped Structured Text source,production: GEB-scoped dt_FB_; probe: ungated core_symbol_text contains dt_FB_,DERIVED_EVIDENCE,
openplcV2_RMP_B,RMP_B,OpenPLCv2,fold_2,UNIQUE,1,AICPS-PLCBEAD_PLCEmbed-c78a56f/PLC-BEAD/Source/OpenPLCv2/RMP_B.ST,9cb53c8c0cca6ed25c84f642491311ce7741e7f824d3690c7caa77b33c3ed8bc,RMP_B_Block;T_PLC_MS_block;_RMP_B,FRMP_B;TIME_TO_UDINT2,instance0;program0,True,False,False,FN,explicit FUNCTION_BLOCK declaration in mapped Structured Text source,production: GEB-scoped dt_FB_; probe: ungated core_symbol_text contains dt_FB_,DERIVED_EVIDENCE,
openplcV2_RMP_SOFT,RMP_SOFT,OpenPLCv2,fold_3,UNIQUE,1,AICPS-PLCBEAD_PLCEmbed-c78a56f/PLC-BEAD/Source/OpenPLCv2/RMP_SOFT.ST,de51614043f14c1485079e1cf76056d1bdf4bfe842425efb17c0d1feb5b1eb04,RMP_SOFT_Block;T_PLC_MS_block;_RMP_B,FRMP_B;TIME_TO_UDINT2,instance0;program0,True,False,False,FN,explicit FUNCTION_BLOCK declaration in mapped Structured Text source,production: GEB-scoped dt_FB_; probe: ungated core_symbol_text contains dt_FB_,DERIVED_EVIDENCE,
openplcV2_RMP_W,RMP_W,OpenPLCv2,fold_4,UNIQUE,1,AICPS-PLCBEAD_PLCEmbed-c78a56f/PLC-BEAD/Source/OpenPLCv2/RMP_W.ST,4989b01d46500c036338693a7863a8cb186ab4576961a090f0addb3a6268e2da,RMP_W;T_PLC_MS_block;_RMP_W,TIME_TO_UDINT2;_WORD_TO_DINT,instance0;program0,True,False,False,FN,explicit FUNCTION_BLOCK declaration in mapped Structured Text source,production: GEB-scoped dt_FB_; probe: ungated core_symbol_text contains dt_FB_,DERIVED_EVIDENCE,
openplcV2_RND,RND,OpenPLCv2,fold_3,UNIQUE,1,AICPS-PLCBEAD_PLCEmbed-c78a56f/PLC-BEAD/Source/OpenPLCv2/RND.ST,85f311d52fa207caa8b88135103ad9824fcfcb07f2031e37e8eb173bf062df39,,BIT_OF_DWORD;CEIL;EXPN;RND;_REAL_TO_DINT,instance0;program0,False,False,False,TN,explicit FUNCTION_BLOCK declaration in mapped Structured Text source,production: GEB-scoped dt_FB_; probe: ungated core_symbol_text contains dt_FB_,DERIVED_EVIDENCE,
openplcV2_ROUND,ROUND,OpenPLCv2,fold_4,UNIQUE,1,AICPS-PLCBEAD_PLCEmbed-c78a56f/PLC-BEAD/Source/OpenPLCv2/ROUND.ST,e2269fb9bb33736fc497276ed78a3c9948715971015718daeee8953fdbd1c8f5,,ROUND;_REAL_TO_DINT,instance0;program0,False,False,False,TN,explicit FUNCTION_BLOCK declaration in mapped Structured Text source,production: GEB-scoped dt_FB_; probe: ungated core_symbol_text contains dt_FB_,DERIVED_EVIDENCE,
openplcV2_RTC_2,RTC_2,OpenPLCv2,fold_7,UNIQUE,1,AICPS-PLCBEAD_PLCEmbed-c78a56f/PLC-BEAD/Source/OpenPLCv2/RTC_2.ST,df0b63cab8a41d08b69192f0a953b60bbf8248c18589ae3f627c6985dbfa22e2,RTC_2_Block;RTC_MS_Block;T_PLC_MS_Block,DST;DT_TO_DATE2;SET_DATE;SET_DT;YEAR_OF_DATE;_INT_TO_UDINT,instance0;program0,True,False,False,FN,explicit FUNCTION_BLOCK declaration in mapped Structured Text source,production: GEB-scoped dt_FB_; probe: ungated core_symbol_text contains dt_FB_,DERIVED_EVIDENCE,
openplcV2_RTC_MS,RTC_MS,OpenPLCv2,fold_8,UNIQUE,1,AICPS-PLCBEAD_PLCEmbed-c78a56f/PLC-BEAD/Source/OpenPLCv2/RTC_MS.ST,6445784016be0052406a254ff90a7dbf5cc736e6839f632922c49f9706167f0d,RTC_MS_Block;T_PLC_MS_Block,,instance0;program0,True,False,False,FN,explicit FUNCTION_BLOCK declaration in mapped Structured Text source,production: GEB-scoped dt_FB_; probe: ungated core_symbol_text contains dt_FB_,DERIVED_EVIDENCE,
openplcV2_SCALE,SCALE,OpenPLCv2,fold_1,UNIQUE,1,AICPS-PLCBEAD_PLCEmbed-c78a56f/PLC-BEAD/Source/OpenPLCv2/SCALE.ST,dc0f251d67fed6f449739f5efcc216efec9223dec6bf65c753580b532f8f24fb,,SCALE,instance0;program0,False,False,False,TN,explicit FUNCTION_BLOCK declaration in mapped Structured Text source,production: GEB-scoped dt_FB_; probe: ungated core_symbol_text contains dt_FB_,DERIVED_EVIDENCE,
openplcV2_SCALE_B,SCALE_B,OpenPLCv2,fold_2,UNIQUE,1,AICPS-PLCBEAD_PLCEmbed-c78a56f/PLC-BEAD/Source/OpenPLCv2/SCALE_B.ST,7173a1dd47fb7fa4b7ed8c4962edd267cc0cc5511ecd0f510ed9392dfcbf311d,,SCALE_B;_BYTE_TO_REAL,instance0;program0,False,False,False,TN,explicit FUNCTION_BLOCK declaration in mapped Structured Text source,production: GEB-scoped dt_FB_; probe: ungated core_symbol_text contains dt_FB_,DERIVED_EVIDENCE,
openplcV2_SCALE_B2,SCALE_B2,OpenPLCv2,fold_3,UNIQUE,1,AICPS-PLCBEAD_PLCEmbed-c78a56f/PLC-BEAD/Source/OpenPLCv2/SCALE_B2.ST,467e4da94206f463201ce547013ae262de295471a932f4a77ce2bc473ebd8771,,SCALE_B2;_BYTE_TO_REAL,instance0;program0,False,False,False,TN,explicit FUNCTION_BLOCK declaration in mapped Structured Text source,production: GEB-scoped dt_FB_; probe: ungated core_symbol_text contains dt_FB_,DERIVED_EVIDENCE,
openplcV2_SCALE_B4,SCALE_B4,OpenPLCv2,fold_4,UNIQUE,1,AICPS-PLCBEAD_PLCEmbed-c78a56f/PLC-BEAD/Source/OpenPLCv2/SCALE_B4.ST,f243018f5458e2a0f7c4a9d59e1185d73690424d0960b6584312b8ef56b75eae,,SCALE_B4;_BYTE_TO_REAL,instance0;program0,False,False,False,TN,explicit FUNCTION_BLOCK declaration in mapped Structured Text source,production: GEB-scoped dt_FB_; probe: ungated core_symbol_text contains dt_FB_,DERIVED_EVIDENCE,
openplcV2_SCALE_B8,SCALE_B8,OpenPLCv2,fold_5,UNIQUE,1,AICPS-PLCBEAD_PLCEmbed-c78a56f/PLC-BEAD/Source/OpenPLCv2/SCALE_B8.ST,3b03a15ff5e0f9ad1340bf05f538767776d4a7e5c6ed726bb58a47c789c46358,,SCALE_B8;_BYTE_TO_REAL,instance0;program0,False,False,False,TN,explicit FUNCTION_BLOCK declaration in mapped Structured Text source,production: GEB-scoped dt_FB_; probe: ungated core_symbol_text contains dt_FB_,DERIVED_EVIDENCE,
openplcV2_SCALE_D,SCALE_D,OpenPLCv2,fold_6,UNIQUE,1,AICPS-PLCBEAD_PLCEmbed-c78a56f/PLC-BEAD/Source/OpenPLCv2/SCALE_D.ST,c0324cb2829446c2aed8cf767510105b4dd2f732893620dd4a850e5e484b99f1,,SCALE_D,instance0;program0,False,False,False,TN,explicit FUNCTION_BLOCK declaration in mapped Structured Text source,production: GEB-scoped dt_FB_; probe: ungated core_symbol_text contains dt_FB_,DERIVED_EVIDENCE,
openplcV2_SCALE_R,SCALE_R,OpenPLCv2,fold_7,UNIQUE,1,AICPS-PLCBEAD_PLCEmbed-c78a56f/PLC-BEAD/Source/OpenPLCv2/SCALE_R.ST,e82b3b65239eebd91a257903c019071553135fbbee36c7abdb84c0cd9a3746d9,,SCALE_R,instance0;program0,False,False,False,TN,explicit FUNCTION_BLOCK declaration in mapped Structured Text source,production: GEB-scoped dt_FB_; probe: ungated core_symbol_text contains dt_FB_,DERIVED_EVIDENCE,
openplcV2_SCALE_X2,SCALE_X2,OpenPLCv2,fold_8,UNIQUE,1,AICPS-PLCBEAD_PLCEmbed-c78a56f/PLC-BEAD/Source/OpenPLCv2/SCALE_X2.ST,13a341472b4deb1dc22f490a7ef239ba876f654d2d549afd45bdfe1a93465a0a,,SCALE_X2,instance0;program0,False,False,False,TN,explicit FUNCTION_BLOCK declaration in mapped Structured Text source,production: GEB-scoped dt_FB_; probe: ungated core_symbol_text contains dt_FB_,DERIVED_EVIDENCE,
openplcV2_SCALE_X4,SCALE_X4,OpenPLCv2,fold_9,UNIQUE,1,AICPS-PLCBEAD_PLCEmbed-c78a56f/PLC-BEAD/Source/OpenPLCv2/SCALE_X4.ST,2f93bb07b37e54ca3fccd51debb2c603faef3bb3af8fb8711f37cd5d3cf1ca35,,SCALE_X4,instance0;program0,False,False,False,TN,explicit FUNCTION_BLOCK declaration in mapped Structured Text source,production: GEB-scoped dt_FB_; probe: ungated core_symbol_text contains dt_FB_,DERIVED_EVIDENCE,
openplcV2_SCALE_X8,SCALE_X8,OpenPLCv2,fold_0,UNIQUE,1,AICPS-PLCBEAD_PLCEmbed-c78a56f/PLC-BEAD/Source/OpenPLCv2/SCALE_X8.ST,0818ea24ea90c0e4d7a28ccf01a797eec8a8a0d0eb11c0e5464767a1d21ecb9a,,SCALE_X8,instance0;program0,False,False,False,TN,explicit FUNCTION_BLOCK declaration in mapped Structured Text source,production: GEB-scoped dt_FB_; probe: ungated core_symbol_text contains dt_FB_,DERIVED_EVIDENCE,
openplcV2_SCHEDULER,SCHEDULER,OpenPLCv2,fold_2,UNIQUE,1,AICPS-PLCBEAD_PLCEmbed-c78a56f/PLC-BEAD/Source/OpenPLCv2/SCHEDULER.ST,b9fd8b481e3288ba6a0a1aa86c061eb322806a5efd2aac61145f73436a0219e1,SCHEDULER_Block;T_PLC_MS_block,,instance0;program0,True,False,False,FN,explicit FUNCTION_BLOCK declaration in mapped Structured Text source,production: GEB-scoped dt_FB_; probe: ungated core_symbol_text contains dt_FB_,DERIVED_EVIDENCE,
openplcV2_SCHEDULER_2,SCHEDULER_2,OpenPLCv2,fold_3,UNIQUE,1,AICPS-PLCBEAD_PLCEmbed-c78a56f/PLC-BEAD/Source/OpenPLCv2/SCHEDULER_2.ST,97671bdfc166340cbf46a89412019bcfd77199322833e6bc8eef1e348d6b92f5,SCHEDULER_2_Block,,instance0;program0,True,False,False,FN,explicit FUNCTION_BLOCK declaration in mapped Structured Text source,production: GEB-scoped dt_FB_; probe: ungated core_symbol_text contains dt_FB_,DERIVED_EVIDENCE,
openplcV2_SDD,SDD,OpenPLCv2,fold_7,UNIQUE,1,AICPS-PLCBEAD_PLCEmbed-c78a56f/PLC-BEAD/Source/OpenPLCv2/SDD.ST,4fe1086fab7f3f0fc1d226ec43bfda49520fa2a08c9489db076acc5da198b9ea,,SDD,instance0;program0,False,False,False,TN,explicit FUNCTION_BLOCK declaration in mapped Structured Text source,production: GEB-scoped dt_FB_; probe: ungated core_symbol_text contains dt_FB_,DERIVED_EVIDENCE,
openplcV2_SDD_NH3,SDD_NH3,OpenPLCv2,fold_8,UNIQUE,1,AICPS-PLCBEAD_PLCEmbed-c78a56f/PLC-BEAD/Source/OpenPLCv2/SDD_NH3.ST,4520449c4e5462de5392e54c4050e71cbfd67f2404f73d4c07ec17732f8b4ab0,,SDD_NH3,instance0;program0,False,False,False,TN,explicit FUNCTION_BLOCK declaration in mapped Structured Text source,production: GEB-scoped dt_FB_; probe: ungated core_symbol_text contains dt_FB_,DERIVED_EVIDENCE,
openplcV2_SDT_NH3,SDT_NH3,OpenPLCv2,fold_9,UNIQUE,1,AICPS-PLCBEAD_PLCEmbed-c78a56f/PLC-BEAD/Source/OpenPLCv2/SDT_NH3.ST,4270530a99c06d04e2a837c8f090fe24d314324fa7489d87ef346a89c6b7669d,,SDT_NH3,instance0;program0,False,False,False,TN,explicit FUNCTION_BLOCK declaration in mapped Structured Text source,production: GEB-scoped dt_FB_; probe: ungated core_symbol_text contains dt_FB_,DERIVED_EVIDENCE,
openplcV2_SDT_TO_DATE,SDT_TO_DATE,OpenPLCv2,fold_9,UNIQUE,1,AICPS-PLCBEAD_PLCEmbed-c78a56f/PLC-BEAD/Source/OpenPLCv2/SDT_TO_DATE.ST,d452bd0878cd48da9934feb238cf0ad224269d88e68d8032973c641f67cac510,SDT_TO_DATE_Block,SET_DATE;_INT_TO_UDINT,instance0;program0,True,False,False,FN,explicit FUNCTION_BLOCK declaration in mapped Structured Text source,production: GEB-scoped dt_FB_; probe: ungated core_symbol_text contains dt_FB_,DERIVED_EVIDENCE,
openplcV2_SDT_TO_DT,SDT_TO_DT,OpenPLCv2,fold_0,UNIQUE,1,AICPS-PLCBEAD_PLCEmbed-c78a56f/PLC-BEAD/Source/OpenPLCv2/SDT_TO_DT.ST,d403d101eb778955db23c2977b04417c5b46e624fdc74ff49a0edce4233574dd,SDT_TO_DT_Block,SET_DATE;SET_DT;_INT_TO_UDINT,instance0;program0,True,False,False,FN,explicit FUNCTION_BLOCK declaration in mapped Structured Text source,production: GEB-scoped dt_FB_; probe: ungated core_symbol_text contains dt_FB_,DERIVED_EVIDENCE,
openplcV2_SDT_TO_TOD,SDT_TO_TOD,OpenPLCv2,fold_1,UNIQUE,1,AICPS-PLCBEAD_PLCEmbed-c78a56f/PLC-BEAD/Source/OpenPLCv2/SDT_TO_TOD.ST,8cd5d46b285089270b38d596cdc84c3f47bac825df6f622b983a432c5e63faf0,SDT_TO_TOD_Block,_INT_TO_UDINT,instance0;program0,True,False,False,FN,explicit FUNCTION_BLOCK declaration in mapped Structured Text source,production: GEB-scoped dt_FB_; probe: ungated core_symbol_text contains dt_FB_,DERIVED_EVIDENCE,
openplcV2_SECOND,SECOND,OpenPLCv2,fold_2,UNIQUE,1,AICPS-PLCBEAD_PLCEmbed-c78a56f/PLC-BEAD/Source/OpenPLCv2/SECOND.ST,54993e63ea6cec64522f4a6a89b8a44b3997464f274b15042ae9ecbf5f06254e,,SECOND,instance0;program0,False,False,False,TN,explicit FUNCTION_BLOCK declaration in mapped Structured Text source,production: GEB-scoped dt_FB_; probe: ungated core_symbol_text contains dt_FB_,DERIVED_EVIDENCE,
openplcV2_SECOND_OF_DT,SECOND_OF_DT,OpenPLCv2,fold_3,UNIQUE,1,AICPS-PLCBEAD_PLCEmbed-c78a56f/PLC-BEAD/Source/OpenPLCv2/SECOND_OF_DT.ST,ab23ec383c50806bb0fb8f9c576a36e5acf3af1263a7cf5ebf301e82499a8427,,SECOND_OF_DT,instance0;program0,False,False,False,TN,explicit FUNCTION_BLOCK declaration in mapped Structured Text source,production: GEB-scoped dt_FB_; probe: ungated core_symbol_text contains dt_FB_,DERIVED_EVIDENCE,
openplcV2_SECOND_TO_TIME,SECOND_TO_TIME,OpenPLCv2,fold_4,UNIQUE,1,AICPS-PLCBEAD_PLCEmbed-c78a56f/PLC-BEAD/Source/OpenPLCv2/SECOND_TO_TIME.ST,421b29e0638e33446ca4d8134768a1208405e0e1a2549f7d60e5143fefc2bc46,,SECOND_TO_TIME;_REAL_TO_UDINT,instance0;program0,False,False,False,TN,explicit FUNCTION_BLOCK declaration in mapped Structured Text source,production: GEB-scoped dt_FB_; probe: ungated core_symbol_text contains dt_FB_,DERIVED_EVIDENCE,
openplcV2_SEL2_OF_3,SEL2_OF_3,OpenPLCv2,fold_1,UNIQUE,1,AICPS-PLCBEAD_PLCEmbed-c78a56f/PLC-BEAD/Source/OpenPLCv2/SEL2_OF_3.ST,0e781ebcdc1a55a0136c002e6cb97407dfa6d08f583b98c50a3ab8f790e58c6a,SEL2_OF_3_Block,,instance0;program0,True,False,False,FN,explicit FUNCTION_BLOCK declaration in mapped Structured Text source,production: GEB-scoped dt_FB_; probe: ungated core_symbol_text contains dt_FB_,DERIVED_EVIDENCE,
openplcV2_SEL2_OF_3B,SEL2_OF_3B,OpenPLCv2,fold_2,UNIQUE,1,AICPS-PLCBEAD_PLCEmbed-c78a56f/PLC-BEAD/Source/OpenPLCv2/SEL2_OF_3B.ST,58323f9fbcf20bbb430aee3da273393775ec7dc787fbfda4b65d193582a9a22a,SEL2_OF_3B_Block,,instance0;program0,True,False,False,FN,explicit FUNCTION_BLOCK declaration in mapped Structured Text source,production: GEB-scoped dt_FB_; probe: ungated core_symbol_text contains dt_FB_,DERIVED_EVIDENCE,
openplcV2_SELECT_8,SELECT_8,OpenPLCv2,fold_9,UNIQUE,1,AICPS-PLCBEAD_PLCEmbed-c78a56f/PLC-BEAD/Source/OpenPLCv2/SELECT_8.ST,31eeee1d99bf0b4d4231a160128b3d75ddf0dcf25891396ced1386608d084b2d,SELECT_8_Block,INC;_BYTE_TO_INT,instance0;program0,True,False,False,FN,explicit FUNCTION_BLOCK declaration in mapped Structured Text source,production: GEB-scoped dt_FB_; probe: ungated core_symbol_text contains dt_FB_,DERIVED_EVIDENCE,
openplcV2_SENSOR_INT,SENSOR_INT,OpenPLCv2,fold_5,UNIQUE,1,AICPS-PLCBEAD_PLCEmbed-c78a56f/PLC-BEAD/Source/OpenPLCv2/SENSOR_INT.ST,b6a299d823678aad3cfd8a002006db3daed95f8c9bd8177149182ef56b92c41d,,SENSOR_INT,instance0;program0,False,False,False,TN,explicit FUNCTION_BLOCK declaration in mapped Structured Text source,production: GEB-scoped dt_FB_; probe: ungated core_symbol_text contains dt_FB_,DERIVED_EVIDENCE,
openplcV2_SEQUENCE_4,SEQUENCE_4,OpenPLCv2,fold_4,UNIQUE,1,AICPS-PLCBEAD_PLCEmbed-c78a56f/PLC-BEAD/Source/OpenPLCv2/SEQUENCE_4.ST,cd42898a7c32d5b0277336ff3dd024756b951c08a363e0855ab454efd84c060d,SEQUENCE_4_Block;T_PLC_MS_block,UDINT_TO_TIME2,instance0;program0,True,False,False,FN,explicit FUNCTION_BLOCK declaration in mapped Structured Text source,production: GEB-scoped dt_FB_; probe: ungated core_symbol_text contains dt_FB_,DERIVED_EVIDENCE,
openplcV2_SEQUENCE_64,SEQUENCE_64,OpenPLCv2,fold_5,UNIQUE,1,AICPS-PLCBEAD_PLCEmbed-c78a56f/PLC-BEAD/Source/OpenPLCv2/SEQUENCE_64.ST,86a16a391355069ece6ad15efa6e46095d2b9aefab7fdf7a01197ff144810cb8,SEQUENCE_64_Block;T_PLC_MS_block,INC2;UDINT_TO_TIME2,instance0;program0,True,False,False,FN,explicit FUNCTION_BLOCK declaration in mapped Structured Text source,production: GEB-scoped dt_FB_; probe: ungated core_symbol_text contains dt_FB_,DERIVED_EVIDENCE,
openplcV2_SEQUENCE_8,SEQUENCE_8,OpenPLCv2,fold_6,UNIQUE,1,AICPS-PLCBEAD_PLCEmbed-c78a56f/PLC-BEAD/Source/OpenPLCv2/SEQUENCE_8.ST,e902805172ea61dc29e598aab088f753ae13fc49872c7abe348b445bb0c70c46,SEQUENCE_8_Block;T_PLC_MS_block,UDINT_TO_TIME2,instance0;program0,True,False,False,FN,explicit FUNCTION_BLOCK declaration in mapped Structured Text source,production: GEB-scoped dt_FB_; probe: ungated core_symbol_text contains dt_FB_,DERIVED_EVIDENCE,
openplcV2_SETUP_CHARNAMES,SETUP_CHARNAMES,OpenPLCv2,fold_8,UNIQUE,1,AICPS-PLCBEAD_PLCEmbed-c78a56f/PLC-BEAD/Source/OpenPLCv2/SETUP_CHARNAMES.ST,23c9261b7a1bf223ec5cde794dd19ec27f7783c7c3a5f22d48619b6e7d85ecfd,SETUP_CHARNAMES_Block,,instance0;program0,True,False,False,FN,explicit FUNCTION_BLOCK declaration in mapped Structured Text source,production: GEB-scoped dt_FB_; probe: ungated core_symbol_text contains dt_FB_,DERIVED_EVIDENCE,
openplcV2_SETUP_DIRS,SETUP_DIRS,OpenPLCv2,fold_9,UNIQUE,1,AICPS-PLCBEAD_PLCEmbed-c78a56f/PLC-BEAD/Source/OpenPLCv2/SETUP_DIRS.ST,6c2a4b89db2971e0db3915d8211705d2ae0fd9aec45ae5d03a2144c93211d463,SETUP_DIRS,,instance0;program0,True,False,False,FN,explicit FUNCTION_BLOCK declaration in mapped Structured Text source,production: GEB-scoped dt_FB_; probe: ungated core_symbol_text contains dt_FB_,DERIVED_EVIDENCE,
openplcV2_SETUP_EXTENDED_ASCII,SETUP_EXTENDED_ASCII,OpenPLCv2,fold_0,UNIQUE,1,AICPS-PLCBEAD_PLCEmbed-c78a56f/PLC-BEAD/Source/OpenPLCv2/SETUP_EXTENDED_ASCII.ST,456d725a7de0034bfee6c83978d2d532351798f9227778b1b7dab3f6434365cf,,SETUP_EXTENDED_ASCII,instance0;program0,False,False,False,TN,explicit FUNCTION_BLOCK declaration in mapped Structured Text source,production: GEB-scoped dt_FB_; probe: ungated core_symbol_text contains dt_FB_,DERIVED_EVIDENCE,
openplcV2_SETUP_HOLIDAY_AT,SETUP_HOLIDAY_AT,OpenPLCv2,fold_1,UNIQUE,1,AICPS-PLCBEAD_PLCEmbed-c78a56f/PLC-BEAD/Source/OpenPLCv2/SETUP_HOLIDAY_AT.ST,37e5947369242114940c83facc3970057a654c5699d7fa2ef46dda00afa9483b,SETUP_HOLIDAY_AT_Block,,instance0;program0,True,False,False,FN,explicit FUNCTION_BLOCK declaration in mapped Structured Text source,production: GEB-scoped dt_FB_; probe: ungated core_symbol_text contains dt_FB_,DERIVED_EVIDENCE,
openplcV2_SETUP_HOLIDAY_DE,SETUP_HOLIDAY_DE,OpenPLCv2,fold_2,UNIQUE,1,AICPS-PLCBEAD_PLCEmbed-c78a56f/PLC-BEAD/Source/OpenPLCv2/SETUP_HOLIDAY_DE.ST,12c3faecc051c333443b732e0c70255e87bcc6d70b623b0f7d53db27708bce8a,SETUP_HOLIDAY_DE_Block,,instance0;program0,True,False,False,FN,explicit FUNCTION_BLOCK declaration in mapped Structured Text source,production: GEB-scoped dt_FB_; probe: ungated core_symbol_text contains dt_FB_,DERIVED_EVIDENCE,
openplcV2_SETUP_HOLIDAY_FR,SETUP_HOLIDAY_FR,OpenPLCv2,fold_3,UNIQUE,1,AICPS-PLCBEAD_PLCEmbed-c78a56f/PLC-BEAD/Source/OpenPLCv2/SETUP_HOLIDAY_FR.ST,c26317503437339d17e20bc0ab6a176d4413d6b8e458ff3478de6cfe11d2c26e,SETUP_HOLIDAY_FR_Block,,instance0;program0,True,False,False,FN,explicit FUNCTION_BLOCK declaration in mapped Structured Text source,production: GEB-scoped dt_FB_; probe: ungated core_symbol_text contains dt_FB_,DERIVED_EVIDENCE,
openplcV2_SETUP_LANGUAGE,SETUP_LANGUAGE,OpenPLCv2,fold_4,UNIQUE,1,AICPS-PLCBEAD_PLCEmbed-c78a56f/PLC-BEAD/Source/OpenPLCv2/SETUP_LANGUAGE.ST,1c33df45e6f716cec0651bb0160a85d6172ec6ba1e24a57a48ac4a3cabd77a39,SETUP_LANGUAGE_Block,,instance0;program0,True,False,False,FN,explicit FUNCTION_BLOCK declaration in mapped Structured Text source,production: GEB-scoped dt_FB_; probe: ungated core_symbol_text contains dt_FB_,DERIVED_EVIDENCE,
openplcV2_SETUP_LOCATION,SETUP_LOCATION,OpenPLCv2,fold_5,UNIQUE,1,AICPS-PLCBEAD_PLCEmbed-c78a56f/PLC-BEAD/Source/OpenPLCv2/SETUP_LOCATION.ST,beaf3cce1392ce913415449a5296fea09eed269452252ba35dece38593232ea1,SETUP_LOCATION_Block,,instance0;program0,True,False,False,FN,explicit FUNCTION_BLOCK declaration in mapped Structured Text source,production: GEB-scoped dt_FB_; probe: ungated core_symbol_text contains dt_FB_,DERIVED_EVIDENCE,
openplcV2_SETUP_MONTHS,SETUP_MONTHS,OpenPLCv2,fold_6,UNIQUE,1,AICPS-PLCBEAD_PLCEmbed-c78a56f/PLC-BEAD/Source/OpenPLCv2/SETUP_MONTHS.ST,5e592bfcab1d39aa00dbaed4b461a08ac33bf6b422fada5b330b308c9c0c9dcb,SETUP_MONTHS,,instance0;program0,True,False,False,FN,explicit FUNCTION_BLOCK declaration in mapped Structured Text source,production: GEB-scoped dt_FB_; probe: ungated core_symbol_text contains dt_FB_,DERIVED_EVIDENCE,
openplcV2_SETUP_MONTHS3,SETUP_MONTHS3,OpenPLCv2,fold_7,UNIQUE,1,AICPS-PLCBEAD_PLCEmbed-c78a56f/PLC-BEAD/Source/OpenPLCv2/SETUP_MONTHS3.ST,0e5f55fb83fd1de9b84f8b525d46b4b1cf18964e67b730d5b10c67c1bb44a123,SETUP_MONTHS3,,instance0;program0,True,False,False,FN,explicit FUNCTION_BLOCK declaration in mapped Structured Text source,production: GEB-scoped dt_FB_; probe: ungated core_symbol_text contains dt_FB_,DERIVED_EVIDENCE,
openplcV2_SETUP_WEEKDAYS,SETUP_WEEKDAYS,OpenPLCv2,fold_8,UNIQUE,1,AICPS-PLCBEAD_PLCEmbed-c78a56f/PLC-BEAD/Source/OpenPLCv2/SETUP_WEEKDAYS.ST,c7380e0aedf88b4ed0312c4203c2a9a3698bc389f0fb61b913ea6ca406080d58,SETUP_WEEKDAYS,,instance0;program0,True,False,False,FN,explicit FUNCTION_BLOCK declaration in mapped Structured Text source,production: GEB-scoped dt_FB_; probe: ungated core_symbol_text contains dt_FB_,DERIVED_EVIDENCE,
openplcV2_SETUP_WEEKDAYS2,SETUP_WEEKDAYS2,OpenPLCv2,fold_9,UNIQUE,1,AICPS-PLCBEAD_PLCEmbed-c78a56f/PLC-BEAD/Source/OpenPLCv2/SETUP_WEEKDAYS2.ST,af302cb7ba1533d04abb97e3b0312bc05778edbd04ef20ab94a362a9901bce4c,SETUP_WEEKDAYS2_Block,,instance0;program0,True,False,False,FN,explicit FUNCTION_BLOCK declaration in mapped Structured Text source,production: GEB-scoped dt_FB_; probe: ungated core_symbol_text contains dt_FB_,DERIVED_EVIDENCE,
openplcV2_SET_DATE,SET_DATE,OpenPLCv2,fold_5,UNIQUE,1,AICPS-PLCBEAD_PLCEmbed-c78a56f/PLC-BEAD/Source/OpenPLCv2/SET_DATE.ST,97ae289851d824919a843387f302d81c3a38a22c0dd4a243a7b13c614614f9ca,,SET_DATE;_INT_TO_UDINT,instance0;program0,False,False,False,TN,explicit FUNCTION_BLOCK declaration in mapped Structured Text source,production: GEB-scoped dt_FB_; probe: ungated core_symbol_text contains dt_FB_,DERIVED_EVIDENCE,
openplcV2_SET_DT,SET_DT,OpenPLCv2,fold_6,UNIQUE,1,AICPS-PLCBEAD_PLCEmbed-c78a56f/PLC-BEAD/Source/OpenPLCv2/SET_DT.ST,0aa43d5ebf0a59aa2dc3fd92d1b6d4e75dae71956bc924014f9d1812f0ab5f59,,SET_DATE;SET_DT;_INT_TO_UDINT,instance0;program0,False,False,False,TN,explicit FUNCTION_BLOCK declaration in mapped Structured Text source,production: GEB-scoped dt_FB_; probe: ungated core_symbol_text contains dt_FB_,DERIVED_EVIDENCE,
openplcV2_SET_TOD,SET_TOD,OpenPLCv2,fold_7,UNIQUE,1,AICPS-PLCBEAD_PLCEmbed-c78a56f/PLC-BEAD/Source/OpenPLCv2/SET_TOD.ST,7efd33db3e2ee15efcdcc02e993c5b56feb4cc32578b3405abfb70ca87b9d336,,SET_TOD;_INT_TO_UDINT;_REAL_TO_UDINT,instance0;program0,False,False,False,TN,explicit FUNCTION_BLOCK declaration in mapped Structured Text source,production: GEB-scoped dt_FB_; probe: ungated core_symbol_text contains dt_FB_,DERIVED_EVIDENCE,
openplcV2_SGN,SGN,OpenPLCv2,fold_5,UNIQUE,1,AICPS-PLCBEAD_PLCEmbed-c78a56f/PLC-BEAD/Source/OpenPLCv2/SGN.ST,9a49bdc250b81b0191a06f962da9b53053fd13b7c41f2358c595184c322f45d2,,SGN,instance0;program0,False,False,False,TN,explicit FUNCTION_BLOCK declaration in mapped Structured Text source,production: GEB-scoped dt_FB_; probe: ungated core_symbol_text contains dt_FB_,DERIVED_EVIDENCE,
openplcV2_SH,SH,OpenPLCv2,fold_3,UNIQUE,1,AICPS-PLCBEAD_PLCEmbed-c78a56f/PLC-BEAD/Source/OpenPLCv2/SH.ST,2454cdf119f011241c2c2a1a7f8e116b93c8f6869ba6d7d7f5e1b672ca4ae0f4,SH_Block,,instance0;program0,True,False,False,FN,explicit FUNCTION_BLOCK declaration in mapped Structured Text source,production: GEB-scoped dt_FB_; probe: ungated core_symbol_text contains dt_FB_,DERIVED_EVIDENCE,
openplcV2_SHA1_STREAM,SHA1_STREAM,OpenPLCv2,fold_6,UNIQUE,1,AICPS-PLCBEAD_PLCEmbed-c78a56f/PLC-BEAD/Source/OpenPLCv2/SHA1_STREAM.ST,3e9ecf6a811ba0704c6f348ac1f52ecaee20051174b26513e43669a4dd088ab5,SHA1_STREAM_Block,DWORD_OF_BYTE,instance0;program0,True,False,False,FN,explicit FUNCTION_BLOCK declaration in mapped Structured Text source,production: GEB-scoped dt_FB_; probe: ungated core_symbol_text contains dt_FB_,DERIVED_EVIDENCE,
openplcV2_SHL1,SHL1,OpenPLCv2,fold_2,UNIQUE,1,AICPS-PLCBEAD_PLCEmbed-c78a56f/PLC-BEAD/Source/OpenPLCv2/SHL1.ST,be513b6a32cefe23c1c80d5055195b6f6e7da8ea99c43fcab10925fab14452ff,,SHL1,instance0;program0,False,False,False,TN,explicit FUNCTION_BLOCK declaration in mapped Structured Text source,production: GEB-scoped dt_FB_; probe: ungated core_symbol_text contains dt_FB_,DERIVED_EVIDENCE,
openplcV2_SHR1,SHR1,OpenPLCv2,fold_3,UNIQUE,1,AICPS-PLCBEAD_PLCEmbed-c78a56f/PLC-BEAD/Source/OpenPLCv2/SHR1.ST,74c1c0fb3b40d6b5b3d475a1224e3f0dbb81e86f0a3dcc10d37828b720041e67,,SHR1,instance0;program0,False,False,False,TN,explicit FUNCTION_BLOCK declaration in mapped Structured Text source,production: GEB-scoped dt_FB_; probe: ungated core_symbol_text contains dt_FB_,DERIVED_EVIDENCE,
openplcV2_SHR_4E,SHR_4E,OpenPLCv2,fold_0,UNIQUE,1,AICPS-PLCBEAD_PLCEmbed-c78a56f/PLC-BEAD/Source/OpenPLCv2/SHR_4E.ST,f9e370672411bf65b2bd385ab187f4271f8f4278d99430c938091b7497ce7f3a,SHR_4E_Block,,instance0;program0,True,False,False,FN,explicit FUNCTION_BLOCK declaration in mapped Structured Text source,production: GEB-scoped dt_FB_; probe: ungated core_symbol_text contains dt_FB_,DERIVED_EVIDENCE,
openplcV2_SHR_4UDE,SHR_4UDE,OpenPLCv2,fold_1,UNIQUE,1,AICPS-PLCBEAD_PLCEmbed-c78a56f/PLC-BEAD/Source/OpenPLCv2/SHR_4UDE.ST,0946d65d9b735b91504bbc7e6e435656aa37a72396eeaa243000c220a635c22c,SHR_4UDE_Block,,instance0;program0,True,False,False,FN,explicit FUNCTION_BLOCK declaration in mapped Structured Text source,production: GEB-scoped dt_FB_; probe: ungated core_symbol_text contains dt_FB_,DERIVED_EVIDENCE,
openplcV2_SHR_8PLE,SHR_8PLE,OpenPLCv2,fold_2,UNIQUE,1,AICPS-PLCBEAD_PLCEmbed-c78a56f/PLC-BEAD/Source/OpenPLCv2/SHR_8PLE.ST,9ae375ca9857b50a4c60bacaa58d61d3babf90bfaaa18bca542edc82549f4637,SHR_8PLE_Block,BIT_LOAD_B;BIT_OF_DWORD,instance0;program0,True,False,False,FN,explicit FUNCTION_BLOCK declaration in mapped Structured Text source,production: GEB-scoped dt_FB_; probe: ungated core_symbol_text contains dt_FB_,DERIVED_EVIDENCE,
openplcV2_SHR_8UDE,SHR_8UDE,OpenPLCv2,fold_3,UNIQUE,1,AICPS-PLCBEAD_PLCEmbed-c78a56f/PLC-BEAD/Source/OpenPLCv2/SHR_8UDE.ST,f379311d95e0777c454f866db7ccc4839e05c11d9a36707ff1d81ac51a9cabbe,SHR_8UDE_Block,,instance0;program0,True,False,False,FN,explicit FUNCTION_BLOCK declaration in mapped Structured Text source,production: GEB-scoped dt_FB_; probe: ungated core_symbol_text contains dt_FB_,DERIVED_EVIDENCE,
openplcV2_SH_1,SH_1,OpenPLCv2,fold_4,UNIQUE,1,AICPS-PLCBEAD_PLCEmbed-c78a56f/PLC-BEAD/Source/OpenPLCv2/SH_1.ST,cbf0e8a1fe16b77dedd9e4ad6a52f9558def06674161265e70f8246f9d2e1fb1,SH_1_Block;T_PLC_MS_block,UDINT_TO_TIME2,instance0;program0,True,False,False,FN,explicit FUNCTION_BLOCK declaration in mapped Structured Text source,production: GEB-scoped dt_FB_; probe: ungated core_symbol_text contains dt_FB_,DERIVED_EVIDENCE,
openplcV2_SH_T,SH_T,OpenPLCv2,fold_6,UNIQUE,1,AICPS-PLCBEAD_PLCEmbed-c78a56f/PLC-BEAD/Source/OpenPLCv2/SH_T.ST,a29e1d9dc9a343d68c4d9c8b5ec0cfc1faf24133b2de40903f9461a721e39087,SH_T_Block,,instance0;program0,True,False,False,FN,explicit FUNCTION_BLOCK declaration in mapped Structured Text source,production: GEB-scoped dt_FB_; probe: ungated core_symbol_text contains dt_FB_,DERIVED_EVIDENCE,
openplcV2_SIGMOID,SIGMOID,OpenPLCv2,fold_6,UNIQUE,1,AICPS-PLCBEAD_PLCEmbed-c78a56f/PLC-BEAD/Source/OpenPLCv2/SIGMOID.ST,0bc476fbeebced90febbfd8bc95b94124095f57ef717b19cd54283f703c64672,,SIGMOID,instance0;program0,False,False,False,TN,explicit FUNCTION_BLOCK declaration in mapped Structured Text source,production: GEB-scoped dt_FB_; probe: ungated core_symbol_text contains dt_FB_,DERIVED_EVIDENCE,
openplcV2_SIGNAL,SIGNAL,OpenPLCv2,fold_5,UNIQUE,1,AICPS-PLCBEAD_PLCEmbed-c78a56f/PLC-BEAD/Source/OpenPLCv2/SIGNAL.ST,f70189827410dc4caee68088a0832ac7a8e601cc6c9c15dd34f27e920dc527ad,SIGNAL_Block;T_PLC_MS_block,TIME_TO_UDINT2;UDINT_TO_TIME2;_BYTE_TO_INT,instance0;program0,True,False,False,FN,explicit FUNCTION_BLOCK declaration in mapped Structured Text source,production: GEB-scoped dt_FB_; probe: ungated core_symbol_text contains dt_FB_,DERIVED_EVIDENCE,
openplcV2_SIGNAL_4,SIGNAL_4,OpenPLCv2,fold_6,UNIQUE,1,AICPS-PLCBEAD_PLCEmbed-c78a56f/PLC-BEAD/Source/OpenPLCv2/SIGNAL_4.ST,745f293b3092cce3cca7ec1fe434a488d0bd1977ec8ee4c4a7fd41f032664c26,SIGNAL_4_Block;SIGNAL_Block;T_PLC_MS_block,TIME_TO_UDINT2;UDINT_TO_TIME2;_BYTE_TO_INT,instance0;program0,True,False,False,FN,explicit FUNCTION_BLOCK declaration in mapped Structured Text source,production: GEB-scoped dt_FB_; probe: ungated core_symbol_text contains dt_FB_,DERIVED_EVIDENCE,
openplcV2_SIGN_I,SIGN_I,OpenPLCv2,fold_7,UNIQUE,1,AICPS-PLCBEAD_PLCEmbed-c78a56f/PLC-BEAD/Source/OpenPLCv2/SIGN_I.ST,0a474f9cd9ad2f5acd7c945a2a077544a17ee624187385eb7cf763f8584f610e,,BIT_OF_DWORD;SIGN_I,instance0;program0,False,False,False,TN,explicit FUNCTION_BLOCK declaration in mapped Structured Text source,production: GEB-scoped dt_FB_; probe: ungated core_symbol_text contains dt_FB_,DERIVED_EVIDENCE,
openplcV2_SIGN_R,SIGN_R,OpenPLCv2,fold_8,UNIQUE,1,AICPS-PLCBEAD_PLCEmbed-c78a56f/PLC-BEAD/Source/OpenPLCv2/SIGN_R.ST,842fbafde0e5cc4b980553514e37e6e2e272257992ecd9b0e8a0be3f902ef87e,,SIGN_R,instance0;program0,False,False,False,TN,explicit FUNCTION_BLOCK declaration in mapped Structured Text source,production: GEB-scoped dt_FB_; probe: ungated core_symbol_text contains dt_FB_,DERIVED_EVIDENCE,
openplcV2_SINC,SINC,OpenPLCv2,fold_9,UNIQUE,1,AICPS-PLCBEAD_PLCEmbed-c78a56f/PLC-BEAD/Source/OpenPLCv2/SINC.ST,8ae9d015511395c2a1f5242388899fb208e9e6d91b984c63707c9956b433f5d8,,SINC,instance0;program0,False,False,False,TN,explicit FUNCTION_BLOCK declaration in mapped Structured Text source,production: GEB-scoped dt_FB_; probe: ungated core_symbol_text contains dt_FB_,DERIVED_EVIDENCE,
openplcV2_SINH,SINH,OpenPLCv2,fold_0,UNIQUE,1,AICPS-PLCBEAD_PLCEmbed-c78a56f/PLC-BEAD/Source/OpenPLCv2/SINH.ST,f18f28c296571bf766fe3291eabfc354ae81c0589a117c2b71b794c6d291ed7e,,SINH,instance0;program0,False,False,False,TN,explicit FUNCTION_BLOCK declaration in mapped Structured Text source,production: GEB-scoped dt_FB_; probe: ungated core_symbol_text contains dt_FB_,DERIVED_EVIDENCE,
openplcV2_SNTP_CLIENT,SNTP_CLIENT,OpenPLCv2,fold_7,UNIQUE,1,AICPS-PLCBEAD_PLCEmbed-c78a56f/PLC-BEAD/Source/OpenPLCv2/SNTP_CLIENT.ST,de44216a995b7a4b5b7e9e544edced1393ef67b72f6dda319b99afa3af3b0a8b,IP_FIFO_Block;SNTP_CLIENT_Block;T_PLC_MS_block,DWORD_OF_BYTE;WORD_OF_BYTE;_BYTE_TO_INT;_INT_TO_UDINT;_WORD_TO_DINT,instance0;program0,True,False,False,FN,explicit FUNCTION_BLOCK declaration in mapped Structured Text source,production: GEB-scoped dt_FB_; probe: ungated core_symbol_text contains dt_FB_,DERIVED_EVIDENCE,
openplcV2_SPEED,SPEED,OpenPLCv2,fold_8,UNIQUE,1,AICPS-PLCBEAD_PLCEmbed-c78a56f/PLC-BEAD/Source/OpenPLCv2/SPEED.ST,6a8ab7af1f9eede2071fc1677bca6e415c358a0feb5c85b600a4fec5244d52a3,SPEED_Block,,instance0;program0,True,False,False,FN,explicit FUNCTION_BLOCK declaration in mapped Structured Text source,production: GEB-scoped dt_FB_; probe: ungated core_symbol_text contains dt_FB_,DERIVED_EVIDENCE,
openplcV2_SPHERE_V,SPHERE_V,OpenPLCv2,fold_6,UNIQUE,1,AICPS-PLCBEAD_PLCEmbed-c78a56f/PLC-BEAD/Source/OpenPLCv2/SPHERE_V.ST,4b81a6f77d538e474d51422d196217f40cabe0d252a562bb45cdf53b3093acc3,,SPHERE_V,instance0;program0,False,False,False,TN,explicit FUNCTION_BLOCK declaration in mapped Structured Text source,production: GEB-scoped dt_FB_; probe: ungated core_symbol_text contains dt_FB_,DERIVED_EVIDENCE,
openplcV2_SQRTN,SQRTN,OpenPLCv2,fold_1,UNIQUE,1,AICPS-PLCBEAD_PLCEmbed-c78a56f/PLC-BEAD/Source/OpenPLCv2/SQRTN.ST,1401d0197cee0ad96617813c374ecf88b0c841e614e34f4180e3b563e69a1489,,SQRTN,instance0;program0,False,False,False,TN,explicit FUNCTION_BLOCK declaration in mapped Structured Text source,production: GEB-scoped dt_FB_; probe: ungated core_symbol_text contains dt_FB_,DERIVED_EVIDENCE,
openplcV2_SRAMP,SRAMP,OpenPLCv2,fold_7,UNIQUE,1,AICPS-PLCBEAD_PLCEmbed-c78a56f/PLC-BEAD/Source/OpenPLCv2/SRAMP.ST,ef6ab24101fe0d31faef4e57c1562622b7f049811db25bb9d194fd72f237c626,SRAMP_Block;TC_S_Block;T_PLC_US_Block,,instance0;program0,True,False,False,FN,explicit FUNCTION_BLOCK declaration in mapped Structured Text source,production: GEB-scoped dt_FB_; probe: ungated core_symbol_text contains dt_FB_,DERIVED_EVIDENCE,
openplcV2_STACK_16,STACK_16,OpenPLCv2,fold_4,UNIQUE,1,AICPS-PLCBEAD_PLCEmbed-c78a56f/PLC-BEAD/Source/OpenPLCv2/STACK_16.ST,cb2fc4a281ed54ba53a80820cb5f251ed8f4a1b445b2d6cef39b70e7aea38b34,STACK_16_Block,,instance0;program0,True,False,False,FN,explicit FUNCTION_BLOCK declaration in mapped Structured Text source,production: GEB-scoped dt_FB_; probe: ungated core_symbol_text contains dt_FB_,DERIVED_EVIDENCE,
openplcV2_STACK_32,STACK_32,OpenPLCv2,fold_5,UNIQUE,1,AICPS-PLCBEAD_PLCEmbed-c78a56f/PLC-BEAD/Source/OpenPLCv2/STACK_32.ST,4086f560363b3fd1207c34c5000e0d391e40801e2abed0efe899ad4b17fcfe75,STACK_32_Block,,instance0;program0,True,False,False,FN,explicit FUNCTION_BLOCK declaration in mapped Structured Text source,production: GEB-scoped dt_FB_; probe: ungated core_symbol_text contains dt_FB_,DERIVED_EVIDENCE,
openplcV2_STAIR,STAIR,OpenPLCv2,fold_7,UNIQUE,1,AICPS-PLCBEAD_PLCEmbed-c78a56f/PLC-BEAD/Source/OpenPLCv2/STAIR.ST,4c5b0637eb88ebb8bc75600dd928a340409246bba17f587f037829673b8fce43,,STAIR;_REAL_TO_DINT,instance0;program0,False,False,False,TN,explicit FUNCTION_BLOCK declaration in mapped Structured Text source,production: GEB-scoped dt_FB_; probe: ungated core_symbol_text contains dt_FB_,DERIVED_EVIDENCE,
openplcV2_STAIR2,STAIR2,OpenPLCv2,fold_8,UNIQUE,1,AICPS-PLCBEAD_PLCEmbed-c78a56f/PLC-BEAD/Source/OpenPLCv2/STAIR2.ST,49f4df8a960013f79fbead2427b012efa8aea7250c351e19b58897994eaddfae,STAIR2_Block,FLOOR,instance0;program0,True,False,False,FN,explicit FUNCTION_BLOCK declaration in mapped Structured Text source,production: GEB-scoped dt_FB_; probe: ungated core_symbol_text contains dt_FB_,DERIVED_EVIDENCE,
openplcV2_STATUS_TO_ESR,STATUS_TO_ESR,OpenPLCv2,fold_7,UNIQUE,1,AICPS-PLCBEAD_PLCEmbed-c78a56f/PLC-BEAD/Source/OpenPLCv2/STATUS_TO_ESR.ST,766a4ff07937e9b91d8a72024445ceed58fb7a6e7f8c76da8e0026dd4d94dde2,STATUS_TO_ESR_Block,,instance0;program0,True,False,False,FN,explicit FUNCTION_BLOCK declaration in mapped Structured Text source,production: GEB-scoped dt_FB_; probe: ungated core_symbol_text contains dt_FB_,DERIVED_EVIDENCE,
openplcV2_STORE_8,STORE_8,OpenPLCv2,fold_4,UNIQUE,1,AICPS-PLCBEAD_PLCEmbed-c78a56f/PLC-BEAD/Source/OpenPLCv2/STORE_8.ST,1820f19eb4de8662f29f99d6818ddfa67300776e3f0d8f182ba46b6dbf35cfa9,STORE_8_Block,,instance0;program0,True,False,False,FN,explicit FUNCTION_BLOCK declaration in mapped Structured Text source,production: GEB-scoped dt_FB_; probe: ungated core_symbol_text contains dt_FB_,DERIVED_EVIDENCE,
openplcV2_STRING_TO_TOD,STRING_TO_TOD,OpenPLCv2,fold_3,UNIQUE,1,AICPS-PLCBEAD_PLCEmbed-c78a56f/PLC-BEAD/Source/OpenPLCv2/STRING_TO_TOD.ST,b80c3f33b54ccee7e10959ccd3231b7ebd69248407063d798b894f70d49a9442,STRING_TO_TOD_Block,,instance0;program0,True,False,False,FN,explicit FUNCTION_BLOCK declaration in mapped Structured Text source,production: GEB-scoped dt_FB_; probe: ungated core_symbol_text contains dt_FB_,DERIVED_EVIDENCE,
openplcV2_STRING_TO_URL,STRING_TO_URL,OpenPLCv2,fold_8,UNIQUE,1,AICPS-PLCBEAD_PLCEmbed-c78a56f/PLC-BEAD/Source/OpenPLCv2/STRING_TO_URL.ST,109ebb6b966fac914f734da7f9e210ef32ddf75b4194a0b099312f1aa70a8673,STRING_TO_URL_Block,,instance0;program0,True,False,False,FN,explicit FUNCTION_BLOCK declaration in mapped Structured Text source,production: GEB-scoped dt_FB_; probe: ungated core_symbol_text contains dt_FB_,DERIVED_EVIDENCE,
openplcV2_SUN_MIDDAY,SUN_MIDDAY,OpenPLCv2,fold_0,UNIQUE,1,AICPS-PLCBEAD_PLCEmbed-c78a56f/PLC-BEAD/Source/OpenPLCv2/SUN_MIDDAY.ST,bd2f72716657fc21b58e2c72f370cc12cef221593c0a17bba67670b875bc003c,,DAY_OF_YEAR;HOUR_TO_TOD;SUN_MIDDAY;_REAL_TO_UDINT,instance0;program0,False,False,False,TN,explicit FUNCTION_BLOCK declaration in mapped Structured Text source,production: GEB-scoped dt_FB_; probe: ungated core_symbol_text contains dt_FB_,DERIVED_EVIDENCE,
openplcV2_SUN_POS,SUN_POS,OpenPLCv2,fold_1,UNIQUE,1,AICPS-PLCBEAD_PLCEmbed-c78a56f/PLC-BEAD/Source/OpenPLCv2/SUN_POS.ST,0effd02e6e81db82554160ae252ac97cb03a0de9233486f8c3ec6d8ee535bba7,SUN_POS,DEG;DT_TO_TOD2;FLOOR2;MODR;RAD;REFRACTION;TOD_TO_REAL2,instance0;program0,True,False,False,FN,explicit FUNCTION_BLOCK declaration in mapped Structured Text source,production: GEB-scoped dt_FB_; probe: ungated core_symbol_text contains dt_FB_,DERIVED_EVIDENCE,
openplcV2_SWAP_BYTE,SWAP_BYTE,OpenPLCv2,fold_4,UNIQUE,1,AICPS-PLCBEAD_PLCEmbed-c78a56f/PLC-BEAD/Source/OpenPLCv2/SWAP_BYTE.ST,2332975d66bb55325cd77c8a971b2377d2a57fdc352c14bbf1c9aeb4d1cc5a97,,SWAP_BYTE,instance0;program0,False,False,False,TN,explicit FUNCTION_BLOCK declaration in mapped Structured Text source,production: GEB-scoped dt_FB_; probe: ungated core_symbol_text contains dt_FB_,DERIVED_EVIDENCE,
openplcV2_SWAP_BYTE2,SWAP_BYTE2,OpenPLCv2,fold_5,UNIQUE,1,AICPS-PLCBEAD_PLCEmbed-c78a56f/PLC-BEAD/Source/OpenPLCv2/SWAP_BYTE2.ST,c9b5d594d64d87f1d7aa0beb4180fa2238e468b4773bc3a9d396762414474dd4,,SWAP_BYTE2,instance0;program0,False,False,False,TN,explicit FUNCTION_BLOCK declaration in mapped Structured Text source,production: GEB-scoped dt_FB_; probe: ungated core_symbol_text contains dt_FB_,DERIVED_EVIDENCE,
openplcV2_SWITCH_I,SWITCH_I,OpenPLCv2,fold_9,UNIQUE,1,AICPS-PLCBEAD_PLCEmbed-c78a56f/PLC-BEAD/Source/OpenPLCv2/SWITCH_I.ST,3a49ceb6a0d670032355116409a4097d234ef2c027ac29f28c14c557eef3fcf9,SWITCH_I_Block;T_PLC_MS_block,UDINT_TO_TIME2,instance0;program0,True,False,False,FN,explicit FUNCTION_BLOCK declaration in mapped Structured Text source,production: GEB-scoped dt_FB_; probe: ungated core_symbol_text contains dt_FB_,DERIVED_EVIDENCE,
openplcV2_SWITCH_X,SWITCH_X,OpenPLCv2,fold_0,UNIQUE,1,AICPS-PLCBEAD_PLCEmbed-c78a56f/PLC-BEAD/Source/OpenPLCv2/SWITCH_X.ST,12265f9ebd2b0db3f89ac71526b0ad184fe7ac519f21afa9c1b7df71b701a2c4,SWITCH_X_Block,,instance0;program0,True,False,False,FN,explicit FUNCTION_BLOCK declaration in mapped Structured Text source,production: GEB-scoped dt_FB_; probe: ungated core_symbol_text contains dt_FB_,DERIVED_EVIDENCE,
openplcV2_SW_RECONFIG,SW_RECONFIG,OpenPLCv2,fold_8,UNIQUE,1,AICPS-PLCBEAD_PLCEmbed-c78a56f/PLC-BEAD/Source/OpenPLCv2/SW_RECONFIG.ST,0fd6695ab5dd70f440c3ed3a2722554eaf45d6adc9ef1543519d30c7adae096c,SW_RECONFIG_Block,,instance0;program0,True,False,False,FN,explicit FUNCTION_BLOCK declaration in mapped Structured Text source,production: GEB-scoped dt_FB_; probe: ungated core_symbol_text contains dt_FB_,DERIVED_EVIDENCE,
openplcV2_TANC,TANC,OpenPLCv2,fold_2,UNIQUE,1,AICPS-PLCBEAD_PLCEmbed-c78a56f/PLC-BEAD/Source/OpenPLCv2/TANC.ST,ffb8bb8f1f729150476eaee6446419c1e5e86ca25d15ee8fbdffe0bf42ea3311,,TANC,instance0;program0,False,False,False,TN,explicit FUNCTION_BLOCK declaration in mapped Structured Text source,production: GEB-scoped dt_FB_; probe: ungated core_symbol_text contains dt_FB_,DERIVED_EVIDENCE,
openplcV2_TANH,TANH,OpenPLCv2,fold_3,UNIQUE,1,AICPS-PLCBEAD_PLCEmbed-c78a56f/PLC-BEAD/Source/OpenPLCv2/TANH.ST,d033ae9b00040b4ec4d2cdacab6e836b952943b282f3a9aa91c4ef5e005efc1e,,TANH,instance0;program0,False,False,False,TN,explicit FUNCTION_BLOCK declaration in mapped Structured Text source,production: GEB-scoped dt_FB_; probe: ungated core_symbol_text contains dt_FB_,DERIVED_EVIDENCE,
openplcV2_TANK_LEVEL,TANK_LEVEL,OpenPLCv2,fold_1,UNIQUE,1,AICPS-PLCBEAD_PLCEmbed-c78a56f/PLC-BEAD/Source/OpenPLCv2/TANK_LEVEL.ST,e7302a16bc2137576c502de5b855ee9e5584e59ca221fc3cc50230c7930ad54f,ACTUATOR_COIL_Block;TANK_LEVEL_Block;TONOF;T_PLC_MS_block,TIME_TO_UDINT2;UDINT_TO_TIME2,instance0;program0,True,False,False,FN,explicit FUNCTION_BLOCK declaration in mapped Structured Text source,production: GEB-scoped dt_FB_; probe: ungated core_symbol_text contains dt_FB_,DERIVED_EVIDENCE,
openplcV2_TANK_VOL1,TANK_VOL1,OpenPLCv2,fold_2,UNIQUE,1,AICPS-PLCBEAD_PLCEmbed-c78a56f/PLC-BEAD/Source/OpenPLCv2/TANK_VOL1.ST,9333ce7314fba2868763c4ca8429049ac0bdeb8d58d68382b5de13926f5ed737,,CIRCLE_SEG;TANK_VOL1,instance0;program0,False,False,False,TN,explicit FUNCTION_BLOCK declaration in mapped Structured Text source,production: GEB-scoped dt_FB_; probe: ungated core_symbol_text contains dt_FB_,DERIVED_EVIDENCE,
openplcV2_TANK_VOL2,TANK_VOL2,OpenPLCv2,fold_3,UNIQUE,1,AICPS-PLCBEAD_PLCEmbed-c78a56f/PLC-BEAD/Source/OpenPLCv2/TANK_VOL2.ST,10d4b50d66a86dd05b0e51e42f67b9e1cfbaccb28add4e6fbc78e45cb738fc5a,,TANK_VOL2,instance0;program0,False,False,False,TN,explicit FUNCTION_BLOCK declaration in mapped Structured Text source,production: GEB-scoped dt_FB_; probe: ungated core_symbol_text contains dt_FB_,DERIVED_EVIDENCE,
openplcV2_TC_MS,TC_MS,OpenPLCv2,fold_6,UNIQUE,1,AICPS-PLCBEAD_PLCEmbed-c78a56f/PLC-BEAD/Source/OpenPLCv2/TC_MS.ST,ad349351e1ee0a8a2dafe781834ba629322ebb412d91aef0617e4080dca1b812,TC_MS_Block;T_PLC_MS_block,,instance0;program0,True,False,False,FN,explicit FUNCTION_BLOCK declaration in mapped Structured Text source,production: GEB-scoped dt_FB_; probe: ungated core_symbol_text contains dt_FB_,DERIVED_EVIDENCE,
openplcV2_TC_S,TC_S,OpenPLCv2,fold_7,UNIQUE,1,AICPS-PLCBEAD_PLCEmbed-c78a56f/PLC-BEAD/Source/OpenPLCv2/TC_S.ST,2f54ea77b5a09b2f153baef950d5f4a87a6319dd8b79342647f3c03f58f12df7,TC_S_Block;T_PLC_US_Block,,instance0;program0,True,False,False,FN,explicit FUNCTION_BLOCK declaration in mapped Structured Text source,production: GEB-scoped dt_FB_; probe: ungated core_symbol_text contains dt_FB_,DERIVED_EVIDENCE,
openplcV2_TC_US,TC_US,OpenPLCv2,fold_8,UNIQUE,1,AICPS-PLCBEAD_PLCEmbed-c78a56f/PLC-BEAD/Source/OpenPLCv2/TC_US.ST,4ba5fddffe15141d3b484e6061b53e3a920e05a95cf8839e11f0a6c156a97c8a,TC_US_Block;T_PLC_US_Block,,instance0;program0,True,False,False,FN,explicit FUNCTION_BLOCK declaration in mapped Structured Text source,production: GEB-scoped dt_FB_; probe: ungated core_symbol_text contains dt_FB_,DERIVED_EVIDENCE,
openplcV2_TEMPERATURE,TEMPERATURE,OpenPLCv2,fold_9,UNIQUE,1,AICPS-PLCBEAD_PLCEmbed-c78a56f/PLC-BEAD/Source/OpenPLCv2/TEMPERATURE.ST,b98bed93d1bfb9605ccdf0d5b3e5f6980bf800b8e80acf869a263b14b0e6cf16,TEMPERATURE,,instance0;program0,True,False,False,FN,explicit FUNCTION_BLOCK declaration in mapped Structured Text source,production: GEB-scoped dt_FB_; probe: ungated core_symbol_text contains dt_FB_,DERIVED_EVIDENCE,
openplcV2_TEMP_EXT,TEMP_EXT,OpenPLCv2,fold_4,UNIQUE,1,AICPS-PLCBEAD_PLCEmbed-c78a56f/PLC-BEAD/Source/OpenPLCv2/TEMP_EXT.ST,2273138624dccbea6849b0dbd5c1b1633ba7950d2e43e985284357150602c03a,TEMP_EXT_Block;T_PLC_MS_block,DAY_OF_MONTH;DAY_OF_YEAR;DAY_OF_YEAR_UDINT;DT_TO_TOD2;LEAP_OF_DATE;MID3;MONTH_OF_DATE_UDINT;MULTI_IN;SET_DATE;UDINT_TO_TIME2;_BYTE_TO_INT;_DT_TO_DATE_B;_INT_TO_UDINT,instance0;program0,True,False,False,FN,explicit FUNCTION_BLOCK declaration in mapped Structured Text source,production: GEB-scoped dt_FB_; probe: ungated core_symbol_text contains dt_FB_,DERIVED_EVIDENCE,
openplcV2_TEMP_NI,TEMP_NI,OpenPLCv2,fold_6,UNIQUE,1,AICPS-PLCBEAD_PLCEmbed-c78a56f/PLC-BEAD/Source/OpenPLCv2/TEMP_NI.ST,2b92819bfee806dcfff6644c7a58f8467c6a3c66e7e19f8714fa96538295885e,,TEMP_NI,instance0;program0,False,False,False,TN,explicit FUNCTION_BLOCK declaration in mapped Structured Text source,production: GEB-scoped dt_FB_; probe: ungated core_symbol_text contains dt_FB_,DERIVED_EVIDENCE,
openplcV2_TEMP_NTC,TEMP_NTC,OpenPLCv2,fold_7,UNIQUE,1,AICPS-PLCBEAD_PLCEmbed-c78a56f/PLC-BEAD/Source/OpenPLCv2/TEMP_NTC.ST,d7f73e5005059e0c5639206253a1bfb0302007ee29ecbc7b6f70e80381f980dc,,TEMP_NTC,instance0;program0,False,False,False,TN,explicit FUNCTION_BLOCK declaration in mapped Structured Text source,production: GEB-scoped dt_FB_; probe: ungated core_symbol_text contains dt_FB_,DERIVED_EVIDENCE,
openplcV2_TEMP_PT,TEMP_PT,OpenPLCv2,fold_8,UNIQUE,1,AICPS-PLCBEAD_PLCEmbed-c78a56f/PLC-BEAD/Source/OpenPLCv2/TEMP_PT.ST,0fadc5e563d4b545e157fe691964ea5fa7315d7dd8a2a65baaf4993113980628,,RES_PT;TEMP_PT,instance0;program0,False,False,False,TN,explicit FUNCTION_BLOCK declaration in mapped Structured Text source,production: GEB-scoped dt_FB_; probe: ungated core_symbol_text contains dt_FB_,DERIVED_EVIDENCE,
openplcV2_TEMP_SI,TEMP_SI,OpenPLCv2,fold_9,UNIQUE,1,AICPS-PLCBEAD_PLCEmbed-c78a56f/PLC-BEAD/Source/OpenPLCv2/TEMP_SI.ST,969e5023f4c2cc160bccfb8c119955b04c2bcf546e74d1c164fe2209032bc43e,,TEMP_SI,instance0;program0,False,False,False,TN,explicit FUNCTION_BLOCK declaration in mapped Structured Text source,production: GEB-scoped dt_FB_; probe: ungated core_symbol_text contains dt_FB_,DERIVED_EVIDENCE,
openplcV2_TICKER,TICKER,OpenPLCv2,fold_4,UNIQUE,1,AICPS-PLCBEAD_PLCEmbed-c78a56f/PLC-BEAD/Source/OpenPLCv2/TICKER.ST,e72a60713f7be7e8134f1aaf039a83b421119553447e6a11f64d76fe1618e37a,DELAY;TICKER,INC1,instance0;program0,True,False,False,FN,explicit FUNCTION_BLOCK declaration in mapped Structured Text source,production: GEB-scoped dt_FB_; probe: ungated core_symbol_text contains dt_FB_,DERIVED_EVIDENCE,
openplcV2_TIMECHECK,TIMECHECK,OpenPLCv2,fold_8,UNIQUE,1,AICPS-PLCBEAD_PLCEmbed-c78a56f/PLC-BEAD/Source/OpenPLCv2/TIMECHECK.ST,0f3b0a012f5b5e7d0bec992f48f89afa626b5efa2c3ebed518e4696b576f499f,,TIMECHECK,instance0;program0,False,False,False,TN,explicit FUNCTION_BLOCK declaration in mapped Structured Text source,production: GEB-scoped dt_FB_; probe: ungated core_symbol_text contains dt_FB_,DERIVED_EVIDENCE,
openplcV2_TIMER_1,TIMER_1,OpenPLCv2,fold_1,UNIQUE,1,AICPS-PLCBEAD_PLCEmbed-c78a56f/PLC-BEAD/Source/OpenPLCv2/TIMER_1.ST,261685f8e59e5103e79d9de2904488141c17d9db8f3bf58b14899b28aecc16eb,TIMER_1_Block,DAY_OF_WEEK;DT_TO_TOD2;TIMECHECK;TIME_TO_TOD;TIME_TO_TOD2;TOD_TO_TIME;_DT_TO_DATE_B,instance0;program0,True,False,False,FN,explicit FUNCTION_BLOCK declaration in mapped Structured Text source,production: GEB-scoped dt_FB_; probe: ungated core_symbol_text contains dt_FB_,DERIVED_EVIDENCE,
openplcV2_TIMER_2,TIMER_2,OpenPLCv2,fold_2,UNIQUE,1,AICPS-PLCBEAD_PLCEmbed-c78a56f/PLC-BEAD/Source/OpenPLCv2/TIMER_2.ST,ddee381f8c16ab7f0c350befb93aa074705ebcaa4b0dd248913fa05e2ee3d8f3,TIMER_2_Block;T_PLC_MS_block,DAY_OF_MONTH;DAY_OF_WEEK;DAY_OF_YEAR;DAY_OF_YEAR_UDINT;DT_TO_TOD2;LEAP_OF_DATE;MONTH_OF_DATE;MONTH_OF_DATE_UDINT;TIME_TO_UDINT2;UDINT_TO_TIME2;_BYTE_TO_INT;_DT_TO_DATE_B,instance0;program0,True,False,False,FN,explicit FUNCTION_BLOCK declaration in mapped Structured Text source,production: GEB-scoped dt_FB_; probe: ungated core_symbol_text contains dt_FB_,DERIVED_EVIDENCE,
openplcV2_TIMER_EXT,TIMER_EXT,OpenPLCv2,fold_3,UNIQUE,1,AICPS-PLCBEAD_PLCEmbed-c78a56f/PLC-BEAD/Source/OpenPLCv2/TIMER_EXT.ST,b756e3c509d115ecdfe37c7243d212f80d75c48c51f5dbc501136628d4a625e5,DEBOUNCE_Block;MANUAL_2_Block;TIMER_EXT_Block;T_PLC_MS_block,DAY_OF_WEEK;DT_TO_TOD2;TIME_TO_UDINT2;_DT_TO_DATE_B,instance0;program0,True,False,False,FN,explicit FUNCTION_BLOCK declaration in mapped Structured Text source,production: GEB-scoped dt_FB_; probe: ungated core_symbol_text contains dt_FB_,DERIVED_EVIDENCE,
openplcV2_TIME_TO_DWORD,TIME_TO_DWORD,OpenPLCv2,fold_3,UNIQUE,1,AICPS-PLCBEAD_PLCEmbed-c78a56f/PLC-BEAD/Source/OpenPLCv2/TIME_TO_DWORD.ST,db9ccfb10573b1420b4577e1a28ed36131791ce9433cdb110075653f3ad84fa0,,TIME_TO_DWORD1,instance0;program0,False,False,False,TN,explicit FUNCTION_BLOCK declaration in mapped Structured Text source,production: GEB-scoped dt_FB_; probe: ungated core_symbol_text contains dt_FB_,DERIVED_EVIDENCE,
openplcV2_TIME_TO_INT,TIME_TO_INT,OpenPLCv2,fold_4,UNIQUE,1,AICPS-PLCBEAD_PLCEmbed-c78a56f/PLC-BEAD/Source/OpenPLCv2/TIME_TO_INT.ST,cfa840eb644c67a8748a42e11b568c63346e4edef742f1ff69b414345df7e852,,TIME_TO_INT1,instance0;program0,False,False,False,TN,explicit FUNCTION_BLOCK declaration in mapped Structured Text source,production: GEB-scoped dt_FB_; probe: ungated core_symbol_text contains dt_FB_,DERIVED_EVIDENCE,
openplcV2_TIME_TO_REAL,TIME_TO_REAL,OpenPLCv2,fold_5,UNIQUE,1,AICPS-PLCBEAD_PLCEmbed-c78a56f/PLC-BEAD/Source/OpenPLCv2/TIME_TO_REAL.ST,3f176a0dd0b22cc8a96e5e4a6cea9299828f139377dbfb88e3bbc663ca79baa3,,TIME_TO_REAL1,instance0;program0,False,False,False,TN,explicit FUNCTION_BLOCK declaration in mapped Structured Text source,production: GEB-scoped dt_FB_; probe: ungated core_symbol_text contains dt_FB_,DERIVED_EVIDENCE,
openplcV2_TIME_TO_TOD,TIME_TO_TOD,OpenPLCv2,fold_6,UNIQUE,1,AICPS-PLCBEAD_PLCEmbed-c78a56f/PLC-BEAD/Source/OpenPLCv2/TIME_TO_TOD.ST,a4d697bfc1f732a1a1cf8f2f2d33a74548da4f7260cffc8e8bb0964bf1485759,,TIME_TO_TOD,instance0;program0,False,False,False,TN,explicit FUNCTION_BLOCK declaration in mapped Structured Text source,production: GEB-scoped dt_FB_; probe: ungated core_symbol_text contains dt_FB_,DERIVED_EVIDENCE,
openplcV2_TIME_TO_UDINT,TIME_TO_UDINT,OpenPLCv2,fold_7,UNIQUE,1,AICPS-PLCBEAD_PLCEmbed-c78a56f/PLC-BEAD/Source/OpenPLCv2/TIME_TO_UDINT.ST,5de66631489ee0a56d58d96357e874219e76b98ae5003cd8c4dd023813ecd6dd,,TIME_TO_UDINT2,instance0;program0,False,False,False,TN,explicit FUNCTION_BLOCK declaration in mapped Structured Text source,production: GEB-scoped dt_FB_; probe: ungated core_symbol_text contains dt_FB_,DERIVED_EVIDENCE,
openplcV2_TMAX,TMAX,OpenPLCv2,fold_7,UNIQUE,1,AICPS-PLCBEAD_PLCEmbed-c78a56f/PLC-BEAD/Source/OpenPLCv2/TMAX.ST,cf8a25d1f7d39e1d7432467a16c358d2adf377704350263ed35495c5bfeb2473,TMAX;T_PLC_MS_block,UDINT_TO_TIME2,instance0;program0,True,False,False,FN,explicit FUNCTION_BLOCK declaration in mapped Structured Text source,production: GEB-scoped dt_FB_; probe: ungated core_symbol_text contains dt_FB_,DERIVED_EVIDENCE,
openplcV2_TMIN,TMIN,OpenPLCv2,fold_8,UNIQUE,1,AICPS-PLCBEAD_PLCEmbed-c78a56f/PLC-BEAD/Source/OpenPLCv2/TMIN.ST,9337073c90c29afe85290a1650e9ef48b8a07a92f6c41f84a2940ebc8ae3d033,TMIN,,instance0;program0,True,False,False,FN,explicit FUNCTION_BLOCK declaration in mapped Structured Text source,production: GEB-scoped dt_FB_; probe: ungated core_symbol_text contains dt_FB_,DERIVED_EVIDENCE,
openplcV2_TN_RECEIVE,TN_RECEIVE,OpenPLCv2,fold_5,UNIQUE,1,AICPS-PLCBEAD_PLCEmbed-c78a56f/PLC-BEAD/Source/OpenPLCv2/TN_RECEIVE.ST,2734fa94e2e193d034e12aec735afc385b7e4c6faf6fe2729fe757b638ae471f,TN_RECEIVE_Block,ISC_NUM,instance0;program0,True,False,False,FN,explicit FUNCTION_BLOCK declaration in mapped Structured Text source,production: GEB-scoped dt_FB_; probe: ungated core_symbol_text contains dt_FB_,DERIVED_EVIDENCE,
openplcV2_TN_SC_AREA_SAVE,TN_SC_AREA_SAVE,OpenPLCv2,fold_8,UNIQUE,1,AICPS-PLCBEAD_PLCEmbed-c78a56f/PLC-BEAD/Source/OpenPLCv2/TN_SC_AREA_SAVE.ST,e1c75e70ad0cbb3ca12bab3877ae94468998abb3cb77bc012537f367d626c033,TN_SC_AREA_SAVE_Block,TN_SC_XY2_ERROR,instance0;program0,True,False,False,FN,explicit FUNCTION_BLOCK declaration in mapped Structured Text source,production: GEB-scoped dt_FB_; probe: ungated core_symbol_text contains dt_FB_,DERIVED_EVIDENCE,
openplcV2_TN_SC_FILL,TN_SC_FILL,OpenPLCv2,fold_0,UNIQUE,1,AICPS-PLCBEAD_PLCEmbed-c78a56f/PLC-BEAD/Source/OpenPLCv2/TN_SC_FILL.ST,cf5e62d8df0bcd6853b4c8a4c14d73a47a9910fa4c8144a2423a534802b76c50,TN_SC_FILL_Block,TN_SC_XY2_ERROR,instance0;program0,True,False,False,FN,explicit FUNCTION_BLOCK declaration in mapped Structured Text source,production: GEB-scoped dt_FB_; probe: ungated core_symbol_text contains dt_FB_,DERIVED_EVIDENCE,
openplcV2_TN_SC_READ_ATTR,TN_SC_READ_ATTR,OpenPLCv2,fold_2,UNIQUE,1,AICPS-PLCBEAD_PLCEmbed-c78a56f/PLC-BEAD/Source/OpenPLCv2/TN_SC_READ_ATTR.ST,b3eafc7ad99860095e5e0e013befd9c52606ccd8cd62234d0a304e9907161121,TN_SC_READ_ATTR_Block,TN_SC_XY_ERROR,instance0;program0,True,False,False,FN,explicit FUNCTION_BLOCK declaration in mapped Structured Text source,production: GEB-scoped dt_FB_; probe: ungated core_symbol_text contains dt_FB_,DERIVED_EVIDENCE,
openplcV2_TN_SC_READ_CHAR,TN_SC_READ_CHAR,OpenPLCv2,fold_3,UNIQUE,1,AICPS-PLCBEAD_PLCEmbed-c78a56f/PLC-BEAD/Source/OpenPLCv2/TN_SC_READ_CHAR.ST,30ba1e7dbb43058ef6d6ae1e108db3d3f4c1873361087b0879b7e1ff031b46fd,TN_SC_READ_CHAR_Block,TN_SC_XY_ERROR,instance0;program0,True,False,False,FN,explicit FUNCTION_BLOCK declaration in mapped Structured Text source,production: GEB-scoped dt_FB_; probe: ungated core_symbol_text contains dt_FB_,DERIVED_EVIDENCE,
openplcV2_TN_SC_SHADOW_ATTR,TN_SC_SHADOW_ATTR,OpenPLCv2,fold_4,UNIQUE,1,AICPS-PLCBEAD_PLCEmbed-c78a56f/PLC-BEAD/Source/OpenPLCv2/TN_SC_SHADOW_ATTR.ST,1092cfd230e5f3fea3515b7d1f9014c6f65a5ddc580777ba6f98dfe79d458069,,TN_SC_SHADOW_ATTR,instance0;program0,False,False,False,TN,explicit FUNCTION_BLOCK declaration in mapped Structured Text source,production: GEB-scoped dt_FB_; probe: ungated core_symbol_text contains dt_FB_,DERIVED_EVIDENCE,
openplcV2_TN_SC_WRITE_ATTR,TN_SC_WRITE_ATTR,OpenPLCv2,fold_5,UNIQUE,1,AICPS-PLCBEAD_PLCEmbed-c78a56f/PLC-BEAD/Source/OpenPLCv2/TN_SC_WRITE_ATTR.ST,54f0e7a020eed446c1d5e2197c13261ae90497ebbbe47af31a75987103d5a20c,TN_SC_WRITE_ATTR_Block,TN_SC_XY_ERROR,instance0;program0,True,False,False,FN,explicit FUNCTION_BLOCK declaration in mapped Structured Text source,production: GEB-scoped dt_FB_; probe: ungated core_symbol_text contains dt_FB_,DERIVED_EVIDENCE,
openplcV2_TN_SC_WRITE_CHAR,TN_SC_WRITE_CHAR,OpenPLCv2,fold_6,UNIQUE,1,AICPS-PLCBEAD_PLCEmbed-c78a56f/PLC-BEAD/Source/OpenPLCv2/TN_SC_WRITE_CHAR.ST,e6d02d9a47ce4849ff6a7651e0c2044f1c31741f23733066b31ba29764dbb398,TN_SC_WRITE_CHAR_Block,TN_SC_XY_ERROR,instance0;program0,True,False,False,FN,explicit FUNCTION_BLOCK declaration in mapped Structured Text source,production: GEB-scoped dt_FB_; probe: ungated core_symbol_text contains dt_FB_,DERIVED_EVIDENCE,
openplcV2_TN_SC_XY2_ERROR,TN_SC_XY2_ERROR,OpenPLCv2,fold_8,UNIQUE,1,AICPS-PLCBEAD_PLCEmbed-c78a56f/PLC-BEAD/Source/OpenPLCv2/TN_SC_XY2_ERROR.ST,79aee456181567a48294d1a5bbcc21c2302f6c9d86797a1286ed8df146e49638,,TN_SC_XY2_ERROR,instance0;program0,False,False,False,TN,explicit FUNCTION_BLOCK declaration in mapped Structured Text source,production: GEB-scoped dt_FB_; probe: ungated core_symbol_text contains dt_FB_,DERIVED_EVIDENCE,
openplcV2_TN_SC_XY_ERROR,TN_SC_XY_ERROR,OpenPLCv2,fold_7,UNIQUE,1,AICPS-PLCBEAD_PLCEmbed-c78a56f/PLC-BEAD/Source/OpenPLCv2/TN_SC_XY_ERROR.ST,d7f250edde873f3ea257396402e02ffc91c1d920329addeaab61a8854034f1dc,,TN_SC_XY_ERROR,instance0;program0,False,False,False,TN,explicit FUNCTION_BLOCK declaration in mapped Structured Text source,production: GEB-scoped dt_FB_; probe: ungated core_symbol_text contains dt_FB_,DERIVED_EVIDENCE,
openplcV2_TN_SEND_ROWS,TN_SEND_ROWS,OpenPLCv2,fold_9,UNIQUE,1,AICPS-PLCBEAD_PLCEmbed-c78a56f/PLC-BEAD/Source/OpenPLCv2/TN_SEND_ROWS.ST,f65d7944de18f918a70f2f0bab26daeb38c39ded0b30cbf274456738c76a792a,TN_SEND_ROWS_Block,INT_TO_BCDC,instance0;program0,True,False,False,FN,explicit FUNCTION_BLOCK declaration in mapped Structured Text source,production: GEB-scoped dt_FB_; probe: ungated core_symbol_text contains dt_FB_,DERIVED_EVIDENCE,
openplcV2_TOD_TO_REAL,TOD_TO_REAL,OpenPLCv2,fold_6,UNIQUE,1,AICPS-PLCBEAD_PLCEmbed-c78a56f/PLC-BEAD/Source/OpenPLCv2/TOD_TO_REAL.ST,7f982a2cad7a33ba693a272b464268bebb296984f9df96c2790dbb7db7641cb4,,TOD_TO_REAL2,instance0;program0,False,False,False,TN,explicit FUNCTION_BLOCK declaration in mapped Structured Text source,production: GEB-scoped dt_FB_; probe: ungated core_symbol_text contains dt_FB_,DERIVED_EVIDENCE,
openplcV2_TOD_TO_STRING,TOD_TO_STRING,OpenPLCv2,fold_8,UNIQUE,1,AICPS-PLCBEAD_PLCEmbed-c78a56f/PLC-BEAD/Source/OpenPLCv2/TOD_TO_STRING.ST,4efca22e2261cca9fd59695da8232dd1dbf5ee107dbffc1923c3615c0dc903b3,TOD_TO_STRING_Block,HOUR;MINUTE,instance0;program0,True,False,False,FN,explicit FUNCTION_BLOCK declaration in mapped Structured Text source,production: GEB-scoped dt_FB_; probe: ungated core_symbol_text contains dt_FB_,DERIVED_EVIDENCE,
openplcV2_TOD_TO_TIME,TOD_TO_TIME,OpenPLCv2,fold_9,UNIQUE,1,AICPS-PLCBEAD_PLCEmbed-c78a56f/PLC-BEAD/Source/OpenPLCv2/TOD_TO_TIME.ST,378914d8939f36ee4aa47e7e35ea4b837ddd404366e0a9d5d71a613f68f9773e,,TOD_TO_TIME,instance0;program0,False,False,False,TN,explicit FUNCTION_BLOCK declaration in mapped Structured Text source,production: GEB-scoped dt_FB_; probe: ungated core_symbol_text contains dt_FB_,DERIVED_EVIDENCE,
openplcV2_TOF_1,TOF_1,OpenPLCv2,fold_9,UNIQUE,1,AICPS-PLCBEAD_PLCEmbed-c78a56f/PLC-BEAD/Source/OpenPLCv2/TOF_1.ST,a2459bb214ae1b516e8c3cc57d4554e51902f7815d20f2b98c94de828e5d4daf,TOF_1;T_PLC_MS_block,UDINT_TO_TIME2,instance0;program0,True,False,False,FN,explicit FUNCTION_BLOCK declaration in mapped Structured Text source,production: GEB-scoped dt_FB_; probe: ungated core_symbol_text contains dt_FB_,DERIVED_EVIDENCE,
openplcV2_TOGGLE,TOGGLE,OpenPLCv2,fold_5,UNIQUE,1,AICPS-PLCBEAD_PLCEmbed-c78a56f/PLC-BEAD/Source/OpenPLCv2/TOGGLE.ST,53f1a8e9c702799d49aa1671c119e9437c94e1343481c770b6675b5fb4fb86a1,TOGGLE,,instance0;program0,True,False,False,FN,explicit FUNCTION_BLOCK declaration in mapped Structured Text source,production: GEB-scoped dt_FB_; probe: ungated core_symbol_text contains dt_FB_,DERIVED_EVIDENCE,
openplcV2_TONOF,TONOF,OpenPLCv2,fold_0,UNIQUE,1,AICPS-PLCBEAD_PLCEmbed-c78a56f/PLC-BEAD/Source/OpenPLCv2/TONOF.ST,35d1140a31b1c924d8d7062f22bbcd6442157990b5872321267eed7fcfce6be6,TONOF,,instance0;program0,True,False,False,FN,explicit FUNCTION_BLOCK declaration in mapped Structured Text source,production: GEB-scoped dt_FB_; probe: ungated core_symbol_text contains dt_FB_,DERIVED_EVIDENCE,
openplcV2_TO_LOWER,TO_LOWER,OpenPLCv2,fold_5,UNIQUE,1,AICPS-PLCBEAD_PLCEmbed-c78a56f/PLC-BEAD/Source/OpenPLCv2/TO_LOWER.ST,54266c1c7316c97923073d482b929c4e1c7e366096df9450df341baefe1c23bf,,SETUP_EXTENDED_ASCII;TO_LOWER,instance0;program0,False,False,False,TN,explicit FUNCTION_BLOCK declaration in mapped Structured Text source,production: GEB-scoped dt_FB_; probe: ungated core_symbol_text contains dt_FB_,DERIVED_EVIDENCE,
openplcV2_TO_UML,TO_UML,OpenPLCv2,fold_6,UNIQUE,1,AICPS-PLCBEAD_PLCEmbed-c78a56f/PLC-BEAD/Source/OpenPLCv2/TO_UML.ST,aa23adb40f98c498d6670c2e0b6e76769004fe4a454f69c04d6f7dfe15eb0658,TO_UML_Block,_BYTE_TO_INT,instance0;program0,True,False,False,FN,explicit FUNCTION_BLOCK declaration in mapped Structured Text source,production: GEB-scoped dt_FB_; probe: ungated core_symbol_text contains dt_FB_,DERIVED_EVIDENCE,
openplcV2_TO_UPPER,TO_UPPER,OpenPLCv2,fold_7,UNIQUE,1,AICPS-PLCBEAD_PLCEmbed-c78a56f/PLC-BEAD/Source/OpenPLCv2/TO_UPPER.ST,526c7ce6bd612b24e93b9b61fca6dc62f1bd41adddee5bc175433dbd4484bcca,,SETUP_EXTENDED_ASCII;TO_UPPER,instance0;program0,False,False,False,TN,explicit FUNCTION_BLOCK declaration in mapped Structured Text source,production: GEB-scoped dt_FB_; probe: ungated core_symbol_text contains dt_FB_,DERIVED_EVIDENCE,
openplcV2_TP_1,TP_1,OpenPLCv2,fold_1,UNIQUE,1,AICPS-PLCBEAD_PLCEmbed-c78a56f/PLC-BEAD/Source/OpenPLCv2/TP_1.ST,34d21aee82dcefa94bc30b633cd67c09a7ea157f30a7f55dc0012dc3243bd6ba,TP_1;T_PLC_MS_block,UDINT_TO_TIME2,instance0;program0,True,False,False,FN,explicit FUNCTION_BLOCK declaration in mapped Structured Text source,production: GEB-scoped dt_FB_; probe: ungated core_symbol_text contains dt_FB_,DERIVED_EVIDENCE,
openplcV2_TP_1D,TP_1D,OpenPLCv2,fold_2,UNIQUE,1,AICPS-PLCBEAD_PLCEmbed-c78a56f/PLC-BEAD/Source/OpenPLCv2/TP_1D.ST,d3a7271392c490ad6b97a04cbd024a40462a5de776ea2aa39bfa50b91a0908a4,TP_1D;T_PLC_MS_block,UDINT_TO_TIME2,instance0;program0,True,False,False,FN,explicit FUNCTION_BLOCK declaration in mapped Structured Text source,production: GEB-scoped dt_FB_; probe: ungated core_symbol_text contains dt_FB_,DERIVED_EVIDENCE,
openplcV2_TP_X,TP_X,OpenPLCv2,fold_3,UNIQUE,1,AICPS-PLCBEAD_PLCEmbed-c78a56f/PLC-BEAD/Source/OpenPLCv2/TP_X.ST,faafcb82608a6b1afe1441fc9d04224ead7b52894706ff5894e9c0f0c270ca2f,TP_X;T_PLC_MS_block,UDINT_TO_TIME2,instance0;program0,True,False,False,FN,explicit FUNCTION_BLOCK declaration in mapped Structured Text source,production: GEB-scoped dt_FB_; probe: ungated core_symbol_text contains dt_FB_,DERIVED_EVIDENCE,
openplcV2_TREND,TREND,OpenPLCv2,fold_9,UNIQUE,1,AICPS-PLCBEAD_PLCEmbed-c78a56f/PLC-BEAD/Source/OpenPLCv2/TREND.ST,6320b9994937e6edc7cfbbcd23ffc31a70d653c3a2633f4a7340847219aa0cc6,TREND,,instance0;program0,True,False,False,FN,explicit FUNCTION_BLOCK declaration in mapped Structured Text source,production: GEB-scoped dt_FB_; probe: ungated core_symbol_text contains dt_FB_,DERIVED_EVIDENCE,
openplcV2_TREND_DW,TREND_DW,OpenPLCv2,fold_0,UNIQUE,1,AICPS-PLCBEAD_PLCEmbed-c78a56f/PLC-BEAD/Source/OpenPLCv2/TREND_DW.ST,79f44eaedf904bee41e66fa7921bcad7df1f1af4dc0deccd29317bc62a75700c,TREND_DW,,instance0;program0,True,False,False,FN,explicit FUNCTION_BLOCK declaration in mapped Structured Text source,production: GEB-scoped dt_FB_; probe: ungated core_symbol_text contains dt_FB_,DERIVED_EVIDENCE,
openplcV2_TRIANGLE_A,TRIANGLE_A,OpenPLCv2,fold_8,UNIQUE,1,AICPS-PLCBEAD_PLCEmbed-c78a56f/PLC-BEAD/Source/OpenPLCv2/TRIANGLE_A.ST,36c0feffcf087e073a9ab854545bed0c3722c9bac5bb7c9e4598fe9354eba614,,FLOOR2;MODR;RAD;TRIANGLE_A;_REAL_TO_DINT,instance0;program0,False,False,False,TN,explicit FUNCTION_BLOCK declaration in mapped Structured Text source,production: GEB-scoped dt_FB_; probe: ungated core_symbol_text contains dt_FB_,DERIVED_EVIDENCE,
openplcV2_TRIM,TRIM,OpenPLCv2,fold_9,UNIQUE,1,AICPS-PLCBEAD_PLCEmbed-c78a56f/PLC-BEAD/Source/OpenPLCv2/TRIM.ST,17c091e0f10cb9d357c138205f224835c0d74109ba693194a1f646bdca988261,TRIM,,instance0;program0,True,False,False,FN,explicit FUNCTION_BLOCK declaration in mapped Structured Text source,production: GEB-scoped dt_FB_; probe: ungated core_symbol_text contains dt_FB_,DERIVED_EVIDENCE,
openplcV2_TRIM1,TRIM1,OpenPLCv2,fold_0,UNIQUE,1,AICPS-PLCBEAD_PLCEmbed-c78a56f/PLC-BEAD/Source/OpenPLCv2/TRIM1.ST,de76116bf85d05c2d4b45f51b8920411dff45be3a57a22cb9ba08c02f54fb4c0,TRIM1,,instance0;program0,True,False,False,FN,explicit FUNCTION_BLOCK declaration in mapped Structured Text source,production: GEB-scoped dt_FB_; probe: ungated core_symbol_text contains dt_FB_,DERIVED_EVIDENCE,
openplcV2_TRUNC_REAL,TRUNC_REAL,OpenPLCv2,fold_4,UNIQUE,1,AICPS-PLCBEAD_PLCEmbed-c78a56f/PLC-BEAD/Source/OpenPLCv2/TRUNC_REAL.ST,f60231babb1beab403ffa8fbdac66eb500088001b8c05e7a6cea4774d98dab8c,,TRUNC_REAL,instance0;program0,False,False,False,TN,explicit FUNCTION_BLOCK declaration in mapped Structured Text source,production: GEB-scoped dt_FB_; probe: ungated core_symbol_text contains dt_FB_,DERIVED_EVIDENCE,
openplcV2_TRUNC_UDINT,TRUNC_UDINT,OpenPLCv2,fold_5,UNIQUE,1,AICPS-PLCBEAD_PLCEmbed-c78a56f/PLC-BEAD/Source/OpenPLCv2/TRUNC_UDINT.ST,f2202a96e1f6f9f91e2d72637248aaf26ac4723c414853ca061b17777ef49bad,,TRUNC_UDINT,instance0;program0,False,False,False,TN,explicit FUNCTION_BLOCK declaration in mapped Structured Text source,production: GEB-scoped dt_FB_; probe: ungated core_symbol_text contains dt_FB_,DERIVED_EVIDENCE,
openplcV2_TUNE,TUNE,OpenPLCv2,fold_8,UNIQUE,1,AICPS-PLCBEAD_PLCEmbed-c78a56f/PLC-BEAD/Source/OpenPLCv2/TUNE.ST,b594975974eb145a183d43627cd5d3331f2ab348a1bd134442a1bc87dd31a531,TUNE_Block;T_PLC_MS_Block,TIME_TO_UDINT2,instance0;program0,True,False,False,FN,explicit FUNCTION_BLOCK declaration in mapped Structured Text source,production: GEB-scoped dt_FB_; probe: ungated core_symbol_text contains dt_FB_,DERIVED_EVIDENCE,
openplcV2_TUNE2,TUNE2,OpenPLCv2,fold_9,UNIQUE,1,AICPS-PLCBEAD_PLCEmbed-c78a56f/PLC-BEAD/Source/OpenPLCv2/TUNE2.ST,9cb67a0cb5e7a68b02c5fcc6bf30e718db445f583917789768f4e7caeb95e6a8,TUNE2_Block;T_PLC_MS_block,TIME_TO_UDINT2,instance0;program0,True,False,False,FN,explicit FUNCTION_BLOCK declaration in mapped Structured Text source,production: GEB-scoped dt_FB_; probe: ungated core_symbol_text contains dt_FB_,DERIVED_EVIDENCE,
openplcV2_T_AVG24,T_AVG24,OpenPLCv2,fold_0,UNIQUE,1,AICPS-PLCBEAD_PLCEmbed-c78a56f/PLC-BEAD/Source/OpenPLCv2/T_AVG24.ST,4a638d754cc204dbb9c7424975fb3953906ca5dcb7086aa56a6011ac73dd538c,FILTER_I_Block;T_AVG24_Block;T_PLC_MS_block,INC1;TIME_TO_UDINT2,instance0;program0,True,False,False,FN,explicit FUNCTION_BLOCK declaration in mapped Structured Text source,production: GEB-scoped dt_FB_; probe: ungated core_symbol_text contains dt_FB_,DERIVED_EVIDENCE,
openplcV2_T_PLC_MS,T_PLC_MS,OpenPLCv2,fold_4,UNIQUE,1,AICPS-PLCBEAD_PLCEmbed-c78a56f/PLC-BEAD/Source/OpenPLCv2/T_PLC_MS.ST,04bd160d1e5032d392a9cdc3780df40507220adc6eb3973364d613fdb366f502,T_PLC_MS_block,,instance0;program0,True,False,False,FN,explicit FUNCTION_BLOCK declaration in mapped Structured Text source,production: GEB-scoped dt_FB_; probe: ungated core_symbol_text contains dt_FB_,DERIVED_EVIDENCE,
openplcV2_T_PLC_US,T_PLC_US,OpenPLCv2,fold_5,UNIQUE,1,AICPS-PLCBEAD_PLCEmbed-c78a56f/PLC-BEAD/Source/OpenPLCv2/T_PLC_US.ST,210d4438210ed891ac0a54b2e7fbc66c1b1305f23a0c790d1168ae905c276344,T_PLC_US_Block,,instance0;program0,True,False,False,FN,explicit FUNCTION_BLOCK declaration in mapped Structured Text source,production: GEB-scoped dt_FB_; probe: ungated core_symbol_text contains dt_FB_,DERIVED_EVIDENCE,
openplcV2_UDINT_TO_TIME,UDINT_TO_TIME,OpenPLCv2,fold_0,UNIQUE,1,AICPS-PLCBEAD_PLCEmbed-c78a56f/PLC-BEAD/Source/OpenPLCv2/UDINT_TO_TIME.ST,c44aa612c884c786f37ffb619368fc829f28b5336e7644b1704b328aa5c77e94,,_UDINT_TO_TIME,instance0;program0,False,False,False,TN,explicit FUNCTION_BLOCK declaration in mapped Structured Text source,production: GEB-scoped dt_FB_; probe: ungated core_symbol_text contains dt_FB_,DERIVED_EVIDENCE,
openplcV2_URL_TO_STRING,URL_TO_STRING,OpenPLCv2,fold_9,UNIQUE,1,AICPS-PLCBEAD_PLCEmbed-c78a56f/PLC-BEAD/Source/OpenPLCv2/URL_TO_STRING.ST,8de73dd0b0ad49f53ac09e27b8ad5ba998d1c3fdbf653742c787b5f3a0de5762,URL_TO_STRING_Block,,instance0;program0,True,False,False,FN,explicit FUNCTION_BLOCK declaration in mapped Structured Text source,production: GEB-scoped dt_FB_; probe: ungated core_symbol_text contains dt_FB_,DERIVED_EVIDENCE,
openplcV2_V3_ABS,V3_ABS,OpenPLCv2,fold_0,UNIQUE,1,AICPS-PLCBEAD_PLCEmbed-c78a56f/PLC-BEAD/Source/OpenPLCv2/V3_ABS.ST,72b951296d5b3e15acd211589fdff86c331c84ac3fa76c2eef9d54ab01cc4b92,V3_ABS_Block,,instance0;program0,True,False,False,FN,explicit FUNCTION_BLOCK declaration in mapped Structured Text source,production: GEB-scoped dt_FB_; probe: ungated core_symbol_text contains dt_FB_,DERIVED_EVIDENCE,
openplcV2_V3_ADD,V3_ADD,OpenPLCv2,fold_1,UNIQUE,1,AICPS-PLCBEAD_PLCEmbed-c78a56f/PLC-BEAD/Source/OpenPLCv2/V3_ADD.ST,14753b21db6d4923fe9fa8d58deecd2baed031e5d49a8e6848e375960cc18938,V3_ADD_Block,,instance0;program0,True,False,False,FN,explicit FUNCTION_BLOCK declaration in mapped Structured Text source,production: GEB-scoped dt_FB_; probe: ungated core_symbol_text contains dt_FB_,DERIVED_EVIDENCE,
openplcV2_V3_ANG,V3_ANG,OpenPLCv2,fold_2,UNIQUE,1,AICPS-PLCBEAD_PLCEmbed-c78a56f/PLC-BEAD/Source/OpenPLCv2/V3_ANG.ST,1762f9de0071e4ccf55e1254c9d21aef83303ac48ee7112ea87c88c5fb81685a,V3_ABS_Block;V3_ANG_Block;V3_DPRO_Block,,instance0;program0,True,False,False,FN,explicit FUNCTION_BLOCK declaration in mapped Structured Text source,production: GEB-scoped dt_FB_; probe: ungated core_symbol_text contains dt_FB_,DERIVED_EVIDENCE,
openplcV2_V3_DPRO,V3_DPRO,OpenPLCv2,fold_3,UNIQUE,1,AICPS-PLCBEAD_PLCEmbed-c78a56f/PLC-BEAD/Source/OpenPLCv2/V3_DPRO.ST,14c45b38bd33a2e99e8e82c57eebee14d438cce9b405e94b6bbeade2e4551f29,V3_DPRO_Block,,instance0;program0,True,False,False,FN,explicit FUNCTION_BLOCK declaration in mapped Structured Text source,production: GEB-scoped dt_FB_; probe: ungated core_symbol_text contains dt_FB_,DERIVED_EVIDENCE,
openplcV2_V3_NORM,V3_NORM,OpenPLCv2,fold_4,UNIQUE,1,AICPS-PLCBEAD_PLCEmbed-c78a56f/PLC-BEAD/Source/OpenPLCv2/V3_NORM.ST,5c811e8b103253d7896d56ae0ddac6246b3dc1c0fa60d312b228dec7d3e0d364,V3_ABS_Block;V3_NORM_Block;V3_SMUL_Block,,instance0;program0,True,False,False,FN,explicit FUNCTION_BLOCK declaration in mapped Structured Text source,production: GEB-scoped dt_FB_; probe: ungated core_symbol_text contains dt_FB_,DERIVED_EVIDENCE,
openplcV2_V3_NUL,V3_NUL,OpenPLCv2,fold_5,UNIQUE,1,AICPS-PLCBEAD_PLCEmbed-c78a56f/PLC-BEAD/Source/OpenPLCv2/V3_NUL.ST,c358a282d52d0dbd73268e2059d1d9c0d34731697960e25e021e1cc256bc79d3,V3_NUL_Block,,instance0;program0,True,False,False,FN,explicit FUNCTION_BLOCK declaration in mapped Structured Text source,production: GEB-scoped dt_FB_; probe: ungated core_symbol_text contains dt_FB_,DERIVED_EVIDENCE,
openplcV2_V3_PAR,V3_PAR,OpenPLCv2,fold_6,UNIQUE,1,AICPS-PLCBEAD_PLCEmbed-c78a56f/PLC-BEAD/Source/OpenPLCv2/V3_PAR.ST,79832f882af1763162afeea657c6fdf1b675fd722e1da3a90b9677d4d2a3c452,V3_ABS_Block;V3_PAR_Block;V3_XPRO_Block,,instance0;program0,True,False,False,FN,explicit FUNCTION_BLOCK declaration in mapped Structured Text source,production: GEB-scoped dt_FB_; probe: ungated core_symbol_text contains dt_FB_,DERIVED_EVIDENCE,
openplcV2_V3_REV,V3_REV,OpenPLCv2,fold_7,UNIQUE,1,AICPS-PLCBEAD_PLCEmbed-c78a56f/PLC-BEAD/Source/OpenPLCv2/V3_REV.ST,fdd6b1ea91f6c2aca2a3dd823d204a878b605907e9310be1d1186010b21c5ba7,V3_REV_Block,,instance0;program0,True,False,False,FN,explicit FUNCTION_BLOCK declaration in mapped Structured Text source,production: GEB-scoped dt_FB_; probe: ungated core_symbol_text contains dt_FB_,DERIVED_EVIDENCE,
openplcV2_V3_SMUL,V3_SMUL,OpenPLCv2,fold_8,UNIQUE,1,AICPS-PLCBEAD_PLCEmbed-c78a56f/PLC-BEAD/Source/OpenPLCv2/V3_SMUL.ST,678ce07dd78e7de2fddac42309890d0e5641027166aa93ad544640e573516e8f,V3_SMUL_Block,,instance0;program0,True,False,False,FN,explicit FUNCTION_BLOCK declaration in mapped Structured Text source,production: GEB-scoped dt_FB_; probe: ungated core_symbol_text contains dt_FB_,DERIVED_EVIDENCE,
openplcV2_V3_SUB,V3_SUB,OpenPLCv2,fold_9,UNIQUE,1,AICPS-PLCBEAD_PLCEmbed-c78a56f/PLC-BEAD/Source/OpenPLCv2/V3_SUB.ST,3a14bc1c90123c95711f97d2353536e3c8f332a7756419212634d819f61de3e7,V3_SUB_Block,,instance0;program0,True,False,False,FN,explicit FUNCTION_BLOCK declaration in mapped Structured Text source,production: GEB-scoped dt_FB_; probe: ungated core_symbol_text contains dt_FB_,DERIVED_EVIDENCE,
openplcV2_V3_XANG,V3_XANG,OpenPLCv2,fold_0,UNIQUE,1,AICPS-PLCBEAD_PLCEmbed-c78a56f/PLC-BEAD/Source/OpenPLCv2/V3_XANG.ST,c9ed76b6ead5ce212b3c24522847319fe41f10de7c9d0591dfbb66f839754df4,V3_ABS_Block;V3_XANG_Block,,instance0;program0,True,False,False,FN,explicit FUNCTION_BLOCK declaration in mapped Structured Text source,production: GEB-scoped dt_FB_; probe: ungated core_symbol_text contains dt_FB_,DERIVED_EVIDENCE,
openplcV2_V3_XPRO,V3_XPRO,OpenPLCv2,fold_1,UNIQUE,1,AICPS-PLCBEAD_PLCEmbed-c78a56f/PLC-BEAD/Source/OpenPLCv2/V3_XPRO.ST,89c2bd2eec55d26b56df50dadfd3fca32376e566816b09fdcd0bfcd0fab1c633,V3_XPRO_Block,,instance0;program0,True,False,False,FN,explicit FUNCTION_BLOCK declaration in mapped Structured Text source,production: GEB-scoped dt_FB_; probe: ungated core_symbol_text contains dt_FB_,DERIVED_EVIDENCE,
openplcV2_V3_YANG,V3_YANG,OpenPLCv2,fold_2,UNIQUE,1,AICPS-PLCBEAD_PLCEmbed-c78a56f/PLC-BEAD/Source/OpenPLCv2/V3_YANG.ST,8e573b4ece37534e1f936935ac29a20268a5501ae430278cb38c07f941caceaf,V3_ABS_Block;V3_YANG_Block,,instance0;program0,True,False,False,FN,explicit FUNCTION_BLOCK declaration in mapped Structured Text source,production: GEB-scoped dt_FB_; probe: ungated core_symbol_text contains dt_FB_,DERIVED_EVIDENCE,
openplcV2_V3_ZANG,V3_ZANG,OpenPLCv2,fold_3,UNIQUE,1,AICPS-PLCBEAD_PLCEmbed-c78a56f/PLC-BEAD/Source/OpenPLCv2/V3_ZANG.ST,513131e4854d6a23cd9fed4fa451bc7291ea1121228fd001b986f94bda74e8ce,V3_ABS_Block;V3_ZANG_Block,,instance0;program0,True,False,False,FN,explicit FUNCTION_BLOCK declaration in mapped Structured Text source,production: GEB-scoped dt_FB_; probe: ungated core_symbol_text contains dt_FB_,DERIVED_EVIDENCE,
openplcV2_WATER_CP,WATER_CP,OpenPLCv2,fold_5,UNIQUE,1,AICPS-PLCBEAD_PLCEmbed-c78a56f/PLC-BEAD/Source/OpenPLCv2/WATER_CP.ST,8a4fc579f95e5917240c4cb3d2ca1adb1953384dc25b771358ee9e331eed5a6b,LINEAR_INT_Block;WATER_CP_Block,,instance0;program0,True,False,False,FN,explicit FUNCTION_BLOCK declaration in mapped Structured Text source,production: GEB-scoped dt_FB_; probe: ungated core_symbol_text contains dt_FB_,DERIVED_EVIDENCE,
openplcV2_WATER_ENTHALPY,WATER_ENTHALPY,OpenPLCv2,fold_7,UNIQUE,1,AICPS-PLCBEAD_PLCEmbed-c78a56f/PLC-BEAD/Source/OpenPLCv2/WATER_ENTHALPY.ST,94154d489dd53d7274dc9a74b0221b8de0622e3efda950e476973fa220731645,LINEAR_INT_Block;WATER_ENTHALPY_Block,,instance0;program0,True,False,False,FN,explicit FUNCTION_BLOCK declaration in mapped Structured Text source,production: GEB-scoped dt_FB_; probe: ungated core_symbol_text contains dt_FB_,DERIVED_EVIDENCE,
openplcV2_WCT,WCT,OpenPLCv2,fold_8,UNIQUE,1,AICPS-PLCBEAD_PLCEmbed-c78a56f/PLC-BEAD/Source/OpenPLCv2/WCT.ST,0166d216c31c1c1367b32f7f86ce1e8a9778ecbc8d4fd36edd91a6229b49a587,,WCT,instance0;program0,False,False,False,TN,explicit FUNCTION_BLOCK declaration in mapped Structured Text source,production: GEB-scoped dt_FB_; probe: ungated core_symbol_text contains dt_FB_,DERIVED_EVIDENCE,
openplcV2_WINDOW,WINDOW,OpenPLCv2,fold_6,UNIQUE,1,AICPS-PLCBEAD_PLCEmbed-c78a56f/PLC-BEAD/Source/OpenPLCv2/WINDOW.ST,97318004dfe905b9b6aae243828267ab35d8145e13be0d4507e177d62971e6b9,,WINDOW,instance0;program0,False,False,False,TN,explicit FUNCTION_BLOCK declaration in mapped Structured Text source,production: GEB-scoped dt_FB_; probe: ungated core_symbol_text contains dt_FB_,DERIVED_EVIDENCE,
openplcV2_WINDOW2,WINDOW2,OpenPLCv2,fold_7,UNIQUE,1,AICPS-PLCBEAD_PLCEmbed-c78a56f/PLC-BEAD/Source/OpenPLCv2/WINDOW2.ST,f41d9b77deb9e40c8cf16a206ddaf7d0587b936762ca540002e161160915effa,,WINDOW2,instance0;program0,False,False,False,TN,explicit FUNCTION_BLOCK declaration in mapped Structured Text source,production: GEB-scoped dt_FB_; probe: ungated core_symbol_text contains dt_FB_,DERIVED_EVIDENCE,
openplcV2_WORD_OF_BYTE,WORD_OF_BYTE,OpenPLCv2,fold_7,UNIQUE,1,AICPS-PLCBEAD_PLCEmbed-c78a56f/PLC-BEAD/Source/OpenPLCv2/WORD_OF_BYTE.ST,23a489b011bdf613a6b83c44828f6a2e750b4e0ec805e9b3b14bbaa4204fa946,,WORD_OF_BYTE,instance0;program0,False,False,False,TN,explicit FUNCTION_BLOCK declaration in mapped Structured Text source,production: GEB-scoped dt_FB_; probe: ungated core_symbol_text contains dt_FB_,DERIVED_EVIDENCE,
openplcV2_WORD_OF_DWORD,WORD_OF_DWORD,OpenPLCv2,fold_8,UNIQUE,1,AICPS-PLCBEAD_PLCEmbed-c78a56f/PLC-BEAD/Source/OpenPLCv2/WORD_OF_DWORD.ST,d3397880d6c5a75fa95aa94616f2a1fff5bfa19076271edf07e15033340e8ad2,,WORD_OF_DWORD;_BYTE_TO_INT,instance0;program0,False,False,False,TN,explicit FUNCTION_BLOCK declaration in mapped Structured Text source,production: GEB-scoped dt_FB_; probe: ungated core_symbol_text contains dt_FB_,DERIVED_EVIDENCE,
openplcV2_WORD_TO_RANGE,WORD_TO_RANGE,OpenPLCv2,fold_1,UNIQUE,1,AICPS-PLCBEAD_PLCEmbed-c78a56f/PLC-BEAD/Source/OpenPLCv2/WORD_TO_RANGE.ST,6ff2f4e5540183d91d246408f9a3f4d340eacaa8f90af8b8d2b0d247f0ef9c68,,WORD_TO_RANGE;_WORD_TO_REAL,instance0;program0,False,False,False,TN,explicit FUNCTION_BLOCK declaration in mapped Structured Text source,production: GEB-scoped dt_FB_; probe: ungated core_symbol_text contains dt_FB_,DERIVED_EVIDENCE,
openplcV2_WORK_WEEK,WORK_WEEK,OpenPLCv2,fold_2,UNIQUE,1,AICPS-PLCBEAD_PLCEmbed-c78a56f/PLC-BEAD/Source/OpenPLCv2/WORK_WEEK.ST,18e7f95a249570c88366740e423baa8da067ff81a5164342a20677572a4fae6a,,DAY_OF_WEEK;LEAP_YEAR;WORK_WEEK;YEAR_BEGIN;YEAR_OF_DATE;_INT_TO_UDINT,instance0;program0,False,False,False,TN,explicit FUNCTION_BLOCK declaration in mapped Structured Text source,production: GEB-scoped dt_FB_; probe: ungated core_symbol_text contains dt_FB_,DERIVED_EVIDENCE,
openplcV2_WORLD_WEATHER_DESC_GE,WORLD_WEATHER_DESC_GE,OpenPLCv2,fold_0,UNIQUE,1,AICPS-PLCBEAD_PLCEmbed-c78a56f/PLC-BEAD/Source/OpenPLCv2/WORLD_WEATHER_DESC_GE.ST,5ff5dfe04ff6480067a8f7eea67a20f73c491b74dd5f01fd86f2b13f6b39abdf,WORLD_WEATHER_DESC_GE_Block,,instance0;program0,True,False,False,FN,explicit FUNCTION_BLOCK declaration in mapped Structured Text source,production: GEB-scoped dt_FB_; probe: ungated core_symbol_text contains dt_FB_,DERIVED_EVIDENCE,
openplcV2_WORLD_WEATHER_ICON_OSCAT,WORLD_WEATHER_ICON_OSCAT,OpenPLCv2,fold_1,UNIQUE,1,AICPS-PLCBEAD_PLCEmbed-c78a56f/PLC-BEAD/Source/OpenPLCv2/WORLD_WEATHER_ICON_OSCAT.ST,5328dfdfcd2970850bd421555a11ee5d5914685d190cbeb52bb6594f45e17b3d,WORLD_WEATHER_ICON_OSCAT_Block,,instance0;program0,True,False,False,FN,explicit FUNCTION_BLOCK declaration in mapped Structured Text source,production: GEB-scoped dt_FB_; probe: ungated core_symbol_text contains dt_FB_,DERIVED_EVIDENCE,
openplcV2_YAHOO_WEATHER_DESC_GE,YAHOO_WEATHER_DESC_GE,OpenPLCv2,fold_2,UNIQUE,1,AICPS-PLCBEAD_PLCEmbed-c78a56f/PLC-BEAD/Source/OpenPLCv2/YAHOO_WEATHER_DESC_GE.ST,c1fd40f9f0454ee0526f5cf5c6836b93f51b6ebf8dcd1ed428dee40353589544,YAHOO_WEATHER_DESC_GE_Block,,instance0;program0,True,False,False,FN,explicit FUNCTION_BLOCK declaration in mapped Structured Text source,production: GEB-scoped dt_FB_; probe: ungated core_symbol_text contains dt_FB_,DERIVED_EVIDENCE,
openplcV2_YAHOO_WEATHER_ICON_OSCAT,YAHOO_WEATHER_ICON_OSCAT,OpenPLCv2,fold_3,UNIQUE,1,AICPS-PLCBEAD_PLCEmbed-c78a56f/PLC-BEAD/Source/OpenPLCv2/YAHOO_WEATHER_ICON_OSCAT.ST,ef825d1e086c09f9863a36a97508cddccccf4a74e6c96429b345ed3ab57c0a7f,YAHOO_WEATHER_ICON_OSCAT_Block,,instance0;program0,True,False,False,FN,explicit FUNCTION_BLOCK declaration in mapped Structured Text source,production: GEB-scoped dt_FB_; probe: ungated core_symbol_text contains dt_FB_,DERIVED_EVIDENCE,
openplcV2_YEAR_BEGIN,YEAR_BEGIN,OpenPLCv2,fold_3,UNIQUE,1,AICPS-PLCBEAD_PLCEmbed-c78a56f/PLC-BEAD/Source/OpenPLCv2/YEAR_BEGIN.ST,0057a3dda0a802eed62aa2d7d3eb20c0f86133a9dd0868429664a4ffe0ae7752,,YEAR_BEGIN;_INT_TO_UDINT,instance0;program0,False,False,False,TN,explicit FUNCTION_BLOCK declaration in mapped Structured Text source,production: GEB-scoped dt_FB_; probe: ungated core_symbol_text contains dt_FB_,DERIVED_EVIDENCE,
openplcV2_YEAR_END,YEAR_END,OpenPLCv2,fold_4,UNIQUE,1,AICPS-PLCBEAD_PLCEmbed-c78a56f/PLC-BEAD/Source/OpenPLCv2/YEAR_END.ST,c3a8285453a21f60c11e2ae78b4dbd4cad524a9304a9bd54e4ccbe4f7c9670b5,,YEAR_END,instance0;program0,False,False,False,TN,explicit FUNCTION_BLOCK declaration in mapped Structured Text source,production: GEB-scoped dt_FB_; probe: ungated core_symbol_text contains dt_FB_,DERIVED_EVIDENCE,
openplcV2_YEAR_OF_DATE,YEAR_OF_DATE,OpenPLCv2,fold_5,UNIQUE,1,AICPS-PLCBEAD_PLCEmbed-c78a56f/PLC-BEAD/Source/OpenPLCv2/YEAR_OF_DATE.ST,238b4813cdd299f0b49fe2af0e8332830ab1787010a49bd92235469b680c6837,,YEAR_OF_DATE,instance0;program0,False,False,False,TN,explicit FUNCTION_BLOCK declaration in mapped Structured Text source,production: GEB-scoped dt_FB_; probe: ungated core_symbol_text contains dt_FB_,DERIVED_EVIDENCE,
openplcV2__ARRAY_ABS,_ARRAY_ABS,OpenPLCv2,fold_0,UNIQUE,1,AICPS-PLCBEAD_PLCEmbed-c78a56f/PLC-BEAD/Source/OpenPLCv2/_ARRAY_ABS.ST,f9b6fa6d0badd3784a3f2c464259c3d59659c90afdb919157f688ece45035bf5,,_ARRAY_ABS,instance0;program0,False,False,False,TN,explicit FUNCTION_BLOCK declaration in mapped Structured Text source,production: GEB-scoped dt_FB_; probe: ungated core_symbol_text contains dt_FB_,DERIVED_EVIDENCE,
openplcV2__ARRAY_ADD,_ARRAY_ADD,OpenPLCv2,fold_1,UNIQUE,1,AICPS-PLCBEAD_PLCEmbed-c78a56f/PLC-BEAD/Source/OpenPLCv2/_ARRAY_ADD.ST,e078d6d82e61fa58843f523e9d0f79a51cf614867a5d0e06e7cea316dd80b747,,_ARRAY_ADD,instance0;program0,False,False,False,TN,explicit FUNCTION_BLOCK declaration in mapped Structured Text source,production: GEB-scoped dt_FB_; probe: ungated core_symbol_text contains dt_FB_,DERIVED_EVIDENCE,
openplcV2__ARRAY_INIT,_ARRAY_INIT,OpenPLCv2,fold_2,UNIQUE,1,AICPS-PLCBEAD_PLCEmbed-c78a56f/PLC-BEAD/Source/OpenPLCv2/_ARRAY_INIT.ST,55a71adbb463eac9eeafa71d2b8b2df52ecf4df95ca83d2298d046baa7c69f4f,_ARRAY_INIT2,,instance0;program0,True,False,False,FN,explicit FUNCTION_BLOCK declaration in mapped Structured Text source,production: GEB-scoped dt_FB_; probe: ungated core_symbol_text contains dt_FB_,DERIVED_EVIDENCE,
openplcV2__ARRAY_MUL,_ARRAY_MUL,OpenPLCv2,fold_3,UNIQUE,1,AICPS-PLCBEAD_PLCEmbed-c78a56f/PLC-BEAD/Source/OpenPLCv2/_ARRAY_MUL.ST,a81557f14c1359ecbf191f3b4f627cf9330cdf52e940ef3be1eaa4296b0f1849,_ARRAY_MUL2,,instance0;program0,True,False,False,FN,explicit FUNCTION_BLOCK declaration in mapped Structured Text source,production: GEB-scoped dt_FB_; probe: ungated core_symbol_text contains dt_FB_,DERIVED_EVIDENCE,
openplcV2__ARRAY_SHUFFLE,_ARRAY_SHUFFLE,OpenPLCv2,fold_4,UNIQUE,1,AICPS-PLCBEAD_PLCEmbed-c78a56f/PLC-BEAD/Source/OpenPLCv2/_ARRAY_SHUFFLE.ST,06ab729cf5ac9c5d3723d9c5a7d473beb1818ecfb668ab64d7308f2d4e3fe087,RDM22;RDM_block;T_PLC_MS_block;_ARRAY_SHUFFLE2,BIT_COUNT;BIT_LOAD_DW;BIT_OF_DWORD;D_TRUNC;FRACT;_DWORD_TO_REAL;_INT_TO_UDINT,instance0;program0,True,False,False,FN,explicit FUNCTION_BLOCK declaration in mapped Structured Text source,production: GEB-scoped dt_FB_; probe: ungated core_symbol_text contains dt_FB_,DERIVED_EVIDENCE,
openplcV2__ARRAY_SORT,_ARRAY_SORT,OpenPLCv2,fold_5,UNIQUE,1,AICPS-PLCBEAD_PLCEmbed-c78a56f/PLC-BEAD/Source/OpenPLCv2/_ARRAY_SORT.ST,0e851f0711423c5f0a1abaf175e91ed6e45efb598f1eefbaf0b9edb4e095664d,_ARRAY_SORT2,_INT_TO_UDINT,instance0;program0,True,False,False,FN,explicit FUNCTION_BLOCK declaration in mapped Structured Text source,production: GEB-scoped dt_FB_; probe: ungated core_symbol_text contains dt_FB_,DERIVED_EVIDENCE,
openplcV2__BUFFER_UPPERCASE_NW,_BUFFER_UPPERCASE_NW,OpenPLCv2,fold_6,UNIQUE,1,AICPS-PLCBEAD_PLCEmbed-c78a56f/PLC-BEAD/Source/OpenPLCv2/_BUFFER_UPPERCASE_NW.ST,a1072f7bda0e6d75e658899219c7bb2e4d196ddd7c84b33e7c628a7cc7fabd13,_BUFFER_UPPERCASE_NW,SETUP_EXTENDED_ASCII;TO_UPPER,instance0;program0,True,False,False,FN,explicit FUNCTION_BLOCK declaration in mapped Structured Text source,production: GEB-scoped dt_FB_; probe: ungated core_symbol_text contains dt_FB_,DERIVED_EVIDENCE,
openplcV2__BYTE_TO_DINT,_BYTE_TO_DINT,OpenPLCv2,fold_0,UNIQUE,1,AICPS-PLCBEAD_PLCEmbed-c78a56f/PLC-BEAD/Source/OpenPLCv2/_BYTE_TO_DINT.ST,780f748831304612c74392aab8382ca7683d012df3dd7153095f6252e2bcb2ae,,_BYTE_TO_DINT,instance0;program0,False,False,False,TN,explicit FUNCTION_BLOCK declaration in mapped Structured Text source,production: GEB-scoped dt_FB_; probe: ungated core_symbol_text contains dt_FB_,DERIVED_EVIDENCE,
openplcV2__BYTE_TO_INT,_BYTE_TO_INT,OpenPLCv2,fold_1,UNIQUE,1,AICPS-PLCBEAD_PLCEmbed-c78a56f/PLC-BEAD/Source/OpenPLCv2/_BYTE_TO_INT.ST,53e7c372ac45fb72a1f5f401fdc523569ce757f81520b53427c89573d6a45c9c,,_BYTE_TO_INT,instance0;program0,False,False,False,TN,explicit FUNCTION_BLOCK declaration in mapped Structured Text source,production: GEB-scoped dt_FB_; probe: ungated core_symbol_text contains dt_FB_,DERIVED_EVIDENCE,
openplcV2__BYTE_TO_REAL,_BYTE_TO_REAL,OpenPLCv2,fold_2,UNIQUE,1,AICPS-PLCBEAD_PLCEmbed-c78a56f/PLC-BEAD/Source/OpenPLCv2/_BYTE_TO_REAL.ST,3623628bcc401154d06dd529f25a3fa8f171fbd0863292ff8f2259bdc2246a28,,_BYTE_TO_REAL,instance0;program0,False,False,False,TN,explicit FUNCTION_BLOCK declaration in mapped Structured Text source,production: GEB-scoped dt_FB_; probe: ungated core_symbol_text contains dt_FB_,DERIVED_EVIDENCE,
openplcV2__DWORD_TO_REAL,_DWORD_TO_REAL,OpenPLCv2,fold_3,UNIQUE,1,AICPS-PLCBEAD_PLCEmbed-c78a56f/PLC-BEAD/Source/OpenPLCv2/_DWORD_TO_REAL.ST,37871a61bede1456613c6979b360772d264c019bf04ebc62b4d789329df379ac,,_DWORD_TO_REAL,instance0;program0,False,False,False,TN,explicit FUNCTION_BLOCK declaration in mapped Structured Text source,production: GEB-scoped dt_FB_; probe: ungated core_symbol_text contains dt_FB_,DERIVED_EVIDENCE,
openplcV2__INSERT80,_INSERT80,OpenPLCv2,fold_0,UNIQUE,1,AICPS-PLCBEAD_PLCEmbed-c78a56f/PLC-BEAD/Source/OpenPLCv2/_INSERT80.ST,44bf83c72e936dbcb4e0d3026cb36f3be6f0db0dc3c27025544e348c139da252,_INSERT80,,instance0;program0,True,False,False,FN,explicit FUNCTION_BLOCK declaration in mapped Structured Text source,production: GEB-scoped dt_FB_; probe: ungated core_symbol_text contains dt_FB_,DERIVED_EVIDENCE,
openplcV2__INT_TO_UDINT,_INT_TO_UDINT,OpenPLCv2,fold_4,UNIQUE,1,AICPS-PLCBEAD_PLCEmbed-c78a56f/PLC-BEAD/Source/OpenPLCv2/_INT_TO_UDINT.ST,96b80203e2cb0591df6803539029fbda7c8b19fff90c56eaa0cd6939619a01c5,,_INT_TO_UDINT,instance0;program0,False,False,False,TN,explicit FUNCTION_BLOCK declaration in mapped Structured Text source,production: GEB-scoped dt_FB_; probe: ungated core_symbol_text contains dt_FB_,DERIVED_EVIDENCE,
openplcV2__MOD_INT,_MOD_INT,OpenPLCv2,fold_0,UNIQUE,1,AICPS-PLCBEAD_PLCEmbed-c78a56f/PLC-BEAD/Source/OpenPLCv2/_MOD_INT.ST,efcf234b362aa476386f37010679cca23bfa456684961537e7c6610ed2a1519d,,_MOD_INT,instance0;program0,False,False,False,TN,explicit FUNCTION_BLOCK declaration in mapped Structured Text source,production: GEB-scoped dt_FB_; probe: ungated core_symbol_text contains dt_FB_,DERIVED_EVIDENCE,
openplcV2__REAL_TO_DINT,_REAL_TO_DINT,OpenPLCv2,fold_5,UNIQUE,1,AICPS-PLCBEAD_PLCEmbed-c78a56f/PLC-BEAD/Source/OpenPLCv2/_REAL_TO_DINT.ST,af417ac538e06ef7b590178bd9604a6c1286efedd85eb0c7d03ca7e71136493b,,_REAL_TO_DINT,instance0;program0,False,False,False,TN,explicit FUNCTION_BLOCK declaration in mapped Structured Text source,production: GEB-scoped dt_FB_; probe: ungated core_symbol_text contains dt_FB_,DERIVED_EVIDENCE,
openplcV2__REAL_TO_DWORD,_REAL_TO_DWORD,OpenPLCv2,fold_6,UNIQUE,1,AICPS-PLCBEAD_PLCEmbed-c78a56f/PLC-BEAD/Source/OpenPLCv2/_REAL_TO_DWORD.ST,7b3e8d8bf0167b597ebec88ee955001c400a5e12ee155c9641f08c77d04dab1c,,_REAL_TO_DWORD,instance0;program0,False,False,False,TN,explicit FUNCTION_BLOCK declaration in mapped Structured Text source,production: GEB-scoped dt_FB_; probe: ungated core_symbol_text contains dt_FB_,DERIVED_EVIDENCE,
openplcV2__REAL_TO_UDINT,_REAL_TO_UDINT,OpenPLCv2,fold_7,UNIQUE,1,AICPS-PLCBEAD_PLCEmbed-c78a56f/PLC-BEAD/Source/OpenPLCv2/_REAL_TO_UDINT.ST,21a8d56ca87a6f731fadbc01418cce1e542c80e77a79f9d8e403587c450ac937,,_REAL_TO_UDINT,instance0;program0,False,False,False,TN,explicit FUNCTION_BLOCK declaration in mapped Structured Text source,production: GEB-scoped dt_FB_; probe: ungated core_symbol_text contains dt_FB_,DERIVED_EVIDENCE,
openplcV2__RMP_B,_RMP_B,OpenPLCv2,fold_0,UNIQUE,1,AICPS-PLCBEAD_PLCEmbed-c78a56f/PLC-BEAD/Source/OpenPLCv2/_RMP_B.ST,b49e21359a8bcedb47e99e8e38ba9e9cb23cca335b71e44eed0f456be68dfaf5,T_PLC_MS_block;_RMP_B,FRMP_B;TIME_TO_UDINT2;UDINT_TO_TIME2,instance0;program0,True,False,False,FN,explicit FUNCTION_BLOCK declaration in mapped Structured Text source,production: GEB-scoped dt_FB_; probe: ungated core_symbol_text contains dt_FB_,DERIVED_EVIDENCE,
openplcV2__RMP_NEXT,_RMP_NEXT,OpenPLCv2,fold_1,UNIQUE,1,AICPS-PLCBEAD_PLCEmbed-c78a56f/PLC-BEAD/Source/OpenPLCv2/_RMP_NEXT.ST,a4f87edea87e65f56e59154a78376440301edc0594dbe940cb19d50fea0d467c,TREND_DW;T_PLC_MS_block;_RMP_B;_RMP_NEXT,FRMP_B;TIME_TO_UDINT2;UDINT_TO_TIME2,instance0;program0,True,False,False,FN,explicit FUNCTION_BLOCK declaration in mapped Structured Text source,production: GEB-scoped dt_FB_; probe: ungated core_symbol_text contains dt_FB_,DERIVED_EVIDENCE,
openplcV2__RMP_W,_RMP_W,OpenPLCv2,fold_2,UNIQUE,1,AICPS-PLCBEAD_PLCEmbed-c78a56f/PLC-BEAD/Source/OpenPLCv2/_RMP_W.ST,374955832176fa34bcd226352549f432012e996e416c8c848aaa53656f29b28d,T_PLC_MS_block;_RMP_W,TIME_TO_UDINT2;_WORD_TO_DINT,instance0;program0,True,False,False,FN,explicit FUNCTION_BLOCK declaration in mapped Structured Text source,production: GEB-scoped dt_FB_; probe: ungated core_symbol_text contains dt_FB_,DERIVED_EVIDENCE,
openplcV2__WORD_TO_DINT,_WORD_TO_DINT,OpenPLCv2,fold_8,UNIQUE,1,AICPS-PLCBEAD_PLCEmbed-c78a56f/PLC-BEAD/Source/OpenPLCv2/_WORD_TO_DINT.ST,2fccdca82c4ed52ba10e4d75214059aeea5c81b880f57201f7b0b1a8fd48e69f,,_WORD_TO_DINT,instance0;program0,False,False,False,TN,explicit FUNCTION_BLOCK declaration in mapped Structured Text source,production: GEB-scoped dt_FB_; probe: ungated core_symbol_text contains dt_FB_,DERIVED_EVIDENCE,
openplcV2__WORD_TO_REAL,_WORD_TO_REAL,OpenPLCv2,fold_9,UNIQUE,1,AICPS-PLCBEAD_PLCEmbed-c78a56f/PLC-BEAD/Source/OpenPLCv2/_WORD_TO_REAL.ST,56fe966e86abbd18f989f99e4629e8ea4e83f9041d4713d8d8ab96d8cc72d30d,,_WORD_TO_REAL,instance0;program0,False,False,False,TN,explicit FUNCTION_BLOCK declaration in mapped Structured Text source,production: GEB-scoped dt_FB_; probe: ungated core_symbol_text contains dt_FB_,DERIVED_EVIDENCE,
openplcV3_ACOSH,ACOSH,OpenPLCv3,fold_1,UNIQUE,1,AICPS-PLCBEAD_PLCEmbed-c78a56f/PLC-BEAD/Source/OpenPLCv3/ACOSH.ST,f943874cdd763acf7a4fc01ac7ddd7666c7848d9a24a682f2422e3de7f30475d,,ACOSH,instance0;program0,False,False,False,TN,explicit FUNCTION_BLOCK declaration in mapped Structured Text source,production: GEB-scoped dt_FB_; probe: ungated core_symbol_text contains dt_FB_,DERIVED_EVIDENCE,
openplcV3_ACOTH,ACOTH,OpenPLCv3,fold_2,UNIQUE,1,AICPS-PLCBEAD_PLCEmbed-c78a56f/PLC-BEAD/Source/OpenPLCv3/ACOTH.ST,c987abbb3239e902c4b193f23647652ef810f3a56a8e80abe821a95d75ec378c,,ACOTH,instance0;program0,False,False,False,TN,explicit FUNCTION_BLOCK declaration in mapped Structured Text source,production: GEB-scoped dt_FB_; probe: ungated core_symbol_text contains dt_FB_,DERIVED_EVIDENCE,
openplcV3_ACTUATOR_3P,ACTUATOR_3P,OpenPLCv3,fold_0,UNIQUE,1,AICPS-PLCBEAD_PLCEmbed-c78a56f/PLC-BEAD/Source/OpenPLCv3/ACTUATOR_3P.ST,7df81b7ad58abeeb3c6f34339403fb3462a7155d3ad18270ce93a42aa1c8c3da,ACTUATOR_3P_Block;TREND_DW;T_PLC_MS_block;_RMP_B;_RMP_NEXT_Block,FRMP_B;TIME_TO_UDINT2;UDINT_TO_TIME2;_BYTE_TO_INT,instance0;program0,True,False,False,FN,explicit FUNCTION_BLOCK declaration in mapped Structured Text source,production: GEB-scoped dt_FB_; probe: ungated core_symbol_text contains dt_FB_,DERIVED_EVIDENCE,
openplcV3_ACTUATOR_A,ACTUATOR_A,OpenPLCv3,fold_1,UNIQUE,1,AICPS-PLCBEAD_PLCEmbed-c78a56f/PLC-BEAD/Source/OpenPLCv3/ACTUATOR_A.ST,872e2e01653d1ec12d312fcf94f84c002ee7d8af50faa5f6acbfd4f3d1a7823b,ACTUATOR_A_Block;CYCLE_4;T_PLC_MS_block,,instance0;program0,True,False,False,FN,explicit FUNCTION_BLOCK declaration in mapped Structured Text source,production: GEB-scoped dt_FB_; probe: ungated core_symbol_text contains dt_FB_,DERIVED_EVIDENCE,
openplcV3_ACTUATOR_COIL,ACTUATOR_COIL,OpenPLCv3,fold_2,UNIQUE,1,AICPS-PLCBEAD_PLCEmbed-c78a56f/PLC-BEAD/Source/OpenPLCv3/ACTUATOR_COIL.ST,4b88010a26fe0ff350a1760a0649ba200869a2b9242f20a0fbd4e5c7ab385cac,ACTUATOR_COIL_Block;T_PLC_MS_block,TIME_TO_UDINT2;UDINT_TO_TIME2,instance0;program0,True,False,False,FN,explicit FUNCTION_BLOCK declaration in mapped Structured Text source,production: GEB-scoped dt_FB_; probe: ungated core_symbol_text contains dt_FB_,DERIVED_EVIDENCE,
openplcV3_ACTUATOR_PUMP,ACTUATOR_PUMP,OpenPLCv3,fold_3,UNIQUE,1,AICPS-PLCBEAD_PLCEmbed-c78a56f/PLC-BEAD/Source/OpenPLCv3/ACTUATOR_PUMP.ST,52da8b246ab388aebe987ebedb2c9354708edeca0b30a4cc754c3387b9aaa364,ACTUATOR_PUMP_Block;ONTIME_Block;T_PLC_MS_block,,instance0;program0,True,False,False,FN,explicit FUNCTION_BLOCK declaration in mapped Structured Text source,production: GEB-scoped dt_FB_; probe: ungated core_symbol_text contains dt_FB_,DERIVED_EVIDENCE,
openplcV3_ACTUATOR_UD,ACTUATOR_UD,OpenPLCv3,fold_4,UNIQUE,1,AICPS-PLCBEAD_PLCEmbed-c78a56f/PLC-BEAD/Source/OpenPLCv3/ACTUATOR_UD.ST,f5a6f19b6c0c8abe67301cc71ed785003f2228a6d677ac360aa90155035005b1,ACTUATOR_UD_Block;T_PLC_MS_block,,instance0;program0,True,False,False,FN,explicit FUNCTION_BLOCK declaration in mapped Structured Text source,production: GEB-scoped dt_FB_; probe: ungated core_symbol_text contains dt_FB_,DERIVED_EVIDENCE,
openplcV3_AGDF,AGDF,OpenPLCv3,fold_3,UNIQUE,1,AICPS-PLCBEAD_PLCEmbed-c78a56f/PLC-BEAD/Source/OpenPLCv3/AGDF.ST,cfc79a7e5bf1ba8fb021794082079b1714f8a384f49b78449844edbbfc71a257,,AGDF,instance0;program0,False,False,False,TN,explicit FUNCTION_BLOCK declaration in mapped Structured Text source,production: GEB-scoped dt_FB_; probe: ungated core_symbol_text contains dt_FB_,DERIVED_EVIDENCE,
openplcV3_AIN,AIN,OpenPLCv3,fold_0,UNIQUE,1,AICPS-PLCBEAD_PLCEmbed-c78a56f/PLC-BEAD/Source/OpenPLCv3/AIN.ST,f2912d6cc332e297b4cc1cd4c63d49adb61e68070f4d22f37cc6e40c488fda3a,,AIN;BIT_OF_DWORD;_BYTE_TO_INT;_DWORD_TO_REAL,instance0;program0,False,False,False,TN,explicit FUNCTION_BLOCK declaration in mapped Structured Text source,production: GEB-scoped dt_FB_; probe: ungated core_symbol_text contains dt_FB_,DERIVED_EVIDENCE,
openplcV3_AIN1,AIN1,OpenPLCv3,fold_1,UNIQUE,1,AICPS-PLCBEAD_PLCEmbed-c78a56f/PLC-BEAD/Source/OpenPLCv3/AIN1.ST,85a05177ce93a65ffc5f22362bdfc8c8ab311975462c11a7a2e571650ef63ea3,AIN1,,instance0;program0,True,False,False,FN,explicit FUNCTION_BLOCK declaration in mapped Structured Text source,production: GEB-scoped dt_FB_; probe: ungated core_symbol_text contains dt_FB_,DERIVED_EVIDENCE,
openplcV3_AIR_DENSITY,AIR_DENSITY,OpenPLCv3,fold_5,UNIQUE,1,AICPS-PLCBEAD_PLCEmbed-c78a56f/PLC-BEAD/Source/OpenPLCv3/AIR_DENSITY.ST,a585324dc7ae45a10c1fcea5a6b028ac1917ea9f65c2448fe1152dc89518991b,,AIR_DENSITY;SDD,instance0;program0,False,False,False,TN,explicit FUNCTION_BLOCK declaration in mapped Structured Text source,production: GEB-scoped dt_FB_; probe: ungated core_symbol_text contains dt_FB_,DERIVED_EVIDENCE,
openplcV3_AIR_ENTHALPY,AIR_ENTHALPY,OpenPLCv3,fold_6,UNIQUE,1,AICPS-PLCBEAD_PLCEmbed-c78a56f/PLC-BEAD/Source/OpenPLCv3/AIR_ENTHALPY.ST,0b0d0ebbe2fab083702abe0b3fb1b04e77c2f96f0fdabc1ae870f0c396a3e983,,AIR_ENTHALPY;DEW_CON;SDD,instance0;program0,False,False,False,TN,explicit FUNCTION_BLOCK declaration in mapped Structured Text source,production: GEB-scoped dt_FB_; probe: ungated core_symbol_text contains dt_FB_,DERIVED_EVIDENCE,
openplcV3_ALARM_2,ALARM_2,OpenPLCv3,fold_0,UNIQUE,1,AICPS-PLCBEAD_PLCEmbed-c78a56f/PLC-BEAD/Source/OpenPLCv3/ALARM_2.ST,7e4b7f405384b2de4d80b911bf66a2b4f3ff2978fdb7252b5286bb0e9f0647bb,ALARM_2,,instance0;program0,True,False,False,FN,explicit FUNCTION_BLOCK declaration in mapped Structured Text source,production: GEB-scoped dt_FB_; probe: ungated core_symbol_text contains dt_FB_,DERIVED_EVIDENCE,
openplcV3_AOUT,AOUT,OpenPLCv3,fold_2,UNIQUE,1,AICPS-PLCBEAD_PLCEmbed-c78a56f/PLC-BEAD/Source/OpenPLCv3/AOUT.ST,32288891269e306cf1fee4851b31ce780ec28b92788ecbecba213cfce00c2e83,,AOUT;SIGN_R;_BYTE_TO_INT;_DWORD_TO_REAL;_REAL_TO_DWORD,instance0;program0,False,False,False,TN,explicit FUNCTION_BLOCK declaration in mapped Structured Text source,production: GEB-scoped dt_FB_; probe: ungated core_symbol_text contains dt_FB_,DERIVED_EVIDENCE,
openplcV3_AOUT1,AOUT1,OpenPLCv3,fold_3,UNIQUE,1,AICPS-PLCBEAD_PLCEmbed-c78a56f/PLC-BEAD/Source/OpenPLCv3/AOUT1.ST,31d5ad708f818905f8d49c906ffa41320341ec72633b466f204e29489df5b409,,AOUT1;SIGN_R;_REAL_TO_DWORD,instance0;program0,False,False,False,TN,explicit FUNCTION_BLOCK declaration in mapped Structured Text source,production: GEB-scoped dt_FB_; probe: ungated core_symbol_text contains dt_FB_,DERIVED_EVIDENCE,
openplcV3_ARRAY_AVG,ARRAY_AVG,OpenPLCv3,fold_7,UNIQUE,1,AICPS-PLCBEAD_PLCEmbed-c78a56f/PLC-BEAD/Source/OpenPLCv3/ARRAY_AVG.ST,4a588c8ba32272d0f4157e13796f96d19c61e0ef10c1b0b9836fe422fa04957c,ARRAY_AVG_Block,,instance0;program0,True,False,False,FN,explicit FUNCTION_BLOCK declaration in mapped Structured Text source,production: GEB-scoped dt_FB_; probe: ungated core_symbol_text contains dt_FB_,DERIVED_EVIDENCE,
openplcV3_ARRAY_GAV,ARRAY_GAV,OpenPLCv3,fold_8,UNIQUE,1,AICPS-PLCBEAD_PLCEmbed-c78a56f/PLC-BEAD/Source/OpenPLCv3/ARRAY_GAV.ST,07b43e5ea437696eaf24e6b0e95c7f592dee1c5c218ec1eb4df50cf4528735bc,ARRAY_GAV_Block,SQRTN,instance0;program0,True,False,False,FN,explicit FUNCTION_BLOCK declaration in mapped Structured Text source,production: GEB-scoped dt_FB_; probe: ungated core_symbol_text contains dt_FB_,DERIVED_EVIDENCE,
openplcV3_ARRAY_HAV,ARRAY_HAV,OpenPLCv3,fold_9,UNIQUE,1,AICPS-PLCBEAD_PLCEmbed-c78a56f/PLC-BEAD/Source/OpenPLCv3/ARRAY_HAV.ST,86c1db1bfdb6146dc0615ddf4e1c431f885eb5bcb2081b71f2cf8de178e7de21,ARRAY_HAV_Block,,instance0;program0,True,False,False,FN,explicit FUNCTION_BLOCK declaration in mapped Structured Text source,production: GEB-scoped dt_FB_; probe: ungated core_symbol_text contains dt_FB_,DERIVED_EVIDENCE,
openplcV3_ARRAY_MAX,ARRAY_MAX,OpenPLCv3,fold_0,UNIQUE,1,AICPS-PLCBEAD_PLCEmbed-c78a56f/PLC-BEAD/Source/OpenPLCv3/ARRAY_MAX.ST,dc686bead534e5a4e038fa68f31fe750d67339a5beb09be6dd57809ec7ba0511,ARRAY_MAX_Block,,instance0;program0,True,False,False,FN,explicit FUNCTION_BLOCK declaration in mapped Structured Text source,production: GEB-scoped dt_FB_; probe: ungated core_symbol_text contains dt_FB_,DERIVED_EVIDENCE,
openplcV3_ARRAY_MEDIAN,ARRAY_MEDIAN,OpenPLCv3,fold_1,UNIQUE,1,AICPS-PLCBEAD_PLCEmbed-c78a56f/PLC-BEAD/Source/OpenPLCv3/ARRAY_MEDIAN.ST,4659be7d513f2f6acbcba05ae7ffea4a8bcd5ca5eb3f05d8fdf088329101a5d3,_ARRAY_MEDIAN_Block;_ARRAY_SORT_Block,BIT_OF_DWORD;EVEN;_INT_TO_UDINT,instance0;program0,True,False,False,FN,explicit FUNCTION_BLOCK declaration in mapped Structured Text source,production: GEB-scoped dt_FB_; probe: ungated core_symbol_text contains dt_FB_,DERIVED_EVIDENCE,
openplcV3_ARRAY_MIN,ARRAY_MIN,OpenPLCv3,fold_2,UNIQUE,1,AICPS-PLCBEAD_PLCEmbed-c78a56f/PLC-BEAD/Source/OpenPLCv3/ARRAY_MIN.ST,2ca1274d8a10adf9a34c71b0734990179e4b4d2ddb12b1d7371d2b4ffeefd83d,ARRAY_MIN_Block,,instance0;program0,True,False,False,FN,explicit FUNCTION_BLOCK declaration in mapped Structured Text source,production: GEB-scoped dt_FB_; probe: ungated core_symbol_text contains dt_FB_,DERIVED_EVIDENCE,
openplcV3_ARRAY_SDV,ARRAY_SDV,OpenPLCv3,fold_3,UNIQUE,1,AICPS-PLCBEAD_PLCEmbed-c78a56f/PLC-BEAD/Source/OpenPLCv3/ARRAY_SDV.ST,ffc85d4c9cfbecc2a5d0708cd6a09dede30831b219d9f9df520ce48da6949f7c,ARRAY_SDV_Block;ARRAY_VAR_Block,,instance0;program0,True,False,False,FN,explicit FUNCTION_BLOCK declaration in mapped Structured Text source,production: GEB-scoped dt_FB_; probe: ungated core_symbol_text contains dt_FB_,DERIVED_EVIDENCE,
openplcV3_ARRAY_SPR,ARRAY_SPR,OpenPLCv3,fold_4,UNIQUE,1,AICPS-PLCBEAD_PLCEmbed-c78a56f/PLC-BEAD/Source/OpenPLCv3/ARRAY_SPR.ST,504850e81fab447d22ec58ab4cd992c2974d27e8c20e3d7fec3f9b7feed589cf,ARRAY_SPR_Block,,instance0;program0,True,False,False,FN,explicit FUNCTION_BLOCK declaration in mapped Structured Text source,production: GEB-scoped dt_FB_; probe: ungated core_symbol_text contains dt_FB_,DERIVED_EVIDENCE,
openplcV3_ARRAY_SUM,ARRAY_SUM,OpenPLCv3,fold_5,UNIQUE,1,AICPS-PLCBEAD_PLCEmbed-c78a56f/PLC-BEAD/Source/OpenPLCv3/ARRAY_SUM.ST,d3f51cbed36f6b9a771742db25981c7e096bd0372dabab9093c7c4ed947cf859,ARRAY_SUM_Block,,instance0;program0,True,False,False,FN,explicit FUNCTION_BLOCK declaration in mapped Structured Text source,production: GEB-scoped dt_FB_; probe: ungated core_symbol_text contains dt_FB_,DERIVED_EVIDENCE,
openplcV3_ARRAY_TREND,ARRAY_TREND,OpenPLCv3,fold_6,UNIQUE,1,AICPS-PLCBEAD_PLCEmbed-c78a56f/PLC-BEAD/Source/OpenPLCv3/ARRAY_TREND.ST,1d6a1a07b4647272b6de0a20666fe06bac64f724f74ed845c21b83c796f444bc,ARRAY_TREND_Block,BIT_OF_DWORD;EVEN,instance0;program0,True,False,False,FN,explicit FUNCTION_BLOCK declaration in mapped Structured Text source,production: GEB-scoped dt_FB_; probe: ungated core_symbol_text contains dt_FB_,DERIVED_EVIDENCE,
openplcV3_ARRAY_VAR,ARRAY_VAR,OpenPLCv3,fold_7,UNIQUE,1,AICPS-PLCBEAD_PLCEmbed-c78a56f/PLC-BEAD/Source/OpenPLCv3/ARRAY_VAR.ST,937fb6a5b76f854d2cf7f3e1a0c60cf66be9d038e42a13a0eb769f4203f1f093,ARRAY_VAR_Block,,instance0;program0,True,False,False,FN,explicit FUNCTION_BLOCK declaration in mapped Structured Text source,production: GEB-scoped dt_FB_; probe: ungated core_symbol_text contains dt_FB_,DERIVED_EVIDENCE,
openplcV3_ASINH,ASINH,OpenPLCv3,fold_4,UNIQUE,1,AICPS-PLCBEAD_PLCEmbed-c78a56f/PLC-BEAD/Source/OpenPLCv3/ASINH.ST,93f4ac90270f4a11bf7081b035fcd72d318c2e809c32b425773ca44f376d5465,,ASINH,instance0;program0,False,False,False,TN,explicit FUNCTION_BLOCK declaration in mapped Structured Text source,production: GEB-scoped dt_FB_; probe: ungated core_symbol_text contains dt_FB_,DERIVED_EVIDENCE,
openplcV3_ASTRO,ASTRO,OpenPLCv3,fold_0,UNIQUE,1,AICPS-PLCBEAD_PLCEmbed-c78a56f/PLC-BEAD/Source/OpenPLCv3/ASTRO.ST,ce06f834e96cc0b7331681b6def3a517ac9db9441675834358f14091d0089920,ASTRO,,instance0;program0,True,False,False,FN,explicit FUNCTION_BLOCK declaration in mapped Structured Text source,production: GEB-scoped dt_FB_; probe: ungated core_symbol_text contains dt_FB_,DERIVED_EVIDENCE,
openplcV3_ATAN2,ATAN2,OpenPLCv3,fold_5,UNIQUE,1,AICPS-PLCBEAD_PLCEmbed-c78a56f/PLC-BEAD/Source/OpenPLCv3/ATAN2.ST,dc5a967941703d43673d89fc1a25f53c156f642a288710e2ac31a16eff48b151,,ATAN2,instance0;program0,False,False,False,TN,explicit FUNCTION_BLOCK declaration in mapped Structured Text source,production: GEB-scoped dt_FB_; probe: ungated core_symbol_text contains dt_FB_,DERIVED_EVIDENCE,
openplcV3_ATANH,ATANH,OpenPLCv3,fold_6,UNIQUE,1,AICPS-PLCBEAD_PLCEmbed-c78a56f/PLC-BEAD/Source/OpenPLCv3/ATANH.ST,3eca03b4987c91711fd93be89d1a9ba84eaf5fe1df54af54cd6dc60950232564,,ATANH,instance0;program0,False,False,False,TN,explicit FUNCTION_BLOCK declaration in mapped Structured Text source,production: GEB-scoped dt_FB_; probe: ungated core_symbol_text contains dt_FB_,DERIVED_EVIDENCE,
openplcV3_AUTORUN,AUTORUN,OpenPLCv3,fold_7,UNIQUE,1,AICPS-PLCBEAD_PLCEmbed-c78a56f/PLC-BEAD/Source/OpenPLCv3/AUTORUN.ST,6631460e0004ee26cb706cbac5b81dccb1f22f81f628c0739e18ea0009e032fb,AUTORUN_Block;T_PLC_MS_block;_RMP_B,FRMP_B;TIME_TO_UDINT2;UDINT_TO_TIME2,instance0;program0,True,False,False,FN,explicit FUNCTION_BLOCK declaration in mapped Structured Text source,production: GEB-scoped dt_FB_; probe: ungated core_symbol_text contains dt_FB_,DERIVED_EVIDENCE,
openplcV3_A_TRIG,A_TRIG,OpenPLCv3,fold_0,UNIQUE,1,AICPS-PLCBEAD_PLCEmbed-c78a56f/PLC-BEAD/Source/OpenPLCv3/A_TRIG.ST,0a68aeef263acbe7027a37892d87db7773b1e8104e8bafc2d38a087bbc0b8f15,A_TRIG,,instance0;program0,True,False,False,FN,explicit FUNCTION_BLOCK declaration in mapped Structured Text source,production: GEB-scoped dt_FB_; probe: ungated core_symbol_text contains dt_FB_,DERIVED_EVIDENCE,
openplcV3_BAND_B,BAND_B,OpenPLCv3,fold_0,UNIQUE,1,AICPS-PLCBEAD_PLCEmbed-c78a56f/PLC-BEAD/Source/OpenPLCv3/BAND_B.ST,b05e479c988d2f72c45707f806d7ec7b8cd38d47e240acb05113e5e3479ff3f6,,BAND_B,instance0;program0,False,False,False,TN,explicit FUNCTION_BLOCK declaration in mapped Structured Text source,production: GEB-scoped dt_FB_; probe: ungated core_symbol_text contains dt_FB_,DERIVED_EVIDENCE,
openplcV3_BAR_GRAPH,BAR_GRAPH,OpenPLCv3,fold_1,UNIQUE,1,AICPS-PLCBEAD_PLCEmbed-c78a56f/PLC-BEAD/Source/OpenPLCv3/BAR_GRAPH.ST,a6f6ee0eaee7e770d4c8fc74b2632d0a9336db58295ce0086c0723346d171b7b,BAR_GRAPH,,instance0;program0,True,False,False,FN,explicit FUNCTION_BLOCK declaration in mapped Structured Text source,production: GEB-scoped dt_FB_; probe: ungated core_symbol_text contains dt_FB_,DERIVED_EVIDENCE,
openplcV3_BASE64_DECODE_STREAM,BASE64_DECODE_STREAM,OpenPLCv3,fold_0,UNIQUE,1,AICPS-PLCBEAD_PLCEmbed-c78a56f/PLC-BEAD/Source/OpenPLCv3/BASE64_DECODE_STREAM.ST,b3717e5f647fe15a8de00889a1148fa90ecad983678a4ff8ad2aa9b7f984bf01,BASE64_DECODE_STREAM,,instance0;program0,True,False,False,FN,explicit FUNCTION_BLOCK declaration in mapped Structured Text source,production: GEB-scoped dt_FB_; probe: ungated core_symbol_text contains dt_FB_,DERIVED_EVIDENCE,
openplcV3_BCDC_TO_INT,BCDC_TO_INT,OpenPLCv3,fold_0,UNIQUE,1,AICPS-PLCBEAD_PLCEmbed-c78a56f/PLC-BEAD/Source/OpenPLCv3/BCDC_TO_INT.ST,70f8be37160d2d43e063ad7bb8052f799cbfb223443f0428b1c39c0ab20e97bc,,BCDC_TO_INT;_BYTE_TO_INT,instance0;program0,False,False,False,TN,explicit FUNCTION_BLOCK declaration in mapped Structured Text source,production: GEB-scoped dt_FB_; probe: ungated core_symbol_text contains dt_FB_,DERIVED_EVIDENCE,
openplcV3_BETA,BETA,OpenPLCv3,fold_7,UNIQUE,1,AICPS-PLCBEAD_PLCEmbed-c78a56f/PLC-BEAD/Source/OpenPLCv3/BETA.ST,ab87deabc10e6cf088f22bb732b62acff6246c5a7e3e65f6cf95a450425ecfe0,,BETA;GAMMA,instance0;program0,False,False,False,TN,explicit FUNCTION_BLOCK declaration in mapped Structured Text source,production: GEB-scoped dt_FB_; probe: ungated core_symbol_text contains dt_FB_,DERIVED_EVIDENCE,
openplcV3_BFT_TO_MS,BFT_TO_MS,OpenPLCv3,fold_1,UNIQUE,1,AICPS-PLCBEAD_PLCEmbed-c78a56f/PLC-BEAD/Source/OpenPLCv3/BFT_TO_MS.ST,a0e08a76f7b9bbe3f1f91d508f7eb3359332d6bcb9457ed1bf891bca2b54ee10,,BFT_TO_MS,instance0;program0,False,False,False,TN,explicit FUNCTION_BLOCK declaration in mapped Structured Text source,production: GEB-scoped dt_FB_; probe: ungated core_symbol_text contains dt_FB_,DERIVED_EVIDENCE,
openplcV3_BINOM,BINOM,OpenPLCv3,fold_8,UNIQUE,1,AICPS-PLCBEAD_PLCEmbed-c78a56f/PLC-BEAD/Source/OpenPLCv3/BINOM.ST,aa175f774cbd74538efa9fd45455cef7ed4a92c1e364458d6a0380e82ca10fa2,,BINOM,instance0;program0,False,False,False,TN,explicit FUNCTION_BLOCK declaration in mapped Structured Text source,production: GEB-scoped dt_FB_; probe: ungated core_symbol_text contains dt_FB_,DERIVED_EVIDENCE,
openplcV3_BIT_COUNT,BIT_COUNT,OpenPLCv3,fold_1,UNIQUE,1,AICPS-PLCBEAD_PLCEmbed-c78a56f/PLC-BEAD/Source/OpenPLCv3/BIT_COUNT.ST,ee5fe4082b9cc26d1dbce15e51f34d49e707bac14b3fc03d893102d36e8920da,,BIT_COUNT,instance0;program0,False,False,False,TN,explicit FUNCTION_BLOCK declaration in mapped Structured Text source,production: GEB-scoped dt_FB_; probe: ungated core_symbol_text contains dt_FB_,DERIVED_EVIDENCE,
openplcV3_BIT_LOAD_B,BIT_LOAD_B,OpenPLCv3,fold_2,UNIQUE,1,AICPS-PLCBEAD_PLCEmbed-c78a56f/PLC-BEAD/Source/OpenPLCv3/BIT_LOAD_B.ST,1d2c62b4fdbb47992db8e04d2c9de5067c752a30d476af9f23d529d7e18229d3,,BIT_LOAD_B,instance0;program0,False,False,False,TN,explicit FUNCTION_BLOCK declaration in mapped Structured Text source,production: GEB-scoped dt_FB_; probe: ungated core_symbol_text contains dt_FB_,DERIVED_EVIDENCE,
openplcV3_BIT_LOAD_B2,BIT_LOAD_B2,OpenPLCv3,fold_3,UNIQUE,1,AICPS-PLCBEAD_PLCEmbed-c78a56f/PLC-BEAD/Source/OpenPLCv3/BIT_LOAD_B2.ST,13d0e242ed38e05989fcce67d04d79910fb2b905e30d6151fe443f6a3d4fbdc0,,BIT_LOAD_B2,instance0;program0,False,False,False,TN,explicit FUNCTION_BLOCK declaration in mapped Structured Text source,production: GEB-scoped dt_FB_; probe: ungated core_symbol_text contains dt_FB_,DERIVED_EVIDENCE,
openplcV3_BIT_LOAD_DW,BIT_LOAD_DW,OpenPLCv3,fold_4,UNIQUE,1,AICPS-PLCBEAD_PLCEmbed-c78a56f/PLC-BEAD/Source/OpenPLCv3/BIT_LOAD_DW.ST,b8d0d19ac6932ac50d969328d454cf39f28992b2c621428cfffe64f8f9a72a2d,,BIT_LOAD_DW,instance0;program0,False,False,False,TN,explicit FUNCTION_BLOCK declaration in mapped Structured Text source,production: GEB-scoped dt_FB_; probe: ungated core_symbol_text contains dt_FB_,DERIVED_EVIDENCE,
openplcV3_BIT_LOAD_DW2,BIT_LOAD_DW2,OpenPLCv3,fold_5,UNIQUE,1,AICPS-PLCBEAD_PLCEmbed-c78a56f/PLC-BEAD/Source/OpenPLCv3/BIT_LOAD_DW2.ST,76d536728af8a2794443bb8fc4cb6714065f1f66b9757e1a570da2f2e473f60e,,BIT_LOAD_DW2,instance0;program0,False,False,False,TN,explicit FUNCTION_BLOCK declaration in mapped Structured Text source,production: GEB-scoped dt_FB_; probe: ungated core_symbol_text contains dt_FB_,DERIVED_EVIDENCE,
openplcV3_BIT_LOAD_W,BIT_LOAD_W,OpenPLCv3,fold_6,UNIQUE,1,AICPS-PLCBEAD_PLCEmbed-c78a56f/PLC-BEAD/Source/OpenPLCv3/BIT_LOAD_W.ST,e4ddc4089af1c1058af184ea7c42677a1b3c483187087e575b6d06df98b45695,,BIT_LOAD_W,instance0;program0,False,False,False,TN,explicit FUNCTION_BLOCK declaration in mapped Structured Text source,production: GEB-scoped dt_FB_; probe: ungated core_symbol_text contains dt_FB_,DERIVED_EVIDENCE,
openplcV3_BIT_LOAD_W2,BIT_LOAD_W2,OpenPLCv3,fold_7,UNIQUE,1,AICPS-PLCBEAD_PLCEmbed-c78a56f/PLC-BEAD/Source/OpenPLCv3/BIT_LOAD_W2.ST,ef6e5d211f70ed48665661c2e3af20cdb78639c778b1b90ec15238b3cff75aff,,BIT_LOAD_W2,instance0;program0,False,False,False,TN,explicit FUNCTION_BLOCK declaration in mapped Structured Text source,production: GEB-scoped dt_FB_; probe: ungated core_symbol_text contains dt_FB_,DERIVED_EVIDENCE,
openplcV3_BIT_OF_DWORD,BIT_OF_DWORD,OpenPLCv3,fold_8,UNIQUE,1,AICPS-PLCBEAD_PLCEmbed-c78a56f/PLC-BEAD/Source/OpenPLCv3/BIT_OF_DWORD.ST,8015972ac101c5e63cdd8d4fd9af497821cc2fa8a6285401d80b51b5724de7f0,,BIT_OF_DWORD,instance0;program0,False,False,False,TN,explicit FUNCTION_BLOCK declaration in mapped Structured Text source,production: GEB-scoped dt_FB_; probe: ungated core_symbol_text contains dt_FB_,DERIVED_EVIDENCE,
openplcV3_BIT_TOGGLE_B,BIT_TOGGLE_B,OpenPLCv3,fold_9,UNIQUE,1,AICPS-PLCBEAD_PLCEmbed-c78a56f/PLC-BEAD/Source/OpenPLCv3/BIT_TOGGLE_B.ST,d1889c35c1104b9840952f0a4d6728de40768a335c5753f05416aecd68389dca,,BIT_TOGGLE_B,instance0;program0,False,False,False,TN,explicit FUNCTION_BLOCK declaration in mapped Structured Text source,production: GEB-scoped dt_FB_; probe: ungated core_symbol_text contains dt_FB_,DERIVED_EVIDENCE,
openplcV3_BIT_TOGGLE_DW,BIT_TOGGLE_DW,OpenPLCv3,fold_0,UNIQUE,1,AICPS-PLCBEAD_PLCEmbed-c78a56f/PLC-BEAD/Source/OpenPLCv3/BIT_TOGGLE_DW.ST,14af7b7dcc7aae8887c4a2e1f8f9d038ac8ee183b5a3e61d8235706af086fd02,,BIT_TOGGLE_DW,instance0;program0,False,False,False,TN,explicit FUNCTION_BLOCK declaration in mapped Structured Text source,production: GEB-scoped dt_FB_; probe: ungated core_symbol_text contains dt_FB_,DERIVED_EVIDENCE,
openplcV3_BIT_TOGGLE_W,BIT_TOGGLE_W,OpenPLCv3,fold_1,UNIQUE,1,AICPS-PLCBEAD_PLCEmbed-c78a56f/PLC-BEAD/Source/OpenPLCv3/BIT_TOGGLE_W.ST,9b7c6a5a6ce7c2ecdd23353528ba98c30942bca129c2766fa5152f10fcf758a0,,BIT_TOGGLE_W,instance0;program0,False,False,False,TN,explicit FUNCTION_BLOCK declaration in mapped Structured Text source,production: GEB-scoped dt_FB_; probe: ungated core_symbol_text contains dt_FB_,DERIVED_EVIDENCE,
openplcV3_BLIND_ACTUATOR,BLIND_ACTUATOR,OpenPLCv3,fold_0,UNIQUE,1,AICPS-PLCBEAD_PLCEmbed-c78a56f/PLC-BEAD/Source/OpenPLCv3/BLIND_ACTUATOR.ST,d0271e994e43951124efbc3f4138e6e6c3257e05fde8932c642e66f59d31d9dd,BLIND_ACTUATOR_Block;INTERLOCK_Block;RMP_B_Block;T_PLC_MS_block;_RMP_B,FRMP_B;TIME_TO_UDINT2,instance0;program0,True,False,False,FN,explicit FUNCTION_BLOCK declaration in mapped Structured Text source,production: GEB-scoped dt_FB_; probe: ungated core_symbol_text contains dt_FB_,DERIVED_EVIDENCE,
openplcV3_BLIND_CONTROL,BLIND_CONTROL,OpenPLCv3,fold_1,UNIQUE,1,AICPS-PLCBEAD_PLCEmbed-c78a56f/PLC-BEAD/Source/OpenPLCv3/BLIND_CONTROL.ST,3e9e0125cb885dfa559fb2f2bd34b2df36c6c7687f4514dc6d002ab22b4d8bea,BLIND_ACTUATOR_Block;BLIND_CONTROL_Block;INTERLOCK_Block;RMP_B_Block;T_PLC_MS_block;_RMP_B,FRMP_B;TIME_TO_UDINT2;_BYTE_TO_INT,instance0;program0,True,False,False,FN,explicit FUNCTION_BLOCK declaration in mapped Structured Text source,production: GEB-scoped dt_FB_; probe: ungated core_symbol_text contains dt_FB_,DERIVED_EVIDENCE,
openplcV3_BLIND_CONTROL_S,BLIND_CONTROL_S,OpenPLCv3,fold_2,UNIQUE,1,AICPS-PLCBEAD_PLCEmbed-c78a56f/PLC-BEAD/Source/OpenPLCv3/BLIND_CONTROL_S.ST,ef661c63aad6288a37842b22b1a88305a67ecb8c4a1bfa69e125dd3f3499660d,BLIND_CONTROL_S_Block;TREND_DW;T_PLC_MS_block;_RMP_B;_RMP_NEXT,FRMP_B;TIME_TO_UDINT2;UDINT_TO_TIME2;_BYTE_TO_INT,instance0;program0,True,False,False,FN,explicit FUNCTION_BLOCK declaration in mapped Structured Text source,production: GEB-scoped dt_FB_; probe: ungated core_symbol_text contains dt_FB_,DERIVED_EVIDENCE,
openplcV3_BLIND_INPUT,BLIND_INPUT,OpenPLCv3,fold_3,UNIQUE,1,AICPS-PLCBEAD_PLCEmbed-c78a56f/PLC-BEAD/Source/OpenPLCv3/BLIND_INPUT.ST,88efc1dc684a3e151eb83689c3f87ba2e6ceea1fc83e033270b9b8b41bf38937,BLIND_INPUT_Block;CLICK_MODE_Block;T_PLC_MS_block,UDINT_TO_TIME2;_BYTE_TO_INT,instance0;program0,True,False,False,FN,explicit FUNCTION_BLOCK declaration in mapped Structured Text source,production: GEB-scoped dt_FB_; probe: ungated core_symbol_text contains dt_FB_,DERIVED_EVIDENCE,
openplcV3_BLIND_NIGHT,BLIND_NIGHT,OpenPLCv3,fold_4,UNIQUE,1,AICPS-PLCBEAD_PLCEmbed-c78a56f/PLC-BEAD/Source/OpenPLCv3/BLIND_NIGHT.ST,63c063519dfe561aa312d36743e07f5ce81a688187832c7c57b3b91b5758e7c5,BLIND_NIGHT_Block,DT_TO_DATE2;DT_TO_TOD2;TIME_TO_UDINT2,instance0;program0,True,False,False,FN,explicit FUNCTION_BLOCK declaration in mapped Structured Text source,production: GEB-scoped dt_FB_; probe: ungated core_symbol_text contains dt_FB_,DERIVED_EVIDENCE,
openplcV3_BLIND_SCENE,BLIND_SCENE,OpenPLCv3,fold_5,UNIQUE,1,AICPS-PLCBEAD_PLCEmbed-c78a56f/PLC-BEAD/Source/OpenPLCv3/BLIND_SCENE.ST,2a61481f20db644c8163b808f82c47844259b139070d32926342429f1afc4021,BLIND_SCENE_Block,_BYTE_TO_INT,instance0;program0,True,False,False,FN,explicit FUNCTION_BLOCK declaration in mapped Structured Text source,production: GEB-scoped dt_FB_; probe: ungated core_symbol_text contains dt_FB_,DERIVED_EVIDENCE,
openplcV3_BLIND_SECURITY,BLIND_SECURITY,OpenPLCv3,fold_6,UNIQUE,1,AICPS-PLCBEAD_PLCEmbed-c78a56f/PLC-BEAD/Source/OpenPLCv3/BLIND_SECURITY.ST,f890125b18fe7c30473c091e088422eb17cfe67f3e709988821a2e2b802c045b,BLIND_SECURITY_Block,,instance0;program0,True,False,False,FN,explicit FUNCTION_BLOCK declaration in mapped Structured Text source,production: GEB-scoped dt_FB_; probe: ungated core_symbol_text contains dt_FB_,DERIVED_EVIDENCE,
openplcV3_BLIND_SET,BLIND_SET,OpenPLCv3,fold_7,UNIQUE,1,AICPS-PLCBEAD_PLCEmbed-c78a56f/PLC-BEAD/Source/OpenPLCv3/BLIND_SET.ST,1af82d7f377e1bce43eb1a3c6b408b574a403382a5bbaef3ce478e92fa82a636,BLIND_SET_Block;T_PLC_MS_block,UDINT_TO_TIME2,instance0;program0,True,False,False,FN,explicit FUNCTION_BLOCK declaration in mapped Structured Text source,production: GEB-scoped dt_FB_; probe: ungated core_symbol_text contains dt_FB_,DERIVED_EVIDENCE,
openplcV3_BLIND_SHADE_S,BLIND_SHADE_S,OpenPLCv3,fold_8,UNIQUE,1,AICPS-PLCBEAD_PLCEmbed-c78a56f/PLC-BEAD/Source/OpenPLCv3/BLIND_SHADE_S.ST,67ef32de8fe23378aa12ff77f6ef8b9e41edb974f41e83667d45a3e70f6a1730,BLIND_SHADE_S_Block,DT_TO_TOD2;TIME_TO_UDINT2,instance0;program0,True,False,False,FN,explicit FUNCTION_BLOCK declaration in mapped Structured Text source,production: GEB-scoped dt_FB_; probe: ungated core_symbol_text contains dt_FB_,DERIVED_EVIDENCE,
openplcV3_BOILER,BOILER,OpenPLCv3,fold_8,UNIQUE,1,AICPS-PLCBEAD_PLCEmbed-c78a56f/PLC-BEAD/Source/OpenPLCv3/BOILER.ST,c3c92251078e9b0ff82d836d1d6fb0bf370ec2eee3398c6cfa254547044c8e70,BOILER_Block,,instance0;program0,True,False,False,FN,explicit FUNCTION_BLOCK declaration in mapped Structured Text source,production: GEB-scoped dt_FB_; probe: ungated core_symbol_text contains dt_FB_,DERIVED_EVIDENCE,
openplcV3_BUFFER_COMP,BUFFER_COMP,OpenPLCv3,fold_8,UNIQUE,1,AICPS-PLCBEAD_PLCEmbed-c78a56f/PLC-BEAD/Source/OpenPLCv3/BUFFER_COMP.ST,12b0b5649c2efa3f337e788726947352f4d44638afe3d291ed7e9bdd832c16e6,BUFFER_COMP_Block,,instance0;program0,True,False,False,FN,explicit FUNCTION_BLOCK declaration in mapped Structured Text source,production: GEB-scoped dt_FB_; probe: ungated core_symbol_text contains dt_FB_,DERIVED_EVIDENCE,
openplcV3_BUFFER_COMP_NW,BUFFER_COMP_NW,OpenPLCv3,fold_9,UNIQUE,1,AICPS-PLCBEAD_PLCEmbed-c78a56f/PLC-BEAD/Source/OpenPLCv3/BUFFER_COMP_NW.ST,f93b39f22d491be427ae74974b2960a7629975ed0f034850c00145e3a4ebff35,BUFFER_COMP_NW,,instance0;program0,True,False,False,FN,explicit FUNCTION_BLOCK declaration in mapped Structured Text source,production: GEB-scoped dt_FB_; probe: ungated core_symbol_text contains dt_FB_,DERIVED_EVIDENCE,
openplcV3_BUILDING_VERSION,BUILDING_VERSION,OpenPLCv3,fold_9,UNIQUE,1,AICPS-PLCBEAD_PLCEmbed-c78a56f/PLC-BEAD/Source/OpenPLCv3/BUILDING_VERSION.ST,a6891eac87444387ef0e15f56d6f784d6d74438d5ad3e2a45d7daaf2ff73b358,,BUILDING_VERSION;SET_DATE;_INT_TO_UDINT,instance0;program0,False,False,False,TN,explicit FUNCTION_BLOCK declaration in mapped Structured Text source,production: GEB-scoped dt_FB_; probe: ungated core_symbol_text contains dt_FB_,DERIVED_EVIDENCE,
openplcV3_BURNER,BURNER,OpenPLCv3,fold_9,UNIQUE,1,AICPS-PLCBEAD_PLCEmbed-c78a56f/PLC-BEAD/Source/OpenPLCv3/BURNER.ST,04d2471a758e5d820ab229e755995bb1748be9aee3b5f13abe1ca6035d5a6388,BURNER_Block;ONTIME_Block;T_PLC_MS_block,UDINT_TO_TIME2,instance0;program0,True,False,False,FN,explicit FUNCTION_BLOCK declaration in mapped Structured Text source,production: GEB-scoped dt_FB_; probe: ungated core_symbol_text contains dt_FB_,DERIVED_EVIDENCE,
openplcV3_BYTE_OF_BIT,BYTE_OF_BIT,OpenPLCv3,fold_2,UNIQUE,1,AICPS-PLCBEAD_PLCEmbed-c78a56f/PLC-BEAD/Source/OpenPLCv3/BYTE_OF_BIT.ST,754c5f5dda9c476236bd47387c65be8eed510945aa3a5f8fa2352038df2def2d,,BYTE_OF_BIT,instance0;program0,False,False,False,TN,explicit FUNCTION_BLOCK declaration in mapped Structured Text source,production: GEB-scoped dt_FB_; probe: ungated core_symbol_text contains dt_FB_,DERIVED_EVIDENCE,
openplcV3_BYTE_OF_DWORD,BYTE_OF_DWORD,OpenPLCv3,fold_3,UNIQUE,1,AICPS-PLCBEAD_PLCEmbed-c78a56f/PLC-BEAD/Source/OpenPLCv3/BYTE_OF_DWORD.ST,6287a6a79eb2fffca5107c867afc452fb8197a69a631770d4a45e35b64c284b5,,BYTE_OF_DWORD;_BYTE_TO_INT,instance0;program0,False,False,False,TN,explicit FUNCTION_BLOCK declaration in mapped Structured Text source,production: GEB-scoped dt_FB_; probe: ungated core_symbol_text contains dt_FB_,DERIVED_EVIDENCE,
openplcV3_BYTE_TO_BITS,BYTE_TO_BITS,OpenPLCv3,fold_4,UNIQUE,1,AICPS-PLCBEAD_PLCEmbed-c78a56f/PLC-BEAD/Source/OpenPLCv3/BYTE_TO_BITS.ST,e5928c6606a98f44b91a84f4fa8ec0e220834f1230886faf5c09b42d8601004b,BYTE_TO_BITS,BIT_OF_DWORD,instance0;program0,True,False,False,FN,explicit FUNCTION_BLOCK declaration in mapped Structured Text source,production: GEB-scoped dt_FB_; probe: ungated core_symbol_text contains dt_FB_,DERIVED_EVIDENCE,
openplcV3_BYTE_TO_GRAY,BYTE_TO_GRAY,OpenPLCv3,fold_5,UNIQUE,1,AICPS-PLCBEAD_PLCEmbed-c78a56f/PLC-BEAD/Source/OpenPLCv3/BYTE_TO_GRAY.ST,7266b91bcb3c300cde3fc1b1a089840aa12b261dce33484814e58bb17e46bcc2,,BYTE_TO_GRAY,instance0;program0,False,False,False,TN,explicit FUNCTION_BLOCK declaration in mapped Structured Text source,production: GEB-scoped dt_FB_; probe: ungated core_symbol_text contains dt_FB_,DERIVED_EVIDENCE,
openplcV3_BYTE_TO_RANGE,BYTE_TO_RANGE,OpenPLCv3,fold_4,UNIQUE,1,AICPS-PLCBEAD_PLCEmbed-c78a56f/PLC-BEAD/Source/OpenPLCv3/BYTE_TO_RANGE.ST,dfca8acffed8871a72e844ba758143de689f07a6d376509ef6f94026a30d2c51,,BYTE_TO_RANGE;_BYTE_TO_REAL,instance0;program0,False,False,False,TN,explicit FUNCTION_BLOCK declaration in mapped Structured Text source,production: GEB-scoped dt_FB_; probe: ungated core_symbol_text contains dt_FB_,DERIVED_EVIDENCE,
openplcV3_BYTE_TO_STRB,BYTE_TO_STRB,OpenPLCv3,fold_1,UNIQUE,1,AICPS-PLCBEAD_PLCEmbed-c78a56f/PLC-BEAD/Source/OpenPLCv3/BYTE_TO_STRB.ST,e43dfb7c6f3530c97bec9c7f24c93bd9c567ebc79d99dc04b3d621a9b2eda797,BYTE_TO_STRB_Block,,instance0;program0,True,False,False,FN,explicit FUNCTION_BLOCK declaration in mapped Structured Text source,production: GEB-scoped dt_FB_; probe: ungated core_symbol_text contains dt_FB_,DERIVED_EVIDENCE,
openplcV3_BYTE_TO_STRH,BYTE_TO_STRH,OpenPLCv3,fold_2,UNIQUE,1,AICPS-PLCBEAD_PLCEmbed-c78a56f/PLC-BEAD/Source/OpenPLCv3/BYTE_TO_STRH.ST,98d418d6fd6e4a8fd5c84b3385457e04e913076759f30e12b5c380395fcfca65,BYTE_TO_STRH_Block,,instance0;program0,True,False,False,FN,explicit FUNCTION_BLOCK declaration in mapped Structured Text source,production: GEB-scoped dt_FB_; probe: ungated core_symbol_text contains dt_FB_,DERIVED_EVIDENCE,
openplcV3_BYTE_TO_TIME,BYTE_TO_TIME,OpenPLCv3,fold_6,UNIQUE,1,AICPS-PLCBEAD_PLCEmbed-c78a56f/PLC-BEAD/Source/OpenPLCv3/BYTE_TO_TIME.ST,86bc1f97c41cf1184cc017c4419a11138f938a72908ccf7ff2b11c3e0830ae3c,,BYTE_TO_TIME2;_BYTE_TO_INT,instance0;program0,False,False,False,TN,explicit FUNCTION_BLOCK declaration in mapped Structured Text source,production: GEB-scoped dt_FB_; probe: ungated core_symbol_text contains dt_FB_,DERIVED_EVIDENCE,
openplcV3_B_TRIG,B_TRIG,OpenPLCv3,fold_1,UNIQUE,1,AICPS-PLCBEAD_PLCEmbed-c78a56f/PLC-BEAD/Source/OpenPLCv3/B_TRIG.ST,c3eeb7007608e8eb0b3c96b1fd282c9c1d5cd393d19b0daa13f6a245c8959bff,B_TRIG,,instance0;program0,True,False,False,FN,explicit FUNCTION_BLOCK declaration in mapped Structured Text source,production: GEB-scoped dt_FB_; probe: ungated core_symbol_text contains dt_FB_,DERIVED_EVIDENCE,
openplcV3_CABS,CABS,OpenPLCv3,fold_0,UNIQUE,1,AICPS-PLCBEAD_PLCEmbed-c78a56f/PLC-BEAD/Source/OpenPLCv3/CABS.ST,8a6889341b02f82a06d58bf4dc2cb2fde22a33e5ed8599ee14cd68b2860ccdde,CABS_Block,HYPOT,instance0;program0,True,False,False,FN,explicit FUNCTION_BLOCK declaration in mapped Structured Text source,production: GEB-scoped dt_FB_; probe: ungated core_symbol_text contains dt_FB_,DERIVED_EVIDENCE,
openplcV3_CACOS,CACOS,OpenPLCv3,fold_1,UNIQUE,1,AICPS-PLCBEAD_PLCEmbed-c78a56f/PLC-BEAD/Source/OpenPLCv3/CACOS.ST,0a78cb66d3753710b92a52b76fe14ad1600b3c306d3d0dbc891e277679287148,CACOSH_Block;CACOS_Block;CLOG_Block;CSQRT_Block,ATAN2;HYPOT;SGN,instance0;program0,True,False,False,FN,explicit FUNCTION_BLOCK declaration in mapped Structured Text source,production: GEB-scoped dt_FB_; probe: ungated core_symbol_text contains dt_FB_,DERIVED_EVIDENCE,
openplcV3_CACOSH,CACOSH,OpenPLCv3,fold_2,UNIQUE,1,AICPS-PLCBEAD_PLCEmbed-c78a56f/PLC-BEAD/Source/OpenPLCv3/CACOSH.ST,730bd2269cf3cb978ae4b7d9f9984b3111ab7cd0e277150d554772f96d5736a2,CACOSH_Block;CLOG_Block;CSQRT_Block,ATAN2;HYPOT;SGN,instance0;program0,True,False,False,FN,explicit FUNCTION_BLOCK declaration in mapped Structured Text source,production: GEB-scoped dt_FB_; probe: ungated core_symbol_text contains dt_FB_,DERIVED_EVIDENCE,
openplcV3_CADD,CADD,OpenPLCv3,fold_3,UNIQUE,1,AICPS-PLCBEAD_PLCEmbed-c78a56f/PLC-BEAD/Source/OpenPLCv3/CADD.ST,bf386a62151565f2002f7cdf0b50af92d26a43d218f2c2c325daa870e7288a46,CADD_Block,,instance0;program0,True,False,False,FN,explicit FUNCTION_BLOCK declaration in mapped Structured Text source,production: GEB-scoped dt_FB_; probe: ungated core_symbol_text contains dt_FB_,DERIVED_EVIDENCE,
openplcV3_CALENDAR_CALC,CALENDAR_CALC,OpenPLCv3,fold_0,UNIQUE,1,AICPS-PLCBEAD_PLCEmbed-c78a56f/PLC-BEAD/Source/OpenPLCv3/CALENDAR_CALC.ST,35afd4172ecc5dadbbbf9105d0c3b41f7cdfeb854fa6118b0ed3139929e25a6e,CALENDAR_CALC;HOLIDAY_Block;SETUP_LANGUAGE_Block;SETUP_LOCATION;SETUP_WEEKDAYS;SUN_POS;SUN_TIME_Block,DATE_ADD;DAY_OF_DATE;DAY_OF_MONTH;DAY_OF_WEEK;DAY_OF_YEAR;DAY_OF_YEAR_UDINT;DEG;DST;DT_TO_DATE2;DT_TO_TOD2;EASTER;FLOOR2;HOUR;HOUR_TO_TIME;HOUR_TO_TOD;LEAP_OF_DATE;LEAP_YEAR;MODR;MONTH_OF_DATE;RAD;REFRACTION;SET_DATE;SET_DT;SUN_MIDDAY;SUN_MIDDAY_UDINT;TIME_TO_UDINT2;TOD_TO_REAL2;UTC_TO_LTIME;WORK_WEEK;YEAR_BEGIN;YEAR_OF_DATE;_INT_TO_UDINT;_REAL_TO_UDINT,instance0;program0,True,False,False,FN,explicit FUNCTION_BLOCK declaration in mapped Structured Text source,production: GEB-scoped dt_FB_; probe: ungated core_symbol_text contains dt_FB_,DERIVED_EVIDENCE,
openplcV3_CALIBRATE,CALIBRATE,OpenPLCv3,fold_2,UNIQUE,1,AICPS-PLCBEAD_PLCEmbed-c78a56f/PLC-BEAD/Source/OpenPLCv3/CALIBRATE.ST,1b37d093946eb31b9f106dcd9dc1056986d2b53f3583c9eda5ada505abbca9ad,CALIBRATE,,instance0;program0,True,False,False,FN,explicit FUNCTION_BLOCK declaration in mapped Structured Text source,production: GEB-scoped dt_FB_; probe: ungated core_symbol_text contains dt_FB_,DERIVED_EVIDENCE,
openplcV3_CARG,CARG,OpenPLCv3,fold_4,UNIQUE,1,AICPS-PLCBEAD_PLCEmbed-c78a56f/PLC-BEAD/Source/OpenPLCv3/CARG.ST,c97a4ba3bae6386bb4cbc9d9a2b1e906ee96e9c7b8963c8ea4224b905538c3bc,CARG_Block,ATAN2,instance0;program0,True,False,False,FN,explicit FUNCTION_BLOCK declaration in mapped Structured Text source,production: GEB-scoped dt_FB_; probe: ungated core_symbol_text contains dt_FB_,DERIVED_EVIDENCE,
openplcV3_CASIN,CASIN,OpenPLCv3,fold_5,UNIQUE,1,AICPS-PLCBEAD_PLCEmbed-c78a56f/PLC-BEAD/Source/OpenPLCv3/CASIN.ST,0eb674b59c40c7c6999698a578900a34bef0a7a9d0e4b52a5c2171049eff070f,CASINH_Block;CASIN_Block;CLOG_Block;CSQRT_Block,ATAN2;HYPOT;SGN,instance0;program0,True,False,False,FN,explicit FUNCTION_BLOCK declaration in mapped Structured Text source,production: GEB-scoped dt_FB_; probe: ungated core_symbol_text contains dt_FB_,DERIVED_EVIDENCE,
openplcV3_CASINH,CASINH,OpenPLCv3,fold_6,UNIQUE,1,AICPS-PLCBEAD_PLCEmbed-c78a56f/PLC-BEAD/Source/OpenPLCv3/CASINH.ST,28124c28b2092d8a6b851d077c7383a11b62eb715984639d194cfa81570be5cb,CASINH_Block;CLOG_Block;CSQRT_Block,ATAN2;HYPOT;SGN,instance0;program0,True,False,False,FN,explicit FUNCTION_BLOCK declaration in mapped Structured Text source,production: GEB-scoped dt_FB_; probe: ungated core_symbol_text contains dt_FB_,DERIVED_EVIDENCE,
openplcV3_CATAN,CATAN,OpenPLCv3,fold_7,UNIQUE,1,AICPS-PLCBEAD_PLCEmbed-c78a56f/PLC-BEAD/Source/OpenPLCv3/CATAN.ST,ce3e4af41bc8abdb9ba21cd02cb452e8933a02cbb493e83b4cad22a02c1dada7,CATAN_Block,,instance0;program0,True,False,False,FN,explicit FUNCTION_BLOCK declaration in mapped Structured Text source,production: GEB-scoped dt_FB_; probe: ungated core_symbol_text contains dt_FB_,DERIVED_EVIDENCE,
openplcV3_CATANH,CATANH,OpenPLCv3,fold_8,UNIQUE,1,AICPS-PLCBEAD_PLCEmbed-c78a56f/PLC-BEAD/Source/OpenPLCv3/CATANH.ST,4e073ae083dc0b25a16da35e63bfccce14c844876a58c00a9cf77ab412f6a985,CATANH_Block,,instance0;program0,True,False,False,FN,explicit FUNCTION_BLOCK declaration in mapped Structured Text source,production: GEB-scoped dt_FB_; probe: ungated core_symbol_text contains dt_FB_,DERIVED_EVIDENCE,
openplcV3_CAUCHY,CAUCHY,OpenPLCv3,fold_9,UNIQUE,1,AICPS-PLCBEAD_PLCEmbed-c78a56f/PLC-BEAD/Source/OpenPLCv3/CAUCHY.ST,0d77e98eee4524803657163d608aa27460d2ec4b1caff4441e006d75f666fcef,,CAUCHY,instance0;program0,False,False,False,TN,explicit FUNCTION_BLOCK declaration in mapped Structured Text source,production: GEB-scoped dt_FB_; probe: ungated core_symbol_text contains dt_FB_,DERIVED_EVIDENCE,
openplcV3_CAUCHYCD,CAUCHYCD,OpenPLCv3,fold_0,UNIQUE,1,AICPS-PLCBEAD_PLCEmbed-c78a56f/PLC-BEAD/Source/OpenPLCv3/CAUCHYCD.ST,c933126200eb0cfcaed98a1af2fddcb4d2b9dadd92a420fa16155ce4d20f9d5f,,CAUCHYCD,instance0;program0,False,False,False,TN,explicit FUNCTION_BLOCK declaration in mapped Structured Text source,production: GEB-scoped dt_FB_; probe: ungated core_symbol_text contains dt_FB_,DERIVED_EVIDENCE,
openplcV3_CCON,CCON,OpenPLCv3,fold_9,UNIQUE,1,AICPS-PLCBEAD_PLCEmbed-c78a56f/PLC-BEAD/Source/OpenPLCv3/CCON.ST,567b492ac4a97e7d1b9c479b518ed04ef817f7dba12ea28a3572b1d64069f5f4,CCON_Block,,instance0;program0,True,False,False,FN,explicit FUNCTION_BLOCK declaration in mapped Structured Text source,production: GEB-scoped dt_FB_; probe: ungated core_symbol_text contains dt_FB_,DERIVED_EVIDENCE,
openplcV3_CCOS,CCOS,OpenPLCv3,fold_0,UNIQUE,1,AICPS-PLCBEAD_PLCEmbed-c78a56f/PLC-BEAD/Source/OpenPLCv3/CCOS.ST,6fba38e45aa03d212a4120ede1de99df980f336c93c4d826e91d88dc79b70650,CCOSH_Block;CCOS_Block;CSET_Block,COSH;SINH,instance0;program0,True,False,False,FN,explicit FUNCTION_BLOCK declaration in mapped Structured Text source,production: GEB-scoped dt_FB_; probe: ungated core_symbol_text contains dt_FB_,DERIVED_EVIDENCE,
openplcV3_CCOSH,CCOSH,OpenPLCv3,fold_1,UNIQUE,1,AICPS-PLCBEAD_PLCEmbed-c78a56f/PLC-BEAD/Source/OpenPLCv3/CCOSH.ST,02160dc07ca31030609300c979c6492ec21245fe2ef7fd19fa59f1b12a704d6b,CCOSH_Block,COSH;SINH,instance0;program0,True,False,False,FN,explicit FUNCTION_BLOCK declaration in mapped Structured Text source,production: GEB-scoped dt_FB_; probe: ungated core_symbol_text contains dt_FB_,DERIVED_EVIDENCE,
openplcV3_CDIV,CDIV,OpenPLCv3,fold_2,UNIQUE,1,AICPS-PLCBEAD_PLCEmbed-c78a56f/PLC-BEAD/Source/OpenPLCv3/CDIV.ST,d440901bcc8fcd871b06b811061a41dc91063a57c13be0bae75966ebe65f2b23,CDIV_Block,,instance0;program0,True,False,False,FN,explicit FUNCTION_BLOCK declaration in mapped Structured Text source,production: GEB-scoped dt_FB_; probe: ungated core_symbol_text contains dt_FB_,DERIVED_EVIDENCE,
openplcV3_CEIL,CEIL,OpenPLCv3,fold_1,UNIQUE,1,AICPS-PLCBEAD_PLCEmbed-c78a56f/PLC-BEAD/Source/OpenPLCv3/CEIL.ST,d49667af71f4d9bdabf84a07ab8ee24d7fb272aaabba1e342841aa873b433189,,CEIL,instance0;program0,False,False,False,TN,explicit FUNCTION_BLOCK declaration in mapped Structured Text source,production: GEB-scoped dt_FB_; probe: ungated core_symbol_text contains dt_FB_,DERIVED_EVIDENCE,
openplcV3_CEIL2,CEIL2,OpenPLCv3,fold_2,UNIQUE,1,AICPS-PLCBEAD_PLCEmbed-c78a56f/PLC-BEAD/Source/OpenPLCv3/CEIL2.ST,fed5c9b251b7cb4f59ab3aefea3fd64dec1d929bed03dbaf28257447b708c3cd,,CEIL2;_REAL_TO_DINT,instance0;program0,False,False,False,TN,explicit FUNCTION_BLOCK declaration in mapped Structured Text source,production: GEB-scoped dt_FB_; probe: ungated core_symbol_text contains dt_FB_,DERIVED_EVIDENCE,
openplcV3_CEXP,CEXP,OpenPLCv3,fold_3,UNIQUE,1,AICPS-PLCBEAD_PLCEmbed-c78a56f/PLC-BEAD/Source/OpenPLCv3/CEXP.ST,5f226a401d8ba938ae650b3d7df299c356c515ec120098591ffbd0fd3c68a5fe,CEXP_Block,,instance0;program0,True,False,False,FN,explicit FUNCTION_BLOCK declaration in mapped Structured Text source,production: GEB-scoped dt_FB_; probe: ungated core_symbol_text contains dt_FB_,DERIVED_EVIDENCE,
openplcV3_CHARNAME,CHARNAME,OpenPLCv3,fold_3,UNIQUE,1,AICPS-PLCBEAD_PLCEmbed-c78a56f/PLC-BEAD/Source/OpenPLCv3/CHARNAME.ST,b61011dde6f8136761b3b151a348d625fbe6071ee9a7a7042ef17a45c746ee98,CHARNAME_Block;CHR_TO_STRING_Block;SETUP_CHARNAMES_Block,,instance0;program0,True,False,False,FN,explicit FUNCTION_BLOCK declaration in mapped Structured Text source,production: GEB-scoped dt_FB_; probe: ungated core_symbol_text contains dt_FB_,DERIVED_EVIDENCE,
openplcV3_CHECK_PARITY,CHECK_PARITY,OpenPLCv3,fold_7,UNIQUE,1,AICPS-PLCBEAD_PLCEmbed-c78a56f/PLC-BEAD/Source/OpenPLCv3/CHECK_PARITY.ST,e31b98865650efde494609f4e6dcc30935b2cd129315d940db406ecc6adbe134,,BIT_OF_DWORD;CHECK_PARITY,instance0;program0,False,False,False,TN,explicit FUNCTION_BLOCK declaration in mapped Structured Text source,production: GEB-scoped dt_FB_; probe: ungated core_symbol_text contains dt_FB_,DERIVED_EVIDENCE,
openplcV3_CHR_TO_STRING,CHR_TO_STRING,OpenPLCv3,fold_4,UNIQUE,1,AICPS-PLCBEAD_PLCEmbed-c78a56f/PLC-BEAD/Source/OpenPLCv3/CHR_TO_STRING.ST,fb3dd3624a61158e9f3f5f1ba643451946028f9db1da8201b0826ff0983177b0,CHR_TO_STRING_Block,,instance0;program0,True,False,False,FN,explicit FUNCTION_BLOCK declaration in mapped Structured Text source,production: GEB-scoped dt_FB_; probe: ungated core_symbol_text contains dt_FB_,DERIVED_EVIDENCE,
openplcV3_CINV,CINV,OpenPLCv3,fold_4,UNIQUE,1,AICPS-PLCBEAD_PLCEmbed-c78a56f/PLC-BEAD/Source/OpenPLCv3/CINV.ST,fccdee186393d30e072ad39b1c07ec2cd2edb8bda1711d7301b56c339cb1c235,CINV_Block,,instance0;program0,True,False,False,FN,explicit FUNCTION_BLOCK declaration in mapped Structured Text source,production: GEB-scoped dt_FB_; probe: ungated core_symbol_text contains dt_FB_,DERIVED_EVIDENCE,
openplcV3_CIRCLE_A,CIRCLE_A,OpenPLCv3,fold_0,UNIQUE,1,AICPS-PLCBEAD_PLCEmbed-c78a56f/PLC-BEAD/Source/OpenPLCv3/CIRCLE_A.ST,4cdf23f6031ed697ddf9a8851b9196df4695a03d34760b74d6ba14d156fff169,,CIRCLE_A,instance0;program0,False,False,False,TN,explicit FUNCTION_BLOCK declaration in mapped Structured Text source,production: GEB-scoped dt_FB_; probe: ungated core_symbol_text contains dt_FB_,DERIVED_EVIDENCE,
openplcV3_CIRCLE_C,CIRCLE_C,OpenPLCv3,fold_1,UNIQUE,1,AICPS-PLCBEAD_PLCEmbed-c78a56f/PLC-BEAD/Source/OpenPLCv3/CIRCLE_C.ST,508ba57b0a0396e9d52f51e32104d9c1a9e3efc44b648ed1c6819a2db84d1580,,CIRCLE_C,instance0;program0,False,False,False,TN,explicit FUNCTION_BLOCK declaration in mapped Structured Text source,production: GEB-scoped dt_FB_; probe: ungated core_symbol_text contains dt_FB_,DERIVED_EVIDENCE,
openplcV3_CIRCLE_SEG,CIRCLE_SEG,OpenPLCv3,fold_2,UNIQUE,1,AICPS-PLCBEAD_PLCEmbed-c78a56f/PLC-BEAD/Source/OpenPLCv3/CIRCLE_SEG.ST,33daa714f9e008a084c1b1d7c39001d877764ee83bd3f362363f8344c60a4816,,CIRCLE_SEG,instance0;program0,False,False,False,TN,explicit FUNCTION_BLOCK declaration in mapped Structured Text source,production: GEB-scoped dt_FB_; probe: ungated core_symbol_text contains dt_FB_,DERIVED_EVIDENCE,
openplcV3_CLEAN,CLEAN,OpenPLCv3,fold_5,UNIQUE,1,AICPS-PLCBEAD_PLCEmbed-c78a56f/PLC-BEAD/Source/OpenPLCv3/CLEAN.ST,0eb433c28637db27cfd9446bdbf234a9ca95aa6a68d004d53536028d007a8e8e,CLEAN_Block,,instance0;program0,True,False,False,FN,explicit FUNCTION_BLOCK declaration in mapped Structured Text source,production: GEB-scoped dt_FB_; probe: ungated core_symbol_text contains dt_FB_,DERIVED_EVIDENCE,
openplcV3_CLICK,CLICK,OpenPLCv3,fold_0,UNIQUE,1,AICPS-PLCBEAD_PLCEmbed-c78a56f/PLC-BEAD/Source/OpenPLCv3/CLICK.ST,0026c7dc3bf1d267408c022cafcc39b69595dcd58ba60a38dc0d410ecc6be64e,CLICK_Block;SW_RECONFIG_Block;T_PLC_MS_block,UDINT_TO_TIME2,instance0;program0,True,False,False,FN,explicit FUNCTION_BLOCK declaration in mapped Structured Text source,production: GEB-scoped dt_FB_; probe: ungated core_symbol_text contains dt_FB_,DERIVED_EVIDENCE,
openplcV3_CLICK_CNT,CLICK_CNT,OpenPLCv3,fold_2,UNIQUE,1,AICPS-PLCBEAD_PLCEmbed-c78a56f/PLC-BEAD/Source/OpenPLCv3/CLICK_CNT.ST,3f0ce01ec886c10a66bd9d01455987c474231e4c4a1ba03aed03a81c3b72a649,CLICK_CNT,,instance0;program0,True,False,False,FN,explicit FUNCTION_BLOCK declaration in mapped Structured Text source,production: GEB-scoped dt_FB_; probe: ungated core_symbol_text contains dt_FB_,DERIVED_EVIDENCE,
openplcV3_CLICK_DEC,CLICK_DEC,OpenPLCv3,fold_3,UNIQUE,1,AICPS-PLCBEAD_PLCEmbed-c78a56f/PLC-BEAD/Source/OpenPLCv3/CLICK_DEC.ST,f49500457712e974a6da60fee03de0d72cfd7ce55b12e7faae7aa26e877ec34d,CLICK_DEC,,instance0;program0,True,False,False,FN,explicit FUNCTION_BLOCK declaration in mapped Structured Text source,production: GEB-scoped dt_FB_; probe: ungated core_symbol_text contains dt_FB_,DERIVED_EVIDENCE,
openplcV3_CLICK_MODE,CLICK_MODE,OpenPLCv3,fold_1,UNIQUE,1,AICPS-PLCBEAD_PLCEmbed-c78a56f/PLC-BEAD/Source/OpenPLCv3/CLICK_MODE.ST,b18a2ef9ac52eaa253a5c1369d845f695164f77ea4a72de02e6cac60c98fd493,CLICK_MODE_Block,,instance0;program0,True,False,False,FN,explicit FUNCTION_BLOCK declaration in mapped Structured Text source,production: GEB-scoped dt_FB_; probe: ungated core_symbol_text contains dt_FB_,DERIVED_EVIDENCE,
openplcV3_CLK_DIV,CLK_DIV,OpenPLCv3,fold_4,UNIQUE,1,AICPS-PLCBEAD_PLCEmbed-c78a56f/PLC-BEAD/Source/OpenPLCv3/CLK_DIV.ST,89b34c3959a8a23f63d4e567e82f4547042b7941282abcc5cab29427570d8ecd,CLK_DIV,BIT_OF_DWORD,instance0;program0,True,False,False,FN,explicit FUNCTION_BLOCK declaration in mapped Structured Text source,production: GEB-scoped dt_FB_; probe: ungated core_symbol_text contains dt_FB_,DERIVED_EVIDENCE,
openplcV3_CLK_N,CLK_N,OpenPLCv3,fold_5,UNIQUE,1,AICPS-PLCBEAD_PLCEmbed-c78a56f/PLC-BEAD/Source/OpenPLCv3/CLK_N.ST,727ae55ab85b7a0c70e10a7faa57c94de4b94b64c617633bff55fe2535eedec1,CLK_N;T_PLC_MS_block,BIT_OF_DWORD,instance0;program0,True,False,False,FN,explicit FUNCTION_BLOCK declaration in mapped Structured Text source,production: GEB-scoped dt_FB_; probe: ungated core_symbol_text contains dt_FB_,DERIVED_EVIDENCE,
openplcV3_CLK_PRG,CLK_PRG,OpenPLCv3,fold_6,UNIQUE,1,AICPS-PLCBEAD_PLCEmbed-c78a56f/PLC-BEAD/Source/OpenPLCv3/CLK_PRG.ST,531c9795ebe1d072b30e359cc0cecbe9c1e34e2177987983df4215061aed7783,CLK_PRG;T_PLC_MS_block,,instance0;program0,True,False,False,FN,explicit FUNCTION_BLOCK declaration in mapped Structured Text source,production: GEB-scoped dt_FB_; probe: ungated core_symbol_text contains dt_FB_,DERIVED_EVIDENCE,
openplcV3_CLK_PULSE,CLK_PULSE,OpenPLCv3,fold_7,UNIQUE,1,AICPS-PLCBEAD_PLCEmbed-c78a56f/PLC-BEAD/Source/OpenPLCv3/CLK_PULSE.ST,be6194b2104c385b53fa168ff3689aca459dc56857070f03458c90fcc6363cc1,CLK_PULSE;T_PLC_MS_block,TIME_TO_UDINT2,instance0;program0,True,False,False,FN,explicit FUNCTION_BLOCK declaration in mapped Structured Text source,production: GEB-scoped dt_FB_; probe: ungated core_symbol_text contains dt_FB_,DERIVED_EVIDENCE,
openplcV3_CLOG,CLOG,OpenPLCv3,fold_5,UNIQUE,1,AICPS-PLCBEAD_PLCEmbed-c78a56f/PLC-BEAD/Source/OpenPLCv3/CLOG.ST,1fce4353f9b594386f54fe52ae9f465205d4ebbbe86bfe611bcad8f50f0ac25b,CLOG_Block,ATAN2;HYPOT,instance0;program0,True,False,False,FN,explicit FUNCTION_BLOCK declaration in mapped Structured Text source,production: GEB-scoped dt_FB_; probe: ungated core_symbol_text contains dt_FB_,DERIVED_EVIDENCE,
openplcV3_CMP,CMP,OpenPLCv3,fold_3,UNIQUE,1,AICPS-PLCBEAD_PLCEmbed-c78a56f/PLC-BEAD/Source/OpenPLCv3/CMP.ST,e77c82e601b0454cbd6fb0cc4be38db8a0fcc0210bfa85ccd38394d7ed5ef89c,,CMP;EXP10;FLOOR,instance0;program0,False,False,False,TN,explicit FUNCTION_BLOCK declaration in mapped Structured Text source,production: GEB-scoped dt_FB_; probe: ungated core_symbol_text contains dt_FB_,DERIVED_EVIDENCE,
openplcV3_CMUL,CMUL,OpenPLCv3,fold_6,UNIQUE,1,AICPS-PLCBEAD_PLCEmbed-c78a56f/PLC-BEAD/Source/OpenPLCv3/CMUL.ST,2d55aaf4460457f04340b33e84dc4d682460f39780989f1edcc9274c7943d002,CMUL_Block,,instance0;program0,True,False,False,FN,explicit FUNCTION_BLOCK declaration in mapped Structured Text source,production: GEB-scoped dt_FB_; probe: ungated core_symbol_text contains dt_FB_,DERIVED_EVIDENCE,
openplcV3_CONE_V,CONE_V,OpenPLCv3,fold_3,UNIQUE,1,AICPS-PLCBEAD_PLCEmbed-c78a56f/PLC-BEAD/Source/OpenPLCv3/CONE_V.ST,e4bca92fa51515b71a9dacff3f72ca26e21e03850a027f644964b7ddebb2f346,,CONE_V,instance0;program0,False,False,False,TN,explicit FUNCTION_BLOCK declaration in mapped Structured Text source,production: GEB-scoped dt_FB_; probe: ungated core_symbol_text contains dt_FB_,DERIVED_EVIDENCE,
openplcV3_CONTROL_SET1,CONTROL_SET1,OpenPLCv3,fold_1,UNIQUE,1,AICPS-PLCBEAD_PLCEmbed-c78a56f/PLC-BEAD/Source/OpenPLCv3/CONTROL_SET1.ST,c18f6de694038bce8ee1aceeb36337458693f3ec66255b696442344d18dec4e8,CONTROL_SET1_Block,,instance0;program0,True,False,False,FN,explicit FUNCTION_BLOCK declaration in mapped Structured Text source,production: GEB-scoped dt_FB_; probe: ungated core_symbol_text contains dt_FB_,DERIVED_EVIDENCE,
openplcV3_CONTROL_SET2,CONTROL_SET2,OpenPLCv3,fold_2,UNIQUE,1,AICPS-PLCBEAD_PLCEmbed-c78a56f/PLC-BEAD/Source/OpenPLCv3/CONTROL_SET2.ST,6dfc6cbfde24a0cc1893ffc374ec8063b963833c6bb4a3888aaae43e208a535b,CONTROL_SET2,,instance0;program0,True,False,False,FN,explicit FUNCTION_BLOCK declaration in mapped Structured Text source,production: GEB-scoped dt_FB_; probe: ungated core_symbol_text contains dt_FB_,DERIVED_EVIDENCE,
openplcV3_COSH,COSH,OpenPLCv3,fold_4,UNIQUE,1,AICPS-PLCBEAD_PLCEmbed-c78a56f/PLC-BEAD/Source/OpenPLCv3/COSH.ST,d34e2e6f9405f7bfd9433e3bb6632cbba07abdc30e2a421b4b867c04f386a4c1,,COSH,instance0;program0,False,False,False,TN,explicit FUNCTION_BLOCK declaration in mapped Structured Text source,production: GEB-scoped dt_FB_; probe: ungated core_symbol_text contains dt_FB_,DERIVED_EVIDENCE,
openplcV3_COTH,COTH,OpenPLCv3,fold_5,UNIQUE,1,AICPS-PLCBEAD_PLCEmbed-c78a56f/PLC-BEAD/Source/OpenPLCv3/COTH.ST,996abbd90040b40744146b4158ad858256ec56509707fc575554c3ea83ba13ec,,COTH,instance0;program0,False,False,False,TN,explicit FUNCTION_BLOCK declaration in mapped Structured Text source,production: GEB-scoped dt_FB_; probe: ungated core_symbol_text contains dt_FB_,DERIVED_EVIDENCE,
openplcV3_COUNT_BR,COUNT_BR,OpenPLCv3,fold_0,UNIQUE,1,AICPS-PLCBEAD_PLCEmbed-c78a56f/PLC-BEAD/Source/OpenPLCv3/COUNT_BR.ST,dd4a7a67a6e34220b98b5fb18c8cd438648b1f928d4e4d1a1e1fed181609508d,COUNT_BR,INC;_BYTE_TO_INT,instance0;program0,True,False,False,FN,explicit FUNCTION_BLOCK declaration in mapped Structured Text source,production: GEB-scoped dt_FB_; probe: ungated core_symbol_text contains dt_FB_,DERIVED_EVIDENCE,
openplcV3_COUNT_DR,COUNT_DR,OpenPLCv3,fold_1,UNIQUE,1,AICPS-PLCBEAD_PLCEmbed-c78a56f/PLC-BEAD/Source/OpenPLCv3/COUNT_DR.ST,8c093b4f00ef1cbdf505a21eddc33af92f9d0d7d86d09b4bc193e0f1eadbaa7a,COUNT_DR,,instance0;program0,True,False,False,FN,explicit FUNCTION_BLOCK declaration in mapped Structured Text source,production: GEB-scoped dt_FB_; probe: ungated core_symbol_text contains dt_FB_,DERIVED_EVIDENCE,
openplcV3_COUNT_SUBSTRING,COUNT_SUBSTRING,OpenPLCv3,fold_6,UNIQUE,1,AICPS-PLCBEAD_PLCEmbed-c78a56f/PLC-BEAD/Source/OpenPLCv3/COUNT_SUBSTRING.ST,21e01880278b32d4e31651268dc7fb72f1547235e4fb9e38a260da9702ca5e3a,COUNT_SUBSTRING_Block,,instance0;program0,True,False,False,FN,explicit FUNCTION_BLOCK declaration in mapped Structured Text source,production: GEB-scoped dt_FB_; probe: ungated core_symbol_text contains dt_FB_,DERIVED_EVIDENCE,
openplcV3_CPOL,CPOL,OpenPLCv3,fold_7,UNIQUE,1,AICPS-PLCBEAD_PLCEmbed-c78a56f/PLC-BEAD/Source/OpenPLCv3/CPOL.ST,f18923b8057a497a9bc182ddbf287a0cacbc4fb96ee2b49279325debf229dab5,CPOL_Block,,instance0;program0,True,False,False,FN,explicit FUNCTION_BLOCK declaration in mapped Structured Text source,production: GEB-scoped dt_FB_; probe: ungated core_symbol_text contains dt_FB_,DERIVED_EVIDENCE,
openplcV3_CPOW,CPOW,OpenPLCv3,fold_8,UNIQUE,1,AICPS-PLCBEAD_PLCEmbed-c78a56f/PLC-BEAD/Source/OpenPLCv3/CPOW.ST,81cf4c4f4666f47bf84caa16ec9c9d9f93039b8036ef53becf1a74f5476e3ff7,CEXP_Block;CLOG_Block;CMUL_Block;CPOW_Block,ATAN2;HYPOT,instance0;program0,True,False,False,FN,explicit FUNCTION_BLOCK declaration in mapped Structured Text source,production: GEB-scoped dt_FB_; probe: ungated core_symbol_text contains dt_FB_,DERIVED_EVIDENCE,
openplcV3_CRC_GEN,CRC_GEN,OpenPLCv3,fold_8,UNIQUE,1,AICPS-PLCBEAD_PLCEmbed-c78a56f/PLC-BEAD/Source/OpenPLCv3/CRC_GEN.ST,ea0149b5a6dd9df0b98a41e7e612a305923a0da707a7fc6a750aeb7f4bec5b4c,CRC_GEN_Block,REFLECT;REVERSE,instance0;program0,True,False,False,FN,explicit FUNCTION_BLOCK declaration in mapped Structured Text source,production: GEB-scoped dt_FB_; probe: ungated core_symbol_text contains dt_FB_,DERIVED_EVIDENCE,
openplcV3_CSET,CSET,OpenPLCv3,fold_9,UNIQUE,1,AICPS-PLCBEAD_PLCEmbed-c78a56f/PLC-BEAD/Source/OpenPLCv3/CSET.ST,bd8d28a4ac5bc0ce6f81a06f5e09f11deda54a9945a65cb65ef73da3f65ad855,CSET_Block,,instance0;program0,True,False,False,FN,explicit FUNCTION_BLOCK declaration in mapped Structured Text source,production: GEB-scoped dt_FB_; probe: ungated core_symbol_text contains dt_FB_,DERIVED_EVIDENCE,
openplcV3_CSIN,CSIN,OpenPLCv3,fold_0,UNIQUE,1,AICPS-PLCBEAD_PLCEmbed-c78a56f/PLC-BEAD/Source/OpenPLCv3/CSIN.ST,abaf5d5fb70f32d17fb4732ef6572dfa3f07f7083904c99c34b0ee971a8970ec,CSIN_Block,COSH;SINH,instance0;program0,True,False,False,FN,explicit FUNCTION_BLOCK declaration in mapped Structured Text source,production: GEB-scoped dt_FB_; probe: ungated core_symbol_text contains dt_FB_,DERIVED_EVIDENCE,
openplcV3_CSINH,CSINH,OpenPLCv3,fold_1,UNIQUE,1,AICPS-PLCBEAD_PLCEmbed-c78a56f/PLC-BEAD/Source/OpenPLCv3/CSINH.ST,3e002c0f4f3d28f352b187ad28330819bf2465206ce1e9277f015a121a07e4e8,CSINH_Block,COSH;SINH,instance0;program0,True,False,False,FN,explicit FUNCTION_BLOCK declaration in mapped Structured Text source,production: GEB-scoped dt_FB_; probe: ungated core_symbol_text contains dt_FB_,DERIVED_EVIDENCE,
openplcV3_CSQRT,CSQRT,OpenPLCv3,fold_2,UNIQUE,1,AICPS-PLCBEAD_PLCEmbed-c78a56f/PLC-BEAD/Source/OpenPLCv3/CSQRT.ST,4bbeb42afa0fff7e5b741d2adeff7ecdf04a276d8f7ccfafd71da2308cd316dc,CSQRT_Block,HYPOT;SGN,instance0;program0,True,False,False,FN,explicit FUNCTION_BLOCK declaration in mapped Structured Text source,production: GEB-scoped dt_FB_; probe: ungated core_symbol_text contains dt_FB_,DERIVED_EVIDENCE,
openplcV3_CSUB,CSUB,OpenPLCv3,fold_3,UNIQUE,1,AICPS-PLCBEAD_PLCEmbed-c78a56f/PLC-BEAD/Source/OpenPLCv3/CSUB.ST,70884bfcb4ae4958667ac645f999b5812de11e32562cb468697c2d148fcc4cbc,CSUB_Block,,instance0;program0,True,False,False,FN,explicit FUNCTION_BLOCK declaration in mapped Structured Text source,production: GEB-scoped dt_FB_; probe: ungated core_symbol_text contains dt_FB_,DERIVED_EVIDENCE,
openplcV3_CTAN,CTAN,OpenPLCv3,fold_4,UNIQUE,1,AICPS-PLCBEAD_PLCEmbed-c78a56f/PLC-BEAD/Source/OpenPLCv3/CTAN.ST,161eeea3f688a24e669c364b34c045285d6586d51acbceecb5481cb4797d2729,CTAN_Block,COSH;SINH,instance0;program0,True,False,False,FN,explicit FUNCTION_BLOCK declaration in mapped Structured Text source,production: GEB-scoped dt_FB_; probe: ungated core_symbol_text contains dt_FB_,DERIVED_EVIDENCE,
openplcV3_CTANH,CTANH,OpenPLCv3,fold_5,UNIQUE,1,AICPS-PLCBEAD_PLCEmbed-c78a56f/PLC-BEAD/Source/OpenPLCv3/CTANH.ST,101b01ba731711340085e386aa2a1946121282703a731c0bc8562fc7179eba94,CTANH_Block,COSH;SINH,instance0;program0,True,False,False,FN,explicit FUNCTION_BLOCK declaration in mapped Structured Text source,production: GEB-scoped dt_FB_; probe: ungated core_symbol_text contains dt_FB_,DERIVED_EVIDENCE,
openplcV3_CTRL_IN,CTRL_IN,OpenPLCv3,fold_3,UNIQUE,1,AICPS-PLCBEAD_PLCEmbed-c78a56f/PLC-BEAD/Source/OpenPLCv3/CTRL_IN.ST,6da9df6819e34fb28c238d0671216524192a1718f33a40d860d7ab7d6a072fb2,,CTRL_IN;DEAD_ZONE,instance0;program0,False,False,False,TN,explicit FUNCTION_BLOCK declaration in mapped Structured Text source,production: GEB-scoped dt_FB_; probe: ungated core_symbol_text contains dt_FB_,DERIVED_EVIDENCE,
openplcV3_CTRL_OUT,CTRL_OUT,OpenPLCv3,fold_4,UNIQUE,1,AICPS-PLCBEAD_PLCEmbed-c78a56f/PLC-BEAD/Source/OpenPLCv3/CTRL_OUT.ST,f37a596be43c917d1102c411147fff2e06eee13204b29ba373c0127cd73fd295,CTRL_OUT,,instance0;program0,True,False,False,FN,explicit FUNCTION_BLOCK declaration in mapped Structured Text source,production: GEB-scoped dt_FB_; probe: ungated core_symbol_text contains dt_FB_,DERIVED_EVIDENCE,
openplcV3_CTRL_PI,CTRL_PI,OpenPLCv3,fold_5,UNIQUE,1,AICPS-PLCBEAD_PLCEmbed-c78a56f/PLC-BEAD/Source/OpenPLCv3/CTRL_PI.ST,48eacfa69c9e044884f0332216ea9983f2761efb14c3c98576c51b2fe02530f5,CTRL_OUT;CTRL_PI;FT_PIWL;T_PLC_US_Block,CTRL_IN;DEAD_ZONE,instance0;program0,True,False,False,FN,explicit FUNCTION_BLOCK declaration in mapped Structured Text source,production: GEB-scoped dt_FB_; probe: ungated core_symbol_text contains dt_FB_,DERIVED_EVIDENCE,
openplcV3_CTRL_PID,CTRL_PID,OpenPLCv3,fold_6,UNIQUE,1,AICPS-PLCBEAD_PLCEmbed-c78a56f/PLC-BEAD/Source/OpenPLCv3/CTRL_PID.ST,fc8e746c10e47c6d6f15007dd1de31151dc1d44719116a93701092b70cac47a3,CTRL_OUT;CTRL_PID;FT_DERIV;FT_PIDWL;FT_PIWL;T_PLC_US_Block,CTRL_IN;DEAD_ZONE,instance0;program0,True,False,False,FN,explicit FUNCTION_BLOCK declaration in mapped Structured Text source,production: GEB-scoped dt_FB_; probe: ungated core_symbol_text contains dt_FB_,DERIVED_EVIDENCE,
openplcV3_CTRL_PWM,CTRL_PWM,OpenPLCv3,fold_7,UNIQUE,1,AICPS-PLCBEAD_PLCEmbed-c78a56f/PLC-BEAD/Source/OpenPLCv3/CTRL_PWM.ST,388e0b649f3e802f80dd85f3ac86f4f2c92c4fb9c759c7c075e3d4eafeacd1fd,CLK_PRG;CTRL_PWM;PWM_DC;TP_X;T_PLC_MS_block,REAL_TO_TIME2;_REAL_TO_UDINT,instance0;program0,True,False,False,FN,explicit FUNCTION_BLOCK declaration in mapped Structured Text source,production: GEB-scoped dt_FB_; probe: ungated core_symbol_text contains dt_FB_,DERIVED_EVIDENCE,
openplcV3_CYCLE_4,CYCLE_4,OpenPLCv3,fold_8,UNIQUE,1,AICPS-PLCBEAD_PLCEmbed-c78a56f/PLC-BEAD/Source/OpenPLCv3/CYCLE_4.ST,6d8646d43dc11279d86cb9787e2e02082a88f14b9c3aa5714d77d259ff141880,CYCLE_4;T_PLC_MS_block,,instance0;program0,True,False,False,FN,explicit FUNCTION_BLOCK declaration in mapped Structured Text source,production: GEB-scoped dt_FB_; probe: ungated core_symbol_text contains dt_FB_,DERIVED_EVIDENCE,
openplcV3_CYCLE_TIME,CYCLE_TIME,OpenPLCv3,fold_3,UNIQUE,1,AICPS-PLCBEAD_PLCEmbed-c78a56f/PLC-BEAD/Source/OpenPLCv3/CYCLE_TIME.ST,547d3b940e06831bac8b051718b26cbbce60a32006a10353bd5eb8ad7f667ecb,CYCLE_TIME;T_PLC_MS_block,,instance0;program0,True,False,False,FN,explicit FUNCTION_BLOCK declaration in mapped Structured Text source,production: GEB-scoped dt_FB_; probe: ungated core_symbol_text contains dt_FB_,DERIVED_EVIDENCE,
openplcV3_C_TO_F,C_TO_F,OpenPLCv3,fold_2,UNIQUE,1,AICPS-PLCBEAD_PLCEmbed-c78a56f/PLC-BEAD/Source/OpenPLCv3/C_TO_F.ST,91f70264134f62933a718e7c1d6d358193df20968b521508afdad079a0b5b722,,C_TO_F,instance0;program0,False,False,False,TN,explicit FUNCTION_BLOCK declaration in mapped Structured Text source,production: GEB-scoped dt_FB_; probe: ungated core_symbol_text contains dt_FB_,DERIVED_EVIDENCE,
openplcV3_C_TO_K,C_TO_K,OpenPLCv3,fold_3,UNIQUE,1,AICPS-PLCBEAD_PLCEmbed-c78a56f/PLC-BEAD/Source/OpenPLCv3/C_TO_K.ST,443d569ce0f52f9b28ba3ff4e45e1f4c6c747a6a42018733088e4016ece3c846,,C_TO_K,instance0;program0,False,False,False,TN,explicit FUNCTION_BLOCK declaration in mapped Structured Text source,production: GEB-scoped dt_FB_; probe: ungated core_symbol_text contains dt_FB_,DERIVED_EVIDENCE,
openplcV3_DATE_ADD,DATE_ADD,OpenPLCv3,fold_1,UNIQUE,1,AICPS-PLCBEAD_PLCEmbed-c78a56f/PLC-BEAD/Source/OpenPLCv3/DATE_ADD.ST,c67fc773f8db40424acb59498118ca7ddc0ab9abe3ef6143329404d1d143ce35,,DATE_ADD;DAY_OF_MONTH;DAY_OF_WEEK;DAY_OF_YEAR;LEAP_OF_DATE;MONTH_OF_DATE;SET_DATE;YEAR_OF_DATE;_INT_TO_UDINT,instance0;program0,False,False,False,TN,explicit FUNCTION_BLOCK declaration in mapped Structured Text source,production: GEB-scoped dt_FB_; probe: ungated core_symbol_text contains dt_FB_,DERIVED_EVIDENCE,
openplcV3_DATE_TO_DT,DATE_TO_DT,OpenPLCv3,fold_2,UNIQUE,1,AICPS-PLCBEAD_PLCEmbed-c78a56f/PLC-BEAD/Source/OpenPLCv3/DATE_TO_DT.ST,24ba49fdfe890ded8e2cf16955dfb3d848a7c624490f9e1b4387c2ab6da82fc6,,DATE_TO_DT,instance0;program0,False,False,False,TN,explicit FUNCTION_BLOCK declaration in mapped Structured Text source,production: GEB-scoped dt_FB_; probe: ungated core_symbol_text contains dt_FB_,DERIVED_EVIDENCE,
openplcV3_DATE_TO_DWORD,DATE_TO_DWORD,OpenPLCv3,fold_3,UNIQUE,1,AICPS-PLCBEAD_PLCEmbed-c78a56f/PLC-BEAD/Source/OpenPLCv3/DATE_TO_DWORD.ST,088a7ee16c352c5e42854c3765661c1a5f74567016be299a15b52e2f5e0a2fcc,,DATE_TO_DWORD2,instance0;program0,False,False,False,TN,explicit FUNCTION_BLOCK declaration in mapped Structured Text source,production: GEB-scoped dt_FB_; probe: ungated core_symbol_text contains dt_FB_,DERIVED_EVIDENCE,
openplcV3_DATE_TO_REAL,DATE_TO_REAL,OpenPLCv3,fold_4,UNIQUE,1,AICPS-PLCBEAD_PLCEmbed-c78a56f/PLC-BEAD/Source/OpenPLCv3/DATE_TO_REAL.ST,f1cbe96a1e88583175361880e99ba88d5f0ecb43c7cff1e9b037c75b65ca66ae,,DATE_TO_REAL2,instance0;program0,False,False,False,TN,explicit FUNCTION_BLOCK declaration in mapped Structured Text source,production: GEB-scoped dt_FB_; probe: ungated core_symbol_text contains dt_FB_,DERIVED_EVIDENCE,
openplcV3_DATE_TO_STRING,DATE_TO_STRING,OpenPLCv3,fold_7,UNIQUE,1,AICPS-PLCBEAD_PLCEmbed-c78a56f/PLC-BEAD/Source/OpenPLCv3/DATE_TO_STRING.ST,599a3e7130143977822ad377d054d68ba9a99533b3dfda7cd10c35b86b390ae1,DATE_TO_STRING2,DAY_OF_MONTH;DAY_OF_YEAR;LEAP_OF_DATE;MONTH_OF_DATE;YEAR_OF_DATE,instance0;program0,True,False,False,FN,explicit FUNCTION_BLOCK declaration in mapped Structured Text source,production: GEB-scoped dt_FB_; probe: ungated core_symbol_text contains dt_FB_,DERIVED_EVIDENCE,
openplcV3_DATE_TO_UDINT,DATE_TO_UDINT,OpenPLCv3,fold_5,UNIQUE,1,AICPS-PLCBEAD_PLCEmbed-c78a56f/PLC-BEAD/Source/OpenPLCv3/DATE_TO_UDINT.ST,856e155980fdecada4495e48bc91d0f2c107fba6e8aa6e3b6b235aa969d590d0,,DATE_TO_UDINT2,instance0;program0,False,False,False,TN,explicit FUNCTION_BLOCK declaration in mapped Structured Text source,production: GEB-scoped dt_FB_; probe: ungated core_symbol_text contains dt_FB_,DERIVED_EVIDENCE,
openplcV3_DAYS_DELTA,DAYS_DELTA,OpenPLCv3,fold_1,UNIQUE,1,AICPS-PLCBEAD_PLCEmbed-c78a56f/PLC-BEAD/Source/OpenPLCv3/DAYS_DELTA.ST,2f8fd5ea7fe275bd5f8010e59d6209054c7510da67d1e7b7f1ea5cbbb056e04d,,DAYS_DELTA,instance0;program0,False,False,False,TN,explicit FUNCTION_BLOCK declaration in mapped Structured Text source,production: GEB-scoped dt_FB_; probe: ungated core_symbol_text contains dt_FB_,DERIVED_EVIDENCE,
openplcV3_DAYS_IN_MONTH,DAYS_IN_MONTH,OpenPLCv3,fold_2,UNIQUE,1,AICPS-PLCBEAD_PLCEmbed-c78a56f/PLC-BEAD/Source/OpenPLCv3/DAYS_IN_MONTH.ST,50cfac504034ce2a25a04bb7c257e47376793cabddd5fb5e0cd085e8709c3893,,DAYS_IN_MONTH;DAY_OF_YEAR;LEAP_OF_DATE,instance0;program0,False,False,False,TN,explicit FUNCTION_BLOCK declaration in mapped Structured Text source,production: GEB-scoped dt_FB_; probe: ungated core_symbol_text contains dt_FB_,DERIVED_EVIDENCE,
openplcV3_DAYS_IN_YEAR,DAYS_IN_YEAR,OpenPLCv3,fold_3,UNIQUE,1,AICPS-PLCBEAD_PLCEmbed-c78a56f/PLC-BEAD/Source/OpenPLCv3/DAYS_IN_YEAR.ST,f5bb360f155f2b4d663814b3b0f7dafbda47dcd63f531cf6a658ca039b5c1b87,,DAYS_IN_YEAR;LEAP_OF_DATE,instance0;program0,False,False,False,TN,explicit FUNCTION_BLOCK declaration in mapped Structured Text source,production: GEB-scoped dt_FB_; probe: ungated core_symbol_text contains dt_FB_,DERIVED_EVIDENCE,
openplcV3_DAY_OF_DATE,DAY_OF_DATE,OpenPLCv3,fold_6,UNIQUE,1,AICPS-PLCBEAD_PLCEmbed-c78a56f/PLC-BEAD/Source/OpenPLCv3/DAY_OF_DATE.ST,f83fcfdb56c218a8d92332d7dd944447d7d08e6532ab423f6bf40348eea63777,,DAY_OF_DATE,instance0;program0,False,False,False,TN,explicit FUNCTION_BLOCK declaration in mapped Structured Text source,production: GEB-scoped dt_FB_; probe: ungated core_symbol_text contains dt_FB_,DERIVED_EVIDENCE,
openplcV3_DAY_OF_MONTH,DAY_OF_MONTH,OpenPLCv3,fold_7,UNIQUE,1,AICPS-PLCBEAD_PLCEmbed-c78a56f/PLC-BEAD/Source/OpenPLCv3/DAY_OF_MONTH.ST,826995db704efef300b1e1c98ddbdfe9912907023ab168db9044bdcd857bd3be,,DAY_OF_MONTH;DAY_OF_YEAR;LEAP_OF_DATE,instance0;program0,False,False,False,TN,explicit FUNCTION_BLOCK declaration in mapped Structured Text source,production: GEB-scoped dt_FB_; probe: ungated core_symbol_text contains dt_FB_,DERIVED_EVIDENCE,
openplcV3_DAY_OF_WEEK,DAY_OF_WEEK,OpenPLCv3,fold_8,UNIQUE,1,AICPS-PLCBEAD_PLCEmbed-c78a56f/PLC-BEAD/Source/OpenPLCv3/DAY_OF_WEEK.ST,49dae63366edd31143ea334e070b22d22cba110002484152ce8475e6e0d706f1,,DAY_OF_WEEK,instance0;program0,False,False,False,TN,explicit FUNCTION_BLOCK declaration in mapped Structured Text source,production: GEB-scoped dt_FB_; probe: ungated core_symbol_text contains dt_FB_,DERIVED_EVIDENCE,
openplcV3_DAY_OF_YEAR,DAY_OF_YEAR,OpenPLCv3,fold_9,UNIQUE,1,AICPS-PLCBEAD_PLCEmbed-c78a56f/PLC-BEAD/Source/OpenPLCv3/DAY_OF_YEAR.ST,6e4771664da90fcbfe3a5dfeca192cab9c73c3baee5b651a4760f3b37691759d,,DAY_OF_YEAR,instance0;program0,False,False,False,TN,explicit FUNCTION_BLOCK declaration in mapped Structured Text source,production: GEB-scoped dt_FB_; probe: ungated core_symbol_text contains dt_FB_,DERIVED_EVIDENCE,
openplcV3_DAY_TO_TIME,DAY_TO_TIME,OpenPLCv3,fold_0,UNIQUE,1,AICPS-PLCBEAD_PLCEmbed-c78a56f/PLC-BEAD/Source/OpenPLCv3/DAY_TO_TIME.ST,63c15695c66ad80e702ed8a00bea8622fcbc89765fb8f7c5a27471049a1ed017,,DAY_TO_TIME;_REAL_TO_UDINT,instance0;program0,False,False,False,TN,explicit FUNCTION_BLOCK declaration in mapped Structured Text source,production: GEB-scoped dt_FB_; probe: ungated core_symbol_text contains dt_FB_,DERIVED_EVIDENCE,
openplcV3_DCF77,DCF77,OpenPLCv3,fold_4,UNIQUE,1,AICPS-PLCBEAD_PLCEmbed-c78a56f/PLC-BEAD/Source/OpenPLCv3/DCF77.ST,d76a91355e23a88c4756313f518127b92d03f2f3294cb969d055df64f5a11e1d,DCF77;T_PLC_MS_block,BIT_LOAD_W;BIT_OF_DWORD;DAY_OF_WEEK;DST;DT_TO_DATE2;EVEN;SET_DATE;SET_DT;YEAR_OF_DATE;_INT_TO_UDINT,instance0;program0,True,False,False,FN,explicit FUNCTION_BLOCK declaration in mapped Structured Text source,production: GEB-scoped dt_FB_; probe: ungated core_symbol_text contains dt_FB_,DERIVED_EVIDENCE,
openplcV3_DEAD_BAND,DEAD_BAND,OpenPLCv3,fold_8,UNIQUE,1,AICPS-PLCBEAD_PLCEmbed-c78a56f/PLC-BEAD/Source/OpenPLCv3/DEAD_BAND.ST,e0b620767e8ee7b8bb4eaa429f763866af75f3ae358be89722f5cc1002d45e44,,DEAD_BAND,instance0;program0,False,False,False,TN,explicit FUNCTION_BLOCK declaration in mapped Structured Text source,production: GEB-scoped dt_FB_; probe: ungated core_symbol_text contains dt_FB_,DERIVED_EVIDENCE,
openplcV3_DEAD_BAND_A,DEAD_BAND_A,OpenPLCv3,fold_9,UNIQUE,1,AICPS-PLCBEAD_PLCEmbed-c78a56f/PLC-BEAD/Source/OpenPLCv3/DEAD_BAND_A.ST,c40d215ffa6d7ceea200d0311e0208e84c1d41fe68f4fd9d9d1c66a8a291376e,DEAD_BAND_A;FT_PT1;T_PLC_US_Block,MULTIME;_DWORD_TO_REAL;_REAL_TO_DWORD,instance0;program0,True,False,False,FN,explicit FUNCTION_BLOCK declaration in mapped Structured Text source,production: GEB-scoped dt_FB_; probe: ungated core_symbol_text contains dt_FB_,DERIVED_EVIDENCE,
openplcV3_DEAD_ZONE,DEAD_ZONE,OpenPLCv3,fold_0,UNIQUE,1,AICPS-PLCBEAD_PLCEmbed-c78a56f/PLC-BEAD/Source/OpenPLCv3/DEAD_ZONE.ST,88400a7032d341acbf9cc5fbab68fca29aaf7203add0f1971854041dc2a64083,,DEAD_ZONE,instance0;program0,False,False,False,TN,explicit FUNCTION_BLOCK declaration in mapped Structured Text source,production: GEB-scoped dt_FB_; probe: ungated core_symbol_text contains dt_FB_,DERIVED_EVIDENCE,
openplcV3_DEAD_ZONE2,DEAD_ZONE2,OpenPLCv3,fold_1,UNIQUE,1,AICPS-PLCBEAD_PLCEmbed-c78a56f/PLC-BEAD/Source/OpenPLCv3/DEAD_ZONE2.ST,97ddceea460cdad5af36aa656888689926d27bb1caf6014e7be0b4d22aac8ee9,DEAD_ZONE2,,instance0;program0,True,False,False,FN,explicit FUNCTION_BLOCK declaration in mapped Structured Text source,production: GEB-scoped dt_FB_; probe: ungated core_symbol_text contains dt_FB_,DERIVED_EVIDENCE,
openplcV3_DEBOUNCE,DEBOUNCE,OpenPLCv3,fold_2,UNIQUE,1,AICPS-PLCBEAD_PLCEmbed-c78a56f/PLC-BEAD/Source/OpenPLCv3/DEBOUNCE.ST,d1aeb49b556bc1dd66c46ca366998c4fb8be2cb6086ccf3030d874fe1c5a2db9,DEBOUNCE_Block,,instance0;program0,True,False,False,FN,explicit FUNCTION_BLOCK declaration in mapped Structured Text source,production: GEB-scoped dt_FB_; probe: ungated core_symbol_text contains dt_FB_,DERIVED_EVIDENCE,
openplcV3_DEC1,DEC1,OpenPLCv3,fold_5,UNIQUE,1,AICPS-PLCBEAD_PLCEmbed-c78a56f/PLC-BEAD/Source/OpenPLCv3/DEC1.ST,d9b7e32c80296f13cb82ea4275fba6f3950fc23a04660d85ef01dfeeb0ad98d9,,DEC1,instance0;program0,False,False,False,TN,explicit FUNCTION_BLOCK declaration in mapped Structured Text source,production: GEB-scoped dt_FB_; probe: ungated core_symbol_text contains dt_FB_,DERIVED_EVIDENCE,
openplcV3_DEC_2,DEC_2,OpenPLCv3,fold_9,UNIQUE,1,AICPS-PLCBEAD_PLCEmbed-c78a56f/PLC-BEAD/Source/OpenPLCv3/DEC_2.ST,4c3eff3249f77d762068ddab7f3df10dcafe61c7ca6a3138e976ee9f1c15a7e0,DEC_2,,instance0;program0,True,False,False,FN,explicit FUNCTION_BLOCK declaration in mapped Structured Text source,production: GEB-scoped dt_FB_; probe: ungated core_symbol_text contains dt_FB_,DERIVED_EVIDENCE,
openplcV3_DEC_4,DEC_4,OpenPLCv3,fold_0,UNIQUE,1,AICPS-PLCBEAD_PLCEmbed-c78a56f/PLC-BEAD/Source/OpenPLCv3/DEC_4.ST,a4723eb611b7eb345ae89e77b78315506d99e8481ce80a32516987ba09b6a656,DEC_4,,instance0;program0,True,False,False,FN,explicit FUNCTION_BLOCK declaration in mapped Structured Text source,production: GEB-scoped dt_FB_; probe: ungated core_symbol_text contains dt_FB_,DERIVED_EVIDENCE,
openplcV3_DEC_8,DEC_8,OpenPLCv3,fold_1,UNIQUE,1,AICPS-PLCBEAD_PLCEmbed-c78a56f/PLC-BEAD/Source/OpenPLCv3/DEC_8.ST,b57fe640cfef636c95df3d814917e82cd1071d4f3661890ee6d2755e2e4d0b31,DEC_8,BIT_LOAD_B;_BYTE_TO_INT,instance0;program0,True,False,False,FN,explicit FUNCTION_BLOCK declaration in mapped Structured Text source,production: GEB-scoped dt_FB_; probe: ungated core_symbol_text contains dt_FB_,DERIVED_EVIDENCE,
openplcV3_DEG,DEG,OpenPLCv3,fold_7,UNIQUE,1,AICPS-PLCBEAD_PLCEmbed-c78a56f/PLC-BEAD/Source/OpenPLCv3/DEG.ST,a94de3eff51b718a108a22102d5f97f719fcd05347c4371579d187dd1a2719bd,,DEG;FLOOR2;MODR,instance0;program0,False,False,False,TN,explicit FUNCTION_BLOCK declaration in mapped Structured Text source,production: GEB-scoped dt_FB_; probe: ungated core_symbol_text contains dt_FB_,DERIVED_EVIDENCE,
openplcV3_DEG_TO_DIR,DEG_TO_DIR,OpenPLCv3,fold_4,UNIQUE,1,AICPS-PLCBEAD_PLCEmbed-c78a56f/PLC-BEAD/Source/OpenPLCv3/DEG_TO_DIR.ST,8dbce8e0ded2358a221b655b249c1ffac1f4ff29912f1c50746df73d3d61aae9,DEG_TO_DIR_Block;SETUP_DIRS;SETUP_LANGUAGE_Block,,instance0;program0,True,False,False,FN,explicit FUNCTION_BLOCK declaration in mapped Structured Text source,production: GEB-scoped dt_FB_; probe: ungated core_symbol_text contains dt_FB_,DERIVED_EVIDENCE,
openplcV3_DELAY,DELAY,OpenPLCv3,fold_5,UNIQUE,1,AICPS-PLCBEAD_PLCEmbed-c78a56f/PLC-BEAD/Source/OpenPLCv3/DELAY.ST,ac28586bf5903f6518166780db3a528c34bbaf0f12a5eb4f761d704c77abcd18,DELAY,INC1,instance0;program0,True,False,False,FN,explicit FUNCTION_BLOCK declaration in mapped Structured Text source,production: GEB-scoped dt_FB_; probe: ungated core_symbol_text contains dt_FB_,DERIVED_EVIDENCE,
openplcV3_DELAY_4,DELAY_4,OpenPLCv3,fold_6,UNIQUE,1,AICPS-PLCBEAD_PLCEmbed-c78a56f/PLC-BEAD/Source/OpenPLCv3/DELAY_4.ST,749ce1b93f669418280005b01175ed4d2704398fb49a87d86b1f415b410d068a,DELAY_4,,instance0;program0,True,False,False,FN,explicit FUNCTION_BLOCK declaration in mapped Structured Text source,production: GEB-scoped dt_FB_; probe: ungated core_symbol_text contains dt_FB_,DERIVED_EVIDENCE,
openplcV3_DEL_CHARS,DEL_CHARS,OpenPLCv3,fold_8,UNIQUE,1,AICPS-PLCBEAD_PLCEmbed-c78a56f/PLC-BEAD/Source/OpenPLCv3/DEL_CHARS.ST,f2073102eca93357a2c35fe9217c88a61c94c908f7c9d38d530a282b315a605d,DEL_CHARS_Block,,instance0;program0,True,False,False,FN,explicit FUNCTION_BLOCK declaration in mapped Structured Text source,production: GEB-scoped dt_FB_; probe: ungated core_symbol_text contains dt_FB_,DERIVED_EVIDENCE,
openplcV3_DEW_CON,DEW_CON,OpenPLCv3,fold_0,UNIQUE,1,AICPS-PLCBEAD_PLCEmbed-c78a56f/PLC-BEAD/Source/OpenPLCv3/DEW_CON.ST,de66ce74952ce4c8b4cda8cf5ace2762779fd4152d98ac1afc5dd9e2b6ba9c92,,DEW_CON;SDD,instance0;program0,False,False,False,TN,explicit FUNCTION_BLOCK declaration in mapped Structured Text source,production: GEB-scoped dt_FB_; probe: ungated core_symbol_text contains dt_FB_,DERIVED_EVIDENCE,
openplcV3_DEW_RH,DEW_RH,OpenPLCv3,fold_1,UNIQUE,1,AICPS-PLCBEAD_PLCEmbed-c78a56f/PLC-BEAD/Source/OpenPLCv3/DEW_RH.ST,764a3bb06bdf514b0f0573571323b6f41734aee001ebd117f824df7473d4e3b1,,DEW_CON;DEW_RH;SDD,instance0;program0,False,False,False,TN,explicit FUNCTION_BLOCK declaration in mapped Structured Text source,production: GEB-scoped dt_FB_; probe: ungated core_symbol_text contains dt_FB_,DERIVED_EVIDENCE,
openplcV3_DEW_TEMP,DEW_TEMP,OpenPLCv3,fold_2,UNIQUE,1,AICPS-PLCBEAD_PLCEmbed-c78a56f/PLC-BEAD/Source/OpenPLCv3/DEW_TEMP.ST,6ef94f1577f270c857897671185476874efe8c53fd565709243a37c63382786c,,DEW_TEMP;EXP10,instance0;program0,False,False,False,TN,explicit FUNCTION_BLOCK declaration in mapped Structured Text source,production: GEB-scoped dt_FB_; probe: ungated core_symbol_text contains dt_FB_,DERIVED_EVIDENCE,
openplcV3_DIFFER,DIFFER,OpenPLCv3,fold_8,UNIQUE,1,AICPS-PLCBEAD_PLCEmbed-c78a56f/PLC-BEAD/Source/OpenPLCv3/DIFFER.ST,52759e07f86125acb78cb070ee661a33111eb88925fce0a5790ee603c577b236,,DIFFER,instance0;program0,False,False,False,TN,explicit FUNCTION_BLOCK declaration in mapped Structured Text source,production: GEB-scoped dt_FB_; probe: ungated core_symbol_text contains dt_FB_,DERIVED_EVIDENCE,
openplcV3_DIMM_2,DIMM_2,OpenPLCv3,fold_3,UNIQUE,1,AICPS-PLCBEAD_PLCEmbed-c78a56f/PLC-BEAD/Source/OpenPLCv3/DIMM_2.ST,86f63da06f6a52a20d457a426ddd60cb9f55ecb5f820625cdcbefd33e60cecec,CLICK_MODE_Block;DIMM_2_Block;T_PLC_MS_block;_RMP_B,FRMP_B;TIME_TO_UDINT2;UDINT_TO_TIME2,instance0;program0,True,False,False,FN,explicit FUNCTION_BLOCK declaration in mapped Structured Text source,production: GEB-scoped dt_FB_; probe: ungated core_symbol_text contains dt_FB_,DERIVED_EVIDENCE,
openplcV3_DIMM_I,DIMM_I,OpenPLCv3,fold_4,UNIQUE,1,AICPS-PLCBEAD_PLCEmbed-c78a56f/PLC-BEAD/Source/OpenPLCv3/DIMM_I.ST,192cbe62c40da2ad10f93a79bc145c50ce998dedb11a05dafcc6130325e9243e,CLICK_MODE_Block;DIMM_I_Block;SW_RECONFIG_Block;T_PLC_MS_block;_RMP_B,FRMP_B;TIME_TO_UDINT2;UDINT_TO_TIME2;_BYTE_TO_INT,instance0;program0,True,False,False,FN,explicit FUNCTION_BLOCK declaration in mapped Structured Text source,production: GEB-scoped dt_FB_; probe: ungated core_symbol_text contains dt_FB_,DERIVED_EVIDENCE,
openplcV3_DIR_TO_DEG,DIR_TO_DEG,OpenPLCv3,fold_5,UNIQUE,1,AICPS-PLCBEAD_PLCEmbed-c78a56f/PLC-BEAD/Source/OpenPLCv3/DIR_TO_DEG.ST,dce3ef92a4bf46cf8498306be157aed0617871e897bf5d7ab37ce5d108954067,DIR_TO_DEG_Block;SETUP_DIRS;SETUP_LANGUAGE_Block,,instance0;program0,True,False,False,FN,explicit FUNCTION_BLOCK declaration in mapped Structured Text source,production: GEB-scoped dt_FB_; probe: ungated core_symbol_text contains dt_FB_,DERIVED_EVIDENCE,
openplcV3_DRIVER_1,DRIVER_1,OpenPLCv3,fold_0,UNIQUE,1,AICPS-PLCBEAD_PLCEmbed-c78a56f/PLC-BEAD/Source/OpenPLCv3/DRIVER_1.ST,8b10b4020d1dfb6ca868de34f02c575b7c342bdd55b0825df7043f413636f9d0,DRIVER_1,,instance0;program0,True,False,False,FN,explicit FUNCTION_BLOCK declaration in mapped Structured Text source,production: GEB-scoped dt_FB_; probe: ungated core_symbol_text contains dt_FB_,DERIVED_EVIDENCE,
openplcV3_DRIVER_4,DRIVER_4,OpenPLCv3,fold_1,UNIQUE,1,AICPS-PLCBEAD_PLCEmbed-c78a56f/PLC-BEAD/Source/OpenPLCv3/DRIVER_4.ST,c95fe45ccda106fbd7c7196f9b3a1c182d7d82bfc24c1fb103909e177a5c35b0,DRIVER_1;DRIVER_4,,instance0;program0,True,False,False,FN,explicit FUNCTION_BLOCK declaration in mapped Structured Text source,production: GEB-scoped dt_FB_; probe: ungated core_symbol_text contains dt_FB_,DERIVED_EVIDENCE,
openplcV3_DRIVER_4C,DRIVER_4C,OpenPLCv3,fold_2,UNIQUE,1,AICPS-PLCBEAD_PLCEmbed-c78a56f/PLC-BEAD/Source/OpenPLCv3/DRIVER_4C.ST,a6684cd1625597372cc2a1c77a106d4490308d254a65010fb8b3ce5c2898ffb6,DRIVER_4C,,instance0;program0,True,False,False,FN,explicit FUNCTION_BLOCK declaration in mapped Structured Text source,production: GEB-scoped dt_FB_; probe: ungated core_symbol_text contains dt_FB_,DERIVED_EVIDENCE,
openplcV3_DST,DST,OpenPLCv3,fold_5,UNIQUE,1,AICPS-PLCBEAD_PLCEmbed-c78a56f/PLC-BEAD/Source/OpenPLCv3/DST.ST,e367ffe97ca432cf7226b9f1642f730e61d8cf51da651b8f8b692395727b7c5c,,DST;DT_TO_DATE2;SET_DATE;SET_DT;YEAR_OF_DATE;_INT_TO_UDINT,instance0;program0,False,False,False,TN,explicit FUNCTION_BLOCK declaration in mapped Structured Text source,production: GEB-scoped dt_FB_; probe: ungated core_symbol_text contains dt_FB_,DERIVED_EVIDENCE,
openplcV3_DT2_TO_SDT,DT2_TO_SDT,OpenPLCv3,fold_8,UNIQUE,1,AICPS-PLCBEAD_PLCEmbed-c78a56f/PLC-BEAD/Source/OpenPLCv3/DT2_TO_SDT.ST,2d21cae75e65b05f87cc4ec6353f88befb060e16a9448e0afb2ac2b43f2b4ac9,DT2_TO_SDT,DAY_OF_MONTH;DAY_OF_WEEK;DAY_OF_YEAR;LEAP_OF_DATE;MONTH_OF_DATE;YEAR_OF_DATE,instance0;program0,True,False,False,FN,explicit FUNCTION_BLOCK declaration in mapped Structured Text source,production: GEB-scoped dt_FB_; probe: ungated core_symbol_text contains dt_FB_,DERIVED_EVIDENCE,
openplcV3_DT_SIMU,DT_SIMU,OpenPLCv3,fold_4,UNIQUE,1,AICPS-PLCBEAD_PLCEmbed-c78a56f/PLC-BEAD/Source/OpenPLCv3/DT_SIMU.ST,db1b7f12dbe9651f0699e1106a8efe564312969bfd21874a0aab33336637f40e,DT_SIMU;T_PLC_MS_block,_REAL_TO_UDINT,instance0;program0,True,False,False,FN,explicit FUNCTION_BLOCK declaration in mapped Structured Text source,production: GEB-scoped dt_FB_; probe: ungated core_symbol_text contains dt_FB_,DERIVED_EVIDENCE,
openplcV3_DT_TO_SDT,DT_TO_SDT,OpenPLCv3,fold_6,UNIQUE,1,AICPS-PLCBEAD_PLCEmbed-c78a56f/PLC-BEAD/Source/OpenPLCv3/DT_TO_SDT.ST,552cacc14541c8bcd38d3d68e6c3516b50bcdfd8af19bbb11ac9dfaeb0daa302,DT_TO_SDT,DAY_OF_MONTH;DAY_OF_WEEK;DAY_OF_YEAR;DT_TO_DATE2;LEAP_OF_DATE;MONTH_OF_DATE;YEAR_OF_DATE;_INT_TO_UDINT,instance0;program0,True,False,False,FN,explicit FUNCTION_BLOCK declaration in mapped Structured Text source,production: GEB-scoped dt_FB_; probe: ungated core_symbol_text contains dt_FB_,DERIVED_EVIDENCE,
openplcV3_DT_TO_STRING,DT_TO_STRING,OpenPLCv3,fold_9,UNIQUE,1,AICPS-PLCBEAD_PLCEmbed-c78a56f/PLC-BEAD/Source/OpenPLCv3/DT_TO_STRING.ST,0228bd30d220412b54e647758be02821cbf67ca36b8fc4ad01a223a1e66ec197,DT_TO_STRING_Block,DAY_OF_MONTH;DAY_OF_YEAR;HOUR_OF_DT;LEAP_OF_DATE;MINUTE_OF_DT;MONTH_OF_DATE;SECOND_OF_DT;YEAR_OF_DATE,instance0;program0,True,False,False,FN,explicit FUNCTION_BLOCK declaration in mapped Structured Text source,production: GEB-scoped dt_FB_; probe: ungated core_symbol_text contains dt_FB_,DERIVED_EVIDENCE,
openplcV3_DT_TO_TOD,DT_TO_TOD,OpenPLCv3,fold_7,UNIQUE,1,AICPS-PLCBEAD_PLCEmbed-c78a56f/PLC-BEAD/Source/OpenPLCv3/DT_TO_TOD.ST,6ce480fdb1684e639c1d33978a4d2540d4825e2d15c2f42daab9b188476aec09,,DT_TO_TOD2,instance0;program0,False,False,False,TN,explicit FUNCTION_BLOCK declaration in mapped Structured Text source,production: GEB-scoped dt_FB_; probe: ungated core_symbol_text contains dt_FB_,DERIVED_EVIDENCE,
openplcV3_DWORD_OF_BYTE,DWORD_OF_BYTE,OpenPLCv3,fold_2,UNIQUE,1,AICPS-PLCBEAD_PLCEmbed-c78a56f/PLC-BEAD/Source/OpenPLCv3/DWORD_OF_BYTE.ST,16ac14971601d72bae4af1b4a12c845070e0ce0b95f12ffea0a716b53817cebc,,DWORD_OF_BYTE,instance0;program0,False,False,False,TN,explicit FUNCTION_BLOCK declaration in mapped Structured Text source,production: GEB-scoped dt_FB_; probe: ungated core_symbol_text contains dt_FB_,DERIVED_EVIDENCE,
openplcV3_DWORD_OF_WORD,DWORD_OF_WORD,OpenPLCv3,fold_3,UNIQUE,1,AICPS-PLCBEAD_PLCEmbed-c78a56f/PLC-BEAD/Source/OpenPLCv3/DWORD_OF_WORD.ST,2380348ead5fb76d2af234dd93bbed5c9e2f6346727b6439dbeb09cf05a51731,,DWORD_OF_WORD,instance0;program0,False,False,False,TN,explicit FUNCTION_BLOCK declaration in mapped Structured Text source,production: GEB-scoped dt_FB_; probe: ungated core_symbol_text contains dt_FB_,DERIVED_EVIDENCE,
openplcV3_DWORD_TO_DATE,DWORD_TO_DATE,OpenPLCv3,fold_9,UNIQUE,1,AICPS-PLCBEAD_PLCEmbed-c78a56f/PLC-BEAD/Source/OpenPLCv3/DWORD_TO_DATE.ST,799a716a062ee9bbfc738abb385a74c3fbcc9e824021f920131f51e18cd70f65,,DWORD_TO_DATE2,instance0;program0,False,False,False,TN,explicit FUNCTION_BLOCK declaration in mapped Structured Text source,production: GEB-scoped dt_FB_; probe: ungated core_symbol_text contains dt_FB_,DERIVED_EVIDENCE,
openplcV3_DWORD_TO_DT,DWORD_TO_DT,OpenPLCv3,fold_0,UNIQUE,1,AICPS-PLCBEAD_PLCEmbed-c78a56f/PLC-BEAD/Source/OpenPLCv3/DWORD_TO_DT.ST,5c5a844eab9030367337b1c86ce843092d3236dcb51fff6bac5a16f782b93890,,DWORD_TO_DT2,instance0;program0,False,False,False,TN,explicit FUNCTION_BLOCK declaration in mapped Structured Text source,production: GEB-scoped dt_FB_; probe: ungated core_symbol_text contains dt_FB_,DERIVED_EVIDENCE,
openplcV3_DWORD_TO_STRB,DWORD_TO_STRB,OpenPLCv3,fold_0,UNIQUE,1,AICPS-PLCBEAD_PLCEmbed-c78a56f/PLC-BEAD/Source/OpenPLCv3/DWORD_TO_STRB.ST,7ef0bac542a411f57a055ab6db87daeed46ba5bfe8077f255e710cf70e8bea2d,DWORD_TO_STRB_Block,,instance0;program0,True,False,False,FN,explicit FUNCTION_BLOCK declaration in mapped Structured Text source,production: GEB-scoped dt_FB_; probe: ungated core_symbol_text contains dt_FB_,DERIVED_EVIDENCE,
openplcV3_DWORD_TO_STRF,DWORD_TO_STRF,OpenPLCv3,fold_1,UNIQUE,1,AICPS-PLCBEAD_PLCEmbed-c78a56f/PLC-BEAD/Source/OpenPLCv3/DWORD_TO_STRF.ST,0468dc383282ca3b2cc9e3da3af8be02ead9269d8b26ff1bb023a335354e7f3b,DWORD_TO_STRF_Block,,instance0;program0,True,False,False,FN,explicit FUNCTION_BLOCK declaration in mapped Structured Text source,production: GEB-scoped dt_FB_; probe: ungated core_symbol_text contains dt_FB_,DERIVED_EVIDENCE,
openplcV3_DWORD_TO_STRH,DWORD_TO_STRH,OpenPLCv3,fold_2,UNIQUE,1,AICPS-PLCBEAD_PLCEmbed-c78a56f/PLC-BEAD/Source/OpenPLCv3/DWORD_TO_STRH.ST,21c51c03077611a36d829f282659822e9172d88f89b4c2cec86e5aa948559ae7,DWORD_TO_STRH_Block,,instance0;program0,True,False,False,FN,explicit FUNCTION_BLOCK declaration in mapped Structured Text source,production: GEB-scoped dt_FB_; probe: ungated core_symbol_text contains dt_FB_,DERIVED_EVIDENCE,
openplcV3_DWORD_TO_TIME,DWORD_TO_TIME,OpenPLCv3,fold_1,UNIQUE,1,AICPS-PLCBEAD_PLCEmbed-c78a56f/PLC-BEAD/Source/OpenPLCv3/DWORD_TO_TIME.ST,d605fd1bdd4ba19b588aabb6c9a050090c7c15ca9e021bf89823bb5e61dde6f5,,DWORD_TO_TIME2,instance0;program0,False,False,False,TN,explicit FUNCTION_BLOCK declaration in mapped Structured Text source,production: GEB-scoped dt_FB_; probe: ungated core_symbol_text contains dt_FB_,DERIVED_EVIDENCE,
openplcV3_DWORD_TO_TOD,DWORD_TO_TOD,OpenPLCv3,fold_2,UNIQUE,1,AICPS-PLCBEAD_PLCEmbed-c78a56f/PLC-BEAD/Source/OpenPLCv3/DWORD_TO_TOD.ST,fd92f9dec743f2b1327c35586706713cc7dfd30313d8551b63df0c40bdced785,,DWORD_TO_TOD2,instance0;program0,False,False,False,TN,explicit FUNCTION_BLOCK declaration in mapped Structured Text source,production: GEB-scoped dt_FB_; probe: ungated core_symbol_text contains dt_FB_,DERIVED_EVIDENCE,
openplcV3_D_TRIG,D_TRIG,OpenPLCv3,fold_9,UNIQUE,1,AICPS-PLCBEAD_PLCEmbed-c78a56f/PLC-BEAD/Source/OpenPLCv3/D_TRIG.ST,d0602bea49ee9e46c18ca8ca640ff2d5958ee87b880ad48a3fd00a010a28b0bc,D_TRIG,,instance0;program0,True,False,False,FN,explicit FUNCTION_BLOCK declaration in mapped Structured Text source,production: GEB-scoped dt_FB_; probe: ungated core_symbol_text contains dt_FB_,DERIVED_EVIDENCE,
openplcV3_D_TRUNC,D_TRUNC,OpenPLCv3,fold_6,UNIQUE,1,AICPS-PLCBEAD_PLCEmbed-c78a56f/PLC-BEAD/Source/OpenPLCv3/D_TRUNC.ST,c01203f71e552acbb4eafde3d7a173546d5cdd325a772278895fa06621287e15,,D_TRUNC,instance0;program0,False,False,False,TN,explicit FUNCTION_BLOCK declaration in mapped Structured Text source,production: GEB-scoped dt_FB_; probe: ungated core_symbol_text contains dt_FB_,DERIVED_EVIDENCE,
openplcV3_EASTER,EASTER,OpenPLCv3,fold_3,UNIQUE,1,AICPS-PLCBEAD_PLCEmbed-c78a56f/PLC-BEAD/Source/OpenPLCv3/EASTER.ST,2a9ee995b5959bc33e9c5ae2eebe8f45baead62ccc281214df8e2b172af64c9f,,EASTER;SET_DATE;_INT_TO_UDINT,instance0;program0,False,False,False,TN,explicit FUNCTION_BLOCK declaration in mapped Structured Text source,production: GEB-scoped dt_FB_; probe: ungated core_symbol_text contains dt_FB_,DERIVED_EVIDENCE,
openplcV3_ELLIPSE_A,ELLIPSE_A,OpenPLCv3,fold_4,UNIQUE,1,AICPS-PLCBEAD_PLCEmbed-c78a56f/PLC-BEAD/Source/OpenPLCv3/ELLIPSE_A.ST,eb364339600d4b3ea6fbb819d5f9c92086749dac2b0cb33bb2a2ea9313b98f55,,ELLIPSE_A,instance0;program0,False,False,False,TN,explicit FUNCTION_BLOCK declaration in mapped Structured Text source,production: GEB-scoped dt_FB_; probe: ungated core_symbol_text contains dt_FB_,DERIVED_EVIDENCE,
openplcV3_ELLIPSE_C,ELLIPSE_C,OpenPLCv3,fold_5,UNIQUE,1,AICPS-PLCBEAD_PLCEmbed-c78a56f/PLC-BEAD/Source/OpenPLCv3/ELLIPSE_C.ST,314fa450d3218f70be7cf4f6dae85414e5806f7787ecb5e283db7f4ade66e600,,ELLIPSE_C,instance0;program0,False,False,False,TN,explicit FUNCTION_BLOCK declaration in mapped Structured Text source,production: GEB-scoped dt_FB_; probe: ungated core_symbol_text contains dt_FB_,DERIVED_EVIDENCE,
openplcV3_ENERGY,ENERGY,OpenPLCv3,fold_6,UNIQUE,1,AICPS-PLCBEAD_PLCEmbed-c78a56f/PLC-BEAD/Source/OpenPLCv3/ENERGY.ST,ae161653f87896542db8fd4db61907bdbbf9f29b8ba892f6feb7f49bbf6d595c,ENERGY,,instance0;program0,True,False,False,FN,explicit FUNCTION_BLOCK declaration in mapped Structured Text source,production: GEB-scoped dt_FB_; probe: ungated core_symbol_text contains dt_FB_,DERIVED_EVIDENCE,
openplcV3_ERF,ERF,OpenPLCv3,fold_9,UNIQUE,1,AICPS-PLCBEAD_PLCEmbed-c78a56f/PLC-BEAD/Source/OpenPLCv3/ERF.ST,16c761f01081624e49e9911e129bd502f3ae46b37d96a60e5c4f25850f661ecb,,ERF;SGN,instance0;program0,False,False,False,TN,explicit FUNCTION_BLOCK declaration in mapped Structured Text source,production: GEB-scoped dt_FB_; probe: ungated core_symbol_text contains dt_FB_,DERIVED_EVIDENCE,
openplcV3_ERFC,ERFC,OpenPLCv3,fold_0,UNIQUE,1,AICPS-PLCBEAD_PLCEmbed-c78a56f/PLC-BEAD/Source/OpenPLCv3/ERFC.ST,676b4bbac569c49602e471bc674af530f7f5c63f9f511bedeaa667755e42f4bf,,ERF;ERFC;SGN,instance0;program0,False,False,False,TN,explicit FUNCTION_BLOCK declaration in mapped Structured Text source,production: GEB-scoped dt_FB_; probe: ungated core_symbol_text contains dt_FB_,DERIVED_EVIDENCE,
openplcV3_ESR_COLLECT,ESR_COLLECT,OpenPLCv3,fold_6,UNIQUE,1,AICPS-PLCBEAD_PLCEmbed-c78a56f/PLC-BEAD/Source/OpenPLCv3/ESR_COLLECT.ST,0a9eb6baeb472cdee182e79fbd882d8aa51849be2ed84b89705979a4d6ee84d0,ESR_COLLECT,INC1,instance0;program0,True,False,False,FN,explicit FUNCTION_BLOCK declaration in mapped Structured Text source,production: GEB-scoped dt_FB_; probe: ungated core_symbol_text contains dt_FB_,DERIVED_EVIDENCE,
openplcV3_ESR_MON_B8,ESR_MON_B8,OpenPLCv3,fold_7,UNIQUE,1,AICPS-PLCBEAD_PLCEmbed-c78a56f/PLC-BEAD/Source/OpenPLCv3/ESR_MON_B8.ST,5b93e1f7f2ca7ca56b8b1a988512e7db3303b1a346b8f401088d06f1b50ea2de,ESR_MON_B8;T_PLC_MS_block,,instance0;program0,True,False,False,FN,explicit FUNCTION_BLOCK declaration in mapped Structured Text source,production: GEB-scoped dt_FB_; probe: ungated core_symbol_text contains dt_FB_,DERIVED_EVIDENCE,
openplcV3_ESR_MON_X8,ESR_MON_X8,OpenPLCv3,fold_8,UNIQUE,1,AICPS-PLCBEAD_PLCEmbed-c78a56f/PLC-BEAD/Source/OpenPLCv3/ESR_MON_X8.ST,42eca2d99b132a7343b0cde1f2d0243440e68db17e17e974a9ef7ea61f47845c,ESR_MON_X8;STATUS_TO_ESR_Block;T_PLC_MS_block,,instance0;program0,True,False,False,FN,explicit FUNCTION_BLOCK declaration in mapped Structured Text source,production: GEB-scoped dt_FB_; probe: ungated core_symbol_text contains dt_FB_,DERIVED_EVIDENCE,
openplcV3_EVEN,EVEN,OpenPLCv3,fold_1,UNIQUE,1,AICPS-PLCBEAD_PLCEmbed-c78a56f/PLC-BEAD/Source/OpenPLCv3/EVEN.ST,d2ec836a2656d0519e6374612afe77f69a367eccde74a0c5d8ae38c6fc75ff75,,BIT_OF_DWORD;EVEN,instance0;program0,False,False,False,TN,explicit FUNCTION_BLOCK declaration in mapped Structured Text source,production: GEB-scoped dt_FB_; probe: ungated core_symbol_text contains dt_FB_,DERIVED_EVIDENCE,
openplcV3_EVENTS,EVENTS,OpenPLCv3,fold_4,UNIQUE,1,AICPS-PLCBEAD_PLCEmbed-c78a56f/PLC-BEAD/Source/OpenPLCv3/EVENTS.ST,0b440ecd41e33f00c1e95acce5876a92ea88cf71f0a0f1fb452caeb58493f0e2,EVENTS,DAY_OF_DATE;SET_DATE;YEAR_OF_DATE;_INT_TO_UDINT,instance0;program0,True,False,False,FN,explicit FUNCTION_BLOCK declaration in mapped Structured Text source,production: GEB-scoped dt_FB_; probe: ungated core_symbol_text contains dt_FB_,DERIVED_EVIDENCE,
openplcV3_EXP10,EXP10,OpenPLCv3,fold_2,UNIQUE,1,AICPS-PLCBEAD_PLCEmbed-c78a56f/PLC-BEAD/Source/OpenPLCv3/EXP10.ST,b87702b820ee779d23b497991afbbb758fe7260cce3d3091cb52ee0743773133,,EXP10,instance0;program0,False,False,False,TN,explicit FUNCTION_BLOCK declaration in mapped Structured Text source,production: GEB-scoped dt_FB_; probe: ungated core_symbol_text contains dt_FB_,DERIVED_EVIDENCE,
openplcV3_EXPN,EXPN,OpenPLCv3,fold_3,UNIQUE,1,AICPS-PLCBEAD_PLCEmbed-c78a56f/PLC-BEAD/Source/OpenPLCv3/EXPN.ST,fe4f1fae5d4d50d2ce03ee0d904be9dda0eb987bed7fd653139a694242057afd,,BIT_OF_DWORD;EXPN,instance0;program0,False,False,False,TN,explicit FUNCTION_BLOCK declaration in mapped Structured Text source,production: GEB-scoped dt_FB_; probe: ungated core_symbol_text contains dt_FB_,DERIVED_EVIDENCE,
openplcV3_FACT,FACT,OpenPLCv3,fold_4,UNIQUE,1,AICPS-PLCBEAD_PLCEmbed-c78a56f/PLC-BEAD/Source/OpenPLCv3/FACT.ST,55cb801c3f3fd34ddaba02f8a3b27b2d6177d77c2e175f06a9ad95759430ba7b,,FACT,instance0;program0,False,False,False,TN,explicit FUNCTION_BLOCK declaration in mapped Structured Text source,production: GEB-scoped dt_FB_; probe: ungated core_symbol_text contains dt_FB_,DERIVED_EVIDENCE,
openplcV3_FADE,FADE,OpenPLCv3,fold_7,UNIQUE,1,AICPS-PLCBEAD_PLCEmbed-c78a56f/PLC-BEAD/Source/OpenPLCv3/FADE.ST,5339146fcf59d1c034ee2048d0f3a2eb3e89a3eb5a4f707a4700f29e965748e3,FADE;RMP_W;T_PLC_MS_block;_RMP_W,TIME_TO_UDINT2;_WORD_TO_DINT;_WORD_TO_REAL,instance0;program0,True,False,False,FN,explicit FUNCTION_BLOCK declaration in mapped Structured Text source,production: GEB-scoped dt_FB_; probe: ungated core_symbol_text contains dt_FB_,DERIVED_EVIDENCE,
openplcV3_FF_D2E,FF_D2E,OpenPLCv3,fold_2,UNIQUE,1,AICPS-PLCBEAD_PLCEmbed-c78a56f/PLC-BEAD/Source/OpenPLCv3/FF_D2E.ST,a99968a49a20669b8517cdc24ff73c9a4e2e0f5410a4b1496eaaad5d408034c5,FF_D2E,,instance0;program0,True,False,False,FN,explicit FUNCTION_BLOCK declaration in mapped Structured Text source,production: GEB-scoped dt_FB_; probe: ungated core_symbol_text contains dt_FB_,DERIVED_EVIDENCE,
openplcV3_FF_D4E,FF_D4E,OpenPLCv3,fold_3,UNIQUE,1,AICPS-PLCBEAD_PLCEmbed-c78a56f/PLC-BEAD/Source/OpenPLCv3/FF_D4E.ST,0e91ca884f8c6aedc2ce3a6043196e389ad0ba20474e8067968c8839192035ab,FF_D4E,,instance0;program0,True,False,False,FN,explicit FUNCTION_BLOCK declaration in mapped Structured Text source,production: GEB-scoped dt_FB_; probe: ungated core_symbol_text contains dt_FB_,DERIVED_EVIDENCE,
openplcV3_FF_DRE,FF_DRE,OpenPLCv3,fold_4,UNIQUE,1,AICPS-PLCBEAD_PLCEmbed-c78a56f/PLC-BEAD/Source/OpenPLCv3/FF_DRE.ST,8105d89ad22f11b28d2564ff7f0880dc7c964b36f0c24f18c6aec5a7726f1e06,FF_DRE,,instance0;program0,True,False,False,FN,explicit FUNCTION_BLOCK declaration in mapped Structured Text source,production: GEB-scoped dt_FB_; probe: ungated core_symbol_text contains dt_FB_,DERIVED_EVIDENCE,
openplcV3_FF_JKE,FF_JKE,OpenPLCv3,fold_5,UNIQUE,1,AICPS-PLCBEAD_PLCEmbed-c78a56f/PLC-BEAD/Source/OpenPLCv3/FF_JKE.ST,72fa24fb0d9167cd90f96ad5d267d58d6e82f11f275e438272b29834ba0920bb,FF_JKE,,instance0;program0,True,False,False,FN,explicit FUNCTION_BLOCK declaration in mapped Structured Text source,production: GEB-scoped dt_FB_; probe: ungated core_symbol_text contains dt_FB_,DERIVED_EVIDENCE,
openplcV3_FF_RSE,FF_RSE,OpenPLCv3,fold_6,UNIQUE,1,AICPS-PLCBEAD_PLCEmbed-c78a56f/PLC-BEAD/Source/OpenPLCv3/FF_RSE.ST,0499edf1b03802238aa37f86a61ccba3ef07812ec76b72157cf0aec056f336df,FF_RSE,,instance0;program0,True,False,False,FN,explicit FUNCTION_BLOCK declaration in mapped Structured Text source,production: GEB-scoped dt_FB_; probe: ungated core_symbol_text contains dt_FB_,DERIVED_EVIDENCE,
openplcV3_FIB,FIB,OpenPLCv3,fold_5,UNIQUE,1,AICPS-PLCBEAD_PLCEmbed-c78a56f/PLC-BEAD/Source/OpenPLCv3/FIB.ST,9a5b46687f7810ddb6cebf1e681772daca4815ee7ab7a5dd530104af621d0e04,,FIB,instance0;program0,False,False,False,TN,explicit FUNCTION_BLOCK declaration in mapped Structured Text source,production: GEB-scoped dt_FB_; probe: ungated core_symbol_text contains dt_FB_,DERIVED_EVIDENCE,
openplcV3_FIFO_16,FIFO_16,OpenPLCv3,fold_0,UNIQUE,1,AICPS-PLCBEAD_PLCEmbed-c78a56f/PLC-BEAD/Source/OpenPLCv3/FIFO_16.ST,0983f364c9d153a9fa77b78e8cd8ebada613fe44fb790513fdb4c15d8d2bab90,FIFO_16,INC1,instance0;program0,True,False,False,FN,explicit FUNCTION_BLOCK declaration in mapped Structured Text source,production: GEB-scoped dt_FB_; probe: ungated core_symbol_text contains dt_FB_,DERIVED_EVIDENCE,
openplcV3_FIFO_32,FIFO_32,OpenPLCv3,fold_1,UNIQUE,1,AICPS-PLCBEAD_PLCEmbed-c78a56f/PLC-BEAD/Source/OpenPLCv3/FIFO_32.ST,7d47b7fe6bb6977706d7011e990f223ac92cabbac9d6fd90c141ed8df1de81a8,FIFO_32,INC1,instance0;program0,True,False,False,FN,explicit FUNCTION_BLOCK declaration in mapped Structured Text source,production: GEB-scoped dt_FB_; probe: ungated core_symbol_text contains dt_FB_,DERIVED_EVIDENCE,
openplcV3_FILE_BLOCK,FILE_BLOCK,OpenPLCv3,fold_1,UNIQUE,1,AICPS-PLCBEAD_PLCEmbed-c78a56f/PLC-BEAD/Source/OpenPLCv3/FILE_BLOCK.ST,b686b6670afc0bcb953498e8af72f5b7eae1d0d17cfdcc3d8e0e2a79a6718c0e,FILE_BLOCK,,instance0;program0,True,False,False,FN,explicit FUNCTION_BLOCK declaration in mapped Structured Text source,production: GEB-scoped dt_FB_; probe: ungated core_symbol_text contains dt_FB_,DERIVED_EVIDENCE,
openplcV3_FILE_PATH_SPLIT,FILE_PATH_SPLIT,OpenPLCv3,fold_2,UNIQUE,1,AICPS-PLCBEAD_PLCEmbed-c78a56f/PLC-BEAD/Source/OpenPLCv3/FILE_PATH_SPLIT.ST,879f513fad365ad885b0200be6e3f5a8879bb9ad4861b8325ac692fb5780ab48,FILE_PATH_SPLIT_Block,,instance0;program0,True,False,False,FN,explicit FUNCTION_BLOCK declaration in mapped Structured Text source,production: GEB-scoped dt_FB_; probe: ungated core_symbol_text contains dt_FB_,DERIVED_EVIDENCE,
openplcV3_FILL,FILL,OpenPLCv3,fold_3,UNIQUE,1,AICPS-PLCBEAD_PLCEmbed-c78a56f/PLC-BEAD/Source/OpenPLCv3/FILL.ST,aa7f25e84586cdaf6f6bfa555ca891b02575e9dec70d7da78672e4280d9af0c9,CHR_TO_STRING_Block;FILL_Block,BIT_OF_DWORD,instance0;program0,True,False,False,FN,explicit FUNCTION_BLOCK declaration in mapped Structured Text source,production: GEB-scoped dt_FB_; probe: ungated core_symbol_text contains dt_FB_,DERIVED_EVIDENCE,
openplcV3_FILTER_DW,FILTER_DW,OpenPLCv3,fold_8,UNIQUE,1,AICPS-PLCBEAD_PLCEmbed-c78a56f/PLC-BEAD/Source/OpenPLCv3/FILTER_DW.ST,a9f2cbd241c3dcf0f927afaf4a35477bd58f7b12887a288f67238c800a5e5881,FILTER_DW;T_PLC_MS_block,_DWORD_TO_REAL;_REAL_TO_DWORD,instance0;program0,True,False,False,FN,explicit FUNCTION_BLOCK declaration in mapped Structured Text source,production: GEB-scoped dt_FB_; probe: ungated core_symbol_text contains dt_FB_,DERIVED_EVIDENCE,
openplcV3_FILTER_I,FILTER_I,OpenPLCv3,fold_9,UNIQUE,1,AICPS-PLCBEAD_PLCEmbed-c78a56f/PLC-BEAD/Source/OpenPLCv3/FILTER_I.ST,641fa0734c10849b2e6ef908927842760f08e11458122fd522984fb5b5c4ecf7,FILTER_I;T_PLC_MS_block,,instance0;program0,True,False,False,FN,explicit FUNCTION_BLOCK declaration in mapped Structured Text source,production: GEB-scoped dt_FB_; probe: ungated core_symbol_text contains dt_FB_,DERIVED_EVIDENCE,
openplcV3_FILTER_MAV_DW,FILTER_MAV_DW,OpenPLCv3,fold_0,UNIQUE,1,AICPS-PLCBEAD_PLCEmbed-c78a56f/PLC-BEAD/Source/OpenPLCv3/FILTER_MAV_DW.ST,92843ba139b24d407c0d27c6f6fab40820531e8604f5d2e97dead3383503a444,FILTER_MAV_DW,INC1,instance0;program0,True,False,False,FN,explicit FUNCTION_BLOCK declaration in mapped Structured Text source,production: GEB-scoped dt_FB_; probe: ungated core_symbol_text contains dt_FB_,DERIVED_EVIDENCE,
openplcV3_FILTER_MAV_W,FILTER_MAV_W,OpenPLCv3,fold_1,UNIQUE,1,AICPS-PLCBEAD_PLCEmbed-c78a56f/PLC-BEAD/Source/OpenPLCv3/FILTER_MAV_W.ST,aee55b432e9ef58483ca359cda18d78bf53fba011910d74e01541e753b4a852a,FILTER_MAV_W,INC1,instance0;program0,True,False,False,FN,explicit FUNCTION_BLOCK declaration in mapped Structured Text source,production: GEB-scoped dt_FB_; probe: ungated core_symbol_text contains dt_FB_,DERIVED_EVIDENCE,
openplcV3_FILTER_W,FILTER_W,OpenPLCv3,fold_2,UNIQUE,1,AICPS-PLCBEAD_PLCEmbed-c78a56f/PLC-BEAD/Source/OpenPLCv3/FILTER_W.ST,d5edd99f37da770623aafbfdafe73529fa68a4bd94c653ceac6fcb39a101fca3,FILTER_W;T_PLC_MS_block,,instance0;program0,True,False,False,FN,explicit FUNCTION_BLOCK declaration in mapped Structured Text source,production: GEB-scoped dt_FB_; probe: ungated core_symbol_text contains dt_FB_,DERIVED_EVIDENCE,
openplcV3_FILTER_WAV,FILTER_WAV,OpenPLCv3,fold_3,UNIQUE,1,AICPS-PLCBEAD_PLCEmbed-c78a56f/PLC-BEAD/Source/OpenPLCv3/FILTER_WAV.ST,dd17a109ce9f3cb8f650b3a223eac4798434718a7178315e49ffce4a497a097f,FILTER_WAV,DEC1;INC1,instance0;program0,True,False,False,FN,explicit FUNCTION_BLOCK declaration in mapped Structured Text source,production: GEB-scoped dt_FB_; probe: ungated core_symbol_text contains dt_FB_,DERIVED_EVIDENCE,
openplcV3_FINDB,FINDB,OpenPLCv3,fold_4,UNIQUE,1,AICPS-PLCBEAD_PLCEmbed-c78a56f/PLC-BEAD/Source/OpenPLCv3/FINDB.ST,97c3d750738771653a6b9f3d46fda20c5b0dee90366c3f4948d48044ca3316be,FINDB_Block,,instance0;program0,True,False,False,FN,explicit FUNCTION_BLOCK declaration in mapped Structured Text source,production: GEB-scoped dt_FB_; probe: ungated core_symbol_text contains dt_FB_,DERIVED_EVIDENCE,
openplcV3_FINDP,FINDP,OpenPLCv3,fold_5,UNIQUE,1,AICPS-PLCBEAD_PLCEmbed-c78a56f/PLC-BEAD/Source/OpenPLCv3/FINDP.ST,5a715f6ce4de3fea337c3762b54120c3196978b1860af7d173c35619e9f7fc06,FINDP_Block,,instance0;program0,True,False,False,FN,explicit FUNCTION_BLOCK declaration in mapped Structured Text source,production: GEB-scoped dt_FB_; probe: ungated core_symbol_text contains dt_FB_,DERIVED_EVIDENCE,
openplcV3_FIX,FIX,OpenPLCv3,fold_6,UNIQUE,1,AICPS-PLCBEAD_PLCEmbed-c78a56f/PLC-BEAD/Source/OpenPLCv3/FIX.ST,5f77f344f3064c5dfd6dd4dac40680b0e2dbc9a23f074af3366b9de3dd47436a,CHR_TO_STRING_Block;FILL_Block;FIX_Block,BIT_OF_DWORD;_BYTE_TO_INT,instance0;program0,True,False,False,FN,explicit FUNCTION_BLOCK declaration in mapped Structured Text source,production: GEB-scoped dt_FB_; probe: ungated core_symbol_text contains dt_FB_,DERIVED_EVIDENCE,
openplcV3_FLOOR,FLOOR,OpenPLCv3,fold_6,UNIQUE,1,AICPS-PLCBEAD_PLCEmbed-c78a56f/PLC-BEAD/Source/OpenPLCv3/FLOOR.ST,a159f4ab469a12c31cddc8e06f4a9c3366d5247fcec0a10fc6a7ba608666be3c,,FLOOR,instance0;program0,False,False,False,TN,explicit FUNCTION_BLOCK declaration in mapped Structured Text source,production: GEB-scoped dt_FB_; probe: ungated core_symbol_text contains dt_FB_,DERIVED_EVIDENCE,
openplcV3_FLOOR2,FLOOR2,OpenPLCv3,fold_7,UNIQUE,1,AICPS-PLCBEAD_PLCEmbed-c78a56f/PLC-BEAD/Source/OpenPLCv3/FLOOR2.ST,47d9c5e9c22972e6e01df5da37a411139f86d7be94c5f98cb0fc1464ecd52359,,FLOOR2;_REAL_TO_DINT,instance0;program0,False,False,False,TN,explicit FUNCTION_BLOCK declaration in mapped Structured Text source,production: GEB-scoped dt_FB_; probe: ungated core_symbol_text contains dt_FB_,DERIVED_EVIDENCE,
openplcV3_FLOW_CONTROL,FLOW_CONTROL,OpenPLCv3,fold_3,UNIQUE,1,AICPS-PLCBEAD_PLCEmbed-c78a56f/PLC-BEAD/Source/OpenPLCv3/FLOW_CONTROL.ST,042c6dd236cd5aa48be326454cefb74161fa5711a5a733963f0e13f550cd56b7,FLOW_CONTROL;TP_1D;T_PLC_MS_block,UDINT_TO_TIME2,instance0;program0,True,False,False,FN,explicit FUNCTION_BLOCK declaration in mapped Structured Text source,production: GEB-scoped dt_FB_; probe: ungated core_symbol_text contains dt_FB_,DERIVED_EVIDENCE,
openplcV3_FLOW_CONTROL_4,FLOW_CONTROL_4,OpenPLCv3,fold_4,UNIQUE,1,AICPS-PLCBEAD_PLCEmbed-c78a56f/PLC-BEAD/Source/OpenPLCv3/FLOW_CONTROL_4.ST,502c35fd294ecc737a0d2c054754dc207986f8297ba0bc720e4668263f6c90be,FLOW_CONTROL_4,,instance0;program0,True,False,False,FN,explicit FUNCTION_BLOCK declaration in mapped Structured Text source,production: GEB-scoped dt_FB_; probe: ungated core_symbol_text contains dt_FB_,DERIVED_EVIDENCE,
openplcV3_FLOW_METER,FLOW_METER,OpenPLCv3,fold_5,UNIQUE,1,AICPS-PLCBEAD_PLCEmbed-c78a56f/PLC-BEAD/Source/OpenPLCv3/FLOW_METER.ST,0c57e469ffcee1637e405aaf813953e5b237e40ff0feca20f950ba54b6845dd2,FLOW_METER;INTEGRATE;T_PLC_MS_block,FLOOR;_INT_TO_UDINT,instance0;program0,True,False,False,FN,explicit FUNCTION_BLOCK declaration in mapped Structured Text source,production: GEB-scoped dt_FB_; probe: ungated core_symbol_text contains dt_FB_,DERIVED_EVIDENCE,
openplcV3_FRACT,FRACT,OpenPLCv3,fold_8,UNIQUE,1,AICPS-PLCBEAD_PLCEmbed-c78a56f/PLC-BEAD/Source/OpenPLCv3/FRACT.ST,4b46b17ed18ff2e93c9b01a86ff8bcea08365339491f3bb66dd9f2f39d93f262,,D_TRUNC;FRACT,instance0;program0,False,False,False,TN,explicit FUNCTION_BLOCK declaration in mapped Structured Text source,production: GEB-scoped dt_FB_; probe: ungated core_symbol_text contains dt_FB_,DERIVED_EVIDENCE,
openplcV3_FRMP_B,FRMP_B,OpenPLCv3,fold_5,UNIQUE,1,AICPS-PLCBEAD_PLCEmbed-c78a56f/PLC-BEAD/Source/OpenPLCv3/FRMP_B.ST,b06cb125f831093f95fb85e6ae221ca60e3c3dbf4e6a55bf272167551b1146cd,,FRMP_B,instance0;program0,False,False,False,TN,explicit FUNCTION_BLOCK declaration in mapped Structured Text source,production: GEB-scoped dt_FB_; probe: ungated core_symbol_text contains dt_FB_,DERIVED_EVIDENCE,
openplcV3_FT_AVG,FT_AVG,OpenPLCv3,fold_6,UNIQUE,1,AICPS-PLCBEAD_PLCEmbed-c78a56f/PLC-BEAD/Source/OpenPLCv3/FT_AVG.ST,5bcb427d4f538526a6eb3eb62079e7825f48550ee82f164aa2f8a1cd288054a0,DELAY;FT_AVG,INC1,instance0;program0,True,False,False,FN,explicit FUNCTION_BLOCK declaration in mapped Structured Text source,production: GEB-scoped dt_FB_; probe: ungated core_symbol_text contains dt_FB_,DERIVED_EVIDENCE,
openplcV3_FT_DERIV,FT_DERIV,OpenPLCv3,fold_2,UNIQUE,1,AICPS-PLCBEAD_PLCEmbed-c78a56f/PLC-BEAD/Source/OpenPLCv3/FT_DERIV.ST,c7da30115530f6d02c70742d1c2f6b40f643150424185663cf74c3366932fc26,FT_DERIV;T_PLC_US_Block,,instance0;program0,True,False,False,FN,explicit FUNCTION_BLOCK declaration in mapped Structured Text source,production: GEB-scoped dt_FB_; probe: ungated core_symbol_text contains dt_FB_,DERIVED_EVIDENCE,
openplcV3_FT_IMP,FT_IMP,OpenPLCv3,fold_3,UNIQUE,1,AICPS-PLCBEAD_PLCEmbed-c78a56f/PLC-BEAD/Source/OpenPLCv3/FT_IMP.ST,1773253fd73c4a10e2f93be10e26c57a6ec6ca0ac9a42aba616cb7b12172d455,FT_IMP;FT_PT1;T_PLC_US_Block,,instance0;program0,True,False,False,FN,explicit FUNCTION_BLOCK declaration in mapped Structured Text source,production: GEB-scoped dt_FB_; probe: ungated core_symbol_text contains dt_FB_,DERIVED_EVIDENCE,
openplcV3_FT_INT,FT_INT,OpenPLCv3,fold_4,UNIQUE,1,AICPS-PLCBEAD_PLCEmbed-c78a56f/PLC-BEAD/Source/OpenPLCv3/FT_INT.ST,3d2ecb69a80eb9e085e9cda534ae6ec4da09ec88dfa0ac33e53d68dcadee065b,FT_INT_Block;INTEGRATE;T_PLC_MS_block,,instance0;program0,True,False,False,FN,explicit FUNCTION_BLOCK declaration in mapped Structured Text source,production: GEB-scoped dt_FB_; probe: ungated core_symbol_text contains dt_FB_,DERIVED_EVIDENCE,
openplcV3_FT_INT2,FT_INT2,OpenPLCv3,fold_5,UNIQUE,1,AICPS-PLCBEAD_PLCEmbed-c78a56f/PLC-BEAD/Source/OpenPLCv3/FT_INT2.ST,393206d168b2bca1a898b162b8e731afcad4f511e8920f522b45951cb6b98313,FT_INT2_Block;INTEGRATE;R2_ADD_Block;R2_SET_Block;T_PLC_MS_block,,instance0;program0,True,False,False,FN,explicit FUNCTION_BLOCK declaration in mapped Structured Text source,production: GEB-scoped dt_FB_; probe: ungated core_symbol_text contains dt_FB_,DERIVED_EVIDENCE,
openplcV3_FT_MIN_MAX,FT_MIN_MAX,OpenPLCv3,fold_7,UNIQUE,1,AICPS-PLCBEAD_PLCEmbed-c78a56f/PLC-BEAD/Source/OpenPLCv3/FT_MIN_MAX.ST,b94cbb2173cd00c7b2aa8cc023870c01ada5cb9bb490262b762bf41e958c7500,FT_MIN_MAX_Block,,instance0;program0,True,False,False,FN,explicit FUNCTION_BLOCK declaration in mapped Structured Text source,production: GEB-scoped dt_FB_; probe: ungated core_symbol_text contains dt_FB_,DERIVED_EVIDENCE,
openplcV3_FT_PD,FT_PD,OpenPLCv3,fold_6,UNIQUE,1,AICPS-PLCBEAD_PLCEmbed-c78a56f/PLC-BEAD/Source/OpenPLCv3/FT_PD.ST,80f741d9f4672507315761b2a4bab43abc525ae716df088d11105e857793f00e,FT_DERIV;FT_PD_Block;T_PLC_US_Block,,instance0;program0,True,False,False,FN,explicit FUNCTION_BLOCK declaration in mapped Structured Text source,production: GEB-scoped dt_FB_; probe: ungated core_symbol_text contains dt_FB_,DERIVED_EVIDENCE,
openplcV3_FT_PDT1,FT_PDT1,OpenPLCv3,fold_7,UNIQUE,1,AICPS-PLCBEAD_PLCEmbed-c78a56f/PLC-BEAD/Source/OpenPLCv3/FT_PDT1.ST,58f484465f58980ecc16e75dfb20c638f44e57fdc8474f6f072bad5c7117c48f,FT_DERIV;FT_PDT1_Block;FT_PT1;T_PLC_US_Block,REAL_TO_TIME2;_REAL_TO_UDINT,instance0;program0,True,False,False,FN,explicit FUNCTION_BLOCK declaration in mapped Structured Text source,production: GEB-scoped dt_FB_; probe: ungated core_symbol_text contains dt_FB_,DERIVED_EVIDENCE,
openplcV3_FT_PI,FT_PI,OpenPLCv3,fold_8,UNIQUE,1,AICPS-PLCBEAD_PLCEmbed-c78a56f/PLC-BEAD/Source/OpenPLCv3/FT_PI.ST,0444a4ecd3f61ff1c89f4b9c66985f59be37a33b0dd0c1e9678e630eccdd7f1f,FT_INT_Block;FT_PI;INTEGRATE;T_PLC_MS_block,,instance0;program0,True,False,False,FN,explicit FUNCTION_BLOCK declaration in mapped Structured Text source,production: GEB-scoped dt_FB_; probe: ungated core_symbol_text contains dt_FB_,DERIVED_EVIDENCE,
openplcV3_FT_PID,FT_PID,OpenPLCv3,fold_9,UNIQUE,1,AICPS-PLCBEAD_PLCEmbed-c78a56f/PLC-BEAD/Source/OpenPLCv3/FT_PID.ST,e13f27b0c9e605536e59945b8f9942b0d1942301221a9a10f97ba2882c36c1a0,FT_DERIV;FT_INT_Block;FT_PID;INTEGRATE;T_PLC_MS_block;T_PLC_US_Block,,instance0;program0,True,False,False,FN,explicit FUNCTION_BLOCK declaration in mapped Structured Text source,production: GEB-scoped dt_FB_; probe: ungated core_symbol_text contains dt_FB_,DERIVED_EVIDENCE,
openplcV3_FT_PIDW,FT_PIDW,OpenPLCv3,fold_0,UNIQUE,1,AICPS-PLCBEAD_PLCEmbed-c78a56f/PLC-BEAD/Source/OpenPLCv3/FT_PIDW.ST,c75a45211926bfc44795ddbd720ae903047ad75a367c9ca3fe48e688d01363ed,FT_DERIV;FT_PIDW;INTEGRATE;T_PLC_MS_block;T_PLC_US_Block,REAL_TO_TIME2;_REAL_TO_UDINT,instance0;program0,True,False,False,FN,explicit FUNCTION_BLOCK declaration in mapped Structured Text source,production: GEB-scoped dt_FB_; probe: ungated core_symbol_text contains dt_FB_,DERIVED_EVIDENCE,
openplcV3_FT_PIDWL,FT_PIDWL,OpenPLCv3,fold_1,UNIQUE,1,AICPS-PLCBEAD_PLCEmbed-c78a56f/PLC-BEAD/Source/OpenPLCv3/FT_PIDWL.ST,558de92d913d8d4d56af8c85709e1549c9f1de8a6ac96ba02991963fc013fb43,FT_DERIV;FT_PIDWL;FT_PIWL;T_PLC_US_Block,,instance0;program0,True,False,False,FN,explicit FUNCTION_BLOCK declaration in mapped Structured Text source,production: GEB-scoped dt_FB_; probe: ungated core_symbol_text contains dt_FB_,DERIVED_EVIDENCE,
openplcV3_FT_PIW,FT_PIW,OpenPLCv3,fold_2,UNIQUE,1,AICPS-PLCBEAD_PLCEmbed-c78a56f/PLC-BEAD/Source/OpenPLCv3/FT_PIW.ST,4aca8fa6e9b14aa8732386d654fece328524f8b543f5c08940d6a8df17aae191,FT_INT_Block;FT_PIW;INTEGRATE;T_PLC_MS_block,,instance0;program0,True,False,False,FN,explicit FUNCTION_BLOCK declaration in mapped Structured Text source,production: GEB-scoped dt_FB_; probe: ungated core_symbol_text contains dt_FB_,DERIVED_EVIDENCE,
openplcV3_FT_PIWL,FT_PIWL,OpenPLCv3,fold_3,UNIQUE,1,AICPS-PLCBEAD_PLCEmbed-c78a56f/PLC-BEAD/Source/OpenPLCv3/FT_PIWL.ST,07564115c779594f25eb2b1da7e68c6ef109e6e1085a838ea30459d8b28a1580,FT_PIWL;T_PLC_US_Block,,instance0;program0,True,False,False,FN,explicit FUNCTION_BLOCK declaration in mapped Structured Text source,production: GEB-scoped dt_FB_; probe: ungated core_symbol_text contains dt_FB_,DERIVED_EVIDENCE,
openplcV3_FT_PROFILE,FT_PROFILE,OpenPLCv3,fold_5,UNIQUE,1,AICPS-PLCBEAD_PLCEmbed-c78a56f/PLC-BEAD/Source/OpenPLCv3/FT_PROFILE.ST,6565cc661954986f7e17ee3385fc9694ffb21f4f2f2c0ceb9d8f5eb7990fc71e,FT_PROFILE;T_PLC_MS_block,,instance0;program0,True,False,False,FN,explicit FUNCTION_BLOCK declaration in mapped Structured Text source,production: GEB-scoped dt_FB_; probe: ungated core_symbol_text contains dt_FB_,DERIVED_EVIDENCE,
openplcV3_FT_PT1,FT_PT1,OpenPLCv3,fold_4,UNIQUE,1,AICPS-PLCBEAD_PLCEmbed-c78a56f/PLC-BEAD/Source/OpenPLCv3/FT_PT1.ST,df364f94cb46bf3b7d9669464fd28cc4230ab3d806ce1d7f807742f6fdbfe8d2,FT_PT1;T_PLC_US_Block,,instance0;program0,True,False,False,FN,explicit FUNCTION_BLOCK declaration in mapped Structured Text source,production: GEB-scoped dt_FB_; probe: ungated core_symbol_text contains dt_FB_,DERIVED_EVIDENCE,
openplcV3_FT_PT2,FT_PT2,OpenPLCv3,fold_5,UNIQUE,1,AICPS-PLCBEAD_PLCEmbed-c78a56f/PLC-BEAD/Source/OpenPLCv3/FT_PT2.ST,5e52ef8116062516c2f5159f745e4f20563345852aefdda03ee20d69bba0ac19,FT_PT2;INTEGRATE;T_PLC_MS_block,,instance0;program0,True,False,False,FN,explicit FUNCTION_BLOCK declaration in mapped Structured Text source,production: GEB-scoped dt_FB_; probe: ungated core_symbol_text contains dt_FB_,DERIVED_EVIDENCE,
openplcV3_FT_RMP,FT_RMP,OpenPLCv3,fold_8,UNIQUE,1,AICPS-PLCBEAD_PLCEmbed-c78a56f/PLC-BEAD/Source/OpenPLCv3/FT_RMP.ST,e05d466acd43752624cc7a205ad2b4c44186d9f1fbde04f0c404a6296ad0ebdc,FT_RMP;T_PLC_MS_block,,instance0;program0,True,False,False,FN,explicit FUNCTION_BLOCK declaration in mapped Structured Text source,production: GEB-scoped dt_FB_; probe: ungated core_symbol_text contains dt_FB_,DERIVED_EVIDENCE,
openplcV3_FT_TN16,FT_TN16,OpenPLCv3,fold_6,UNIQUE,1,AICPS-PLCBEAD_PLCEmbed-c78a56f/PLC-BEAD/Source/OpenPLCv3/FT_TN16.ST,3ac244d0c377508459a62ed89958cace6af1549563f0be286921d3f03f9d007b,FT_TN16;T_PLC_MS_Block,,instance0;program0,True,False,False,FN,explicit FUNCTION_BLOCK declaration in mapped Structured Text source,production: GEB-scoped dt_FB_; probe: ungated core_symbol_text contains dt_FB_,DERIVED_EVIDENCE,
openplcV3_FT_TN64,FT_TN64,OpenPLCv3,fold_7,UNIQUE,1,AICPS-PLCBEAD_PLCEmbed-c78a56f/PLC-BEAD/Source/OpenPLCv3/FT_TN64.ST,8a3e7d65ddfe8a203850db2854478120ccaf6e46f727c79c814b42f56316a305,FT_TN64;T_PLC_MS_Block,,instance0;program0,True,False,False,FN,explicit FUNCTION_BLOCK declaration in mapped Structured Text source,production: GEB-scoped dt_FB_; probe: ungated core_symbol_text contains dt_FB_,DERIVED_EVIDENCE,
openplcV3_FT_TN8,FT_TN8,OpenPLCv3,fold_8,UNIQUE,1,AICPS-PLCBEAD_PLCEmbed-c78a56f/PLC-BEAD/Source/OpenPLCv3/FT_TN8.ST,99c0c1720899e9b73220f18687d3b7da5f8d7a7d089e19258db5d7ca12937de3,FT_TN8;T_PLC_MS_Block,,instance0;program0,True,False,False,FN,explicit FUNCTION_BLOCK declaration in mapped Structured Text source,production: GEB-scoped dt_FB_; probe: ungated core_symbol_text contains dt_FB_,DERIVED_EVIDENCE,
openplcV3_F_LAMP,F_LAMP,OpenPLCv3,fold_5,UNIQUE,1,AICPS-PLCBEAD_PLCEmbed-c78a56f/PLC-BEAD/Source/OpenPLCv3/F_LAMP.ST,7c7360e293810ebf7e60a8d95abb850b346e9d3794af5edb933b5559d5d56d58,F_LAMP_Block;ONTIME_Block;T_PLC_MS_block,,instance0;program0,True,False,False,FN,explicit FUNCTION_BLOCK declaration in mapped Structured Text source,production: GEB-scoped dt_FB_; probe: ungated core_symbol_text contains dt_FB_,DERIVED_EVIDENCE,
openplcV3_F_LIN,F_LIN,OpenPLCv3,fold_0,UNIQUE,1,AICPS-PLCBEAD_PLCEmbed-c78a56f/PLC-BEAD/Source/OpenPLCv3/F_LIN.ST,ecdbba993424d4d08f8589cceb835f9ea46539360dfd495767ba7269d9ceef38,,F_LIN,instance0;program0,False,False,False,TN,explicit FUNCTION_BLOCK declaration in mapped Structured Text source,production: GEB-scoped dt_FB_; probe: ungated core_symbol_text contains dt_FB_,DERIVED_EVIDENCE,
openplcV3_F_LIN2,F_LIN2,OpenPLCv3,fold_1,UNIQUE,1,AICPS-PLCBEAD_PLCEmbed-c78a56f/PLC-BEAD/Source/OpenPLCv3/F_LIN2.ST,c72724c312a6fef6cef35fc6f1d33f064a9d4857d3319e973b7b18669c9146bf,,F_LIN2,instance0;program0,False,False,False,TN,explicit FUNCTION_BLOCK declaration in mapped Structured Text source,production: GEB-scoped dt_FB_; probe: ungated core_symbol_text contains dt_FB_,DERIVED_EVIDENCE,
openplcV3_F_POLY,F_POLY,OpenPLCv3,fold_2,UNIQUE,1,AICPS-PLCBEAD_PLCEmbed-c78a56f/PLC-BEAD/Source/OpenPLCv3/F_POLY.ST,fe9d980622de19704f597ac411e5db1d57f8b450b03b29fc53845e40e4bccecd,F_POLY_Block,,instance0;program0,True,False,False,FN,explicit FUNCTION_BLOCK declaration in mapped Structured Text source,production: GEB-scoped dt_FB_; probe: ungated core_symbol_text contains dt_FB_,DERIVED_EVIDENCE,
openplcV3_F_POWER,F_POWER,OpenPLCv3,fold_3,UNIQUE,1,AICPS-PLCBEAD_PLCEmbed-c78a56f/PLC-BEAD/Source/OpenPLCv3/F_POWER.ST,a70b058ab4b68b9a46ec7a5ccde3631bc75b19a226c35b26ea51bc48f7f56e20,,F_POWER,instance0;program0,False,False,False,TN,explicit FUNCTION_BLOCK declaration in mapped Structured Text source,production: GEB-scoped dt_FB_; probe: ungated core_symbol_text contains dt_FB_,DERIVED_EVIDENCE,
openplcV3_F_QUAD,F_QUAD,OpenPLCv3,fold_4,UNIQUE,1,AICPS-PLCBEAD_PLCEmbed-c78a56f/PLC-BEAD/Source/OpenPLCv3/F_QUAD.ST,a1ce3db4115b46d7959f77ec3247ae0283f287b9cffc6d16ec6b2e1fd690cd22,,F_QUAD,instance0;program0,False,False,False,TN,explicit FUNCTION_BLOCK declaration in mapped Structured Text source,production: GEB-scoped dt_FB_; probe: ungated core_symbol_text contains dt_FB_,DERIVED_EVIDENCE,
openplcV3_F_TO_C,F_TO_C,OpenPLCv3,fold_7,UNIQUE,1,AICPS-PLCBEAD_PLCEmbed-c78a56f/PLC-BEAD/Source/OpenPLCv3/F_TO_C.ST,7caa9a27009a074ac62778fb8e5caec75c308bbc39e426d6355ba13c810654f0,,F_TO_C,instance0;program0,False,False,False,TN,explicit FUNCTION_BLOCK declaration in mapped Structured Text source,production: GEB-scoped dt_FB_; probe: ungated core_symbol_text contains dt_FB_,DERIVED_EVIDENCE,
openplcV3_F_TO_OM,F_TO_OM,OpenPLCv3,fold_8,UNIQUE,1,AICPS-PLCBEAD_PLCEmbed-c78a56f/PLC-BEAD/Source/OpenPLCv3/F_TO_OM.ST,63463ac849176d2c73d0b23f3198dbdf6ab51ca3f7cbb470f6c95c00138dcec4,,F_TO_OM,instance0;program0,False,False,False,TN,explicit FUNCTION_BLOCK declaration in mapped Structured Text source,production: GEB-scoped dt_FB_; probe: ungated core_symbol_text contains dt_FB_,DERIVED_EVIDENCE,
openplcV3_F_TO_PT,F_TO_PT,OpenPLCv3,fold_9,UNIQUE,1,AICPS-PLCBEAD_PLCEmbed-c78a56f/PLC-BEAD/Source/OpenPLCv3/F_TO_PT.ST,e4d5bdac198c374aefd9fd2537c96fdd24dfc64f4d0aedd4ee2dd29fa0f72006,,F_TO_PT;_REAL_TO_DWORD,instance0;program0,False,False,False,TN,explicit FUNCTION_BLOCK declaration in mapped Structured Text source,production: GEB-scoped dt_FB_; probe: ungated core_symbol_text contains dt_FB_,DERIVED_EVIDENCE,
openplcV3_GAMMA,GAMMA,OpenPLCv3,fold_9,UNIQUE,1,AICPS-PLCBEAD_PLCEmbed-c78a56f/PLC-BEAD/Source/OpenPLCv3/GAMMA.ST,f997e3f1f8988f3c0302ac8181e76b856a4c54fb23e82aebb581427d8eabfb74,,GAMMA,instance0;program0,False,False,False,TN,explicit FUNCTION_BLOCK declaration in mapped Structured Text source,production: GEB-scoped dt_FB_; probe: ungated core_symbol_text contains dt_FB_,DERIVED_EVIDENCE,
openplcV3_GAUSS,GAUSS,OpenPLCv3,fold_0,UNIQUE,1,AICPS-PLCBEAD_PLCEmbed-c78a56f/PLC-BEAD/Source/OpenPLCv3/GAUSS.ST,364574c9930ded67d426f37b0312a34f5dbc6b090ab9b18d3abdd247a1a9b2e4,,GAUSS,instance0;program0,False,False,False,TN,explicit FUNCTION_BLOCK declaration in mapped Structured Text source,production: GEB-scoped dt_FB_; probe: ungated core_symbol_text contains dt_FB_,DERIVED_EVIDENCE,
openplcV3_GAUSSCD,GAUSSCD,OpenPLCv3,fold_1,UNIQUE,1,AICPS-PLCBEAD_PLCEmbed-c78a56f/PLC-BEAD/Source/OpenPLCv3/GAUSSCD.ST,3876f583becd28c235ca3da60bb36709d70fb5afd036a90a871842a1caa8b02b,,ERF;GAUSSCD;SGN,instance0;program0,False,False,False,TN,explicit FUNCTION_BLOCK declaration in mapped Structured Text source,production: GEB-scoped dt_FB_; probe: ungated core_symbol_text contains dt_FB_,DERIVED_EVIDENCE,
openplcV3_GCD,GCD,OpenPLCv3,fold_2,UNIQUE,1,AICPS-PLCBEAD_PLCEmbed-c78a56f/PLC-BEAD/Source/OpenPLCv3/GCD.ST,418e4514efc5c507fa36e4844378541d19614e243950738bad9ed7b8dc2e76c9,,GCD,instance0;program0,False,False,False,TN,explicit FUNCTION_BLOCK declaration in mapped Structured Text source,production: GEB-scoped dt_FB_; probe: ungated core_symbol_text contains dt_FB_,DERIVED_EVIDENCE,
openplcV3_GDF,GDF,OpenPLCv3,fold_3,UNIQUE,1,AICPS-PLCBEAD_PLCEmbed-c78a56f/PLC-BEAD/Source/OpenPLCv3/GDF.ST,b12f444ed846aee63a6bdb3d640b6ae27d2dd6dff4a90043a39b864647638189,,GDF,instance0;program0,False,False,False,TN,explicit FUNCTION_BLOCK declaration in mapped Structured Text source,production: GEB-scoped dt_FB_; probe: ungated core_symbol_text contains dt_FB_,DERIVED_EVIDENCE,
openplcV3_GEN_BIT,GEN_BIT,OpenPLCv3,fold_0,UNIQUE,1,AICPS-PLCBEAD_PLCEmbed-c78a56f/PLC-BEAD/Source/OpenPLCv3/GEN_BIT.ST,88bf0c01d453692701876d6bf272919a2e6e1307d2455b690285c61a470af73a,GEN_BIT_Block,BIT_OF_DWORD,instance0;program0,True,False,False,FN,explicit FUNCTION_BLOCK declaration in mapped Structured Text source,production: GEB-scoped dt_FB_; probe: ungated core_symbol_text contains dt_FB_,DERIVED_EVIDENCE,
openplcV3_GEN_PULSE,GEN_PULSE,OpenPLCv3,fold_3,UNIQUE,1,AICPS-PLCBEAD_PLCEmbed-c78a56f/PLC-BEAD/Source/OpenPLCv3/GEN_PULSE.ST,07426deee3d0d44a258dc355f5c53b0de32a71db626bfa14d27a8b8818719977,GEN_PULSE_Block;T_PLC_MS_block,UDINT_TO_TIME2,instance0;program0,True,False,False,FN,explicit FUNCTION_BLOCK declaration in mapped Structured Text source,production: GEB-scoped dt_FB_; probe: ungated core_symbol_text contains dt_FB_,DERIVED_EVIDENCE,
openplcV3_GEN_PW2,GEN_PW2,OpenPLCv3,fold_4,UNIQUE,1,AICPS-PLCBEAD_PLCEmbed-c78a56f/PLC-BEAD/Source/OpenPLCv3/GEN_PW2.ST,23b630fa987fe1e3ad44c1e41bef11903cba64423ddac3cf6c7d1f906db8568a,GEN_PW2_Block;T_PLC_MS_block,UDINT_TO_TIME2,instance0;program0,True,False,False,FN,explicit FUNCTION_BLOCK declaration in mapped Structured Text source,production: GEB-scoped dt_FB_; probe: ungated core_symbol_text contains dt_FB_,DERIVED_EVIDENCE,
openplcV3_GEN_RDM,GEN_RDM,OpenPLCv3,fold_5,UNIQUE,1,AICPS-PLCBEAD_PLCEmbed-c78a56f/PLC-BEAD/Source/OpenPLCv3/GEN_RDM.ST,f76ca6f3b2c5aa1c9276c4c58ece5bc281b3d57ab31e630576867de08fc17fa0,GEN_RDM_Block;RDM_block;T_PLC_MS_block,BIT_COUNT;BIT_LOAD_DW;BIT_OF_DWORD;D_TRUNC;FRACT;_DWORD_TO_REAL;_INT_TO_UDINT,instance0;program0,True,False,False,FN,explicit FUNCTION_BLOCK declaration in mapped Structured Text source,production: GEB-scoped dt_FB_; probe: ungated core_symbol_text contains dt_FB_,DERIVED_EVIDENCE,
openplcV3_GEN_RDT,GEN_RDT,OpenPLCv3,fold_6,UNIQUE,1,AICPS-PLCBEAD_PLCEmbed-c78a56f/PLC-BEAD/Source/OpenPLCv3/GEN_RDT.ST,9f6897b2e6f49a8dc6e928b806b55893a28e762b733794cf1e99df048d719091,GEN_RDT_Block;RDM_block;T_PLC_MS_block,BIT_COUNT;BIT_LOAD_DW;BIT_OF_DWORD;D_TRUNC;FRACT;REAL_TO_TIME2;TIME_TO_REAL1;_DWORD_TO_REAL;_INT_TO_UDINT;_REAL_TO_UDINT,instance0;program0,True,False,False,FN,explicit FUNCTION_BLOCK declaration in mapped Structured Text source,production: GEB-scoped dt_FB_; probe: ungated core_symbol_text contains dt_FB_,DERIVED_EVIDENCE,
openplcV3_GEN_RMP,GEN_RMP,OpenPLCv3,fold_7,UNIQUE,1,AICPS-PLCBEAD_PLCEmbed-c78a56f/PLC-BEAD/Source/OpenPLCv3/GEN_RMP.ST,a6f5fcdd3263bc5ea2a4672d00318946a6e4c0783399fd203d7a0de41c6ac990,GEN_RMP_Block;T_PLC_MS_block,D_TRUNC;FLOOR2;FRACT;MODR;MULTIME;TIME_TO_REAL1;UDINT_TO_TIME2;_DWORD_TO_REAL;_REAL_TO_DWORD,instance0;program0,True,False,False,FN,explicit FUNCTION_BLOCK declaration in mapped Structured Text source,production: GEB-scoped dt_FB_; probe: ungated core_symbol_text contains dt_FB_,DERIVED_EVIDENCE,
openplcV3_GEN_SIN,GEN_SIN,OpenPLCv3,fold_8,UNIQUE,1,AICPS-PLCBEAD_PLCEmbed-c78a56f/PLC-BEAD/Source/OpenPLCv3/GEN_SIN.ST,2530093a40422e76d067885ce67b2cfe94d4dc9dcdc36db2b47e5c2f987a7eda,GEN_SIN_Block;T_PLC_MS_block,FLOOR2;MODR;MULTIME;SIGN_R;TIME_TO_REAL1;UDINT_TO_TIME2;_DWORD_TO_REAL;_REAL_TO_DWORD,instance0;program0,True,False,False,FN,explicit FUNCTION_BLOCK declaration in mapped Structured Text source,production: GEB-scoped dt_FB_; probe: ungated core_symbol_text contains dt_FB_,DERIVED_EVIDENCE,
openplcV3_GEN_SQ,GEN_SQ,OpenPLCv3,fold_1,UNIQUE,1,AICPS-PLCBEAD_PLCEmbed-c78a56f/PLC-BEAD/Source/OpenPLCv3/GEN_SQ.ST,e8186e844471cff5bdaf81b6d219fde51271ddc5ea9adeac5d197a8ee95fdee6,GEN_SQ_Block;T_PLC_MS_block,UDINT_TO_TIME2,instance0;program0,True,False,False,FN,explicit FUNCTION_BLOCK declaration in mapped Structured Text source,production: GEB-scoped dt_FB_; probe: ungated core_symbol_text contains dt_FB_,DERIVED_EVIDENCE,
openplcV3_GEN_SQR,GEN_SQR,OpenPLCv3,fold_9,UNIQUE,1,AICPS-PLCBEAD_PLCEmbed-c78a56f/PLC-BEAD/Source/OpenPLCv3/GEN_SQR.ST,542a4262f9125d3222704fdf51d308c481038885b6fba13eea22f7812a057cd0,GEN_SQR_Block;T_PLC_MS_block,FLOOR2;MODR;MULTIME;UDINT_TO_TIME2;_DWORD_TO_REAL;_REAL_TO_DWORD,instance0;program0,True,False,False,FN,explicit FUNCTION_BLOCK declaration in mapped Structured Text source,production: GEB-scoped dt_FB_; probe: ungated core_symbol_text contains dt_FB_,DERIVED_EVIDENCE,
openplcV3_GEO_TO_DEG,GEO_TO_DEG,OpenPLCv3,fold_0,UNIQUE,1,AICPS-PLCBEAD_PLCEmbed-c78a56f/PLC-BEAD/Source/OpenPLCv3/GEO_TO_DEG.ST,504e0c69880dff78d6393b1ec21979c8e83151d58dcee834af846d47fe675cc3,,GEO_TO_DEG,instance0;program0,False,False,False,TN,explicit FUNCTION_BLOCK declaration in mapped Structured Text source,production: GEB-scoped dt_FB_; probe: ungated core_symbol_text contains dt_FB_,DERIVED_EVIDENCE,
openplcV3_GOLD,GOLD,OpenPLCv3,fold_4,UNIQUE,1,AICPS-PLCBEAD_PLCEmbed-c78a56f/PLC-BEAD/Source/OpenPLCv3/GOLD.ST,8c28cfbf7eb263278b35795c4ef5d22dec8a2ff3040a7fb67b694394bc845a7c,,GOLD,instance0;program0,False,False,False,TN,explicit FUNCTION_BLOCK declaration in mapped Structured Text source,production: GEB-scoped dt_FB_; probe: ungated core_symbol_text contains dt_FB_,DERIVED_EVIDENCE,
openplcV3_GRAY_TO_BYTE,GRAY_TO_BYTE,OpenPLCv3,fold_4,UNIQUE,1,AICPS-PLCBEAD_PLCEmbed-c78a56f/PLC-BEAD/Source/OpenPLCv3/GRAY_TO_BYTE.ST,eb82d85a4d8b59740a9df7240f40b975190824d25769cbbdca1c33c4f6926028,,GRAY_TO_BYTE,instance0;program0,False,False,False,TN,explicit FUNCTION_BLOCK declaration in mapped Structured Text source,production: GEB-scoped dt_FB_; probe: ungated core_symbol_text contains dt_FB_,DERIVED_EVIDENCE,
openplcV3_HEAT_INDEX,HEAT_INDEX,OpenPLCv3,fold_3,UNIQUE,1,AICPS-PLCBEAD_PLCEmbed-c78a56f/PLC-BEAD/Source/OpenPLCv3/HEAT_INDEX.ST,d259996ddc775db50e678977976c8654d80106b59861a76907a21d7b7d4dffbd,,C_TO_F;F_TO_C;HEAT_INDEX,instance0;program0,False,False,False,TN,explicit FUNCTION_BLOCK declaration in mapped Structured Text source,production: GEB-scoped dt_FB_; probe: ungated core_symbol_text contains dt_FB_,DERIVED_EVIDENCE,
openplcV3_HEAT_METER,HEAT_METER,OpenPLCv3,fold_4,UNIQUE,1,AICPS-PLCBEAD_PLCEmbed-c78a56f/PLC-BEAD/Source/OpenPLCv3/HEAT_METER.ST,0da18a8248e394ddefb9909f5768ddec9840c17b236048f63cdee4ca47d9ce34,FT_INT2_Block;HEAT_METER_Block;INTEGRATE;LINEAR_INT_Block;R2_ADD_Block;R2_SET_Block;T_PLC_MS_block;WATER_ENTHALPY_Block,TIME_TO_UDINT2;UDINT_TO_TIME2;WATER_DENSITY,instance0;program0,True,False,False,FN,explicit FUNCTION_BLOCK declaration in mapped Structured Text source,production: GEB-scoped dt_FB_; probe: ungated core_symbol_text contains dt_FB_,DERIVED_EVIDENCE,
openplcV3_HEAT_TEMP,HEAT_TEMP,OpenPLCv3,fold_5,UNIQUE,1,AICPS-PLCBEAD_PLCEmbed-c78a56f/PLC-BEAD/Source/OpenPLCv3/HEAT_TEMP.ST,7e714ac44228264091927eb263ceb04ccb7c99b62e67ee4075690184e2ed045b,HEAT_TEMP_Block,,instance0;program0,True,False,False,FN,explicit FUNCTION_BLOCK declaration in mapped Structured Text source,production: GEB-scoped dt_FB_; probe: ungated core_symbol_text contains dt_FB_,DERIVED_EVIDENCE,
openplcV3_HOLIDAY,HOLIDAY,OpenPLCv3,fold_5,UNIQUE,1,AICPS-PLCBEAD_PLCEmbed-c78a56f/PLC-BEAD/Source/OpenPLCv3/HOLIDAY.ST,3bf32dc8f55a529aae03109e7034eed9e1fec012fb4ae89a800f19bfc43dc42e,HOLIDAY_Block;SETUP_LANGUAGE_Block;SETUP_LOCATION;SETUP_WEEKDAYS,DATE_ADD;DAY_OF_MONTH;DAY_OF_WEEK;DAY_OF_YEAR;EASTER;LEAP_OF_DATE;MONTH_OF_DATE;SET_DATE;YEAR_OF_DATE;_INT_TO_UDINT,instance0;program0,True,False,False,FN,explicit FUNCTION_BLOCK declaration in mapped Structured Text source,production: GEB-scoped dt_FB_; probe: ungated core_symbol_text contains dt_FB_,DERIVED_EVIDENCE,
openplcV3_HOUR,HOUR,OpenPLCv3,fold_6,UNIQUE,1,AICPS-PLCBEAD_PLCEmbed-c78a56f/PLC-BEAD/Source/OpenPLCv3/HOUR.ST,d5efff50622eda3f67446381cc89fc09351533f899c2d949929142111fd53f18,,HOUR,instance0;program0,False,False,False,TN,explicit FUNCTION_BLOCK declaration in mapped Structured Text source,production: GEB-scoped dt_FB_; probe: ungated core_symbol_text contains dt_FB_,DERIVED_EVIDENCE,
openplcV3_HOUR_OF_DT,HOUR_OF_DT,OpenPLCv3,fold_7,UNIQUE,1,AICPS-PLCBEAD_PLCEmbed-c78a56f/PLC-BEAD/Source/OpenPLCv3/HOUR_OF_DT.ST,e53235f46cc26f6161ad62a891120e6577ca376fa0841c8e68f2fbd136c72e3a,,HOUR_OF_DT,instance0;program0,False,False,False,TN,explicit FUNCTION_BLOCK declaration in mapped Structured Text source,production: GEB-scoped dt_FB_; probe: ungated core_symbol_text contains dt_FB_,DERIVED_EVIDENCE,
openplcV3_HOUR_TO_TIME,HOUR_TO_TIME,OpenPLCv3,fold_8,UNIQUE,1,AICPS-PLCBEAD_PLCEmbed-c78a56f/PLC-BEAD/Source/OpenPLCv3/HOUR_TO_TIME.ST,f250a8e2f97830a2d4ee57f74afef5fe34393d7ed0ca2263435e061f3cc80951,,HOUR_TO_TIME;_REAL_TO_UDINT,instance0;program0,False,False,False,TN,explicit FUNCTION_BLOCK declaration in mapped Structured Text source,production: GEB-scoped dt_FB_; probe: ungated core_symbol_text contains dt_FB_,DERIVED_EVIDENCE,
openplcV3_HOUR_TO_TOD,HOUR_TO_TOD,OpenPLCv3,fold_9,UNIQUE,1,AICPS-PLCBEAD_PLCEmbed-c78a56f/PLC-BEAD/Source/OpenPLCv3/HOUR_TO_TOD.ST,1195c27ea430a01321916e5e0a2340b5e7ef4add0743686af1b30d296bf1554f,,HOUR_TO_TOD;_REAL_TO_UDINT,instance0;program0,False,False,False,TN,explicit FUNCTION_BLOCK declaration in mapped Structured Text source,production: GEB-scoped dt_FB_; probe: ungated core_symbol_text contains dt_FB_,DERIVED_EVIDENCE,
openplcV3_HYPOT,HYPOT,OpenPLCv3,fold_5,UNIQUE,1,AICPS-PLCBEAD_PLCEmbed-c78a56f/PLC-BEAD/Source/OpenPLCv3/HYPOT.ST,aa7f51c516fc0b9f4909ae1987ffd9b1c2d80a3095e599de9cc7e5f2848d326f,,HYPOT,instance0;program0,False,False,False,TN,explicit FUNCTION_BLOCK declaration in mapped Structured Text source,production: GEB-scoped dt_FB_; probe: ungated core_symbol_text contains dt_FB_,DERIVED_EVIDENCE,
openplcV3_HYST,HYST,OpenPLCv3,fold_9,UNIQUE,1,AICPS-PLCBEAD_PLCEmbed-c78a56f/PLC-BEAD/Source/OpenPLCv3/HYST.ST,b3a4fdab026342f90bf034b83f0f6c73a73c779f5a712fa9755671c4e9f11c17,HYST_Block,,instance0;program0,True,False,False,FN,explicit FUNCTION_BLOCK declaration in mapped Structured Text source,production: GEB-scoped dt_FB_; probe: ungated core_symbol_text contains dt_FB_,DERIVED_EVIDENCE,
openplcV3_HYST_1,HYST_1,OpenPLCv3,fold_0,UNIQUE,1,AICPS-PLCBEAD_PLCEmbed-c78a56f/PLC-BEAD/Source/OpenPLCv3/HYST_1.ST,5483c29f4f9d7ae9f5b4835440e8e66e5defa44346713f7f3fb9de9d1285b62c,HYST_1_Block,,instance0;program0,True,False,False,FN,explicit FUNCTION_BLOCK declaration in mapped Structured Text source,production: GEB-scoped dt_FB_; probe: ungated core_symbol_text contains dt_FB_,DERIVED_EVIDENCE,
openplcV3_HYST_2,HYST_2,OpenPLCv3,fold_1,UNIQUE,1,AICPS-PLCBEAD_PLCEmbed-c78a56f/PLC-BEAD/Source/OpenPLCv3/HYST_2.ST,68b0bd38e713dd7a81c7d0d8925240e66eeeee56843e5e28dc50ce2faf3efd0c,HYST_2_Block,,instance0;program0,True,False,False,FN,explicit FUNCTION_BLOCK declaration in mapped Structured Text source,production: GEB-scoped dt_FB_; probe: ungated core_symbol_text contains dt_FB_,DERIVED_EVIDENCE,
openplcV3_HYST_3,HYST_3,OpenPLCv3,fold_2,UNIQUE,1,AICPS-PLCBEAD_PLCEmbed-c78a56f/PLC-BEAD/Source/OpenPLCv3/HYST_3.ST,d0583df201810680a3525024968220ce2887242d469837309fa57d42936917ab,HYST_3_Block,,instance0;program0,True,False,False,FN,explicit FUNCTION_BLOCK declaration in mapped Structured Text source,production: GEB-scoped dt_FB_; probe: ungated core_symbol_text contains dt_FB_,DERIVED_EVIDENCE,
openplcV3_INC,INC,OpenPLCv3,fold_6,UNIQUE,1,AICPS-PLCBEAD_PLCEmbed-c78a56f/PLC-BEAD/Source/OpenPLCv3/INC.ST,ee1bf36eea73a0b277dc0ba914e4dcbac087b863247527811df7089c766a106b,,INC,instance0;program0,False,False,False,TN,explicit FUNCTION_BLOCK declaration in mapped Structured Text source,production: GEB-scoped dt_FB_; probe: ungated core_symbol_text contains dt_FB_,DERIVED_EVIDENCE,
openplcV3_INC1,INC1,OpenPLCv3,fold_7,UNIQUE,1,AICPS-PLCBEAD_PLCEmbed-c78a56f/PLC-BEAD/Source/OpenPLCv3/INC1.ST,0bc00800edf96f45a79e72e5c0828afb696b2147686cc0e87ad5bb197e77dfb3,,INC1,instance0;program0,False,False,False,TN,explicit FUNCTION_BLOCK declaration in mapped Structured Text source,production: GEB-scoped dt_FB_; probe: ungated core_symbol_text contains dt_FB_,DERIVED_EVIDENCE,
openplcV3_INC2,INC2,OpenPLCv3,fold_8,UNIQUE,1,AICPS-PLCBEAD_PLCEmbed-c78a56f/PLC-BEAD/Source/OpenPLCv3/INC2.ST,6d3ec0f4c8a12301793531eaf182be4a061d0dd1cb1cbc1d8ef7f7972acddb90,,INC2,instance0;program0,False,False,False,TN,explicit FUNCTION_BLOCK declaration in mapped Structured Text source,production: GEB-scoped dt_FB_; probe: ungated core_symbol_text contains dt_FB_,DERIVED_EVIDENCE,
openplcV3_INC_DEC,INC_DEC,OpenPLCv3,fold_6,UNIQUE,1,AICPS-PLCBEAD_PLCEmbed-c78a56f/PLC-BEAD/Source/OpenPLCv3/INC_DEC.ST,e18ea86a4d7231007aa7d4be66e4f60ac7f3489c48fd16fe068b378d19bdece0,INC_DEC_Block,,instance0;program0,True,False,False,FN,explicit FUNCTION_BLOCK declaration in mapped Structured Text source,production: GEB-scoped dt_FB_; probe: ungated core_symbol_text contains dt_FB_,DERIVED_EVIDENCE,
openplcV3_INSERT250,INSERT250,OpenPLCv3,fold_7,UNIQUE,1,AICPS-PLCBEAD_PLCEmbed-c78a56f/PLC-BEAD/Source/OpenPLCv3/INSERT250.ST,275aa06743b5abff8200a3976d0ee62c1498fde5d61d67dc12b67083278170af,_INSERT250,,instance0;program0,True,False,False,FN,explicit FUNCTION_BLOCK declaration in mapped Structured Text source,production: GEB-scoped dt_FB_; probe: ungated core_symbol_text contains dt_FB_,DERIVED_EVIDENCE,
openplcV3_INTEGRATE,INTEGRATE,OpenPLCv3,fold_3,UNIQUE,1,AICPS-PLCBEAD_PLCEmbed-c78a56f/PLC-BEAD/Source/OpenPLCv3/INTEGRATE.ST,e40e550378a0dd304d00428439ef4f8bb7f5bc2a74bfb3f6e06fd7cdb4cbac42,INTEGRATE;T_PLC_MS_block,,instance0;program0,True,False,False,FN,explicit FUNCTION_BLOCK declaration in mapped Structured Text source,production: GEB-scoped dt_FB_; probe: ungated core_symbol_text contains dt_FB_,DERIVED_EVIDENCE,
openplcV3_INTERLOCK,INTERLOCK,OpenPLCv3,fold_7,UNIQUE,1,AICPS-PLCBEAD_PLCEmbed-c78a56f/PLC-BEAD/Source/OpenPLCv3/INTERLOCK.ST,dad496a0f8f6f233ea45b4d09bce2aac36a533ec1bb28db734b79cdf81c59251,INTERLOCK_Block,,instance0;program0,True,False,False,FN,explicit FUNCTION_BLOCK declaration in mapped Structured Text source,production: GEB-scoped dt_FB_; probe: ungated core_symbol_text contains dt_FB_,DERIVED_EVIDENCE,
openplcV3_INTERLOCK_4,INTERLOCK_4,OpenPLCv3,fold_8,UNIQUE,1,AICPS-PLCBEAD_PLCEmbed-c78a56f/PLC-BEAD/Source/OpenPLCv3/INTERLOCK_4.ST,4d17a7c53d0aaa6065a3b8b2e9710cf76a983bf8353ea36a4cce97bc666de926,INTERLOCK_4_Block,BIT_LOAD_B,instance0;program0,True,False,False,FN,explicit FUNCTION_BLOCK declaration in mapped Structured Text source,production: GEB-scoped dt_FB_; probe: ungated core_symbol_text contains dt_FB_,DERIVED_EVIDENCE,
openplcV3_INT_TO_BCDC,INT_TO_BCDC,OpenPLCv3,fold_5,UNIQUE,1,AICPS-PLCBEAD_PLCEmbed-c78a56f/PLC-BEAD/Source/OpenPLCv3/INT_TO_BCDC.ST,cf602a7609192b0006c4be73510de3315dae448080f2cb4d91357cef4cd201a6,,INT_TO_BCDC,instance0;program0,False,False,False,TN,explicit FUNCTION_BLOCK declaration in mapped Structured Text source,production: GEB-scoped dt_FB_; probe: ungated core_symbol_text contains dt_FB_,DERIVED_EVIDENCE,
openplcV3_INT_TO_TIME,INT_TO_TIME,OpenPLCv3,fold_0,UNIQUE,1,AICPS-PLCBEAD_PLCEmbed-c78a56f/PLC-BEAD/Source/OpenPLCv3/INT_TO_TIME.ST,a11eec435d17f59579507165778d26269369a99c52625692ca62e3a2ee0c66c2,,_INT_TO_TIME,instance0;program0,False,False,False,TN,explicit FUNCTION_BLOCK declaration in mapped Structured Text source,production: GEB-scoped dt_FB_; probe: ungated core_symbol_text contains dt_FB_,DERIVED_EVIDENCE,
openplcV3_INV,INV,OpenPLCv3,fold_9,UNIQUE,1,AICPS-PLCBEAD_PLCEmbed-c78a56f/PLC-BEAD/Source/OpenPLCv3/INV.ST,86e7dcb1352a4be4ad64b382b922131fdd5380853e9e3bc0ea9d8eb67025c4b4,,INV,instance0;program0,False,False,False,TN,explicit FUNCTION_BLOCK declaration in mapped Structured Text source,production: GEB-scoped dt_FB_; probe: ungated core_symbol_text contains dt_FB_,DERIVED_EVIDENCE,
openplcV3_IP4_CHECK,IP4_CHECK,OpenPLCv3,fold_4,UNIQUE,1,AICPS-PLCBEAD_PLCEmbed-c78a56f/PLC-BEAD/Source/OpenPLCv3/IP4_CHECK.ST,4c7a0354d4bbca80a74efad20a77bc232ff2cbe2de04643f424423435e57db4b,,IP4_CHECK,instance0;program0,False,False,False,TN,explicit FUNCTION_BLOCK declaration in mapped Structured Text source,production: GEB-scoped dt_FB_; probe: ungated core_symbol_text contains dt_FB_,DERIVED_EVIDENCE,
openplcV3_IP4_TO_STRING,IP4_TO_STRING,OpenPLCv3,fold_5,UNIQUE,1,AICPS-PLCBEAD_PLCEmbed-c78a56f/PLC-BEAD/Source/OpenPLCv3/IP4_TO_STRING.ST,8da98e853c9a8c25f5aeefb7f5587bdca7c88b7384f784115bba9c748e3882b4,IP4_TO_STRING_Block,BYTE_OF_DWORD;_BYTE_TO_INT,instance0;program0,True,False,False,FN,explicit FUNCTION_BLOCK declaration in mapped Structured Text source,production: GEB-scoped dt_FB_; probe: ungated core_symbol_text contains dt_FB_,DERIVED_EVIDENCE,
openplcV3_IP_FIFO,IP_FIFO,OpenPLCv3,fold_3,UNIQUE,1,AICPS-PLCBEAD_PLCEmbed-c78a56f/PLC-BEAD/Source/OpenPLCv3/IP_FIFO.ST,3a72452ae576ec323aa59ab6ecd34f910f7703df803abc8047e3660d95a696b5,IP_FIFO_Block,_BYTE_TO_INT,instance0;program0,True,False,False,FN,explicit FUNCTION_BLOCK declaration in mapped Structured Text source,production: GEB-scoped dt_FB_; probe: ungated core_symbol_text contains dt_FB_,DERIVED_EVIDENCE,
openplcV3_IRTRANS_DECODE,IRTRANS_DECODE,OpenPLCv3,fold_0,UNIQUE,1,AICPS-PLCBEAD_PLCEmbed-c78a56f/PLC-BEAD/Source/OpenPLCv3/IRTRANS_DECODE.ST,d2ebba69df698b7ce7894751851049658ae418c7f701f0b99c6b7464659f46c3,CHR_TO_STRING_Block;IRTRANS_DECODE_Block,,instance0;program0,True,False,False,FN,explicit FUNCTION_BLOCK declaration in mapped Structured Text source,production: GEB-scoped dt_FB_; probe: ungated core_symbol_text contains dt_FB_,DERIVED_EVIDENCE,
openplcV3_IRTRANS_RCV_1,IRTRANS_RCV_1,OpenPLCv3,fold_1,UNIQUE,1,AICPS-PLCBEAD_PLCEmbed-c78a56f/PLC-BEAD/Source/OpenPLCv3/IRTRANS_RCV_1.ST,6521ff44748c7e8cbceaac47730812a9770687970d066e19f25996c111994808,IRTRANS_RCV_1_Block,,instance0;program0,True,False,False,FN,explicit FUNCTION_BLOCK declaration in mapped Structured Text source,production: GEB-scoped dt_FB_; probe: ungated core_symbol_text contains dt_FB_,DERIVED_EVIDENCE,
openplcV3_IRTRANS_RCV_4,IRTRANS_RCV_4,OpenPLCv3,fold_2,UNIQUE,1,AICPS-PLCBEAD_PLCEmbed-c78a56f/PLC-BEAD/Source/OpenPLCv3/IRTRANS_RCV_4.ST,357df07719567c68d883928c1d735562a8b4badc772c0a42f6d9de8508357f75,IRTRANS_RCV_4_Block,,instance0;program0,True,False,False,FN,explicit FUNCTION_BLOCK declaration in mapped Structured Text source,production: GEB-scoped dt_FB_; probe: ungated core_symbol_text contains dt_FB_,DERIVED_EVIDENCE,
openplcV3_IRTRANS_RCV_8,IRTRANS_RCV_8,OpenPLCv3,fold_3,UNIQUE,1,AICPS-PLCBEAD_PLCEmbed-c78a56f/PLC-BEAD/Source/OpenPLCv3/IRTRANS_RCV_8.ST,b331df2a96ca75a488e479b7c0af91f163a658d70b61d2b500e758ca2f88ed72,IRTRANS_RCV_8_Block,,instance0;program0,True,False,False,FN,explicit FUNCTION_BLOCK declaration in mapped Structured Text source,production: GEB-scoped dt_FB_; probe: ungated core_symbol_text contains dt_FB_,DERIVED_EVIDENCE,
openplcV3_IRTRANS_SERVER,IRTRANS_SERVER,OpenPLCv3,fold_4,UNIQUE,1,AICPS-PLCBEAD_PLCEmbed-c78a56f/PLC-BEAD/Source/OpenPLCv3/IRTRANS_SERVER.ST,0b7dd9327fb332393ba90f908f8e690a5e62c26012fbe3aa7dceefd4d2b8eccd,IRTRANS_SERVER_Block,,instance0;program0,True,False,False,FN,explicit FUNCTION_BLOCK declaration in mapped Structured Text source,production: GEB-scoped dt_FB_; probe: ungated core_symbol_text contains dt_FB_,DERIVED_EVIDENCE,
openplcV3_ISC_ALPHA,ISC_ALPHA,OpenPLCv3,fold_0,UNIQUE,1,AICPS-PLCBEAD_PLCEmbed-c78a56f/PLC-BEAD/Source/OpenPLCv3/ISC_ALPHA.ST,6176f43185af2b35b3a7d098df80130c4fd9912e9c75994eb4b2878a68ffc73b,,ISC_ALPHA;SETUP_EXTENDED_ASCII,instance0;program0,False,False,False,TN,explicit FUNCTION_BLOCK declaration in mapped Structured Text source,production: GEB-scoped dt_FB_; probe: ungated core_symbol_text contains dt_FB_,DERIVED_EVIDENCE,
openplcV3_ISC_CTRL,ISC_CTRL,OpenPLCv3,fold_1,UNIQUE,1,AICPS-PLCBEAD_PLCEmbed-c78a56f/PLC-BEAD/Source/OpenPLCv3/ISC_CTRL.ST,be61eaaba175c4b01d2a4229d277ec7789dbb4d7653748d35efeedb00fc0f25f,,ISC_CTRL,instance0;program0,False,False,False,TN,explicit FUNCTION_BLOCK declaration in mapped Structured Text source,production: GEB-scoped dt_FB_; probe: ungated core_symbol_text contains dt_FB_,DERIVED_EVIDENCE,
openplcV3_ISC_HEX,ISC_HEX,OpenPLCv3,fold_2,UNIQUE,1,AICPS-PLCBEAD_PLCEmbed-c78a56f/PLC-BEAD/Source/OpenPLCv3/ISC_HEX.ST,9658b975e45e921fddae3140457edf4c9e5e7c60fa4972dedaac6a20bb036f36,,ISC_HEX,instance0;program0,False,False,False,TN,explicit FUNCTION_BLOCK declaration in mapped Structured Text source,production: GEB-scoped dt_FB_; probe: ungated core_symbol_text contains dt_FB_,DERIVED_EVIDENCE,
openplcV3_ISC_LOWER,ISC_LOWER,OpenPLCv3,fold_3,UNIQUE,1,AICPS-PLCBEAD_PLCEmbed-c78a56f/PLC-BEAD/Source/OpenPLCv3/ISC_LOWER.ST,8058bd2344a8482c684dc26ea724b6e304e121c3e1653fd78ab2781c4538fe9d,,ISC_LOWER;SETUP_EXTENDED_ASCII,instance0;program0,False,False,False,TN,explicit FUNCTION_BLOCK declaration in mapped Structured Text source,production: GEB-scoped dt_FB_; probe: ungated core_symbol_text contains dt_FB_,DERIVED_EVIDENCE,
openplcV3_ISC_NUM,ISC_NUM,OpenPLCv3,fold_4,UNIQUE,1,AICPS-PLCBEAD_PLCEmbed-c78a56f/PLC-BEAD/Source/OpenPLCv3/ISC_NUM.ST,13d47b5ea4a194c32abc9d66c4182b73d0ceaf2dc586c1c36367a06582eb718f,,ISC_NUM,instance0;program0,False,False,False,TN,explicit FUNCTION_BLOCK declaration in mapped Structured Text source,production: GEB-scoped dt_FB_; probe: ungated core_symbol_text contains dt_FB_,DERIVED_EVIDENCE,
openplcV3_ISC_UPPER,ISC_UPPER,OpenPLCv3,fold_5,UNIQUE,1,AICPS-PLCBEAD_PLCEmbed-c78a56f/PLC-BEAD/Source/OpenPLCv3/ISC_UPPER.ST,6549e1ba46dab297330c017009f3d4a56186186e8421d4e83681d6393d6a1bcc,,ISC_UPPER;SETUP_EXTENDED_ASCII,instance0;program0,False,False,False,TN,explicit FUNCTION_BLOCK declaration in mapped Structured Text source,production: GEB-scoped dt_FB_; probe: ungated core_symbol_text contains dt_FB_,DERIVED_EVIDENCE,
openplcV3_IS_CC,IS_CC,OpenPLCv3,fold_8,UNIQUE,1,AICPS-PLCBEAD_PLCEmbed-c78a56f/PLC-BEAD/Source/OpenPLCv3/IS_CC.ST,02e1c688cb0f4fd36a4ebb61798f8c56e7063f9047521a339ba4aeab74889de4,IS_CC_Block,,instance0;program0,True,False,False,FN,explicit FUNCTION_BLOCK declaration in mapped Structured Text source,production: GEB-scoped dt_FB_; probe: ungated core_symbol_text contains dt_FB_,DERIVED_EVIDENCE,
openplcV3_IS_NCC,IS_NCC,OpenPLCv3,fold_9,UNIQUE,1,AICPS-PLCBEAD_PLCEmbed-c78a56f/PLC-BEAD/Source/OpenPLCv3/IS_NCC.ST,d5ec33806ce20ea6cfc3efe4d1119ee098d59e12aa0f3aa6798a16fb11e02c10,IS_NCC_Block,,instance0;program0,True,False,False,FN,explicit FUNCTION_BLOCK declaration in mapped Structured Text source,production: GEB-scoped dt_FB_; probe: ungated core_symbol_text contains dt_FB_,DERIVED_EVIDENCE,
openplcV3_IS_SORTED,IS_SORTED,OpenPLCv3,fold_2,UNIQUE,1,AICPS-PLCBEAD_PLCEmbed-c78a56f/PLC-BEAD/Source/OpenPLCv3/IS_SORTED.ST,5fab5bb9b44cc6c9e94ec45bd3d9d29003800df8889cc0db6910db65c0f813ee,IS_SORTED_Block,,instance0;program0,True,False,False,FN,explicit FUNCTION_BLOCK declaration in mapped Structured Text source,production: GEB-scoped dt_FB_; probe: ungated core_symbol_text contains dt_FB_,DERIVED_EVIDENCE,
openplcV3_IS_URLCHR,IS_URLCHR,OpenPLCv3,fold_6,UNIQUE,1,AICPS-PLCBEAD_PLCEmbed-c78a56f/PLC-BEAD/Source/OpenPLCv3/IS_URLCHR.ST,36bb0b34fa2b3f8e1d8c358f8f2b55c048bd05d3eaa7b815e67397bae1407c65,,IS_URLCHR,instance0;program0,False,False,False,TN,explicit FUNCTION_BLOCK declaration in mapped Structured Text source,production: GEB-scoped dt_FB_; probe: ungated core_symbol_text contains dt_FB_,DERIVED_EVIDENCE,
openplcV3_JD2000,JD2000,OpenPLCv3,fold_1,UNIQUE,1,AICPS-PLCBEAD_PLCEmbed-c78a56f/PLC-BEAD/Source/OpenPLCv3/JD2000.ST,50dbe52feac2ccc426559ff7f636c02ab68883b034e6c3bb11d5fd39c2dac6aa,,JD2000,instance0;program0,False,False,False,TN,explicit FUNCTION_BLOCK declaration in mapped Structured Text source,production: GEB-scoped dt_FB_; probe: ungated core_symbol_text contains dt_FB_,DERIVED_EVIDENCE,
openplcV3_KMH_TO_MS,KMH_TO_MS,OpenPLCv3,fold_2,UNIQUE,1,AICPS-PLCBEAD_PLCEmbed-c78a56f/PLC-BEAD/Source/OpenPLCv3/KMH_TO_MS.ST,ab6fd6d1ba73311a9891f3bb3bbb9c7f81ec214fa52e0ddc4f7bae3a87e30909,,KMH_TO_MS,instance0;program0,False,False,False,TN,explicit FUNCTION_BLOCK declaration in mapped Structured Text source,production: GEB-scoped dt_FB_; probe: ungated core_symbol_text contains dt_FB_,DERIVED_EVIDENCE,
openplcV3_K_TO_C,K_TO_C,OpenPLCv3,fold_1,UNIQUE,1,AICPS-PLCBEAD_PLCEmbed-c78a56f/PLC-BEAD/Source/OpenPLCv3/K_TO_C.ST,8a666b76bb9d2d32f52037bbeba16473e3dcebfcb83d88dd424586f18b6f1d48,,K_TO_C,instance0;program0,False,False,False,TN,explicit FUNCTION_BLOCK declaration in mapped Structured Text source,production: GEB-scoped dt_FB_; probe: ungated core_symbol_text contains dt_FB_,DERIVED_EVIDENCE,
openplcV3_LAMBERT_W,LAMBERT_W,OpenPLCv3,fold_0,UNIQUE,1,AICPS-PLCBEAD_PLCEmbed-c78a56f/PLC-BEAD/Source/OpenPLCv3/LAMBERT_W.ST,45b6992363a71838326ddef50e385a224def088cc9995a8931e395ac82628b04,LAMBERT_W_Block,_REAL_TO_DWORD,instance0;program0,True,False,False,FN,explicit FUNCTION_BLOCK declaration in mapped Structured Text source,production: GEB-scoped dt_FB_; probe: ungated core_symbol_text contains dt_FB_,DERIVED_EVIDENCE,
openplcV3_LANGEVIN,LANGEVIN,OpenPLCv3,fold_1,UNIQUE,1,AICPS-PLCBEAD_PLCEmbed-c78a56f/PLC-BEAD/Source/OpenPLCv3/LANGEVIN.ST,3b6f3dba56b2dbeac4b9e24bd7a1a9d1f49cbac2e4bb02fee9cd7560f81c6bd5,,COTH;LANGEVIN,instance0;program0,False,False,False,TN,explicit FUNCTION_BLOCK declaration in mapped Structured Text source,production: GEB-scoped dt_FB_; probe: ungated core_symbol_text contains dt_FB_,DERIVED_EVIDENCE,
openplcV3_LEAP_DAY,LEAP_DAY,OpenPLCv3,fold_2,UNIQUE,1,AICPS-PLCBEAD_PLCEmbed-c78a56f/PLC-BEAD/Source/OpenPLCv3/LEAP_DAY.ST,c0d603d241659c74f167bb9aacf18e10b23ff5975900f4593b404a91486dc542,,LEAP_DAY,instance0;program0,False,False,False,TN,explicit FUNCTION_BLOCK declaration in mapped Structured Text source,production: GEB-scoped dt_FB_; probe: ungated core_symbol_text contains dt_FB_,DERIVED_EVIDENCE,
openplcV3_LEAP_OF_DATE,LEAP_OF_DATE,OpenPLCv3,fold_3,UNIQUE,1,AICPS-PLCBEAD_PLCEmbed-c78a56f/PLC-BEAD/Source/OpenPLCv3/LEAP_OF_DATE.ST,a5fadba00fae0bdb1940ce7738a12221e4d8181ce1145be6bfc0afbbec5467af,,LEAP_OF_DATE,instance0;program0,False,False,False,TN,explicit FUNCTION_BLOCK declaration in mapped Structured Text source,production: GEB-scoped dt_FB_; probe: ungated core_symbol_text contains dt_FB_,DERIVED_EVIDENCE,
openplcV3_LEAP_YEAR,LEAP_YEAR,OpenPLCv3,fold_4,UNIQUE,1,AICPS-PLCBEAD_PLCEmbed-c78a56f/PLC-BEAD/Source/OpenPLCv3/LEAP_YEAR.ST,3aa2679d7acba9884414d9d2e107b8e18e7f647488fd1f1322edf83e2e4372bc,,LEAP_YEAR,instance0;program0,False,False,False,TN,explicit FUNCTION_BLOCK declaration in mapped Structured Text source,production: GEB-scoped dt_FB_; probe: ungated core_symbol_text contains dt_FB_,DERIVED_EVIDENCE,
openplcV3_LEGIONELLA,LEGIONELLA,OpenPLCv3,fold_6,UNIQUE,1,AICPS-PLCBEAD_PLCEmbed-c78a56f/PLC-BEAD/Source/OpenPLCv3/LEGIONELLA.ST,a9aad8c316daa337dd6e8644ba9a7def0b8ec456cf6fe73e5ad867a9eaf7bc64,HYST_1_Block;LEGIONELLA_Block;SEQUENCE_8_Block;TIMER_1_Block;T_PLC_MS_block,DAY_OF_WEEK;DT_TO_TOD2;TIMECHECK;TIME_TO_TOD;TIME_TO_TOD2;TOD_TO_TIME;UDINT_TO_TIME2;_DT_TO_DATE_B,instance0;program0,True,False,False,FN,explicit FUNCTION_BLOCK declaration in mapped Structured Text source,production: GEB-scoped dt_FB_; probe: ungated core_symbol_text contains dt_FB_,DERIVED_EVIDENCE,
openplcV3_LENGTH,LENGTH,OpenPLCv3,fold_6,UNIQUE,1,AICPS-PLCBEAD_PLCEmbed-c78a56f/PLC-BEAD/Source/OpenPLCv3/LENGTH.ST,c413f6cb3ad856f051eb8db8e31629c548522155388496fa78833554b0b9aae1,LENGTH_Block,,instance0;program0,True,False,False,FN,explicit FUNCTION_BLOCK declaration in mapped Structured Text source,production: GEB-scoped dt_FB_; probe: ungated core_symbol_text contains dt_FB_,DERIVED_EVIDENCE,
openplcV3_LINEAR_INT,LINEAR_INT,OpenPLCv3,fold_9,UNIQUE,1,AICPS-PLCBEAD_PLCEmbed-c78a56f/PLC-BEAD/Source/OpenPLCv3/LINEAR_INT.ST,f1385990c4c8cfb5e8afc0d5a2c380a2ab058a86b658a14c159d82501d1bae4d,LINEAR_INT_Block,,instance0;program0,True,False,False,FN,explicit FUNCTION_BLOCK declaration in mapped Structured Text source,production: GEB-scoped dt_FB_; probe: ungated core_symbol_text contains dt_FB_,DERIVED_EVIDENCE,
openplcV3_LIST_ADD,LIST_ADD,OpenPLCv3,fold_3,UNIQUE,1,AICPS-PLCBEAD_PLCEmbed-c78a56f/PLC-BEAD/Source/OpenPLCv3/LIST_ADD.ST,ffaf8fe253e98a73e7a259d21a433d746b5d6d7714dcdc3b42b68a29ac3a5ba0,CHR_TO_STRING_Block;LIST_ADD_Block,,instance0;program0,True,False,False,FN,explicit FUNCTION_BLOCK declaration in mapped Structured Text source,production: GEB-scoped dt_FB_; probe: ungated core_symbol_text contains dt_FB_,DERIVED_EVIDENCE,
openplcV3_LOG_VIEWPORT,LOG_VIEWPORT,OpenPLCv3,fold_7,UNIQUE,1,AICPS-PLCBEAD_PLCEmbed-c78a56f/PLC-BEAD/Source/OpenPLCv3/LOG_VIEWPORT.ST,d72042711e76bf3ff12e48cc5fdf89091138839b16221497ce994327aea9a893,LOG_VIEWPORT_Block,,instance0;program0,True,False,False,FN,explicit FUNCTION_BLOCK declaration in mapped Structured Text source,production: GEB-scoped dt_FB_; probe: ungated core_symbol_text contains dt_FB_,DERIVED_EVIDENCE,
openplcV3_LTCH,LTCH,OpenPLCv3,fold_7,UNIQUE,1,AICPS-PLCBEAD_PLCEmbed-c78a56f/PLC-BEAD/Source/OpenPLCv3/LTCH.ST,1a466d439d75bcf3142321e20a03380303df12c45ee0ac16d367e1a0a88e1f11,LTCH_Block,,instance0;program0,True,False,False,FN,explicit FUNCTION_BLOCK declaration in mapped Structured Text source,production: GEB-scoped dt_FB_; probe: ungated core_symbol_text contains dt_FB_,DERIVED_EVIDENCE,
openplcV3_LTCH_4,LTCH_4,OpenPLCv3,fold_8,UNIQUE,1,AICPS-PLCBEAD_PLCEmbed-c78a56f/PLC-BEAD/Source/OpenPLCv3/LTCH_4.ST,5db9c061e904eb1a88b29582db0833a995475ea25c1efa11c57787d25b0d4b36,LTCH_4_Block,,instance0;program0,True,False,False,FN,explicit FUNCTION_BLOCK declaration in mapped Structured Text source,production: GEB-scoped dt_FB_; probe: ungated core_symbol_text contains dt_FB_,DERIVED_EVIDENCE,
openplcV3_LTIME_TO_UTC,LTIME_TO_UTC,OpenPLCv3,fold_5,UNIQUE,1,AICPS-PLCBEAD_PLCEmbed-c78a56f/PLC-BEAD/Source/OpenPLCv3/LTIME_TO_UTC.ST,452dab2caa51d8b0d34420f55b3454c0924d15987cd69e6fae2df7dba354f314,,LTIME_TO_UTC;_INT_TO_UDINT,instance0;program0,False,False,False,TN,explicit FUNCTION_BLOCK declaration in mapped Structured Text source,production: GEB-scoped dt_FB_; probe: ungated core_symbol_text contains dt_FB_,DERIVED_EVIDENCE,
openplcV3_MANUAL,MANUAL,OpenPLCv3,fold_9,UNIQUE,1,AICPS-PLCBEAD_PLCEmbed-c78a56f/PLC-BEAD/Source/OpenPLCv3/MANUAL.ST,5447640d951f7147edec8a2b8dda7c1afc55622b460a8a6bfbef8facb39ee2a4,,MANUAL,instance0;program0,False,False,False,TN,explicit FUNCTION_BLOCK declaration in mapped Structured Text source,production: GEB-scoped dt_FB_; probe: ungated core_symbol_text contains dt_FB_,DERIVED_EVIDENCE,
openplcV3_MANUAL_1,MANUAL_1,OpenPLCv3,fold_0,UNIQUE,1,AICPS-PLCBEAD_PLCEmbed-c78a56f/PLC-BEAD/Source/OpenPLCv3/MANUAL_1.ST,624de20e7a109d857d7def6fd865a2c2cd3a1f4cfe215f2b81c523c0f026fcd9,MANUAL_1_Block,,instance0;program0,True,False,False,FN,explicit FUNCTION_BLOCK declaration in mapped Structured Text source,production: GEB-scoped dt_FB_; probe: ungated core_symbol_text contains dt_FB_,DERIVED_EVIDENCE,
openplcV3_MANUAL_2,MANUAL_2,OpenPLCv3,fold_1,UNIQUE,1,AICPS-PLCBEAD_PLCEmbed-c78a56f/PLC-BEAD/Source/OpenPLCv3/MANUAL_2.ST,299735b8a573e397bc9d97b7bb0979a4716e96024fbde268ea6d36d801ddf4c2,MANUAL_2_Block,,instance0;program0,True,False,False,FN,explicit FUNCTION_BLOCK declaration in mapped Structured Text source,production: GEB-scoped dt_FB_; probe: ungated core_symbol_text contains dt_FB_,DERIVED_EVIDENCE,
openplcV3_MANUAL_4,MANUAL_4,OpenPLCv3,fold_2,UNIQUE,1,AICPS-PLCBEAD_PLCEmbed-c78a56f/PLC-BEAD/Source/OpenPLCv3/MANUAL_4.ST,edea95bfa63a8bfb53f8562cb1998ea2d5c0e527a0e09898dfea39fbe54fe2ca,MANUAL_4_Block,INC,instance0;program0,True,False,False,FN,explicit FUNCTION_BLOCK declaration in mapped Structured Text source,production: GEB-scoped dt_FB_; probe: ungated core_symbol_text contains dt_FB_,DERIVED_EVIDENCE,
openplcV3_MATRIX,MATRIX,OpenPLCv3,fold_6,UNIQUE,1,AICPS-PLCBEAD_PLCEmbed-c78a56f/PLC-BEAD/Source/OpenPLCv3/MATRIX.ST,c71fccbeee9750feeaa0a07e9d0e4fb87fb6191d740613529726cc24c8fd78b8,MATRIX_Block,BIT_LOAD_B;BIT_OF_DWORD;_BYTE_TO_INT,instance0;program0,True,False,False,FN,explicit FUNCTION_BLOCK declaration in mapped Structured Text source,production: GEB-scoped dt_FB_; probe: ungated core_symbol_text contains dt_FB_,DERIVED_EVIDENCE,
openplcV3_MAX3,MAX3,OpenPLCv3,fold_2,UNIQUE,1,AICPS-PLCBEAD_PLCEmbed-c78a56f/PLC-BEAD/Source/OpenPLCv3/MAX3.ST,bd2b90880cc0eeab878cd35d4fcead08fcabf4c10b300c06751f4cd83046ec1f,,MAX3,instance0;program0,False,False,False,TN,explicit FUNCTION_BLOCK declaration in mapped Structured Text source,production: GEB-scoped dt_FB_; probe: ungated core_symbol_text contains dt_FB_,DERIVED_EVIDENCE,
openplcV3_MAX_TIME,MAX_TIME,OpenPLCv3,fold_0,UNIQUE,1,AICPS-PLCBEAD_PLCEmbed-c78a56f/PLC-BEAD/Source/OpenPLCv3/MAX_TIME.ST,099cc859a339b6d65f6d9c663364a49b88ebed83f1978ff3f78ef5b94cf09a80,,_MAX_TIME,instance0;program0,False,False,False,TN,explicit FUNCTION_BLOCK declaration in mapped Structured Text source,production: GEB-scoped dt_FB_; probe: ungated core_symbol_text contains dt_FB_,DERIVED_EVIDENCE,
openplcV3_MB_CLIENT,MB_CLIENT,OpenPLCv3,fold_8,UNIQUE,1,AICPS-PLCBEAD_PLCEmbed-c78a56f/PLC-BEAD/Source/OpenPLCv3/MB_CLIENT.ST,893979fc21b14a7d24269a30be206044df880e00fb9ceb7f54e26a092692564c,IP_FIFO_Block;MB_CLIENT_Block,BIT_LOAD_W;WORD_OF_BYTE;_BYTE_TO_INT,instance0;program0,True,False,False,FN,explicit FUNCTION_BLOCK declaration in mapped Structured Text source,production: GEB-scoped dt_FB_; probe: ungated core_symbol_text contains dt_FB_,DERIVED_EVIDENCE,
openplcV3_MB_SERVER,MB_SERVER,OpenPLCv3,fold_9,UNIQUE,1,AICPS-PLCBEAD_PLCEmbed-c78a56f/PLC-BEAD/Source/OpenPLCv3/MB_SERVER.ST,b2d602096b3ec224efd5f9159c3ce19f0e2ae20e14170bd3716478681c4c90ff,IP_FIFO_Block;MB_SERVER_Block;MB_VMAP_Block;T_PLC_MS_block,BIT_LOAD_W;WORD_OF_BYTE;_BYTE_TO_INT;_UDINT_TO_TIME,instance0;program0,True,False,False,FN,explicit FUNCTION_BLOCK declaration in mapped Structured Text source,production: GEB-scoped dt_FB_; probe: ungated core_symbol_text contains dt_FB_,DERIVED_EVIDENCE,
openplcV3_MB_VMAP,MB_VMAP,OpenPLCv3,fold_0,UNIQUE,1,AICPS-PLCBEAD_PLCEmbed-c78a56f/PLC-BEAD/Source/OpenPLCv3/MB_VMAP.ST,3c49a056338dc2043b89051bd058db4f9587039a8b6a676db43101f6457daf60,MB_VMAP_Block,,instance0;program0,True,False,False,FN,explicit FUNCTION_BLOCK declaration in mapped Structured Text source,production: GEB-scoped dt_FB_; probe: ungated core_symbol_text contains dt_FB_,DERIVED_EVIDENCE,
openplcV3_MESSAGE_4R,MESSAGE_4R,OpenPLCv3,fold_6,UNIQUE,1,AICPS-PLCBEAD_PLCEmbed-c78a56f/PLC-BEAD/Source/OpenPLCv3/MESSAGE_4R.ST,f1d64e9a325f39dbe6869362600215d057495c74e572b0f1677410d24bbab0a8,MESSAGE_4R_Block,INC1,instance0;program0,True,False,False,FN,explicit FUNCTION_BLOCK declaration in mapped Structured Text source,production: GEB-scoped dt_FB_; probe: ungated core_symbol_text contains dt_FB_,DERIVED_EVIDENCE,
openplcV3_MESSAGE_8,MESSAGE_8,OpenPLCv3,fold_7,UNIQUE,1,AICPS-PLCBEAD_PLCEmbed-c78a56f/PLC-BEAD/Source/OpenPLCv3/MESSAGE_8.ST,5a55cb82fdbdec708c8c1acc0fb2946df8ac7aa78265f708fe2948a58835b305,MESSAGE_8_Block,,instance0;program0,True,False,False,FN,explicit FUNCTION_BLOCK declaration in mapped Structured Text source,production: GEB-scoped dt_FB_; probe: ungated core_symbol_text contains dt_FB_,DERIVED_EVIDENCE,
openplcV3_METER,METER,OpenPLCv3,fold_1,UNIQUE,1,AICPS-PLCBEAD_PLCEmbed-c78a56f/PLC-BEAD/Source/OpenPLCv3/METER.ST,4b6a1efa722a049ba778747021de090a49b3348a9318fe5d1b49cd162b5c882a,METER_Block;R2_ADD_Block;T_PLC_MS_Block,,instance0;program0,True,False,False,FN,explicit FUNCTION_BLOCK declaration in mapped Structured Text source,production: GEB-scoped dt_FB_; probe: ungated core_symbol_text contains dt_FB_,DERIVED_EVIDENCE,
openplcV3_METER_STAT,METER_STAT,OpenPLCv3,fold_2,UNIQUE,1,AICPS-PLCBEAD_PLCEmbed-c78a56f/PLC-BEAD/Source/OpenPLCv3/METER_STAT.ST,1950c33f5c1403fcfb29d8ddea5b55608dab44cd052daf29abfe24871454bb3e,METER_STAT_Block,DAY_OF_WEEK;DAY_OF_YEAR;LEAP_OF_DATE;MONTH_OF_DATE;YEAR_OF_DATE,instance0;program0,True,False,False,FN,explicit FUNCTION_BLOCK declaration in mapped Structured Text source,production: GEB-scoped dt_FB_; probe: ungated core_symbol_text contains dt_FB_,DERIVED_EVIDENCE,
openplcV3_MID3,MID3,OpenPLCv3,fold_3,UNIQUE,1,AICPS-PLCBEAD_PLCEmbed-c78a56f/PLC-BEAD/Source/OpenPLCv3/MID3.ST,464179a88565c8d3144691be6eb4a48d6a735b91c52095bacf1434b0beb04f69,,MID3,instance0;program0,False,False,False,TN,explicit FUNCTION_BLOCK declaration in mapped Structured Text source,production: GEB-scoped dt_FB_; probe: ungated core_symbol_text contains dt_FB_,DERIVED_EVIDENCE,
openplcV3_MIN3,MIN3,OpenPLCv3,fold_4,UNIQUE,1,AICPS-PLCBEAD_PLCEmbed-c78a56f/PLC-BEAD/Source/OpenPLCv3/MIN3.ST,82d72d5073c1cba96980316275448afd2b1531b5c30e65c170d4677fa0f12d17,,MIN3,instance0;program0,False,False,False,TN,explicit FUNCTION_BLOCK declaration in mapped Structured Text source,production: GEB-scoped dt_FB_; probe: ungated core_symbol_text contains dt_FB_,DERIVED_EVIDENCE,
openplcV3_MINUTE,MINUTE,OpenPLCv3,fold_6,UNIQUE,1,AICPS-PLCBEAD_PLCEmbed-c78a56f/PLC-BEAD/Source/OpenPLCv3/MINUTE.ST,2a7ee595d735c392c02436607554abc2f8324d868e2c7b91088f2f789cf25ea6,,MINUTE,instance0;program0,False,False,False,TN,explicit FUNCTION_BLOCK declaration in mapped Structured Text source,production: GEB-scoped dt_FB_; probe: ungated core_symbol_text contains dt_FB_,DERIVED_EVIDENCE,
openplcV3_MINUTE_OF_DT,MINUTE_OF_DT,OpenPLCv3,fold_7,UNIQUE,1,AICPS-PLCBEAD_PLCEmbed-c78a56f/PLC-BEAD/Source/OpenPLCv3/MINUTE_OF_DT.ST,627dc5aad61af8d591f0bba8f991c9c6c26c137e6d6522e03721f3991b211278,,MINUTE_OF_DT,instance0;program0,False,False,False,TN,explicit FUNCTION_BLOCK declaration in mapped Structured Text source,production: GEB-scoped dt_FB_; probe: ungated core_symbol_text contains dt_FB_,DERIVED_EVIDENCE,
openplcV3_MINUTE_TO_TIME,MINUTE_TO_TIME,OpenPLCv3,fold_8,UNIQUE,1,AICPS-PLCBEAD_PLCEmbed-c78a56f/PLC-BEAD/Source/OpenPLCv3/MINUTE_TO_TIME.ST,069dc2bf709fbf35cea43dd2fd28b01cff1c7958f849fc048fc07bec249a3037,,MINUTE_TO_TIME;_REAL_TO_UDINT,instance0;program0,False,False,False,TN,explicit FUNCTION_BLOCK declaration in mapped Structured Text source,production: GEB-scoped dt_FB_; probe: ungated core_symbol_text contains dt_FB_,DERIVED_EVIDENCE,
openplcV3_MIRROR,MIRROR,OpenPLCv3,fold_8,UNIQUE,1,AICPS-PLCBEAD_PLCEmbed-c78a56f/PLC-BEAD/Source/OpenPLCv3/MIRROR.ST,6e2da33e86d087d5f36eb9a3f485b4c2bd2365623f4a130202b02a4dd57b93a1,MIRROR_Block,,instance0;program0,True,False,False,FN,explicit FUNCTION_BLOCK declaration in mapped Structured Text source,production: GEB-scoped dt_FB_; probe: ungated core_symbol_text contains dt_FB_,DERIVED_EVIDENCE,
openplcV3_MIX,MIX,OpenPLCv3,fold_4,UNIQUE,1,AICPS-PLCBEAD_PLCEmbed-c78a56f/PLC-BEAD/Source/OpenPLCv3/MIX.ST,867a8c101878d213b2f035373d472295ef85e2f01ba2e458c8d35dd8fc5f8a1a,,MIX,instance0;program0,False,False,False,TN,explicit FUNCTION_BLOCK declaration in mapped Structured Text source,production: GEB-scoped dt_FB_; probe: ungated core_symbol_text contains dt_FB_,DERIVED_EVIDENCE,
openplcV3_MODR,MODR,OpenPLCv3,fold_5,UNIQUE,1,AICPS-PLCBEAD_PLCEmbed-c78a56f/PLC-BEAD/Source/OpenPLCv3/MODR.ST,643a0f72bdbb26325964327ba2103cf462791e0869dbd8dc4f14b8c5cd511bd4,,FLOOR2;MODR,instance0;program0,False,False,False,TN,explicit FUNCTION_BLOCK declaration in mapped Structured Text source,production: GEB-scoped dt_FB_; probe: ungated core_symbol_text contains dt_FB_,DERIVED_EVIDENCE,
openplcV3_MONTH_BEGIN,MONTH_BEGIN,OpenPLCv3,fold_9,UNIQUE,1,AICPS-PLCBEAD_PLCEmbed-c78a56f/PLC-BEAD/Source/OpenPLCv3/MONTH_BEGIN.ST,09c4ce27fad1b4ed18056bbda8224ae804324170c4497f10ac70b4ca7b52ce95,,DAY_OF_MONTH;DAY_OF_YEAR;LEAP_OF_DATE;MONTH_BEGIN;MONTH_OF_DATE;_INT_TO_UDINT,instance0;program0,False,False,False,TN,explicit FUNCTION_BLOCK declaration in mapped Structured Text source,production: GEB-scoped dt_FB_; probe: ungated core_symbol_text contains dt_FB_,DERIVED_EVIDENCE,
openplcV3_MONTH_END,MONTH_END,OpenPLCv3,fold_0,UNIQUE,1,AICPS-PLCBEAD_PLCEmbed-c78a56f/PLC-BEAD/Source/OpenPLCv3/MONTH_END.ST,ff82587577a5be6d8dac9993b571a3eb4a7ce62a40b61c5b30fa2edd390be4c5,,DAY_OF_YEAR;DT_TO_DATE;LEAP_OF_DATE;MONTH_END;MONTH_OF_DATE;SET_DATE;SET_DT;YEAR_OF_DATE;_INT_TO_UDINT,instance0;program0,False,False,False,TN,explicit FUNCTION_BLOCK declaration in mapped Structured Text source,production: GEB-scoped dt_FB_; probe: ungated core_symbol_text contains dt_FB_,DERIVED_EVIDENCE,
openplcV3_MONTH_OF_DATE,MONTH_OF_DATE,OpenPLCv3,fold_1,UNIQUE,1,AICPS-PLCBEAD_PLCEmbed-c78a56f/PLC-BEAD/Source/OpenPLCv3/MONTH_OF_DATE.ST,13c41139a7a3bc5322085ce99a85025bb38396723785656935b14cfc8d4f97c1,,DAY_OF_YEAR;LEAP_OF_DATE;MONTH_OF_DATE,instance0;program0,False,False,False,TN,explicit FUNCTION_BLOCK declaration in mapped Structured Text source,production: GEB-scoped dt_FB_; probe: ungated core_symbol_text contains dt_FB_,DERIVED_EVIDENCE,
openplcV3_MONTH_TO_STRING,MONTH_TO_STRING,OpenPLCv3,fold_9,UNIQUE,1,AICPS-PLCBEAD_PLCEmbed-c78a56f/PLC-BEAD/Source/OpenPLCv3/MONTH_TO_STRING.ST,a619751bde5ccdaa3b6969a63df227e18c008ab645036026bb1ed825b6e45f0c,MONTH_TO_STRING_Block;SETUP_LANGUAGE_Block;SETUP_MONTHS3_Block;SETUP_MONTHS_Block,,instance0;program0,True,False,False,FN,explicit FUNCTION_BLOCK declaration in mapped Structured Text source,production: GEB-scoped dt_FB_; probe: ungated core_symbol_text contains dt_FB_,DERIVED_EVIDENCE,
openplcV3_MOON_PHASE,MOON_PHASE,OpenPLCv3,fold_1,UNIQUE,1,AICPS-PLCBEAD_PLCEmbed-c78a56f/PLC-BEAD/Source/OpenPLCv3/MOON_PHASE.ST,be46d1edbb7847a6ce763a7c982ca034e52de28a8fe35d01cfb9f19921843119,MOON_PHASE_Block,TIME_TO_UDINT2,instance0;program0,True,False,False,FN,explicit FUNCTION_BLOCK declaration in mapped Structured Text source,production: GEB-scoped dt_FB_; probe: ungated core_symbol_text contains dt_FB_,DERIVED_EVIDENCE,
openplcV3_MS_TO_BFT,MS_TO_BFT,OpenPLCv3,fold_3,UNIQUE,1,AICPS-PLCBEAD_PLCEmbed-c78a56f/PLC-BEAD/Source/OpenPLCv3/MS_TO_BFT.ST,01c1ce6d2aedeb60f41b54aad0a471c061aeb60314565ae254d64c68936289b6,,MS_TO_BFT,instance0;program0,False,False,False,TN,explicit FUNCTION_BLOCK declaration in mapped Structured Text source,production: GEB-scoped dt_FB_; probe: ungated core_symbol_text contains dt_FB_,DERIVED_EVIDENCE,
openplcV3_MS_TO_KMH,MS_TO_KMH,OpenPLCv3,fold_4,UNIQUE,1,AICPS-PLCBEAD_PLCEmbed-c78a56f/PLC-BEAD/Source/OpenPLCv3/MS_TO_KMH.ST,a32e898921f4d2b78430ad0be7d12bb669fadc7bc4c1b27be0fb4313205c7ea5,,MS_TO_KMH,instance0;program0,False,False,False,TN,explicit FUNCTION_BLOCK declaration in mapped Structured Text source,production: GEB-scoped dt_FB_; probe: ungated core_symbol_text contains dt_FB_,DERIVED_EVIDENCE,
openplcV3_MULTIME,MULTIME,OpenPLCv3,fold_2,UNIQUE,1,AICPS-PLCBEAD_PLCEmbed-c78a56f/PLC-BEAD/Source/OpenPLCv3/MULTIME.ST,2d2b93403dd170d98167f0cf2ae4a4f246b3f43d4f9af0187b9c889ff81cd3b0,,MULTIME;_DWORD_TO_REAL;_REAL_TO_DWORD,instance0;program0,False,False,False,TN,explicit FUNCTION_BLOCK declaration in mapped Structured Text source,production: GEB-scoped dt_FB_; probe: ungated core_symbol_text contains dt_FB_,DERIVED_EVIDENCE,
openplcV3_MULTI_IN,MULTI_IN,OpenPLCv3,fold_0,UNIQUE,1,AICPS-PLCBEAD_PLCEmbed-c78a56f/PLC-BEAD/Source/OpenPLCv3/MULTI_IN.ST,5b401af30c5c03a8b63877d39599e4b9378ea92fe385fef0f7e6700c05bab632,,MID3;MULTI_IN;_BYTE_TO_INT,instance0;program0,False,False,False,TN,explicit FUNCTION_BLOCK declaration in mapped Structured Text source,production: GEB-scoped dt_FB_; probe: ungated core_symbol_text contains dt_FB_,DERIVED_EVIDENCE,
openplcV3_MUL_ADD,MUL_ADD,OpenPLCv3,fold_6,UNIQUE,1,AICPS-PLCBEAD_PLCEmbed-c78a56f/PLC-BEAD/Source/OpenPLCv3/MUL_ADD.ST,e8bf770f972457e3b9cc568bf566e06c3e16001fb4c5e08743c3f90ff7326c7f,,MUL_ADD,instance0;program0,False,False,False,TN,explicit FUNCTION_BLOCK declaration in mapped Structured Text source,production: GEB-scoped dt_FB_; probe: ungated core_symbol_text contains dt_FB_,DERIVED_EVIDENCE,
openplcV3_MUX_2,MUX_2,OpenPLCv3,fold_7,UNIQUE,1,AICPS-PLCBEAD_PLCEmbed-c78a56f/PLC-BEAD/Source/OpenPLCv3/MUX_2.ST,e6c80855bd24376107df91c6fd9c7b3a7cfc82db878cb945d7353e380d1b9a47,,MUX_2,instance0;program0,False,False,False,TN,explicit FUNCTION_BLOCK declaration in mapped Structured Text source,production: GEB-scoped dt_FB_; probe: ungated core_symbol_text contains dt_FB_,DERIVED_EVIDENCE,
openplcV3_MUX_4,MUX_4,OpenPLCv3,fold_8,UNIQUE,1,AICPS-PLCBEAD_PLCEmbed-c78a56f/PLC-BEAD/Source/OpenPLCv3/MUX_4.ST,70ed8e039d70b7be5d92d882495396f6b5a5019ea131f54ae07d7b948a23efa8,,MUX_4,instance0;program0,False,False,False,TN,explicit FUNCTION_BLOCK declaration in mapped Structured Text source,production: GEB-scoped dt_FB_; probe: ungated core_symbol_text contains dt_FB_,DERIVED_EVIDENCE,
openplcV3_MUX_R2,MUX_R2,OpenPLCv3,fold_5,UNIQUE,1,AICPS-PLCBEAD_PLCEmbed-c78a56f/PLC-BEAD/Source/OpenPLCv3/MUX_R2.ST,d5f47ab440a8e783db69b4e7833003260dee7a7985ff2c04781efb72ebeda9c1,,MUX_R2,instance0;program0,False,False,False,TN,explicit FUNCTION_BLOCK declaration in mapped Structured Text source,production: GEB-scoped dt_FB_; probe: ungated core_symbol_text contains dt_FB_,DERIVED_EVIDENCE,
openplcV3_MUX_R4,MUX_R4,OpenPLCv3,fold_6,UNIQUE,1,AICPS-PLCBEAD_PLCEmbed-c78a56f/PLC-BEAD/Source/OpenPLCv3/MUX_R4.ST,d817c1eb6c9640a3db95123c8461ce80ac274bba119fa3deaabb4de45dccd2a4,,MUX_R4,instance0;program0,False,False,False,TN,explicit FUNCTION_BLOCK declaration in mapped Structured Text source,production: GEB-scoped dt_FB_; probe: ungated core_symbol_text contains dt_FB_,DERIVED_EVIDENCE,
openplcV3_M_D,M_D,OpenPLCv3,fold_7,UNIQUE,1,AICPS-PLCBEAD_PLCEmbed-c78a56f/PLC-BEAD/Source/OpenPLCv3/M_D.ST,83203fce26cc7267723b6eaf4ac299b9c898a1515479a9440594529a2f003e41,M_D_Block;T_PLC_MS_Block,,instance0;program0,True,False,False,FN,explicit FUNCTION_BLOCK declaration in mapped Structured Text source,production: GEB-scoped dt_FB_; probe: ungated core_symbol_text contains dt_FB_,DERIVED_EVIDENCE,
openplcV3_M_T,M_T,OpenPLCv3,fold_8,UNIQUE,1,AICPS-PLCBEAD_PLCEmbed-c78a56f/PLC-BEAD/Source/OpenPLCv3/M_T.ST,76b6f864ff65d7a055cda88d4d8a3eba791a40c0e62ca556c311c1b5f7bdee89,M_T_Block;T_PLC_MS_block,,instance0;program0,True,False,False,FN,explicit FUNCTION_BLOCK declaration in mapped Structured Text source,production: GEB-scoped dt_FB_; probe: ungated core_symbol_text contains dt_FB_,DERIVED_EVIDENCE,
openplcV3_M_TX,M_TX,OpenPLCv3,fold_9,UNIQUE,1,AICPS-PLCBEAD_PLCEmbed-c78a56f/PLC-BEAD/Source/OpenPLCv3/M_TX.ST,8c750018e83822eae605af134c87bda118b02a7d66df8acd7124beccf6e465a8,M_TX_Block;T_PLC_MS_block,,instance0;program0,True,False,False,FN,explicit FUNCTION_BLOCK declaration in mapped Structured Text source,production: GEB-scoped dt_FB_; probe: ungated core_symbol_text contains dt_FB_,DERIVED_EVIDENCE,
openplcV3_NEGX,NEGX,OpenPLCv3,fold_7,UNIQUE,1,AICPS-PLCBEAD_PLCEmbed-c78a56f/PLC-BEAD/Source/OpenPLCv3/NEGX.ST,9e54af399fd10c8a0dcdebdefd47ae9906c46a06e477b7779cd6556d2eb7c068,,NEGX,instance0;program0,False,False,False,TN,explicit FUNCTION_BLOCK declaration in mapped Structured Text source,production: GEB-scoped dt_FB_; probe: ungated core_symbol_text contains dt_FB_,DERIVED_EVIDENCE,
openplcV3_NETWORK_VERSION,NETWORK_VERSION,OpenPLCv3,fold_5,UNIQUE,1,AICPS-PLCBEAD_PLCEmbed-c78a56f/PLC-BEAD/Source/OpenPLCv3/NETWORK_VERSION.ST,1f7678146245ec74af7bdb3111a207d26a2baf19f78a02abce4ee0432a9a729f,,NETWORK_VERSION;SET_DATE;_INT_TO_UDINT,instance0;program0,False,False,False,TN,explicit FUNCTION_BLOCK declaration in mapped Structured Text source,production: GEB-scoped dt_FB_; probe: ungated core_symbol_text contains dt_FB_,DERIVED_EVIDENCE,
openplcV3_NET_VAR_BOOL8,NET_VAR_BOOL8,OpenPLCv3,fold_2,UNIQUE,1,AICPS-PLCBEAD_PLCEmbed-c78a56f/PLC-BEAD/Source/OpenPLCv3/NET_VAR_BOOL8.ST,e1c96fc3ae8217e5424c48c1318b9626e1b63efb1985dd1fb50e4c54208d47ae,BYTE_TO_BITS_Block;NET_VAR_BOOL8_Block,BIT_OF_DWORD;BYTE_OF_BIT,instance0;program0,True,False,False,FN,explicit FUNCTION_BLOCK declaration in mapped Structured Text source,production: GEB-scoped dt_FB_; probe: ungated core_symbol_text contains dt_FB_,DERIVED_EVIDENCE,
openplcV3_NET_VAR_BUFFER,NET_VAR_BUFFER,OpenPLCv3,fold_3,UNIQUE,1,AICPS-PLCBEAD_PLCEmbed-c78a56f/PLC-BEAD/Source/OpenPLCv3/NET_VAR_BUFFER.ST,eebd0420f54c339ef14b746d764ec1dc45638496497fe58980792034aee5cda8,NET_VAR_BUFFER_Block,,instance0;program0,True,False,False,FN,explicit FUNCTION_BLOCK declaration in mapped Structured Text source,production: GEB-scoped dt_FB_; probe: ungated core_symbol_text contains dt_FB_,DERIVED_EVIDENCE,
openplcV3_NET_VAR_DWORD8,NET_VAR_DWORD8,OpenPLCv3,fold_4,UNIQUE,1,AICPS-PLCBEAD_PLCEmbed-c78a56f/PLC-BEAD/Source/OpenPLCv3/NET_VAR_DWORD8.ST,fd862f59e93649c03853169875181b0ca1cdccf0b4b3b0f2ac3bab1ba7e8eff5,NET_VAR_DWORD8_Block,,instance0;program0,True,False,False,FN,explicit FUNCTION_BLOCK declaration in mapped Structured Text source,production: GEB-scoped dt_FB_; probe: ungated core_symbol_text contains dt_FB_,DERIVED_EVIDENCE,
openplcV3_OFFSET,OFFSET,OpenPLCv3,fold_7,UNIQUE,1,AICPS-PLCBEAD_PLCEmbed-c78a56f/PLC-BEAD/Source/OpenPLCv3/OFFSET.ST,6662aa89c5e9c5bd3c71b2c6c27862302b789520db3e50aefc77abe662da45fe,,_OFFSET,instance0;program0,False,False,False,TN,explicit FUNCTION_BLOCK declaration in mapped Structured Text source,production: GEB-scoped dt_FB_; probe: ungated core_symbol_text contains dt_FB_,DERIVED_EVIDENCE,
openplcV3_OFFSET2,OFFSET2,OpenPLCv3,fold_8,UNIQUE,1,AICPS-PLCBEAD_PLCEmbed-c78a56f/PLC-BEAD/Source/OpenPLCv3/OFFSET2.ST,6b686db60c705aa458129128ef82796acf0cafd5db748d783c55b5011f3be0b7,,OFFSET2,instance0;program0,False,False,False,TN,explicit FUNCTION_BLOCK declaration in mapped Structured Text source,production: GEB-scoped dt_FB_; probe: ungated core_symbol_text contains dt_FB_,DERIVED_EVIDENCE,
openplcV3_OM_TO_F,OM_TO_F,OpenPLCv3,fold_5,UNIQUE,1,AICPS-PLCBEAD_PLCEmbed-c78a56f/PLC-BEAD/Source/OpenPLCv3/OM_TO_F.ST,f4008f1222b0f297a3b1241e23189cf40ad16ebfb461de4fb32ea02da88c5c21,,OM_TO_F,instance0;program0,False,False,False,TN,explicit FUNCTION_BLOCK declaration in mapped Structured Text source,production: GEB-scoped dt_FB_; probe: ungated core_symbol_text contains dt_FB_,DERIVED_EVIDENCE,
openplcV3_ONTIME,ONTIME,OpenPLCv3,fold_3,UNIQUE,1,AICPS-PLCBEAD_PLCEmbed-c78a56f/PLC-BEAD/Source/OpenPLCv3/ONTIME.ST,282836361a6dd711424a551159c6afef4a3e076efdfd2627dccb8427b9fc5e9e,ONTIME_Block;T_PLC_MS_block,,instance0;program0,True,False,False,FN,explicit FUNCTION_BLOCK declaration in mapped Structured Text source,production: GEB-scoped dt_FB_; probe: ungated core_symbol_text contains dt_FB_,DERIVED_EVIDENCE,
openplcV3_OSCAT_VERSION,OSCAT_VERSION,OpenPLCv3,fold_9,UNIQUE,1,AICPS-PLCBEAD_PLCEmbed-c78a56f/PLC-BEAD/Source/OpenPLCv3/OSCAT_VERSION.ST,4637c3c6d7c2e2b13d228e6d55afc6de0f8e1feec0abca90e76a82004e62d2e9,,OSCAT_VERSION;SET_DATE;_INT_TO_UDINT,instance0;program0,False,False,False,TN,explicit FUNCTION_BLOCK declaration in mapped Structured Text source,production: GEB-scoped dt_FB_; probe: ungated core_symbol_text contains dt_FB_,DERIVED_EVIDENCE,
openplcV3_PARITY,PARITY,OpenPLCv3,fold_9,UNIQUE,1,AICPS-PLCBEAD_PLCEmbed-c78a56f/PLC-BEAD/Source/OpenPLCv3/PARITY.ST,81d9896819df418ec9d8403a441b0279dec73deb0fbd7c0e296e4f82d19a93bb,,BIT_OF_DWORD;PARITY,instance0;program0,False,False,False,TN,explicit FUNCTION_BLOCK declaration in mapped Structured Text source,production: GEB-scoped dt_FB_; probe: ungated core_symbol_text contains dt_FB_,DERIVED_EVIDENCE,
openplcV3_PARSET,PARSET,OpenPLCv3,fold_3,UNIQUE,1,AICPS-PLCBEAD_PLCEmbed-c78a56f/PLC-BEAD/Source/OpenPLCv3/PARSET.ST,753f7c643e8fcf4ecf6be069245c76775c37ef1f4a9ce95a0106aad9314b17bc,PARSET_Block;T_PLC_MS_block,BIT_LOAD_B;BIT_OF_DWORD;TIME_TO_UDINT2;_BYTE_TO_INT,instance0;program0,True,False,False,FN,explicit FUNCTION_BLOCK declaration in mapped Structured Text source,production: GEB-scoped dt_FB_; probe: ungated core_symbol_text contains dt_FB_,DERIVED_EVIDENCE,
openplcV3_PARSET2,PARSET2,OpenPLCv3,fold_4,UNIQUE,1,AICPS-PLCBEAD_PLCEmbed-c78a56f/PLC-BEAD/Source/OpenPLCv3/PARSET2.ST,88b8411b525e90a7894b710c3249d05c8b190c7e054eff4c675e3ade4180bda7,PARSET2_Block;PARSET_Block;T_PLC_MS_block,BIT_LOAD_B;BIT_OF_DWORD;TIME_TO_UDINT2;_BYTE_TO_INT,instance0;program0,True,False,False,FN,explicit FUNCTION_BLOCK declaration in mapped Structured Text source,production: GEB-scoped dt_FB_; probe: ungated core_symbol_text contains dt_FB_,DERIVED_EVIDENCE,
openplcV3_PERIOD,PERIOD,OpenPLCv3,fold_3,UNIQUE,1,AICPS-PLCBEAD_PLCEmbed-c78a56f/PLC-BEAD/Source/OpenPLCv3/PERIOD.ST,a917e980788931966170bd6c068dc50b6e26eb45573dc6372530665e7d65a387,,DAY_OF_YEAR;LEAP_OF_DATE;PERIOD,instance0;program0,False,False,False,TN,explicit FUNCTION_BLOCK declaration in mapped Structured Text source,production: GEB-scoped dt_FB_; probe: ungated core_symbol_text contains dt_FB_,DERIVED_EVIDENCE,
openplcV3_PERIOD2,PERIOD2,OpenPLCv3,fold_4,UNIQUE,1,AICPS-PLCBEAD_PLCEmbed-c78a56f/PLC-BEAD/Source/OpenPLCv3/PERIOD2.ST,8f7bb3a3928e469ff058746b8a780cc14b66e9169c68dc36ebc148e13b29ecef,PERIOD2_Block,,instance0;program0,True,False,False,FN,explicit FUNCTION_BLOCK declaration in mapped Structured Text source,production: GEB-scoped dt_FB_; probe: ungated core_symbol_text contains dt_FB_,DERIVED_EVIDENCE,
openplcV3_POLYNOM_INT,POLYNOM_INT,OpenPLCv3,fold_0,UNIQUE,1,AICPS-PLCBEAD_PLCEmbed-c78a56f/PLC-BEAD/Source/OpenPLCv3/POLYNOM_INT.ST,9904a48a64faaf6c49bb1c5e871c519f473725da779abe050da560f12723c6ce,POLYNOM_INT_Block,,instance0;program0,True,False,False,FN,explicit FUNCTION_BLOCK declaration in mapped Structured Text source,production: GEB-scoped dt_FB_; probe: ungated core_symbol_text contains dt_FB_,DERIVED_EVIDENCE,
openplcV3_PRESSURE,PRESSURE,OpenPLCv3,fold_6,UNIQUE,1,AICPS-PLCBEAD_PLCEmbed-c78a56f/PLC-BEAD/Source/OpenPLCv3/PRESSURE.ST,6fae2066a87047990bb36fb82075d401807ce6b66972e0cc6ecec45c11ffbe44,PRESSURE_Block,,instance0;program0,True,False,False,FN,explicit FUNCTION_BLOCK declaration in mapped Structured Text source,production: GEB-scoped dt_FB_; probe: ungated core_symbol_text contains dt_FB_,DERIVED_EVIDENCE,
openplcV3_PT_TO_F,PT_TO_F,OpenPLCv3,fold_7,UNIQUE,1,AICPS-PLCBEAD_PLCEmbed-c78a56f/PLC-BEAD/Source/OpenPLCv3/PT_TO_F.ST,572b356676bc7fc3350e54ce4c516c04bcf4dff0f5d23c504adb754bbeace8df,,PT_TO_F;_DWORD_TO_REAL,instance0;program0,False,False,False,TN,explicit FUNCTION_BLOCK declaration in mapped Structured Text source,production: GEB-scoped dt_FB_; probe: ungated core_symbol_text contains dt_FB_,DERIVED_EVIDENCE,
openplcV3_PULSE_LENGTH,PULSE_LENGTH,OpenPLCv3,fold_6,UNIQUE,1,AICPS-PLCBEAD_PLCEmbed-c78a56f/PLC-BEAD/Source/OpenPLCv3/PULSE_LENGTH.ST,64ea60fd9b07a4cdc28055ac70c97b2f24f6dc10e7676c4192a98b5677045198,PULSE_LENGTH_Block;T_PLC_MS_block,UDINT_TO_TIME2,instance0;program0,True,False,False,FN,explicit FUNCTION_BLOCK declaration in mapped Structured Text source,production: GEB-scoped dt_FB_; probe: ungated core_symbol_text contains dt_FB_,DERIVED_EVIDENCE,
openplcV3_PULSE_T,PULSE_T,OpenPLCv3,fold_7,UNIQUE,1,AICPS-PLCBEAD_PLCEmbed-c78a56f/PLC-BEAD/Source/OpenPLCv3/PULSE_T.ST,a0aa57773cf4ac893555014f12abb8ddb2110f5791aac3955c02c27c2a3b8d2b,PULSE_T_Block;T_PLC_MS_block,UDINT_TO_TIME2,instance0;program0,True,False,False,FN,explicit FUNCTION_BLOCK declaration in mapped Structured Text source,production: GEB-scoped dt_FB_; probe: ungated core_symbol_text contains dt_FB_,DERIVED_EVIDENCE,
openplcV3_PWM_DC,PWM_DC,OpenPLCv3,fold_0,UNIQUE,1,AICPS-PLCBEAD_PLCEmbed-c78a56f/PLC-BEAD/Source/OpenPLCv3/PWM_DC.ST,3e9200e7f6e264fd4189f641900e7b69dc977f8f3924b838401d0a5bd7067f58,CLK_PRG;PWM_DC;TP_X;T_PLC_MS_block,REAL_TO_TIME2;_REAL_TO_UDINT,instance0;program0,True,False,False,FN,explicit FUNCTION_BLOCK declaration in mapped Structured Text source,production: GEB-scoped dt_FB_; probe: ungated core_symbol_text contains dt_FB_,DERIVED_EVIDENCE,
openplcV3_PWM_PW,PWM_PW,OpenPLCv3,fold_1,UNIQUE,1,AICPS-PLCBEAD_PLCEmbed-c78a56f/PLC-BEAD/Source/OpenPLCv3/PWM_PW.ST,ca38011a868822dfd937acb433286b5e5923a70bb00709dd49dc3c0a773a8816,CLK_PRG_Block;PWM_PW_Block;TP_X_Block;T_PLC_MS_Block,UDINT_TO_TIME2,instance0;program0,True,False,False,FN,explicit FUNCTION_BLOCK declaration in mapped Structured Text source,production: GEB-scoped dt_FB_; probe: ungated core_symbol_text contains dt_FB_,DERIVED_EVIDENCE,
openplcV3_R2_ABS,R2_ABS,OpenPLCv3,fold_0,UNIQUE,1,AICPS-PLCBEAD_PLCEmbed-c78a56f/PLC-BEAD/Source/OpenPLCv3/R2_ABS.ST,9f0e0084e559d1b6583d48f8664ef0bf3ca9ac34e484a4c29a7909d50f74f91b,R2_ABS_Block,,instance0;program0,True,False,False,FN,explicit FUNCTION_BLOCK declaration in mapped Structured Text source,production: GEB-scoped dt_FB_; probe: ungated core_symbol_text contains dt_FB_,DERIVED_EVIDENCE,
openplcV3_R2_ADD,R2_ADD,OpenPLCv3,fold_1,UNIQUE,1,AICPS-PLCBEAD_PLCEmbed-c78a56f/PLC-BEAD/Source/OpenPLCv3/R2_ADD.ST,59868bcc26b51e865416e5cf141cb9fa213297c4d15e38238c6a798cc7c483ba,R2_ADD_Block,,instance0;program0,True,False,False,FN,explicit FUNCTION_BLOCK declaration in mapped Structured Text source,production: GEB-scoped dt_FB_; probe: ungated core_symbol_text contains dt_FB_,DERIVED_EVIDENCE,
openplcV3_R2_ADD2,R2_ADD2,OpenPLCv3,fold_2,UNIQUE,1,AICPS-PLCBEAD_PLCEmbed-c78a56f/PLC-BEAD/Source/OpenPLCv3/R2_ADD2.ST,5eb6559dbb883515d27121f0c1a26d89b79a9b3fce78f08984a70c9492a0fe61,R2_ADD2_Block,,instance0;program0,True,False,False,FN,explicit FUNCTION_BLOCK declaration in mapped Structured Text source,production: GEB-scoped dt_FB_; probe: ungated core_symbol_text contains dt_FB_,DERIVED_EVIDENCE,
openplcV3_R2_DIV,R2_DIV,OpenPLCv3,fold_3,UNIQUE,1,AICPS-PLCBEAD_PLCEmbed-c78a56f/PLC-BEAD/Source/OpenPLCv3/R2_DIV.ST,b4c26df685e693ac2ac63888f55d5cd9feb9198adaa1a3f7f0b5aed69e7f50cd,R2_DIV_Block,,instance0;program0,True,False,False,FN,explicit FUNCTION_BLOCK declaration in mapped Structured Text source,production: GEB-scoped dt_FB_; probe: ungated core_symbol_text contains dt_FB_,DERIVED_EVIDENCE,
openplcV3_R2_MUL,R2_MUL,OpenPLCv3,fold_4,UNIQUE,1,AICPS-PLCBEAD_PLCEmbed-c78a56f/PLC-BEAD/Source/OpenPLCv3/R2_MUL.ST,bcc258370e7719b0c676a716e2c071498d3a7f86795becda56fbed585d36a756,R2_MUL_Block,,instance0;program0,True,False,False,FN,explicit FUNCTION_BLOCK declaration in mapped Structured Text source,production: GEB-scoped dt_FB_; probe: ungated core_symbol_text contains dt_FB_,DERIVED_EVIDENCE,
openplcV3_R2_SET,R2_SET,OpenPLCv3,fold_5,UNIQUE,1,AICPS-PLCBEAD_PLCEmbed-c78a56f/PLC-BEAD/Source/OpenPLCv3/R2_SET.ST,b843da9850461e1ded6689c79ab261ace7f8eb244ba4fc135e23c0880717cd42,R2_SET_Block,,instance0;program0,True,False,False,FN,explicit FUNCTION_BLOCK declaration in mapped Structured Text source,production: GEB-scoped dt_FB_; probe: ungated core_symbol_text contains dt_FB_,DERIVED_EVIDENCE,
openplcV3_RAD,RAD,OpenPLCv3,fold_8,UNIQUE,1,AICPS-PLCBEAD_PLCEmbed-c78a56f/PLC-BEAD/Source/OpenPLCv3/RAD.ST,d0efa2b69e3937092f4d9e6272ac0648c4d0061d816835461ecd9d322c50d5ec,,FLOOR2;MODR;RAD,instance0;program0,False,False,False,TN,explicit FUNCTION_BLOCK declaration in mapped Structured Text source,production: GEB-scoped dt_FB_; probe: ungated core_symbol_text contains dt_FB_,DERIVED_EVIDENCE,
openplcV3_RANGE_TO_BYTE,RANGE_TO_BYTE,OpenPLCv3,fold_9,UNIQUE,1,AICPS-PLCBEAD_PLCEmbed-c78a56f/PLC-BEAD/Source/OpenPLCv3/RANGE_TO_BYTE.ST,222f6ef4550041ca12bbedd0bdfdf1fcd10ccaa31fd586e1c77288ccba1a1601,,RANGE_TO_BYTE;TRUNC_REAL,instance0;program0,False,False,False,TN,explicit FUNCTION_BLOCK declaration in mapped Structured Text source,production: GEB-scoped dt_FB_; probe: ungated core_symbol_text contains dt_FB_,DERIVED_EVIDENCE,
openplcV3_RANGE_TO_WORD,RANGE_TO_WORD,OpenPLCv3,fold_0,UNIQUE,1,AICPS-PLCBEAD_PLCEmbed-c78a56f/PLC-BEAD/Source/OpenPLCv3/RANGE_TO_WORD.ST,7b9f6c3b2cdb54234596277767e20f64ef2cee54c980f8d24b8eaea3e437a649,,RANGE_TO_WORD;TRUNC_REAL,instance0;program0,False,False,False,TN,explicit FUNCTION_BLOCK declaration in mapped Structured Text source,production: GEB-scoped dt_FB_; probe: ungated core_symbol_text contains dt_FB_,DERIVED_EVIDENCE,
openplcV3_RDM,RDM,OpenPLCv3,fold_9,UNIQUE,1,AICPS-PLCBEAD_PLCEmbed-c78a56f/PLC-BEAD/Source/OpenPLCv3/RDM.ST,7634f20243e1d37325df91e4abf881df9c281205cb1127d4dcc3b7ae562ec440,RDM_block;T_PLC_MS_block,BIT_COUNT;BIT_LOAD_DW;BIT_OF_DWORD;D_TRUNC;FRACT;_DWORD_TO_REAL;_INT_TO_UDINT,instance0;program0,True,False,False,FN,explicit FUNCTION_BLOCK declaration in mapped Structured Text source,production: GEB-scoped dt_FB_; probe: ungated core_symbol_text contains dt_FB_,DERIVED_EVIDENCE,
openplcV3_RDM2,RDM2,OpenPLCv3,fold_0,UNIQUE,1,AICPS-PLCBEAD_PLCEmbed-c78a56f/PLC-BEAD/Source/OpenPLCv3/RDM2.ST,f8433b07ae881396720f3d1db2a1696190b20e5ca9fa2e65266205b52855fee1,RDM2_Block;RDM_Block;T_PLC_MS_Block,BIT_COUNT;BIT_LOAD_DW;BIT_OF_DWORD;D_TRUNC;FRACT;_DWORD_TO_REAL;_INT_TO_UDINT;_REAL_TO_DWORD,instance0;program0,True,False,False,FN,explicit FUNCTION_BLOCK declaration in mapped Structured Text source,production: GEB-scoped dt_FB_; probe: ungated core_symbol_text contains dt_FB_,DERIVED_EVIDENCE,
openplcV3_RDMDW,RDMDW,OpenPLCv3,fold_1,UNIQUE,1,AICPS-PLCBEAD_PLCEmbed-c78a56f/PLC-BEAD/Source/OpenPLCv3/RDMDW.ST,e0efe97f211aeae0b3c777c3de85dc706f84fea9cdef204822d0b18f2ff8bfe3,RDMDW_Block;RDM_Block;T_PLC_MS_Block,BIT_COUNT;BIT_LOAD_DW;BIT_OF_DWORD;D_TRUNC;FRACT;_DWORD_TO_REAL;_INT_TO_UDINT;_REAL_TO_DWORD,instance0;program0,True,False,False,FN,explicit FUNCTION_BLOCK declaration in mapped Structured Text source,production: GEB-scoped dt_FB_; probe: ungated core_symbol_text contains dt_FB_,DERIVED_EVIDENCE,
openplcV3_REAL_TO_FRAC,REAL_TO_FRAC,OpenPLCv3,fold_2,UNIQUE,1,AICPS-PLCBEAD_PLCEmbed-c78a56f/PLC-BEAD/Source/OpenPLCv3/REAL_TO_FRAC.ST,ed55a464e29dfc7a5ee8c76875e2f84625b221b57def7bd04dcc0a908b1b23a2,REAL_TO_FRAC_Block,,instance0;program0,True,False,False,FN,explicit FUNCTION_BLOCK declaration in mapped Structured Text source,production: GEB-scoped dt_FB_; probe: ungated core_symbol_text contains dt_FB_,DERIVED_EVIDENCE,
openplcV3_REAL_TO_STRF,REAL_TO_STRF,OpenPLCv3,fold_0,UNIQUE,1,AICPS-PLCBEAD_PLCEmbed-c78a56f/PLC-BEAD/Source/OpenPLCv3/REAL_TO_STRF.ST,ac34c161301fe783ff59087f11f71762fa774f45de5cc14999808c3f5e98dd3f,REAL_TO_STRF_Block,EXP10;_REAL_TO_DINT,instance0;program0,True,False,False,FN,explicit FUNCTION_BLOCK declaration in mapped Structured Text source,production: GEB-scoped dt_FB_; probe: ungated core_symbol_text contains dt_FB_,DERIVED_EVIDENCE,
openplcV3_REAL_TO_TIME,REAL_TO_TIME,OpenPLCv3,fold_5,UNIQUE,1,AICPS-PLCBEAD_PLCEmbed-c78a56f/PLC-BEAD/Source/OpenPLCv3/REAL_TO_TIME.ST,b26523e3827274adbfb8c64077fa6f3b58ac0d6922d729d6f097cee08dadecb8,,REAL_TO_TIME2;_REAL_TO_UDINT,instance0;program0,False,False,False,TN,explicit FUNCTION_BLOCK declaration in mapped Structured Text source,production: GEB-scoped dt_FB_; probe: ungated core_symbol_text contains dt_FB_,DERIVED_EVIDENCE,
openplcV3_REFLECT,REFLECT,OpenPLCv3,fold_0,UNIQUE,1,AICPS-PLCBEAD_PLCEmbed-c78a56f/PLC-BEAD/Source/OpenPLCv3/REFLECT.ST,8217c9e6bb9fdbf89562212c333ca87f09cdf23b26a60924032ab9c6f908b0f0,,REFLECT,instance0;program0,False,False,False,TN,explicit FUNCTION_BLOCK declaration in mapped Structured Text source,production: GEB-scoped dt_FB_; probe: ungated core_symbol_text contains dt_FB_,DERIVED_EVIDENCE,
openplcV3_REFRACTION,REFRACTION,OpenPLCv3,fold_6,UNIQUE,1,AICPS-PLCBEAD_PLCEmbed-c78a56f/PLC-BEAD/Source/OpenPLCv3/REFRACTION.ST,974d19162e606295fc0699dfbebf64f389b02a6bc1c9e8dfa99e763a29bee3eb,,REFRACTION,instance0;program0,False,False,False,TN,explicit FUNCTION_BLOCK declaration in mapped Structured Text source,production: GEB-scoped dt_FB_; probe: ungated core_symbol_text contains dt_FB_,DERIVED_EVIDENCE,
openplcV3_REPLACE_ALL,REPLACE_ALL,OpenPLCv3,fold_1,UNIQUE,1,AICPS-PLCBEAD_PLCEmbed-c78a56f/PLC-BEAD/Source/OpenPLCv3/REPLACE_ALL.ST,5cc3af3739a22c35fc9774f0d2303f42c44b8927bd6fe594e61e7dbd6aa6b4ba,FINDP_Block;REPLACE_ALL_Block,,instance0;program0,True,False,False,FN,explicit FUNCTION_BLOCK declaration in mapped Structured Text source,production: GEB-scoped dt_FB_; probe: ungated core_symbol_text contains dt_FB_,DERIVED_EVIDENCE,
openplcV3_REPLACE_CHARS,REPLACE_CHARS,OpenPLCv3,fold_2,UNIQUE,1,AICPS-PLCBEAD_PLCEmbed-c78a56f/PLC-BEAD/Source/OpenPLCv3/REPLACE_CHARS.ST,03020852cd19f1e2d4f09ac394011fe38cc3d3aac61b80a178cdae6dcecec62b,REPLACE_CHARS_Block,,instance0;program0,True,False,False,FN,explicit FUNCTION_BLOCK declaration in mapped Structured Text source,production: GEB-scoped dt_FB_; probe: ungated core_symbol_text contains dt_FB_,DERIVED_EVIDENCE,
openplcV3_RES_NI,RES_NI,OpenPLCv3,fold_1,UNIQUE,1,AICPS-PLCBEAD_PLCEmbed-c78a56f/PLC-BEAD/Source/OpenPLCv3/RES_NI.ST,d1951e1bd60cac3109b39c5e8bc6ba767dc1e1d1276d7b3accee6ad870a5ea8c,,RES_NI,instance0;program0,False,False,False,TN,explicit FUNCTION_BLOCK declaration in mapped Structured Text source,production: GEB-scoped dt_FB_; probe: ungated core_symbol_text contains dt_FB_,DERIVED_EVIDENCE,
openplcV3_RES_NTC,RES_NTC,OpenPLCv3,fold_2,UNIQUE,1,AICPS-PLCBEAD_PLCEmbed-c78a56f/PLC-BEAD/Source/OpenPLCv3/RES_NTC.ST,67a5f559490623945e7619c4db36ea733cae6afa010123e9cb69c8456ffd1f2e,,RES_NTC,instance0;program0,False,False,False,TN,explicit FUNCTION_BLOCK declaration in mapped Structured Text source,production: GEB-scoped dt_FB_; probe: ungated core_symbol_text contains dt_FB_,DERIVED_EVIDENCE,
openplcV3_RES_PT,RES_PT,OpenPLCv3,fold_3,UNIQUE,1,AICPS-PLCBEAD_PLCEmbed-c78a56f/PLC-BEAD/Source/OpenPLCv3/RES_PT.ST,3ee83a49b927dbadef6ecd83d8c8ac55bcae33b5ffd2ba7e1482c556a3b6fd8d,,RES_PT,instance0;program0,False,False,False,TN,explicit FUNCTION_BLOCK declaration in mapped Structured Text source,production: GEB-scoped dt_FB_; probe: ungated core_symbol_text contains dt_FB_,DERIVED_EVIDENCE,
openplcV3_RES_SI,RES_SI,OpenPLCv3,fold_4,UNIQUE,1,AICPS-PLCBEAD_PLCEmbed-c78a56f/PLC-BEAD/Source/OpenPLCv3/RES_SI.ST,0f88ff9f813aa9566dad01a14cc521ace3bef9ce41ee159b80c1127fc63abb9e,,RES_SI,instance0;program0,False,False,False,TN,explicit FUNCTION_BLOCK declaration in mapped Structured Text source,production: GEB-scoped dt_FB_; probe: ungated core_symbol_text contains dt_FB_,DERIVED_EVIDENCE,
openplcV3_REVERSE,REVERSE,OpenPLCv3,fold_1,UNIQUE,1,AICPS-PLCBEAD_PLCEmbed-c78a56f/PLC-BEAD/Source/OpenPLCv3/REVERSE.ST,0982da1931a41ded8de204d4544454e775bcd34d0b506c865c5b0d38ba893e72,,REVERSE,instance0;program0,False,False,False,TN,explicit FUNCTION_BLOCK declaration in mapped Structured Text source,production: GEB-scoped dt_FB_; probe: ungated core_symbol_text contains dt_FB_,DERIVED_EVIDENCE,
openplcV3_RMP_B,RMP_B,OpenPLCv3,fold_2,UNIQUE,1,AICPS-PLCBEAD_PLCEmbed-c78a56f/PLC-BEAD/Source/OpenPLCv3/RMP_B.ST,9cb53c8c0cca6ed25c84f642491311ce7741e7f824d3690c7caa77b33c3ed8bc,RMP_B_Block;T_PLC_MS_block;_RMP_B,FRMP_B;TIME_TO_UDINT2,instance0;program0,True,False,False,FN,explicit FUNCTION_BLOCK declaration in mapped Structured Text source,production: GEB-scoped dt_FB_; probe: ungated core_symbol_text contains dt_FB_,DERIVED_EVIDENCE,
openplcV3_RMP_SOFT,RMP_SOFT,OpenPLCv3,fold_3,UNIQUE,1,AICPS-PLCBEAD_PLCEmbed-c78a56f/PLC-BEAD/Source/OpenPLCv3/RMP_SOFT.ST,de51614043f14c1485079e1cf76056d1bdf4bfe842425efb17c0d1feb5b1eb04,RMP_SOFT_Block;T_PLC_MS_block;_RMP_B,FRMP_B;TIME_TO_UDINT2,instance0;program0,True,False,False,FN,explicit FUNCTION_BLOCK declaration in mapped Structured Text source,production: GEB-scoped dt_FB_; probe: ungated core_symbol_text contains dt_FB_,DERIVED_EVIDENCE,
openplcV3_RMP_W,RMP_W,OpenPLCv3,fold_4,UNIQUE,1,AICPS-PLCBEAD_PLCEmbed-c78a56f/PLC-BEAD/Source/OpenPLCv3/RMP_W.ST,4989b01d46500c036338693a7863a8cb186ab4576961a090f0addb3a6268e2da,RMP_W;T_PLC_MS_block;_RMP_W,TIME_TO_UDINT2;_WORD_TO_DINT,instance0;program0,True,False,False,FN,explicit FUNCTION_BLOCK declaration in mapped Structured Text source,production: GEB-scoped dt_FB_; probe: ungated core_symbol_text contains dt_FB_,DERIVED_EVIDENCE,
openplcV3_RND,RND,OpenPLCv3,fold_3,UNIQUE,1,AICPS-PLCBEAD_PLCEmbed-c78a56f/PLC-BEAD/Source/OpenPLCv3/RND.ST,85f311d52fa207caa8b88135103ad9824fcfcb07f2031e37e8eb173bf062df39,,BIT_OF_DWORD;CEIL;EXPN;RND;_REAL_TO_DINT,instance0;program0,False,False,False,TN,explicit FUNCTION_BLOCK declaration in mapped Structured Text source,production: GEB-scoped dt_FB_; probe: ungated core_symbol_text contains dt_FB_,DERIVED_EVIDENCE,
openplcV3_ROUND,ROUND,OpenPLCv3,fold_4,UNIQUE,1,AICPS-PLCBEAD_PLCEmbed-c78a56f/PLC-BEAD/Source/OpenPLCv3/ROUND.ST,e2269fb9bb33736fc497276ed78a3c9948715971015718daeee8953fdbd1c8f5,,ROUND;_REAL_TO_DINT,instance0;program0,False,False,False,TN,explicit FUNCTION_BLOCK declaration in mapped Structured Text source,production: GEB-scoped dt_FB_; probe: ungated core_symbol_text contains dt_FB_,DERIVED_EVIDENCE,
openplcV3_RTC_2,RTC_2,OpenPLCv3,fold_7,UNIQUE,1,AICPS-PLCBEAD_PLCEmbed-c78a56f/PLC-BEAD/Source/OpenPLCv3/RTC_2.ST,df0b63cab8a41d08b69192f0a953b60bbf8248c18589ae3f627c6985dbfa22e2,RTC_2_Block;RTC_MS_Block;T_PLC_MS_Block,DST;DT_TO_DATE2;SET_DATE;SET_DT;YEAR_OF_DATE;_INT_TO_UDINT,instance0;program0,True,False,False,FN,explicit FUNCTION_BLOCK declaration in mapped Structured Text source,production: GEB-scoped dt_FB_; probe: ungated core_symbol_text contains dt_FB_,DERIVED_EVIDENCE,
openplcV3_RTC_MS,RTC_MS,OpenPLCv3,fold_8,UNIQUE,1,AICPS-PLCBEAD_PLCEmbed-c78a56f/PLC-BEAD/Source/OpenPLCv3/RTC_MS.ST,6445784016be0052406a254ff90a7dbf5cc736e6839f632922c49f9706167f0d,RTC_MS_Block;T_PLC_MS_Block,,instance0;program0,True,False,False,FN,explicit FUNCTION_BLOCK declaration in mapped Structured Text source,production: GEB-scoped dt_FB_; probe: ungated core_symbol_text contains dt_FB_,DERIVED_EVIDENCE,
openplcV3_SCALE,SCALE,OpenPLCv3,fold_1,UNIQUE,1,AICPS-PLCBEAD_PLCEmbed-c78a56f/PLC-BEAD/Source/OpenPLCv3/SCALE.ST,dc0f251d67fed6f449739f5efcc216efec9223dec6bf65c753580b532f8f24fb,,SCALE,instance0;program0,False,False,False,TN,explicit FUNCTION_BLOCK declaration in mapped Structured Text source,production: GEB-scoped dt_FB_; probe: ungated core_symbol_text contains dt_FB_,DERIVED_EVIDENCE,
openplcV3_SCALE_B,SCALE_B,OpenPLCv3,fold_2,UNIQUE,1,AICPS-PLCBEAD_PLCEmbed-c78a56f/PLC-BEAD/Source/OpenPLCv3/SCALE_B.ST,7173a1dd47fb7fa4b7ed8c4962edd267cc0cc5511ecd0f510ed9392dfcbf311d,,SCALE_B;_BYTE_TO_REAL,instance0;program0,False,False,False,TN,explicit FUNCTION_BLOCK declaration in mapped Structured Text source,production: GEB-scoped dt_FB_; probe: ungated core_symbol_text contains dt_FB_,DERIVED_EVIDENCE,
openplcV3_SCALE_B2,SCALE_B2,OpenPLCv3,fold_3,UNIQUE,1,AICPS-PLCBEAD_PLCEmbed-c78a56f/PLC-BEAD/Source/OpenPLCv3/SCALE_B2.ST,467e4da94206f463201ce547013ae262de295471a932f4a77ce2bc473ebd8771,,SCALE_B2;_BYTE_TO_REAL,instance0;program0,False,False,False,TN,explicit FUNCTION_BLOCK declaration in mapped Structured Text source,production: GEB-scoped dt_FB_; probe: ungated core_symbol_text contains dt_FB_,DERIVED_EVIDENCE,
openplcV3_SCALE_B4,SCALE_B4,OpenPLCv3,fold_4,UNIQUE,1,AICPS-PLCBEAD_PLCEmbed-c78a56f/PLC-BEAD/Source/OpenPLCv3/SCALE_B4.ST,f243018f5458e2a0f7c4a9d59e1185d73690424d0960b6584312b8ef56b75eae,,SCALE_B4;_BYTE_TO_REAL,instance0;program0,False,False,False,TN,explicit FUNCTION_BLOCK declaration in mapped Structured Text source,production: GEB-scoped dt_FB_; probe: ungated core_symbol_text contains dt_FB_,DERIVED_EVIDENCE,
openplcV3_SCALE_B8,SCALE_B8,OpenPLCv3,fold_5,UNIQUE,1,AICPS-PLCBEAD_PLCEmbed-c78a56f/PLC-BEAD/Source/OpenPLCv3/SCALE_B8.ST,3b03a15ff5e0f9ad1340bf05f538767776d4a7e5c6ed726bb58a47c789c46358,,SCALE_B8;_BYTE_TO_REAL,instance0;program0,False,False,False,TN,explicit FUNCTION_BLOCK declaration in mapped Structured Text source,production: GEB-scoped dt_FB_; probe: ungated core_symbol_text contains dt_FB_,DERIVED_EVIDENCE,
openplcV3_SCALE_D,SCALE_D,OpenPLCv3,fold_6,UNIQUE,1,AICPS-PLCBEAD_PLCEmbed-c78a56f/PLC-BEAD/Source/OpenPLCv3/SCALE_D.ST,c0324cb2829446c2aed8cf767510105b4dd2f732893620dd4a850e5e484b99f1,,SCALE_D,instance0;program0,False,False,False,TN,explicit FUNCTION_BLOCK declaration in mapped Structured Text source,production: GEB-scoped dt_FB_; probe: ungated core_symbol_text contains dt_FB_,DERIVED_EVIDENCE,
openplcV3_SCALE_R,SCALE_R,OpenPLCv3,fold_7,UNIQUE,1,AICPS-PLCBEAD_PLCEmbed-c78a56f/PLC-BEAD/Source/OpenPLCv3/SCALE_R.ST,e82b3b65239eebd91a257903c019071553135fbbee36c7abdb84c0cd9a3746d9,,SCALE_R,instance0;program0,False,False,False,TN,explicit FUNCTION_BLOCK declaration in mapped Structured Text source,production: GEB-scoped dt_FB_; probe: ungated core_symbol_text contains dt_FB_,DERIVED_EVIDENCE,
openplcV3_SCALE_X2,SCALE_X2,OpenPLCv3,fold_8,UNIQUE,1,AICPS-PLCBEAD_PLCEmbed-c78a56f/PLC-BEAD/Source/OpenPLCv3/SCALE_X2.ST,13a341472b4deb1dc22f490a7ef239ba876f654d2d549afd45bdfe1a93465a0a,,SCALE_X2,instance0;program0,False,False,False,TN,explicit FUNCTION_BLOCK declaration in mapped Structured Text source,production: GEB-scoped dt_FB_; probe: ungated core_symbol_text contains dt_FB_,DERIVED_EVIDENCE,
openplcV3_SCALE_X4,SCALE_X4,OpenPLCv3,fold_9,UNIQUE,1,AICPS-PLCBEAD_PLCEmbed-c78a56f/PLC-BEAD/Source/OpenPLCv3/SCALE_X4.ST,2f93bb07b37e54ca3fccd51debb2c603faef3bb3af8fb8711f37cd5d3cf1ca35,,SCALE_X4,instance0;program0,False,False,False,TN,explicit FUNCTION_BLOCK declaration in mapped Structured Text source,production: GEB-scoped dt_FB_; probe: ungated core_symbol_text contains dt_FB_,DERIVED_EVIDENCE,
openplcV3_SCALE_X8,SCALE_X8,OpenPLCv3,fold_0,UNIQUE,1,AICPS-PLCBEAD_PLCEmbed-c78a56f/PLC-BEAD/Source/OpenPLCv3/SCALE_X8.ST,0818ea24ea90c0e4d7a28ccf01a797eec8a8a0d0eb11c0e5464767a1d21ecb9a,,SCALE_X8,instance0;program0,False,False,False,TN,explicit FUNCTION_BLOCK declaration in mapped Structured Text source,production: GEB-scoped dt_FB_; probe: ungated core_symbol_text contains dt_FB_,DERIVED_EVIDENCE,
openplcV3_SCHEDULER,SCHEDULER,OpenPLCv3,fold_2,UNIQUE,1,AICPS-PLCBEAD_PLCEmbed-c78a56f/PLC-BEAD/Source/OpenPLCv3/SCHEDULER.ST,b9fd8b481e3288ba6a0a1aa86c061eb322806a5efd2aac61145f73436a0219e1,SCHEDULER_Block;T_PLC_MS_block,,instance0;program0,True,False,False,FN,explicit FUNCTION_BLOCK declaration in mapped Structured Text source,production: GEB-scoped dt_FB_; probe: ungated core_symbol_text contains dt_FB_,DERIVED_EVIDENCE,
openplcV3_SCHEDULER_2,SCHEDULER_2,OpenPLCv3,fold_3,UNIQUE,1,AICPS-PLCBEAD_PLCEmbed-c78a56f/PLC-BEAD/Source/OpenPLCv3/SCHEDULER_2.ST,97671bdfc166340cbf46a89412019bcfd77199322833e6bc8eef1e348d6b92f5,SCHEDULER_2_Block,,instance0;program0,True,False,False,FN,explicit FUNCTION_BLOCK declaration in mapped Structured Text source,production: GEB-scoped dt_FB_; probe: ungated core_symbol_text contains dt_FB_,DERIVED_EVIDENCE,
openplcV3_SDD,SDD,OpenPLCv3,fold_7,UNIQUE,1,AICPS-PLCBEAD_PLCEmbed-c78a56f/PLC-BEAD/Source/OpenPLCv3/SDD.ST,4fe1086fab7f3f0fc1d226ec43bfda49520fa2a08c9489db076acc5da198b9ea,,SDD,instance0;program0,False,False,False,TN,explicit FUNCTION_BLOCK declaration in mapped Structured Text source,production: GEB-scoped dt_FB_; probe: ungated core_symbol_text contains dt_FB_,DERIVED_EVIDENCE,
openplcV3_SDD_NH3,SDD_NH3,OpenPLCv3,fold_8,UNIQUE,1,AICPS-PLCBEAD_PLCEmbed-c78a56f/PLC-BEAD/Source/OpenPLCv3/SDD_NH3.ST,4520449c4e5462de5392e54c4050e71cbfd67f2404f73d4c07ec17732f8b4ab0,,SDD_NH3,instance0;program0,False,False,False,TN,explicit FUNCTION_BLOCK declaration in mapped Structured Text source,production: GEB-scoped dt_FB_; probe: ungated core_symbol_text contains dt_FB_,DERIVED_EVIDENCE,
openplcV3_SDT_NH3,SDT_NH3,OpenPLCv3,fold_9,UNIQUE,1,AICPS-PLCBEAD_PLCEmbed-c78a56f/PLC-BEAD/Source/OpenPLCv3/SDT_NH3.ST,4270530a99c06d04e2a837c8f090fe24d314324fa7489d87ef346a89c6b7669d,,SDT_NH3,instance0;program0,False,False,False,TN,explicit FUNCTION_BLOCK declaration in mapped Structured Text source,production: GEB-scoped dt_FB_; probe: ungated core_symbol_text contains dt_FB_,DERIVED_EVIDENCE,
openplcV3_SDT_TO_DATE,SDT_TO_DATE,OpenPLCv3,fold_9,UNIQUE,1,AICPS-PLCBEAD_PLCEmbed-c78a56f/PLC-BEAD/Source/OpenPLCv3/SDT_TO_DATE.ST,d452bd0878cd48da9934feb238cf0ad224269d88e68d8032973c641f67cac510,SDT_TO_DATE_Block,SET_DATE;_INT_TO_UDINT,instance0;program0,True,False,False,FN,explicit FUNCTION_BLOCK declaration in mapped Structured Text source,production: GEB-scoped dt_FB_; probe: ungated core_symbol_text contains dt_FB_,DERIVED_EVIDENCE,
openplcV3_SDT_TO_DT,SDT_TO_DT,OpenPLCv3,fold_0,UNIQUE,1,AICPS-PLCBEAD_PLCEmbed-c78a56f/PLC-BEAD/Source/OpenPLCv3/SDT_TO_DT.ST,d403d101eb778955db23c2977b04417c5b46e624fdc74ff49a0edce4233574dd,SDT_TO_DT_Block,SET_DATE;SET_DT;_INT_TO_UDINT,instance0;program0,True,False,False,FN,explicit FUNCTION_BLOCK declaration in mapped Structured Text source,production: GEB-scoped dt_FB_; probe: ungated core_symbol_text contains dt_FB_,DERIVED_EVIDENCE,
openplcV3_SDT_TO_TOD,SDT_TO_TOD,OpenPLCv3,fold_1,UNIQUE,1,AICPS-PLCBEAD_PLCEmbed-c78a56f/PLC-BEAD/Source/OpenPLCv3/SDT_TO_TOD.ST,8cd5d46b285089270b38d596cdc84c3f47bac825df6f622b983a432c5e63faf0,SDT_TO_TOD_Block,_INT_TO_UDINT,instance0;program0,True,False,False,FN,explicit FUNCTION_BLOCK declaration in mapped Structured Text source,production: GEB-scoped dt_FB_; probe: ungated core_symbol_text contains dt_FB_,DERIVED_EVIDENCE,
openplcV3_SECOND,SECOND,OpenPLCv3,fold_2,UNIQUE,1,AICPS-PLCBEAD_PLCEmbed-c78a56f/PLC-BEAD/Source/OpenPLCv3/SECOND.ST,54993e63ea6cec64522f4a6a89b8a44b3997464f274b15042ae9ecbf5f06254e,,SECOND,instance0;program0,False,False,False,TN,explicit FUNCTION_BLOCK declaration in mapped Structured Text source,production: GEB-scoped dt_FB_; probe: ungated core_symbol_text contains dt_FB_,DERIVED_EVIDENCE,
openplcV3_SECOND_OF_DT,SECOND_OF_DT,OpenPLCv3,fold_3,UNIQUE,1,AICPS-PLCBEAD_PLCEmbed-c78a56f/PLC-BEAD/Source/OpenPLCv3/SECOND_OF_DT.ST,ab23ec383c50806bb0fb8f9c576a36e5acf3af1263a7cf5ebf301e82499a8427,,SECOND_OF_DT,instance0;program0,False,False,False,TN,explicit FUNCTION_BLOCK declaration in mapped Structured Text source,production: GEB-scoped dt_FB_; probe: ungated core_symbol_text contains dt_FB_,DERIVED_EVIDENCE,
openplcV3_SECOND_TO_TIME,SECOND_TO_TIME,OpenPLCv3,fold_4,UNIQUE,1,AICPS-PLCBEAD_PLCEmbed-c78a56f/PLC-BEAD/Source/OpenPLCv3/SECOND_TO_TIME.ST,421b29e0638e33446ca4d8134768a1208405e0e1a2549f7d60e5143fefc2bc46,,SECOND_TO_TIME;_REAL_TO_UDINT,instance0;program0,False,False,False,TN,explicit FUNCTION_BLOCK declaration in mapped Structured Text source,production: GEB-scoped dt_FB_; probe: ungated core_symbol_text contains dt_FB_,DERIVED_EVIDENCE,
openplcV3_SEL2_OF_3,SEL2_OF_3,OpenPLCv3,fold_1,UNIQUE,1,AICPS-PLCBEAD_PLCEmbed-c78a56f/PLC-BEAD/Source/OpenPLCv3/SEL2_OF_3.ST,0e781ebcdc1a55a0136c002e6cb97407dfa6d08f583b98c50a3ab8f790e58c6a,SEL2_OF_3_Block,,instance0;program0,True,False,False,FN,explicit FUNCTION_BLOCK declaration in mapped Structured Text source,production: GEB-scoped dt_FB_; probe: ungated core_symbol_text contains dt_FB_,DERIVED_EVIDENCE,
openplcV3_SEL2_OF_3B,SEL2_OF_3B,OpenPLCv3,fold_2,UNIQUE,1,AICPS-PLCBEAD_PLCEmbed-c78a56f/PLC-BEAD/Source/OpenPLCv3/SEL2_OF_3B.ST,58323f9fbcf20bbb430aee3da273393775ec7dc787fbfda4b65d193582a9a22a,SEL2_OF_3B_Block,,instance0;program0,True,False,False,FN,explicit FUNCTION_BLOCK declaration in mapped Structured Text source,production: GEB-scoped dt_FB_; probe: ungated core_symbol_text contains dt_FB_,DERIVED_EVIDENCE,
openplcV3_SELECT_8,SELECT_8,OpenPLCv3,fold_9,UNIQUE,1,AICPS-PLCBEAD_PLCEmbed-c78a56f/PLC-BEAD/Source/OpenPLCv3/SELECT_8.ST,31eeee1d99bf0b4d4231a160128b3d75ddf0dcf25891396ced1386608d084b2d,SELECT_8_Block,INC;_BYTE_TO_INT,instance0;program0,True,False,False,FN,explicit FUNCTION_BLOCK declaration in mapped Structured Text source,production: GEB-scoped dt_FB_; probe: ungated core_symbol_text contains dt_FB_,DERIVED_EVIDENCE,
openplcV3_SENSOR_INT,SENSOR_INT,OpenPLCv3,fold_5,UNIQUE,1,AICPS-PLCBEAD_PLCEmbed-c78a56f/PLC-BEAD/Source/OpenPLCv3/SENSOR_INT.ST,b6a299d823678aad3cfd8a002006db3daed95f8c9bd8177149182ef56b92c41d,,SENSOR_INT,instance0;program0,False,False,False,TN,explicit FUNCTION_BLOCK declaration in mapped Structured Text source,production: GEB-scoped dt_FB_; probe: ungated core_symbol_text contains dt_FB_,DERIVED_EVIDENCE,
openplcV3_SEQUENCE_4,SEQUENCE_4,OpenPLCv3,fold_4,UNIQUE,1,AICPS-PLCBEAD_PLCEmbed-c78a56f/PLC-BEAD/Source/OpenPLCv3/SEQUENCE_4.ST,cd42898a7c32d5b0277336ff3dd024756b951c08a363e0855ab454efd84c060d,SEQUENCE_4_Block;T_PLC_MS_block,UDINT_TO_TIME2,instance0;program0,True,False,False,FN,explicit FUNCTION_BLOCK declaration in mapped Structured Text source,production: GEB-scoped dt_FB_; probe: ungated core_symbol_text contains dt_FB_,DERIVED_EVIDENCE,
openplcV3_SEQUENCE_64,SEQUENCE_64,OpenPLCv3,fold_5,UNIQUE,1,AICPS-PLCBEAD_PLCEmbed-c78a56f/PLC-BEAD/Source/OpenPLCv3/SEQUENCE_64.ST,86a16a391355069ece6ad15efa6e46095d2b9aefab7fdf7a01197ff144810cb8,SEQUENCE_64_Block;T_PLC_MS_block,INC2;UDINT_TO_TIME2,instance0;program0,True,False,False,FN,explicit FUNCTION_BLOCK declaration in mapped Structured Text source,production: GEB-scoped dt_FB_; probe: ungated core_symbol_text contains dt_FB_,DERIVED_EVIDENCE,
openplcV3_SEQUENCE_8,SEQUENCE_8,OpenPLCv3,fold_6,UNIQUE,1,AICPS-PLCBEAD_PLCEmbed-c78a56f/PLC-BEAD/Source/OpenPLCv3/SEQUENCE_8.ST,e902805172ea61dc29e598aab088f753ae13fc49872c7abe348b445bb0c70c46,SEQUENCE_8_Block;T_PLC_MS_block,UDINT_TO_TIME2,instance0;program0,True,False,False,FN,explicit FUNCTION_BLOCK declaration in mapped Structured Text source,production: GEB-scoped dt_FB_; probe: ungated core_symbol_text contains dt_FB_,DERIVED_EVIDENCE,
openplcV3_SETUP_CHARNAMES,SETUP_CHARNAMES,OpenPLCv3,fold_8,UNIQUE,1,AICPS-PLCBEAD_PLCEmbed-c78a56f/PLC-BEAD/Source/OpenPLCv3/SETUP_CHARNAMES.ST,23c9261b7a1bf223ec5cde794dd19ec27f7783c7c3a5f22d48619b6e7d85ecfd,SETUP_CHARNAMES_Block,,instance0;program0,True,False,False,FN,explicit FUNCTION_BLOCK declaration in mapped Structured Text source,production: GEB-scoped dt_FB_; probe: ungated core_symbol_text contains dt_FB_,DERIVED_EVIDENCE,
openplcV3_SETUP_DIRS,SETUP_DIRS,OpenPLCv3,fold_9,UNIQUE,1,AICPS-PLCBEAD_PLCEmbed-c78a56f/PLC-BEAD/Source/OpenPLCv3/SETUP_DIRS.ST,6c2a4b89db2971e0db3915d8211705d2ae0fd9aec45ae5d03a2144c93211d463,SETUP_DIRS,,instance0;program0,True,False,False,FN,explicit FUNCTION_BLOCK declaration in mapped Structured Text source,production: GEB-scoped dt_FB_; probe: ungated core_symbol_text contains dt_FB_,DERIVED_EVIDENCE,
openplcV3_SETUP_EXTENDED_ASCII,SETUP_EXTENDED_ASCII,OpenPLCv3,fold_0,UNIQUE,1,AICPS-PLCBEAD_PLCEmbed-c78a56f/PLC-BEAD/Source/OpenPLCv3/SETUP_EXTENDED_ASCII.ST,456d725a7de0034bfee6c83978d2d532351798f9227778b1b7dab3f6434365cf,,SETUP_EXTENDED_ASCII,instance0;program0,False,False,False,TN,explicit FUNCTION_BLOCK declaration in mapped Structured Text source,production: GEB-scoped dt_FB_; probe: ungated core_symbol_text contains dt_FB_,DERIVED_EVIDENCE,
openplcV3_SETUP_HOLIDAY_AT,SETUP_HOLIDAY_AT,OpenPLCv3,fold_1,UNIQUE,1,AICPS-PLCBEAD_PLCEmbed-c78a56f/PLC-BEAD/Source/OpenPLCv3/SETUP_HOLIDAY_AT.ST,37e5947369242114940c83facc3970057a654c5699d7fa2ef46dda00afa9483b,SETUP_HOLIDAY_AT_Block,,instance0;program0,True,False,False,FN,explicit FUNCTION_BLOCK declaration in mapped Structured Text source,production: GEB-scoped dt_FB_; probe: ungated core_symbol_text contains dt_FB_,DERIVED_EVIDENCE,
openplcV3_SETUP_HOLIDAY_DE,SETUP_HOLIDAY_DE,OpenPLCv3,fold_2,UNIQUE,1,AICPS-PLCBEAD_PLCEmbed-c78a56f/PLC-BEAD/Source/OpenPLCv3/SETUP_HOLIDAY_DE.ST,12c3faecc051c333443b732e0c70255e87bcc6d70b623b0f7d53db27708bce8a,SETUP_HOLIDAY_DE_Block,,instance0;program0,True,False,False,FN,explicit FUNCTION_BLOCK declaration in mapped Structured Text source,production: GEB-scoped dt_FB_; probe: ungated core_symbol_text contains dt_FB_,DERIVED_EVIDENCE,
openplcV3_SETUP_HOLIDAY_FR,SETUP_HOLIDAY_FR,OpenPLCv3,fold_3,UNIQUE,1,AICPS-PLCBEAD_PLCEmbed-c78a56f/PLC-BEAD/Source/OpenPLCv3/SETUP_HOLIDAY_FR.ST,c26317503437339d17e20bc0ab6a176d4413d6b8e458ff3478de6cfe11d2c26e,SETUP_HOLIDAY_FR_Block,,instance0;program0,True,False,False,FN,explicit FUNCTION_BLOCK declaration in mapped Structured Text source,production: GEB-scoped dt_FB_; probe: ungated core_symbol_text contains dt_FB_,DERIVED_EVIDENCE,
openplcV3_SETUP_LANGUAGE,SETUP_LANGUAGE,OpenPLCv3,fold_4,UNIQUE,1,AICPS-PLCBEAD_PLCEmbed-c78a56f/PLC-BEAD/Source/OpenPLCv3/SETUP_LANGUAGE.ST,1c33df45e6f716cec0651bb0160a85d6172ec6ba1e24a57a48ac4a3cabd77a39,SETUP_LANGUAGE_Block,,instance0;program0,True,False,False,FN,explicit FUNCTION_BLOCK declaration in mapped Structured Text source,production: GEB-scoped dt_FB_; probe: ungated core_symbol_text contains dt_FB_,DERIVED_EVIDENCE,
openplcV3_SETUP_LOCATION,SETUP_LOCATION,OpenPLCv3,fold_5,UNIQUE,1,AICPS-PLCBEAD_PLCEmbed-c78a56f/PLC-BEAD/Source/OpenPLCv3/SETUP_LOCATION.ST,beaf3cce1392ce913415449a5296fea09eed269452252ba35dece38593232ea1,SETUP_LOCATION_Block,,instance0;program0,True,False,False,FN,explicit FUNCTION_BLOCK declaration in mapped Structured Text source,production: GEB-scoped dt_FB_; probe: ungated core_symbol_text contains dt_FB_,DERIVED_EVIDENCE,
openplcV3_SETUP_MONTHS,SETUP_MONTHS,OpenPLCv3,fold_6,UNIQUE,1,AICPS-PLCBEAD_PLCEmbed-c78a56f/PLC-BEAD/Source/OpenPLCv3/SETUP_MONTHS.ST,5e592bfcab1d39aa00dbaed4b461a08ac33bf6b422fada5b330b308c9c0c9dcb,SETUP_MONTHS,,instance0;program0,True,False,False,FN,explicit FUNCTION_BLOCK declaration in mapped Structured Text source,production: GEB-scoped dt_FB_; probe: ungated core_symbol_text contains dt_FB_,DERIVED_EVIDENCE,
openplcV3_SETUP_MONTHS3,SETUP_MONTHS3,OpenPLCv3,fold_7,UNIQUE,1,AICPS-PLCBEAD_PLCEmbed-c78a56f/PLC-BEAD/Source/OpenPLCv3/SETUP_MONTHS3.ST,0e5f55fb83fd1de9b84f8b525d46b4b1cf18964e67b730d5b10c67c1bb44a123,SETUP_MONTHS3,,instance0;program0,True,False,False,FN,explicit FUNCTION_BLOCK declaration in mapped Structured Text source,production: GEB-scoped dt_FB_; probe: ungated core_symbol_text contains dt_FB_,DERIVED_EVIDENCE,
openplcV3_SETUP_WEEKDAYS,SETUP_WEEKDAYS,OpenPLCv3,fold_8,UNIQUE,1,AICPS-PLCBEAD_PLCEmbed-c78a56f/PLC-BEAD/Source/OpenPLCv3/SETUP_WEEKDAYS.ST,c7380e0aedf88b4ed0312c4203c2a9a3698bc389f0fb61b913ea6ca406080d58,SETUP_WEEKDAYS,,instance0;program0,True,False,False,FN,explicit FUNCTION_BLOCK declaration in mapped Structured Text source,production: GEB-scoped dt_FB_; probe: ungated core_symbol_text contains dt_FB_,DERIVED_EVIDENCE,
openplcV3_SETUP_WEEKDAYS2,SETUP_WEEKDAYS2,OpenPLCv3,fold_9,UNIQUE,1,AICPS-PLCBEAD_PLCEmbed-c78a56f/PLC-BEAD/Source/OpenPLCv3/SETUP_WEEKDAYS2.ST,af302cb7ba1533d04abb97e3b0312bc05778edbd04ef20ab94a362a9901bce4c,SETUP_WEEKDAYS2_Block,,instance0;program0,True,False,False,FN,explicit FUNCTION_BLOCK declaration in mapped Structured Text source,production: GEB-scoped dt_FB_; probe: ungated core_symbol_text contains dt_FB_,DERIVED_EVIDENCE,
openplcV3_SET_DATE,SET_DATE,OpenPLCv3,fold_5,UNIQUE,1,AICPS-PLCBEAD_PLCEmbed-c78a56f/PLC-BEAD/Source/OpenPLCv3/SET_DATE.ST,97ae289851d824919a843387f302d81c3a38a22c0dd4a243a7b13c614614f9ca,,SET_DATE;_INT_TO_UDINT,instance0;program0,False,False,False,TN,explicit FUNCTION_BLOCK declaration in mapped Structured Text source,production: GEB-scoped dt_FB_; probe: ungated core_symbol_text contains dt_FB_,DERIVED_EVIDENCE,
openplcV3_SET_DT,SET_DT,OpenPLCv3,fold_6,UNIQUE,1,AICPS-PLCBEAD_PLCEmbed-c78a56f/PLC-BEAD/Source/OpenPLCv3/SET_DT.ST,0aa43d5ebf0a59aa2dc3fd92d1b6d4e75dae71956bc924014f9d1812f0ab5f59,,SET_DATE;SET_DT;_INT_TO_UDINT,instance0;program0,False,False,False,TN,explicit FUNCTION_BLOCK declaration in mapped Structured Text source,production: GEB-scoped dt_FB_; probe: ungated core_symbol_text contains dt_FB_,DERIVED_EVIDENCE,
openplcV3_SET_TOD,SET_TOD,OpenPLCv3,fold_7,UNIQUE,1,AICPS-PLCBEAD_PLCEmbed-c78a56f/PLC-BEAD/Source/OpenPLCv3/SET_TOD.ST,7efd33db3e2ee15efcdcc02e993c5b56feb4cc32578b3405abfb70ca87b9d336,,SET_TOD;_INT_TO_UDINT;_REAL_TO_UDINT,instance0;program0,False,False,False,TN,explicit FUNCTION_BLOCK declaration in mapped Structured Text source,production: GEB-scoped dt_FB_; probe: ungated core_symbol_text contains dt_FB_,DERIVED_EVIDENCE,
openplcV3_SGN,SGN,OpenPLCv3,fold_5,UNIQUE,1,AICPS-PLCBEAD_PLCEmbed-c78a56f/PLC-BEAD/Source/OpenPLCv3/SGN.ST,9a49bdc250b81b0191a06f962da9b53053fd13b7c41f2358c595184c322f45d2,,SGN,instance0;program0,False,False,False,TN,explicit FUNCTION_BLOCK declaration in mapped Structured Text source,production: GEB-scoped dt_FB_; probe: ungated core_symbol_text contains dt_FB_,DERIVED_EVIDENCE,
openplcV3_SH,SH,OpenPLCv3,fold_3,UNIQUE,1,AICPS-PLCBEAD_PLCEmbed-c78a56f/PLC-BEAD/Source/OpenPLCv3/SH.ST,2454cdf119f011241c2c2a1a7f8e116b93c8f6869ba6d7d7f5e1b672ca4ae0f4,SH_Block,,instance0;program0,True,False,False,FN,explicit FUNCTION_BLOCK declaration in mapped Structured Text source,production: GEB-scoped dt_FB_; probe: ungated core_symbol_text contains dt_FB_,DERIVED_EVIDENCE,
openplcV3_SHA1_STREAM,SHA1_STREAM,OpenPLCv3,fold_6,UNIQUE,1,AICPS-PLCBEAD_PLCEmbed-c78a56f/PLC-BEAD/Source/OpenPLCv3/SHA1_STREAM.ST,3e9ecf6a811ba0704c6f348ac1f52ecaee20051174b26513e43669a4dd088ab5,SHA1_STREAM_Block,DWORD_OF_BYTE,instance0;program0,True,False,False,FN,explicit FUNCTION_BLOCK declaration in mapped Structured Text source,production: GEB-scoped dt_FB_; probe: ungated core_symbol_text contains dt_FB_,DERIVED_EVIDENCE,
openplcV3_SHL1,SHL1,OpenPLCv3,fold_2,UNIQUE,1,AICPS-PLCBEAD_PLCEmbed-c78a56f/PLC-BEAD/Source/OpenPLCv3/SHL1.ST,be513b6a32cefe23c1c80d5055195b6f6e7da8ea99c43fcab10925fab14452ff,,SHL1,instance0;program0,False,False,False,TN,explicit FUNCTION_BLOCK declaration in mapped Structured Text source,production: GEB-scoped dt_FB_; probe: ungated core_symbol_text contains dt_FB_,DERIVED_EVIDENCE,
openplcV3_SHR1,SHR1,OpenPLCv3,fold_3,UNIQUE,1,AICPS-PLCBEAD_PLCEmbed-c78a56f/PLC-BEAD/Source/OpenPLCv3/SHR1.ST,74c1c0fb3b40d6b5b3d475a1224e3f0dbb81e86f0a3dcc10d37828b720041e67,,SHR1,instance0;program0,False,False,False,TN,explicit FUNCTION_BLOCK declaration in mapped Structured Text source,production: GEB-scoped dt_FB_; probe: ungated core_symbol_text contains dt_FB_,DERIVED_EVIDENCE,
openplcV3_SHR_4E,SHR_4E,OpenPLCv3,fold_0,UNIQUE,1,AICPS-PLCBEAD_PLCEmbed-c78a56f/PLC-BEAD/Source/OpenPLCv3/SHR_4E.ST,f9e370672411bf65b2bd385ab187f4271f8f4278d99430c938091b7497ce7f3a,SHR_4E_Block,,instance0;program0,True,False,False,FN,explicit FUNCTION_BLOCK declaration in mapped Structured Text source,production: GEB-scoped dt_FB_; probe: ungated core_symbol_text contains dt_FB_,DERIVED_EVIDENCE,
openplcV3_SHR_4UDE,SHR_4UDE,OpenPLCv3,fold_1,UNIQUE,1,AICPS-PLCBEAD_PLCEmbed-c78a56f/PLC-BEAD/Source/OpenPLCv3/SHR_4UDE.ST,0946d65d9b735b91504bbc7e6e435656aa37a72396eeaa243000c220a635c22c,SHR_4UDE_Block,,instance0;program0,True,False,False,FN,explicit FUNCTION_BLOCK declaration in mapped Structured Text source,production: GEB-scoped dt_FB_; probe: ungated core_symbol_text contains dt_FB_,DERIVED_EVIDENCE,
openplcV3_SHR_8PLE,SHR_8PLE,OpenPLCv3,fold_2,UNIQUE,1,AICPS-PLCBEAD_PLCEmbed-c78a56f/PLC-BEAD/Source/OpenPLCv3/SHR_8PLE.ST,9ae375ca9857b50a4c60bacaa58d61d3babf90bfaaa18bca542edc82549f4637,SHR_8PLE_Block,BIT_LOAD_B;BIT_OF_DWORD,instance0;program0,True,False,False,FN,explicit FUNCTION_BLOCK declaration in mapped Structured Text source,production: GEB-scoped dt_FB_; probe: ungated core_symbol_text contains dt_FB_,DERIVED_EVIDENCE,
openplcV3_SHR_8UDE,SHR_8UDE,OpenPLCv3,fold_3,UNIQUE,1,AICPS-PLCBEAD_PLCEmbed-c78a56f/PLC-BEAD/Source/OpenPLCv3/SHR_8UDE.ST,f379311d95e0777c454f866db7ccc4839e05c11d9a36707ff1d81ac51a9cabbe,SHR_8UDE_Block,,instance0;program0,True,False,False,FN,explicit FUNCTION_BLOCK declaration in mapped Structured Text source,production: GEB-scoped dt_FB_; probe: ungated core_symbol_text contains dt_FB_,DERIVED_EVIDENCE,
openplcV3_SH_1,SH_1,OpenPLCv3,fold_4,UNIQUE,1,AICPS-PLCBEAD_PLCEmbed-c78a56f/PLC-BEAD/Source/OpenPLCv3/SH_1.ST,cbf0e8a1fe16b77dedd9e4ad6a52f9558def06674161265e70f8246f9d2e1fb1,SH_1_Block;T_PLC_MS_block,UDINT_TO_TIME2,instance0;program0,True,False,False,FN,explicit FUNCTION_BLOCK declaration in mapped Structured Text source,production: GEB-scoped dt_FB_; probe: ungated core_symbol_text contains dt_FB_,DERIVED_EVIDENCE,
openplcV3_SH_2,SH_2,OpenPLCv3,fold_5,UNIQUE,1,AICPS-PLCBEAD_PLCEmbed-c78a56f/PLC-BEAD/Source/OpenPLCv3/SH_2.ST,47104c85a4e1cd50752a8e93b6eade0e0b704df5c3540572c29bec10b8f00afe,SH_2_Block;T_PLC_MS_block,BIT_OF_DWORD;EVEN;UDINT_TO_TIME2,instance0;program0,True,False,False,FN,explicit FUNCTION_BLOCK declaration in mapped Structured Text source,production: GEB-scoped dt_FB_; probe: ungated core_symbol_text contains dt_FB_,DERIVED_EVIDENCE,
openplcV3_SH_T,SH_T,OpenPLCv3,fold_6,UNIQUE,1,AICPS-PLCBEAD_PLCEmbed-c78a56f/PLC-BEAD/Source/OpenPLCv3/SH_T.ST,a29e1d9dc9a343d68c4d9c8b5ec0cfc1faf24133b2de40903f9461a721e39087,SH_T_Block,,instance0;program0,True,False,False,FN,explicit FUNCTION_BLOCK declaration in mapped Structured Text source,production: GEB-scoped dt_FB_; probe: ungated core_symbol_text contains dt_FB_,DERIVED_EVIDENCE,
openplcV3_SIGMOID,SIGMOID,OpenPLCv3,fold_6,UNIQUE,1,AICPS-PLCBEAD_PLCEmbed-c78a56f/PLC-BEAD/Source/OpenPLCv3/SIGMOID.ST,0bc476fbeebced90febbfd8bc95b94124095f57ef717b19cd54283f703c64672,,SIGMOID,instance0;program0,False,False,False,TN,explicit FUNCTION_BLOCK declaration in mapped Structured Text source,production: GEB-scoped dt_FB_; probe: ungated core_symbol_text contains dt_FB_,DERIVED_EVIDENCE,
openplcV3_SIGNAL,SIGNAL,OpenPLCv3,fold_5,UNIQUE,1,AICPS-PLCBEAD_PLCEmbed-c78a56f/PLC-BEAD/Source/OpenPLCv3/SIGNAL.ST,f70189827410dc4caee68088a0832ac7a8e601cc6c9c15dd34f27e920dc527ad,SIGNAL_Block;T_PLC_MS_block,TIME_TO_UDINT2;UDINT_TO_TIME2;_BYTE_TO_INT,instance0;program0,True,False,False,FN,explicit FUNCTION_BLOCK declaration in mapped Structured Text source,production: GEB-scoped dt_FB_; probe: ungated core_symbol_text contains dt_FB_,DERIVED_EVIDENCE,
openplcV3_SIGNAL_4,SIGNAL_4,OpenPLCv3,fold_6,UNIQUE,1,AICPS-PLCBEAD_PLCEmbed-c78a56f/PLC-BEAD/Source/OpenPLCv3/SIGNAL_4.ST,745f293b3092cce3cca7ec1fe434a488d0bd1977ec8ee4c4a7fd41f032664c26,SIGNAL_4_Block;SIGNAL_Block;T_PLC_MS_block,TIME_TO_UDINT2;UDINT_TO_TIME2;_BYTE_TO_INT,instance0;program0,True,False,False,FN,explicit FUNCTION_BLOCK declaration in mapped Structured Text source,production: GEB-scoped dt_FB_; probe: ungated core_symbol_text contains dt_FB_,DERIVED_EVIDENCE,
openplcV3_SIGN_I,SIGN_I,OpenPLCv3,fold_7,UNIQUE,1,AICPS-PLCBEAD_PLCEmbed-c78a56f/PLC-BEAD/Source/OpenPLCv3/SIGN_I.ST,0a474f9cd9ad2f5acd7c945a2a077544a17ee624187385eb7cf763f8584f610e,,BIT_OF_DWORD;SIGN_I,instance0;program0,False,False,False,TN,explicit FUNCTION_BLOCK declaration in mapped Structured Text source,production: GEB-scoped dt_FB_; probe: ungated core_symbol_text contains dt_FB_,DERIVED_EVIDENCE,
openplcV3_SIGN_R,SIGN_R,OpenPLCv3,fold_8,UNIQUE,1,AICPS-PLCBEAD_PLCEmbed-c78a56f/PLC-BEAD/Source/OpenPLCv3/SIGN_R.ST,842fbafde0e5cc4b980553514e37e6e2e272257992ecd9b0e8a0be3f902ef87e,,SIGN_R,instance0;program0,False,False,False,TN,explicit FUNCTION_BLOCK declaration in mapped Structured Text source,production: GEB-scoped dt_FB_; probe: ungated core_symbol_text contains dt_FB_,DERIVED_EVIDENCE,
openplcV3_SINC,SINC,OpenPLCv3,fold_9,UNIQUE,1,AICPS-PLCBEAD_PLCEmbed-c78a56f/PLC-BEAD/Source/OpenPLCv3/SINC.ST,8ae9d015511395c2a1f5242388899fb208e9e6d91b984c63707c9956b433f5d8,,SINC,instance0;program0,False,False,False,TN,explicit FUNCTION_BLOCK declaration in mapped Structured Text source,production: GEB-scoped dt_FB_; probe: ungated core_symbol_text contains dt_FB_,DERIVED_EVIDENCE,
openplcV3_SINH,SINH,OpenPLCv3,fold_0,UNIQUE,1,AICPS-PLCBEAD_PLCEmbed-c78a56f/PLC-BEAD/Source/OpenPLCv3/SINH.ST,f18f28c296571bf766fe3291eabfc354ae81c0589a117c2b71b794c6d291ed7e,,SINH,instance0;program0,False,False,False,TN,explicit FUNCTION_BLOCK declaration in mapped Structured Text source,production: GEB-scoped dt_FB_; probe: ungated core_symbol_text contains dt_FB_,DERIVED_EVIDENCE,
openplcV3_SNTP_CLIENT,SNTP_CLIENT,OpenPLCv3,fold_7,UNIQUE,1,AICPS-PLCBEAD_PLCEmbed-c78a56f/PLC-BEAD/Source/OpenPLCv3/SNTP_CLIENT.ST,de44216a995b7a4b5b7e9e544edced1393ef67b72f6dda319b99afa3af3b0a8b,IP_FIFO_Block;SNTP_CLIENT_Block;T_PLC_MS_block,DWORD_OF_BYTE;WORD_OF_BYTE;_BYTE_TO_INT;_INT_TO_UDINT;_WORD_TO_DINT,instance0;program0,True,False,False,FN,explicit FUNCTION_BLOCK declaration in mapped Structured Text source,production: GEB-scoped dt_FB_; probe: ungated core_symbol_text contains dt_FB_,DERIVED_EVIDENCE,
openplcV3_SPEED,SPEED,OpenPLCv3,fold_8,UNIQUE,1,AICPS-PLCBEAD_PLCEmbed-c78a56f/PLC-BEAD/Source/OpenPLCv3/SPEED.ST,6a8ab7af1f9eede2071fc1677bca6e415c358a0feb5c85b600a4fec5244d52a3,SPEED_Block,,instance0;program0,True,False,False,FN,explicit FUNCTION_BLOCK declaration in mapped Structured Text source,production: GEB-scoped dt_FB_; probe: ungated core_symbol_text contains dt_FB_,DERIVED_EVIDENCE,
openplcV3_SPHERE_V,SPHERE_V,OpenPLCv3,fold_6,UNIQUE,1,AICPS-PLCBEAD_PLCEmbed-c78a56f/PLC-BEAD/Source/OpenPLCv3/SPHERE_V.ST,4b81a6f77d538e474d51422d196217f40cabe0d252a562bb45cdf53b3093acc3,,SPHERE_V,instance0;program0,False,False,False,TN,explicit FUNCTION_BLOCK declaration in mapped Structured Text source,production: GEB-scoped dt_FB_; probe: ungated core_symbol_text contains dt_FB_,DERIVED_EVIDENCE,
openplcV3_SQRTN,SQRTN,OpenPLCv3,fold_1,UNIQUE,1,AICPS-PLCBEAD_PLCEmbed-c78a56f/PLC-BEAD/Source/OpenPLCv3/SQRTN.ST,1401d0197cee0ad96617813c374ecf88b0c841e614e34f4180e3b563e69a1489,,SQRTN,instance0;program0,False,False,False,TN,explicit FUNCTION_BLOCK declaration in mapped Structured Text source,production: GEB-scoped dt_FB_; probe: ungated core_symbol_text contains dt_FB_,DERIVED_EVIDENCE,
openplcV3_SRAMP,SRAMP,OpenPLCv3,fold_7,UNIQUE,1,AICPS-PLCBEAD_PLCEmbed-c78a56f/PLC-BEAD/Source/OpenPLCv3/SRAMP.ST,ef6ab24101fe0d31faef4e57c1562622b7f049811db25bb9d194fd72f237c626,SRAMP_Block;TC_S_Block;T_PLC_US_Block,,instance0;program0,True,False,False,FN,explicit FUNCTION_BLOCK declaration in mapped Structured Text source,production: GEB-scoped dt_FB_; probe: ungated core_symbol_text contains dt_FB_,DERIVED_EVIDENCE,
openplcV3_STACK_16,STACK_16,OpenPLCv3,fold_4,UNIQUE,1,AICPS-PLCBEAD_PLCEmbed-c78a56f/PLC-BEAD/Source/OpenPLCv3/STACK_16.ST,cb2fc4a281ed54ba53a80820cb5f251ed8f4a1b445b2d6cef39b70e7aea38b34,STACK_16_Block,,instance0;program0,True,False,False,FN,explicit FUNCTION_BLOCK declaration in mapped Structured Text source,production: GEB-scoped dt_FB_; probe: ungated core_symbol_text contains dt_FB_,DERIVED_EVIDENCE,
openplcV3_STACK_32,STACK_32,OpenPLCv3,fold_5,UNIQUE,1,AICPS-PLCBEAD_PLCEmbed-c78a56f/PLC-BEAD/Source/OpenPLCv3/STACK_32.ST,4086f560363b3fd1207c34c5000e0d391e40801e2abed0efe899ad4b17fcfe75,STACK_32_Block,,instance0;program0,True,False,False,FN,explicit FUNCTION_BLOCK declaration in mapped Structured Text source,production: GEB-scoped dt_FB_; probe: ungated core_symbol_text contains dt_FB_,DERIVED_EVIDENCE,
openplcV3_STAIR,STAIR,OpenPLCv3,fold_7,UNIQUE,1,AICPS-PLCBEAD_PLCEmbed-c78a56f/PLC-BEAD/Source/OpenPLCv3/STAIR.ST,4c5b0637eb88ebb8bc75600dd928a340409246bba17f587f037829673b8fce43,,STAIR;_REAL_TO_DINT,instance0;program0,False,False,False,TN,explicit FUNCTION_BLOCK declaration in mapped Structured Text source,production: GEB-scoped dt_FB_; probe: ungated core_symbol_text contains dt_FB_,DERIVED_EVIDENCE,
openplcV3_STAIR2,STAIR2,OpenPLCv3,fold_8,UNIQUE,1,AICPS-PLCBEAD_PLCEmbed-c78a56f/PLC-BEAD/Source/OpenPLCv3/STAIR2.ST,49f4df8a960013f79fbead2427b012efa8aea7250c351e19b58897994eaddfae,STAIR2_Block,FLOOR,instance0;program0,True,False,False,FN,explicit FUNCTION_BLOCK declaration in mapped Structured Text source,production: GEB-scoped dt_FB_; probe: ungated core_symbol_text contains dt_FB_,DERIVED_EVIDENCE,
openplcV3_STATUS_TO_ESR,STATUS_TO_ESR,OpenPLCv3,fold_7,UNIQUE,1,AICPS-PLCBEAD_PLCEmbed-c78a56f/PLC-BEAD/Source/OpenPLCv3/STATUS_TO_ESR.ST,766a4ff07937e9b91d8a72024445ceed58fb7a6e7f8c76da8e0026dd4d94dde2,STATUS_TO_ESR_Block,,instance0;program0,True,False,False,FN,explicit FUNCTION_BLOCK declaration in mapped Structured Text source,production: GEB-scoped dt_FB_; probe: ungated core_symbol_text contains dt_FB_,DERIVED_EVIDENCE,
openplcV3_STORE_8,STORE_8,OpenPLCv3,fold_4,UNIQUE,1,AICPS-PLCBEAD_PLCEmbed-c78a56f/PLC-BEAD/Source/OpenPLCv3/STORE_8.ST,1820f19eb4de8662f29f99d6818ddfa67300776e3f0d8f182ba46b6dbf35cfa9,STORE_8_Block,,instance0;program0,True,False,False,FN,explicit FUNCTION_BLOCK declaration in mapped Structured Text source,production: GEB-scoped dt_FB_; probe: ungated core_symbol_text contains dt_FB_,DERIVED_EVIDENCE,
openplcV3_STRING_TO_TOD,STRING_TO_TOD,OpenPLCv3,fold_3,UNIQUE,1,AICPS-PLCBEAD_PLCEmbed-c78a56f/PLC-BEAD/Source/OpenPLCv3/STRING_TO_TOD.ST,b80c3f33b54ccee7e10959ccd3231b7ebd69248407063d798b894f70d49a9442,STRING_TO_TOD_Block,,instance0;program0,True,False,False,FN,explicit FUNCTION_BLOCK declaration in mapped Structured Text source,production: GEB-scoped dt_FB_; probe: ungated core_symbol_text contains dt_FB_,DERIVED_EVIDENCE,
openplcV3_STRING_TO_URL,STRING_TO_URL,OpenPLCv3,fold_8,UNIQUE,1,AICPS-PLCBEAD_PLCEmbed-c78a56f/PLC-BEAD/Source/OpenPLCv3/STRING_TO_URL.ST,109ebb6b966fac914f734da7f9e210ef32ddf75b4194a0b099312f1aa70a8673,STRING_TO_URL_Block,,instance0;program0,True,False,False,FN,explicit FUNCTION_BLOCK declaration in mapped Structured Text source,production: GEB-scoped dt_FB_; probe: ungated core_symbol_text contains dt_FB_,DERIVED_EVIDENCE,
openplcV3_SUN_MIDDAY,SUN_MIDDAY,OpenPLCv3,fold_0,UNIQUE,1,AICPS-PLCBEAD_PLCEmbed-c78a56f/PLC-BEAD/Source/OpenPLCv3/SUN_MIDDAY.ST,bd2f72716657fc21b58e2c72f370cc12cef221593c0a17bba67670b875bc003c,,DAY_OF_YEAR;HOUR_TO_TOD;SUN_MIDDAY;_REAL_TO_UDINT,instance0;program0,False,False,False,TN,explicit FUNCTION_BLOCK declaration in mapped Structured Text source,production: GEB-scoped dt_FB_; probe: ungated core_symbol_text contains dt_FB_,DERIVED_EVIDENCE,
openplcV3_SUN_POS,SUN_POS,OpenPLCv3,fold_1,UNIQUE,1,AICPS-PLCBEAD_PLCEmbed-c78a56f/PLC-BEAD/Source/OpenPLCv3/SUN_POS.ST,0effd02e6e81db82554160ae252ac97cb03a0de9233486f8c3ec6d8ee535bba7,SUN_POS,DEG;DT_TO_TOD2;FLOOR2;MODR;RAD;REFRACTION;TOD_TO_REAL2,instance0;program0,True,False,False,FN,explicit FUNCTION_BLOCK declaration in mapped Structured Text source,production: GEB-scoped dt_FB_; probe: ungated core_symbol_text contains dt_FB_,DERIVED_EVIDENCE,
openplcV3_SUN_TIME,SUN_TIME,OpenPLCv3,fold_2,UNIQUE,1,AICPS-PLCBEAD_PLCEmbed-c78a56f/PLC-BEAD/Source/OpenPLCv3/SUN_TIME.ST,0a8ee883f3bddbf58517210c9c7722a1ce72eb88a76a7328b56e2e46beafdcc7,SUN_TIME_Block,DAY_OF_YEAR;DEG;FLOOR2;HOUR_TO_TIME;HOUR_TO_TOD;MODR;RAD;SUN_MIDDAY;TIME_TO_UDINT2;_REAL_TO_UDINT,instance0;program0,True,False,False,FN,explicit FUNCTION_BLOCK declaration in mapped Structured Text source,production: GEB-scoped dt_FB_; probe: ungated core_symbol_text contains dt_FB_,DERIVED_EVIDENCE,
openplcV3_SWAP_BYTE,SWAP_BYTE,OpenPLCv3,fold_4,UNIQUE,1,AICPS-PLCBEAD_PLCEmbed-c78a56f/PLC-BEAD/Source/OpenPLCv3/SWAP_BYTE.ST,2332975d66bb55325cd77c8a971b2377d2a57fdc352c14bbf1c9aeb4d1cc5a97,,SWAP_BYTE,instance0;program0,False,False,False,TN,explicit FUNCTION_BLOCK declaration in mapped Structured Text source,production: GEB-scoped dt_FB_; probe: ungated core_symbol_text contains dt_FB_,DERIVED_EVIDENCE,
openplcV3_SWAP_BYTE2,SWAP_BYTE2,OpenPLCv3,fold_5,UNIQUE,1,AICPS-PLCBEAD_PLCEmbed-c78a56f/PLC-BEAD/Source/OpenPLCv3/SWAP_BYTE2.ST,c9b5d594d64d87f1d7aa0beb4180fa2238e468b4773bc3a9d396762414474dd4,,SWAP_BYTE2,instance0;program0,False,False,False,TN,explicit FUNCTION_BLOCK declaration in mapped Structured Text source,production: GEB-scoped dt_FB_; probe: ungated core_symbol_text contains dt_FB_,DERIVED_EVIDENCE,
openplcV3_SWITCH_I,SWITCH_I,OpenPLCv3,fold_9,UNIQUE,1,AICPS-PLCBEAD_PLCEmbed-c78a56f/PLC-BEAD/Source/OpenPLCv3/SWITCH_I.ST,3a49ceb6a0d670032355116409a4097d234ef2c027ac29f28c14c557eef3fcf9,SWITCH_I_Block;T_PLC_MS_block,UDINT_TO_TIME2,instance0;program0,True,False,False,FN,explicit FUNCTION_BLOCK declaration in mapped Structured Text source,production: GEB-scoped dt_FB_; probe: ungated core_symbol_text contains dt_FB_,DERIVED_EVIDENCE,
openplcV3_SWITCH_X,SWITCH_X,OpenPLCv3,fold_0,UNIQUE,1,AICPS-PLCBEAD_PLCEmbed-c78a56f/PLC-BEAD/Source/OpenPLCv3/SWITCH_X.ST,12265f9ebd2b0db3f89ac71526b0ad184fe7ac519f21afa9c1b7df71b701a2c4,SWITCH_X_Block,,instance0;program0,True,False,False,FN,explicit FUNCTION_BLOCK declaration in mapped Structured Text source,production: GEB-scoped dt_FB_; probe: ungated core_symbol_text contains dt_FB_,DERIVED_EVIDENCE,
openplcV3_SW_RECONFIG,SW_RECONFIG,OpenPLCv3,fold_8,UNIQUE,1,AICPS-PLCBEAD_PLCEmbed-c78a56f/PLC-BEAD/Source/OpenPLCv3/SW_RECONFIG.ST,0fd6695ab5dd70f440c3ed3a2722554eaf45d6adc9ef1543519d30c7adae096c,SW_RECONFIG_Block,,instance0;program0,True,False,False,FN,explicit FUNCTION_BLOCK declaration in mapped Structured Text source,production: GEB-scoped dt_FB_; probe: ungated core_symbol_text contains dt_FB_,DERIVED_EVIDENCE,
openplcV3_TANC,TANC,OpenPLCv3,fold_2,UNIQUE,1,AICPS-PLCBEAD_PLCEmbed-c78a56f/PLC-BEAD/Source/OpenPLCv3/TANC.ST,ffb8bb8f1f729150476eaee6446419c1e5e86ca25d15ee8fbdffe0bf42ea3311,,TANC,instance0;program0,False,False,False,TN,explicit FUNCTION_BLOCK declaration in mapped Structured Text source,production: GEB-scoped dt_FB_; probe: ungated core_symbol_text contains dt_FB_,DERIVED_EVIDENCE,
openplcV3_TANH,TANH,OpenPLCv3,fold_3,UNIQUE,1,AICPS-PLCBEAD_PLCEmbed-c78a56f/PLC-BEAD/Source/OpenPLCv3/TANH.ST,d033ae9b00040b4ec4d2cdacab6e836b952943b282f3a9aa91c4ef5e005efc1e,,TANH,instance0;program0,False,False,False,TN,explicit FUNCTION_BLOCK declaration in mapped Structured Text source,production: GEB-scoped dt_FB_; probe: ungated core_symbol_text contains dt_FB_,DERIVED_EVIDENCE,
openplcV3_TANK_LEVEL,TANK_LEVEL,OpenPLCv3,fold_1,UNIQUE,1,AICPS-PLCBEAD_PLCEmbed-c78a56f/PLC-BEAD/Source/OpenPLCv3/TANK_LEVEL.ST,e7302a16bc2137576c502de5b855ee9e5584e59ca221fc3cc50230c7930ad54f,ACTUATOR_COIL_Block;TANK_LEVEL_Block;TONOF;T_PLC_MS_block,TIME_TO_UDINT2;UDINT_TO_TIME2,instance0;program0,True,False,False,FN,explicit FUNCTION_BLOCK declaration in mapped Structured Text source,production: GEB-scoped dt_FB_; probe: ungated core_symbol_text contains dt_FB_,DERIVED_EVIDENCE,
openplcV3_TANK_VOL1,TANK_VOL1,OpenPLCv3,fold_2,UNIQUE,1,AICPS-PLCBEAD_PLCEmbed-c78a56f/PLC-BEAD/Source/OpenPLCv3/TANK_VOL1.ST,9333ce7314fba2868763c4ca8429049ac0bdeb8d58d68382b5de13926f5ed737,,CIRCLE_SEG;TANK_VOL1,instance0;program0,False,False,False,TN,explicit FUNCTION_BLOCK declaration in mapped Structured Text source,production: GEB-scoped dt_FB_; probe: ungated core_symbol_text contains dt_FB_,DERIVED_EVIDENCE,
openplcV3_TANK_VOL2,TANK_VOL2,OpenPLCv3,fold_3,UNIQUE,1,AICPS-PLCBEAD_PLCEmbed-c78a56f/PLC-BEAD/Source/OpenPLCv3/TANK_VOL2.ST,10d4b50d66a86dd05b0e51e42f67b9e1cfbaccb28add4e6fbc78e45cb738fc5a,,TANK_VOL2,instance0;program0,False,False,False,TN,explicit FUNCTION_BLOCK declaration in mapped Structured Text source,production: GEB-scoped dt_FB_; probe: ungated core_symbol_text contains dt_FB_,DERIVED_EVIDENCE,
openplcV3_TC_MS,TC_MS,OpenPLCv3,fold_6,UNIQUE,1,AICPS-PLCBEAD_PLCEmbed-c78a56f/PLC-BEAD/Source/OpenPLCv3/TC_MS.ST,ad349351e1ee0a8a2dafe781834ba629322ebb412d91aef0617e4080dca1b812,TC_MS_Block;T_PLC_MS_block,,instance0;program0,True,False,False,FN,explicit FUNCTION_BLOCK declaration in mapped Structured Text source,production: GEB-scoped dt_FB_; probe: ungated core_symbol_text contains dt_FB_,DERIVED_EVIDENCE,
openplcV3_TC_S,TC_S,OpenPLCv3,fold_7,UNIQUE,1,AICPS-PLCBEAD_PLCEmbed-c78a56f/PLC-BEAD/Source/OpenPLCv3/TC_S.ST,2f54ea77b5a09b2f153baef950d5f4a87a6319dd8b79342647f3c03f58f12df7,TC_S_Block;T_PLC_US_Block,,instance0;program0,True,False,False,FN,explicit FUNCTION_BLOCK declaration in mapped Structured Text source,production: GEB-scoped dt_FB_; probe: ungated core_symbol_text contains dt_FB_,DERIVED_EVIDENCE,
openplcV3_TC_US,TC_US,OpenPLCv3,fold_8,UNIQUE,1,AICPS-PLCBEAD_PLCEmbed-c78a56f/PLC-BEAD/Source/OpenPLCv3/TC_US.ST,4ba5fddffe15141d3b484e6061b53e3a920e05a95cf8839e11f0a6c156a97c8a,TC_US_Block;T_PLC_US_Block,,instance0;program0,True,False,False,FN,explicit FUNCTION_BLOCK declaration in mapped Structured Text source,production: GEB-scoped dt_FB_; probe: ungated core_symbol_text contains dt_FB_,DERIVED_EVIDENCE,
openplcV3_TEMPERATURE,TEMPERATURE,OpenPLCv3,fold_9,UNIQUE,1,AICPS-PLCBEAD_PLCEmbed-c78a56f/PLC-BEAD/Source/OpenPLCv3/TEMPERATURE.ST,b98bed93d1bfb9605ccdf0d5b3e5f6980bf800b8e80acf869a263b14b0e6cf16,TEMPERATURE,,instance0;program0,True,False,False,FN,explicit FUNCTION_BLOCK declaration in mapped Structured Text source,production: GEB-scoped dt_FB_; probe: ungated core_symbol_text contains dt_FB_,DERIVED_EVIDENCE,
openplcV3_TEMP_EXT,TEMP_EXT,OpenPLCv3,fold_4,UNIQUE,1,AICPS-PLCBEAD_PLCEmbed-c78a56f/PLC-BEAD/Source/OpenPLCv3/TEMP_EXT.ST,2273138624dccbea6849b0dbd5c1b1633ba7950d2e43e985284357150602c03a,TEMP_EXT_Block;T_PLC_MS_block,DAY_OF_MONTH;DAY_OF_YEAR;DAY_OF_YEAR_UDINT;DT_TO_TOD2;LEAP_OF_DATE;MID3;MONTH_OF_DATE_UDINT;MULTI_IN;SET_DATE;UDINT_TO_TIME2;_BYTE_TO_INT;_DT_TO_DATE_B;_INT_TO_UDINT,instance0;program0,True,False,False,FN,explicit FUNCTION_BLOCK declaration in mapped Structured Text source,production: GEB-scoped dt_FB_; probe: ungated core_symbol_text contains dt_FB_,DERIVED_EVIDENCE,
openplcV3_TEMP_NI,TEMP_NI,OpenPLCv3,fold_6,UNIQUE,1,AICPS-PLCBEAD_PLCEmbed-c78a56f/PLC-BEAD/Source/OpenPLCv3/TEMP_NI.ST,2b92819bfee806dcfff6644c7a58f8467c6a3c66e7e19f8714fa96538295885e,,TEMP_NI,instance0;program0,False,False,False,TN,explicit FUNCTION_BLOCK declaration in mapped Structured Text source,production: GEB-scoped dt_FB_; probe: ungated core_symbol_text contains dt_FB_,DERIVED_EVIDENCE,
openplcV3_TEMP_NTC,TEMP_NTC,OpenPLCv3,fold_7,UNIQUE,1,AICPS-PLCBEAD_PLCEmbed-c78a56f/PLC-BEAD/Source/OpenPLCv3/TEMP_NTC.ST,d7f73e5005059e0c5639206253a1bfb0302007ee29ecbc7b6f70e80381f980dc,,TEMP_NTC,instance0;program0,False,False,False,TN,explicit FUNCTION_BLOCK declaration in mapped Structured Text source,production: GEB-scoped dt_FB_; probe: ungated core_symbol_text contains dt_FB_,DERIVED_EVIDENCE,
openplcV3_TEMP_PT,TEMP_PT,OpenPLCv3,fold_8,UNIQUE,1,AICPS-PLCBEAD_PLCEmbed-c78a56f/PLC-BEAD/Source/OpenPLCv3/TEMP_PT.ST,0fadc5e563d4b545e157fe691964ea5fa7315d7dd8a2a65baaf4993113980628,,RES_PT;TEMP_PT,instance0;program0,False,False,False,TN,explicit FUNCTION_BLOCK declaration in mapped Structured Text source,production: GEB-scoped dt_FB_; probe: ungated core_symbol_text contains dt_FB_,DERIVED_EVIDENCE,
openplcV3_TEMP_SI,TEMP_SI,OpenPLCv3,fold_9,UNIQUE,1,AICPS-PLCBEAD_PLCEmbed-c78a56f/PLC-BEAD/Source/OpenPLCv3/TEMP_SI.ST,969e5023f4c2cc160bccfb8c119955b04c2bcf546e74d1c164fe2209032bc43e,,TEMP_SI,instance0;program0,False,False,False,TN,explicit FUNCTION_BLOCK declaration in mapped Structured Text source,production: GEB-scoped dt_FB_; probe: ungated core_symbol_text contains dt_FB_,DERIVED_EVIDENCE,
openplcV3_TICKER,TICKER,OpenPLCv3,fold_4,UNIQUE,1,AICPS-PLCBEAD_PLCEmbed-c78a56f/PLC-BEAD/Source/OpenPLCv3/TICKER.ST,e72a60713f7be7e8134f1aaf039a83b421119553447e6a11f64d76fe1618e37a,DELAY;TICKER,INC1,instance0;program0,True,False,False,FN,explicit FUNCTION_BLOCK declaration in mapped Structured Text source,production: GEB-scoped dt_FB_; probe: ungated core_symbol_text contains dt_FB_,DERIVED_EVIDENCE,
openplcV3_TIMECHECK,TIMECHECK,OpenPLCv3,fold_8,UNIQUE,1,AICPS-PLCBEAD_PLCEmbed-c78a56f/PLC-BEAD/Source/OpenPLCv3/TIMECHECK.ST,0f3b0a012f5b5e7d0bec992f48f89afa626b5efa2c3ebed518e4696b576f499f,,TIMECHECK,instance0;program0,False,False,False,TN,explicit FUNCTION_BLOCK declaration in mapped Structured Text source,production: GEB-scoped dt_FB_; probe: ungated core_symbol_text contains dt_FB_,DERIVED_EVIDENCE,
openplcV3_TIMER_1,TIMER_1,OpenPLCv3,fold_1,UNIQUE,1,AICPS-PLCBEAD_PLCEmbed-c78a56f/PLC-BEAD/Source/OpenPLCv3/TIMER_1.ST,261685f8e59e5103e79d9de2904488141c17d9db8f3bf58b14899b28aecc16eb,TIMER_1_Block,DAY_OF_WEEK;DT_TO_TOD2;TIMECHECK;TIME_TO_TOD;TIME_TO_TOD2;TOD_TO_TIME;_DT_TO_DATE_B,instance0;program0,True,False,False,FN,explicit FUNCTION_BLOCK declaration in mapped Structured Text source,production: GEB-scoped dt_FB_; probe: ungated core_symbol_text contains dt_FB_,DERIVED_EVIDENCE,
openplcV3_TIMER_2,TIMER_2,OpenPLCv3,fold_2,UNIQUE,1,AICPS-PLCBEAD_PLCEmbed-c78a56f/PLC-BEAD/Source/OpenPLCv3/TIMER_2.ST,ddee381f8c16ab7f0c350befb93aa074705ebcaa4b0dd248913fa05e2ee3d8f3,TIMER_2_Block;T_PLC_MS_block,DAY_OF_MONTH;DAY_OF_WEEK;DAY_OF_YEAR;DAY_OF_YEAR_UDINT;DT_TO_TOD2;LEAP_OF_DATE;MONTH_OF_DATE;MONTH_OF_DATE_UDINT;TIME_TO_UDINT2;UDINT_TO_TIME2;_BYTE_TO_INT;_DT_TO_DATE_B,instance0;program0,True,False,False,FN,explicit FUNCTION_BLOCK declaration in mapped Structured Text source,production: GEB-scoped dt_FB_; probe: ungated core_symbol_text contains dt_FB_,DERIVED_EVIDENCE,
openplcV3_TIMER_EXT,TIMER_EXT,OpenPLCv3,fold_3,UNIQUE,1,AICPS-PLCBEAD_PLCEmbed-c78a56f/PLC-BEAD/Source/OpenPLCv3/TIMER_EXT.ST,b756e3c509d115ecdfe37c7243d212f80d75c48c51f5dbc501136628d4a625e5,DEBOUNCE_Block;MANUAL_2_Block;TIMER_EXT_Block;T_PLC_MS_block,DAY_OF_WEEK;DT_TO_TOD2;TIME_TO_UDINT2;_DT_TO_DATE_B,instance0;program0,True,False,False,FN,explicit FUNCTION_BLOCK declaration in mapped Structured Text source,production: GEB-scoped dt_FB_; probe: ungated core_symbol_text contains dt_FB_,DERIVED_EVIDENCE,
openplcV3_TIMER_P4,TIMER_P4,OpenPLCv3,fold_4,UNIQUE,1,AICPS-PLCBEAD_PLCEmbed-c78a56f/PLC-BEAD/Source/OpenPLCv3/TIMER_P4.ST,c7456e0a529036eb12ad42fddfaafa4631511f6500a8ae378db0122dcbd0169c,TIMER_P4_Block,BIT_LOAD_B;BIT_OF_DWORD;DATE_TO_DT;DATE_TO_UDINT2;DAY_OF_MONTH;DAY_OF_WEEK;DAY_OF_YEAR;DAY_OF_YEAR_UDINT;DT_TO_DATE;LEAP_DAY;LEAP_OF_DATE;MONTH_END;MONTH_OF_DATE;MONTH_OF_DATE_UDINT;SET_DATE;SET_DT;TIME_TO_UDINT2;YEAR_END;YEAR_OF_DATE;_BYTE_TO_DINT;_BYTE_TO_INT;_DT_TO_DATE_B;_INT_TO_UDINT,instance0;program0,True,False,False,FN,explicit FUNCTION_BLOCK declaration in mapped Structured Text source,production: GEB-scoped dt_FB_; probe: ungated core_symbol_text contains dt_FB_,DERIVED_EVIDENCE,
openplcV3_TIME_TO_DWORD,TIME_TO_DWORD,OpenPLCv3,fold_3,UNIQUE,1,AICPS-PLCBEAD_PLCEmbed-c78a56f/PLC-BEAD/Source/OpenPLCv3/TIME_TO_DWORD.ST,db9ccfb10573b1420b4577e1a28ed36131791ce9433cdb110075653f3ad84fa0,,TIME_TO_DWORD1,instance0;program0,False,False,False,TN,explicit FUNCTION_BLOCK declaration in mapped Structured Text source,production: GEB-scoped dt_FB_; probe: ungated core_symbol_text contains dt_FB_,DERIVED_EVIDENCE,
openplcV3_TIME_TO_INT,TIME_TO_INT,OpenPLCv3,fold_4,UNIQUE,1,AICPS-PLCBEAD_PLCEmbed-c78a56f/PLC-BEAD/Source/OpenPLCv3/TIME_TO_INT.ST,cfa840eb644c67a8748a42e11b568c63346e4edef742f1ff69b414345df7e852,,TIME_TO_INT1,instance0;program0,False,False,False,TN,explicit FUNCTION_BLOCK declaration in mapped Structured Text source,production: GEB-scoped dt_FB_; probe: ungated core_symbol_text contains dt_FB_,DERIVED_EVIDENCE,
openplcV3_TIME_TO_REAL,TIME_TO_REAL,OpenPLCv3,fold_5,UNIQUE,1,AICPS-PLCBEAD_PLCEmbed-c78a56f/PLC-BEAD/Source/OpenPLCv3/TIME_TO_REAL.ST,3f176a0dd0b22cc8a96e5e4a6cea9299828f139377dbfb88e3bbc663ca79baa3,,TIME_TO_REAL1,instance0;program0,False,False,False,TN,explicit FUNCTION_BLOCK declaration in mapped Structured Text source,production: GEB-scoped dt_FB_; probe: ungated core_symbol_text contains dt_FB_,DERIVED_EVIDENCE,
openplcV3_TIME_TO_TOD,TIME_TO_TOD,OpenPLCv3,fold_6,UNIQUE,1,AICPS-PLCBEAD_PLCEmbed-c78a56f/PLC-BEAD/Source/OpenPLCv3/TIME_TO_TOD.ST,a4d697bfc1f732a1a1cf8f2f2d33a74548da4f7260cffc8e8bb0964bf1485759,,TIME_TO_TOD,instance0;program0,False,False,False,TN,explicit FUNCTION_BLOCK declaration in mapped Structured Text source,production: GEB-scoped dt_FB_; probe: ungated core_symbol_text contains dt_FB_,DERIVED_EVIDENCE,
openplcV3_TIME_TO_UDINT,TIME_TO_UDINT,OpenPLCv3,fold_7,UNIQUE,1,AICPS-PLCBEAD_PLCEmbed-c78a56f/PLC-BEAD/Source/OpenPLCv3/TIME_TO_UDINT.ST,5de66631489ee0a56d58d96357e874219e76b98ae5003cd8c4dd023813ecd6dd,,TIME_TO_UDINT2,instance0;program0,False,False,False,TN,explicit FUNCTION_BLOCK declaration in mapped Structured Text source,production: GEB-scoped dt_FB_; probe: ungated core_symbol_text contains dt_FB_,DERIVED_EVIDENCE,
openplcV3_TMAX,TMAX,OpenPLCv3,fold_7,UNIQUE,1,AICPS-PLCBEAD_PLCEmbed-c78a56f/PLC-BEAD/Source/OpenPLCv3/TMAX.ST,cf8a25d1f7d39e1d7432467a16c358d2adf377704350263ed35495c5bfeb2473,TMAX;T_PLC_MS_block,UDINT_TO_TIME2,instance0;program0,True,False,False,FN,explicit FUNCTION_BLOCK declaration in mapped Structured Text source,production: GEB-scoped dt_FB_; probe: ungated core_symbol_text contains dt_FB_,DERIVED_EVIDENCE,
openplcV3_TMIN,TMIN,OpenPLCv3,fold_8,UNIQUE,1,AICPS-PLCBEAD_PLCEmbed-c78a56f/PLC-BEAD/Source/OpenPLCv3/TMIN.ST,9337073c90c29afe85290a1650e9ef48b8a07a92f6c41f84a2940ebc8ae3d033,TMIN,,instance0;program0,True,False,False,FN,explicit FUNCTION_BLOCK declaration in mapped Structured Text source,production: GEB-scoped dt_FB_; probe: ungated core_symbol_text contains dt_FB_,DERIVED_EVIDENCE,
openplcV3_TN_RECEIVE,TN_RECEIVE,OpenPLCv3,fold_5,UNIQUE,1,AICPS-PLCBEAD_PLCEmbed-c78a56f/PLC-BEAD/Source/OpenPLCv3/TN_RECEIVE.ST,2734fa94e2e193d034e12aec735afc385b7e4c6faf6fe2729fe757b638ae471f,TN_RECEIVE_Block,ISC_NUM,instance0;program0,True,False,False,FN,explicit FUNCTION_BLOCK declaration in mapped Structured Text source,production: GEB-scoped dt_FB_; probe: ungated core_symbol_text contains dt_FB_,DERIVED_EVIDENCE,
openplcV3_TN_SC_ADD_SHADOW,TN_SC_ADD_SHADOW,OpenPLCv3,fold_6,UNIQUE,1,AICPS-PLCBEAD_PLCEmbed-c78a56f/PLC-BEAD/Source/OpenPLCv3/TN_SC_ADD_SHADOW.ST,0cfbbc2c1ad7fbbcf5a37e0e3e30608537f9e70b40ded63c866c342bb6d6eb33,TN_SC_ADD_SHADOW_Block,TN_SC_SHADOW_ATTR;TN_SC_XY2_ERROR,instance0;program0,True,False,False,FN,explicit FUNCTION_BLOCK declaration in mapped Structured Text source,production: GEB-scoped dt_FB_; probe: ungated core_symbol_text contains dt_FB_,DERIVED_EVIDENCE,
openplcV3_TN_SC_AREA_RESTORE,TN_SC_AREA_RESTORE,OpenPLCv3,fold_7,UNIQUE,1,AICPS-PLCBEAD_PLCEmbed-c78a56f/PLC-BEAD/Source/OpenPLCv3/TN_SC_AREA_RESTORE.ST,d43fc9395a59f2ce97d6369e0413d69258baa2b813e0346a53c60466a8d6ae96,TN_SC_AREA_RESTORE_Block,TN_SC_XY2_ERROR;_BYTE_TO_INT,instance0;program0,True,False,False,FN,explicit FUNCTION_BLOCK declaration in mapped Structured Text source,production: GEB-scoped dt_FB_; probe: ungated core_symbol_text contains dt_FB_,DERIVED_EVIDENCE,
openplcV3_TN_SC_AREA_SAVE,TN_SC_AREA_SAVE,OpenPLCv3,fold_8,UNIQUE,1,AICPS-PLCBEAD_PLCEmbed-c78a56f/PLC-BEAD/Source/OpenPLCv3/TN_SC_AREA_SAVE.ST,e1c75e70ad0cbb3ca12bab3877ae94468998abb3cb77bc012537f367d626c033,TN_SC_AREA_SAVE_Block,TN_SC_XY2_ERROR,instance0;program0,True,False,False,FN,explicit FUNCTION_BLOCK declaration in mapped Structured Text source,production: GEB-scoped dt_FB_; probe: ungated core_symbol_text contains dt_FB_,DERIVED_EVIDENCE,
openplcV3_TN_SC_BOX,TN_SC_BOX,OpenPLCv3,fold_9,UNIQUE,1,AICPS-PLCBEAD_PLCEmbed-c78a56f/PLC-BEAD/Source/OpenPLCv3/TN_SC_BOX.ST,7dabf55609a757d2d963f16650ceb98a3fccb0cc0e857802756779b43f3a22e0,TN_SC_BOX_Block;TN_SC_FILL_Block,TN_SC_XY2_ERROR,instance0;program0,True,False,False,FN,explicit FUNCTION_BLOCK declaration in mapped Structured Text source,production: GEB-scoped dt_FB_; probe: ungated core_symbol_text contains dt_FB_,DERIVED_EVIDENCE,
openplcV3_TN_SC_FILL,TN_SC_FILL,OpenPLCv3,fold_0,UNIQUE,1,AICPS-PLCBEAD_PLCEmbed-c78a56f/PLC-BEAD/Source/OpenPLCv3/TN_SC_FILL.ST,cf5e62d8df0bcd6853b4c8a4c14d73a47a9910fa4c8144a2423a534802b76c50,TN_SC_FILL_Block,TN_SC_XY2_ERROR,instance0;program0,True,False,False,FN,explicit FUNCTION_BLOCK declaration in mapped Structured Text source,production: GEB-scoped dt_FB_; probe: ungated core_symbol_text contains dt_FB_,DERIVED_EVIDENCE,
openplcV3_TN_SC_LINE,TN_SC_LINE,OpenPLCv3,fold_1,UNIQUE,1,AICPS-PLCBEAD_PLCEmbed-c78a56f/PLC-BEAD/Source/OpenPLCv3/TN_SC_LINE.ST,73ae6b1ac8f605799850bda01fda869a633548f9e0841320b51dd0af79973af1,TN_SC_LINE_Block,TN_SC_XY2_ERROR,instance0;program0,True,False,False,FN,explicit FUNCTION_BLOCK declaration in mapped Structured Text source,production: GEB-scoped dt_FB_; probe: ungated core_symbol_text contains dt_FB_,DERIVED_EVIDENCE,
openplcV3_TN_SC_READ_ATTR,TN_SC_READ_ATTR,OpenPLCv3,fold_2,UNIQUE,1,AICPS-PLCBEAD_PLCEmbed-c78a56f/PLC-BEAD/Source/OpenPLCv3/TN_SC_READ_ATTR.ST,b3eafc7ad99860095e5e0e013befd9c52606ccd8cd62234d0a304e9907161121,TN_SC_READ_ATTR_Block,TN_SC_XY_ERROR,instance0;program0,True,False,False,FN,explicit FUNCTION_BLOCK declaration in mapped Structured Text source,production: GEB-scoped dt_FB_; probe: ungated core_symbol_text contains dt_FB_,DERIVED_EVIDENCE,
openplcV3_TN_SC_READ_CHAR,TN_SC_READ_CHAR,OpenPLCv3,fold_3,UNIQUE,1,AICPS-PLCBEAD_PLCEmbed-c78a56f/PLC-BEAD/Source/OpenPLCv3/TN_SC_READ_CHAR.ST,30ba1e7dbb43058ef6d6ae1e108db3d3f4c1873361087b0879b7e1ff031b46fd,TN_SC_READ_CHAR_Block,TN_SC_XY_ERROR,instance0;program0,True,False,False,FN,explicit FUNCTION_BLOCK declaration in mapped Structured Text source,production: GEB-scoped dt_FB_; probe: ungated core_symbol_text contains dt_FB_,DERIVED_EVIDENCE,
openplcV3_TN_SC_SHADOW_ATTR,TN_SC_SHADOW_ATTR,OpenPLCv3,fold_4,UNIQUE,1,AICPS-PLCBEAD_PLCEmbed-c78a56f/PLC-BEAD/Source/OpenPLCv3/TN_SC_SHADOW_ATTR.ST,1092cfd230e5f3fea3515b7d1f9014c6f65a5ddc580777ba6f98dfe79d458069,,TN_SC_SHADOW_ATTR,instance0;program0,False,False,False,TN,explicit FUNCTION_BLOCK declaration in mapped Structured Text source,production: GEB-scoped dt_FB_; probe: ungated core_symbol_text contains dt_FB_,DERIVED_EVIDENCE,
openplcV3_TN_SC_WRITE_ATTR,TN_SC_WRITE_ATTR,OpenPLCv3,fold_5,UNIQUE,1,AICPS-PLCBEAD_PLCEmbed-c78a56f/PLC-BEAD/Source/OpenPLCv3/TN_SC_WRITE_ATTR.ST,54f0e7a020eed446c1d5e2197c13261ae90497ebbbe47af31a75987103d5a20c,TN_SC_WRITE_ATTR_Block,TN_SC_XY_ERROR,instance0;program0,True,False,False,FN,explicit FUNCTION_BLOCK declaration in mapped Structured Text source,production: GEB-scoped dt_FB_; probe: ungated core_symbol_text contains dt_FB_,DERIVED_EVIDENCE,
openplcV3_TN_SC_WRITE_CHAR,TN_SC_WRITE_CHAR,OpenPLCv3,fold_6,UNIQUE,1,AICPS-PLCBEAD_PLCEmbed-c78a56f/PLC-BEAD/Source/OpenPLCv3/TN_SC_WRITE_CHAR.ST,e6d02d9a47ce4849ff6a7651e0c2044f1c31741f23733066b31ba29764dbb398,TN_SC_WRITE_CHAR_Block,TN_SC_XY_ERROR,instance0;program0,True,False,False,FN,explicit FUNCTION_BLOCK declaration in mapped Structured Text source,production: GEB-scoped dt_FB_; probe: ungated core_symbol_text contains dt_FB_,DERIVED_EVIDENCE,
openplcV3_TN_SC_XY2_ERROR,TN_SC_XY2_ERROR,OpenPLCv3,fold_8,UNIQUE,1,AICPS-PLCBEAD_PLCEmbed-c78a56f/PLC-BEAD/Source/OpenPLCv3/TN_SC_XY2_ERROR.ST,79aee456181567a48294d1a5bbcc21c2302f6c9d86797a1286ed8df146e49638,,TN_SC_XY2_ERROR,instance0;program0,False,False,False,TN,explicit FUNCTION_BLOCK declaration in mapped Structured Text source,production: GEB-scoped dt_FB_; probe: ungated core_symbol_text contains dt_FB_,DERIVED_EVIDENCE,
openplcV3_TN_SC_XY_ERROR,TN_SC_XY_ERROR,OpenPLCv3,fold_7,UNIQUE,1,AICPS-PLCBEAD_PLCEmbed-c78a56f/PLC-BEAD/Source/OpenPLCv3/TN_SC_XY_ERROR.ST,d7f250edde873f3ea257396402e02ffc91c1d920329addeaab61a8854034f1dc,,TN_SC_XY_ERROR,instance0;program0,False,False,False,TN,explicit FUNCTION_BLOCK declaration in mapped Structured Text source,production: GEB-scoped dt_FB_; probe: ungated core_symbol_text contains dt_FB_,DERIVED_EVIDENCE,
openplcV3_TN_SEND_ROWS,TN_SEND_ROWS,OpenPLCv3,fold_9,UNIQUE,1,AICPS-PLCBEAD_PLCEmbed-c78a56f/PLC-BEAD/Source/OpenPLCv3/TN_SEND_ROWS.ST,f65d7944de18f918a70f2f0bab26daeb38c39ded0b30cbf274456738c76a792a,TN_SEND_ROWS_Block,INT_TO_BCDC,instance0;program0,True,False,False,FN,explicit FUNCTION_BLOCK declaration in mapped Structured Text source,production: GEB-scoped dt_FB_; probe: ungated core_symbol_text contains dt_FB_,DERIVED_EVIDENCE,
openplcV3_TOD_TO_REAL,TOD_TO_REAL,OpenPLCv3,fold_6,UNIQUE,1,AICPS-PLCBEAD_PLCEmbed-c78a56f/PLC-BEAD/Source/OpenPLCv3/TOD_TO_REAL.ST,7f982a2cad7a33ba693a272b464268bebb296984f9df96c2790dbb7db7641cb4,,TOD_TO_REAL2,instance0;program0,False,False,False,TN,explicit FUNCTION_BLOCK declaration in mapped Structured Text source,production: GEB-scoped dt_FB_; probe: ungated core_symbol_text contains dt_FB_,DERIVED_EVIDENCE,
openplcV3_TOD_TO_STRING,TOD_TO_STRING,OpenPLCv3,fold_8,UNIQUE,1,AICPS-PLCBEAD_PLCEmbed-c78a56f/PLC-BEAD/Source/OpenPLCv3/TOD_TO_STRING.ST,4efca22e2261cca9fd59695da8232dd1dbf5ee107dbffc1923c3615c0dc903b3,TOD_TO_STRING_Block,HOUR;MINUTE,instance0;program0,True,False,False,FN,explicit FUNCTION_BLOCK declaration in mapped Structured Text source,production: GEB-scoped dt_FB_; probe: ungated core_symbol_text contains dt_FB_,DERIVED_EVIDENCE,
openplcV3_TOD_TO_TIME,TOD_TO_TIME,OpenPLCv3,fold_9,UNIQUE,1,AICPS-PLCBEAD_PLCEmbed-c78a56f/PLC-BEAD/Source/OpenPLCv3/TOD_TO_TIME.ST,378914d8939f36ee4aa47e7e35ea4b837ddd404366e0a9d5d71a613f68f9773e,,TOD_TO_TIME,instance0;program0,False,False,False,TN,explicit FUNCTION_BLOCK declaration in mapped Structured Text source,production: GEB-scoped dt_FB_; probe: ungated core_symbol_text contains dt_FB_,DERIVED_EVIDENCE,
openplcV3_TOF_1,TOF_1,OpenPLCv3,fold_9,UNIQUE,1,AICPS-PLCBEAD_PLCEmbed-c78a56f/PLC-BEAD/Source/OpenPLCv3/TOF_1.ST,a2459bb214ae1b516e8c3cc57d4554e51902f7815d20f2b98c94de828e5d4daf,TOF_1;T_PLC_MS_block,UDINT_TO_TIME2,instance0;program0,True,False,False,FN,explicit FUNCTION_BLOCK declaration in mapped Structured Text source,production: GEB-scoped dt_FB_; probe: ungated core_symbol_text contains dt_FB_,DERIVED_EVIDENCE,
openplcV3_TOGGLE,TOGGLE,OpenPLCv3,fold_5,UNIQUE,1,AICPS-PLCBEAD_PLCEmbed-c78a56f/PLC-BEAD/Source/OpenPLCv3/TOGGLE.ST,53f1a8e9c702799d49aa1671c119e9437c94e1343481c770b6675b5fb4fb86a1,TOGGLE,,instance0;program0,True,False,False,FN,explicit FUNCTION_BLOCK declaration in mapped Structured Text source,production: GEB-scoped dt_FB_; probe: ungated core_symbol_text contains dt_FB_,DERIVED_EVIDENCE,
openplcV3_TONOF,TONOF,OpenPLCv3,fold_0,UNIQUE,1,AICPS-PLCBEAD_PLCEmbed-c78a56f/PLC-BEAD/Source/OpenPLCv3/TONOF.ST,35d1140a31b1c924d8d7062f22bbcd6442157990b5872321267eed7fcfce6be6,TONOF,,instance0;program0,True,False,False,FN,explicit FUNCTION_BLOCK declaration in mapped Structured Text source,production: GEB-scoped dt_FB_; probe: ungated core_symbol_text contains dt_FB_,DERIVED_EVIDENCE,
openplcV3_TO_LOWER,TO_LOWER,OpenPLCv3,fold_5,UNIQUE,1,AICPS-PLCBEAD_PLCEmbed-c78a56f/PLC-BEAD/Source/OpenPLCv3/TO_LOWER.ST,54266c1c7316c97923073d482b929c4e1c7e366096df9450df341baefe1c23bf,,SETUP_EXTENDED_ASCII;TO_LOWER,instance0;program0,False,False,False,TN,explicit FUNCTION_BLOCK declaration in mapped Structured Text source,production: GEB-scoped dt_FB_; probe: ungated core_symbol_text contains dt_FB_,DERIVED_EVIDENCE,
openplcV3_TO_UML,TO_UML,OpenPLCv3,fold_6,UNIQUE,1,AICPS-PLCBEAD_PLCEmbed-c78a56f/PLC-BEAD/Source/OpenPLCv3/TO_UML.ST,aa23adb40f98c498d6670c2e0b6e76769004fe4a454f69c04d6f7dfe15eb0658,TO_UML_Block,_BYTE_TO_INT,instance0;program0,True,False,False,FN,explicit FUNCTION_BLOCK declaration in mapped Structured Text source,production: GEB-scoped dt_FB_; probe: ungated core_symbol_text contains dt_FB_,DERIVED_EVIDENCE,
openplcV3_TO_UPPER,TO_UPPER,OpenPLCv3,fold_7,UNIQUE,1,AICPS-PLCBEAD_PLCEmbed-c78a56f/PLC-BEAD/Source/OpenPLCv3/TO_UPPER.ST,526c7ce6bd612b24e93b9b61fca6dc62f1bd41adddee5bc175433dbd4484bcca,,SETUP_EXTENDED_ASCII;TO_UPPER,instance0;program0,False,False,False,TN,explicit FUNCTION_BLOCK declaration in mapped Structured Text source,production: GEB-scoped dt_FB_; probe: ungated core_symbol_text contains dt_FB_,DERIVED_EVIDENCE,
openplcV3_TP_1,TP_1,OpenPLCv3,fold_1,UNIQUE,1,AICPS-PLCBEAD_PLCEmbed-c78a56f/PLC-BEAD/Source/OpenPLCv3/TP_1.ST,34d21aee82dcefa94bc30b633cd67c09a7ea157f30a7f55dc0012dc3243bd6ba,TP_1;T_PLC_MS_block,UDINT_TO_TIME2,instance0;program0,True,False,False,FN,explicit FUNCTION_BLOCK declaration in mapped Structured Text source,production: GEB-scoped dt_FB_; probe: ungated core_symbol_text contains dt_FB_,DERIVED_EVIDENCE,
openplcV3_TP_1D,TP_1D,OpenPLCv3,fold_2,UNIQUE,1,AICPS-PLCBEAD_PLCEmbed-c78a56f/PLC-BEAD/Source/OpenPLCv3/TP_1D.ST,d3a7271392c490ad6b97a04cbd024a40462a5de776ea2aa39bfa50b91a0908a4,TP_1D;T_PLC_MS_block,UDINT_TO_TIME2,instance0;program0,True,False,False,FN,explicit FUNCTION_BLOCK declaration in mapped Structured Text source,production: GEB-scoped dt_FB_; probe: ungated core_symbol_text contains dt_FB_,DERIVED_EVIDENCE,
openplcV3_TP_X,TP_X,OpenPLCv3,fold_3,UNIQUE,1,AICPS-PLCBEAD_PLCEmbed-c78a56f/PLC-BEAD/Source/OpenPLCv3/TP_X.ST,faafcb82608a6b1afe1441fc9d04224ead7b52894706ff5894e9c0f0c270ca2f,TP_X;T_PLC_MS_block,UDINT_TO_TIME2,instance0;program0,True,False,False,FN,explicit FUNCTION_BLOCK declaration in mapped Structured Text source,production: GEB-scoped dt_FB_; probe: ungated core_symbol_text contains dt_FB_,DERIVED_EVIDENCE,
openplcV3_TREND,TREND,OpenPLCv3,fold_9,UNIQUE,1,AICPS-PLCBEAD_PLCEmbed-c78a56f/PLC-BEAD/Source/OpenPLCv3/TREND.ST,6320b9994937e6edc7cfbbcd23ffc31a70d653c3a2633f4a7340847219aa0cc6,TREND,,instance0;program0,True,False,False,FN,explicit FUNCTION_BLOCK declaration in mapped Structured Text source,production: GEB-scoped dt_FB_; probe: ungated core_symbol_text contains dt_FB_,DERIVED_EVIDENCE,
openplcV3_TREND_DW,TREND_DW,OpenPLCv3,fold_0,UNIQUE,1,AICPS-PLCBEAD_PLCEmbed-c78a56f/PLC-BEAD/Source/OpenPLCv3/TREND_DW.ST,79f44eaedf904bee41e66fa7921bcad7df1f1af4dc0deccd29317bc62a75700c,TREND_DW,,instance0;program0,True,False,False,FN,explicit FUNCTION_BLOCK declaration in mapped Structured Text source,production: GEB-scoped dt_FB_; probe: ungated core_symbol_text contains dt_FB_,DERIVED_EVIDENCE,
openplcV3_TRIANGLE_A,TRIANGLE_A,OpenPLCv3,fold_8,UNIQUE,1,AICPS-PLCBEAD_PLCEmbed-c78a56f/PLC-BEAD/Source/OpenPLCv3/TRIANGLE_A.ST,36c0feffcf087e073a9ab854545bed0c3722c9bac5bb7c9e4598fe9354eba614,,FLOOR2;MODR;RAD;TRIANGLE_A;_REAL_TO_DINT,instance0;program0,False,False,False,TN,explicit FUNCTION_BLOCK declaration in mapped Structured Text source,production: GEB-scoped dt_FB_; probe: ungated core_symbol_text contains dt_FB_,DERIVED_EVIDENCE,
openplcV3_TRIM,TRIM,OpenPLCv3,fold_9,UNIQUE,1,AICPS-PLCBEAD_PLCEmbed-c78a56f/PLC-BEAD/Source/OpenPLCv3/TRIM.ST,17c091e0f10cb9d357c138205f224835c0d74109ba693194a1f646bdca988261,TRIM,,instance0;program0,True,False,False,FN,explicit FUNCTION_BLOCK declaration in mapped Structured Text source,production: GEB-scoped dt_FB_; probe: ungated core_symbol_text contains dt_FB_,DERIVED_EVIDENCE,
openplcV3_TRIM1,TRIM1,OpenPLCv3,fold_0,UNIQUE,1,AICPS-PLCBEAD_PLCEmbed-c78a56f/PLC-BEAD/Source/OpenPLCv3/TRIM1.ST,de76116bf85d05c2d4b45f51b8920411dff45be3a57a22cb9ba08c02f54fb4c0,TRIM1,,instance0;program0,True,False,False,FN,explicit FUNCTION_BLOCK declaration in mapped Structured Text source,production: GEB-scoped dt_FB_; probe: ungated core_symbol_text contains dt_FB_,DERIVED_EVIDENCE,
openplcV3_TRUNC_REAL,TRUNC_REAL,OpenPLCv3,fold_4,UNIQUE,1,AICPS-PLCBEAD_PLCEmbed-c78a56f/PLC-BEAD/Source/OpenPLCv3/TRUNC_REAL.ST,f60231babb1beab403ffa8fbdac66eb500088001b8c05e7a6cea4774d98dab8c,,TRUNC_REAL,instance0;program0,False,False,False,TN,explicit FUNCTION_BLOCK declaration in mapped Structured Text source,production: GEB-scoped dt_FB_; probe: ungated core_symbol_text contains dt_FB_,DERIVED_EVIDENCE,
openplcV3_TRUNC_UDINT,TRUNC_UDINT,OpenPLCv3,fold_5,UNIQUE,1,AICPS-PLCBEAD_PLCEmbed-c78a56f/PLC-BEAD/Source/OpenPLCv3/TRUNC_UDINT.ST,f2202a96e1f6f9f91e2d72637248aaf26ac4723c414853ca061b17777ef49bad,,TRUNC_UDINT,instance0;program0,False,False,False,TN,explicit FUNCTION_BLOCK declaration in mapped Structured Text source,production: GEB-scoped dt_FB_; probe: ungated core_symbol_text contains dt_FB_,DERIVED_EVIDENCE,
openplcV3_TUNE,TUNE,OpenPLCv3,fold_8,UNIQUE,1,AICPS-PLCBEAD_PLCEmbed-c78a56f/PLC-BEAD/Source/OpenPLCv3/TUNE.ST,b594975974eb145a183d43627cd5d3331f2ab348a1bd134442a1bc87dd31a531,TUNE_Block;T_PLC_MS_Block,TIME_TO_UDINT2,instance0;program0,True,False,False,FN,explicit FUNCTION_BLOCK declaration in mapped Structured Text source,production: GEB-scoped dt_FB_; probe: ungated core_symbol_text contains dt_FB_,DERIVED_EVIDENCE,
openplcV3_TUNE2,TUNE2,OpenPLCv3,fold_9,UNIQUE,1,AICPS-PLCBEAD_PLCEmbed-c78a56f/PLC-BEAD/Source/OpenPLCv3/TUNE2.ST,9cb67a0cb5e7a68b02c5fcc6bf30e718db445f583917789768f4e7caeb95e6a8,TUNE2_Block;T_PLC_MS_block,TIME_TO_UDINT2,instance0;program0,True,False,False,FN,explicit FUNCTION_BLOCK declaration in mapped Structured Text source,production: GEB-scoped dt_FB_; probe: ungated core_symbol_text contains dt_FB_,DERIVED_EVIDENCE,
openplcV3_T_AVG24,T_AVG24,OpenPLCv3,fold_0,UNIQUE,1,AICPS-PLCBEAD_PLCEmbed-c78a56f/PLC-BEAD/Source/OpenPLCv3/T_AVG24.ST,4a638d754cc204dbb9c7424975fb3953906ca5dcb7086aa56a6011ac73dd538c,FILTER_I_Block;T_AVG24_Block;T_PLC_MS_block,INC1;TIME_TO_UDINT2,instance0;program0,True,False,False,FN,explicit FUNCTION_BLOCK declaration in mapped Structured Text source,production: GEB-scoped dt_FB_; probe: ungated core_symbol_text contains dt_FB_,DERIVED_EVIDENCE,
openplcV3_T_PLC_MS,T_PLC_MS,OpenPLCv3,fold_4,UNIQUE,1,AICPS-PLCBEAD_PLCEmbed-c78a56f/PLC-BEAD/Source/OpenPLCv3/T_PLC_MS.ST,04bd160d1e5032d392a9cdc3780df40507220adc6eb3973364d613fdb366f502,T_PLC_MS_block,,instance0;program0,True,False,False,FN,explicit FUNCTION_BLOCK declaration in mapped Structured Text source,production: GEB-scoped dt_FB_; probe: ungated core_symbol_text contains dt_FB_,DERIVED_EVIDENCE,
openplcV3_T_PLC_US,T_PLC_US,OpenPLCv3,fold_5,UNIQUE,1,AICPS-PLCBEAD_PLCEmbed-c78a56f/PLC-BEAD/Source/OpenPLCv3/T_PLC_US.ST,210d4438210ed891ac0a54b2e7fbc66c1b1305f23a0c790d1168ae905c276344,T_PLC_US_Block,,instance0;program0,True,False,False,FN,explicit FUNCTION_BLOCK declaration in mapped Structured Text source,production: GEB-scoped dt_FB_; probe: ungated core_symbol_text contains dt_FB_,DERIVED_EVIDENCE,
openplcV3_UDINT_TO_TIME,UDINT_TO_TIME,OpenPLCv3,fold_0,UNIQUE,1,AICPS-PLCBEAD_PLCEmbed-c78a56f/PLC-BEAD/Source/OpenPLCv3/UDINT_TO_TIME.ST,c44aa612c884c786f37ffb619368fc829f28b5336e7644b1704b328aa5c77e94,,_UDINT_TO_TIME,instance0;program0,False,False,False,TN,explicit FUNCTION_BLOCK declaration in mapped Structured Text source,production: GEB-scoped dt_FB_; probe: ungated core_symbol_text contains dt_FB_,DERIVED_EVIDENCE,
openplcV3_URL_TO_STRING,URL_TO_STRING,OpenPLCv3,fold_9,UNIQUE,1,AICPS-PLCBEAD_PLCEmbed-c78a56f/PLC-BEAD/Source/OpenPLCv3/URL_TO_STRING.ST,8de73dd0b0ad49f53ac09e27b8ad5ba998d1c3fdbf653742c787b5f3a0de5762,URL_TO_STRING_Block,,instance0;program0,True,False,False,FN,explicit FUNCTION_BLOCK declaration in mapped Structured Text source,production: GEB-scoped dt_FB_; probe: ungated core_symbol_text contains dt_FB_,DERIVED_EVIDENCE,
openplcV3_UTC_TO_LTIME,UTC_TO_LTIME,OpenPLCv3,fold_1,UNIQUE,1,AICPS-PLCBEAD_PLCEmbed-c78a56f/PLC-BEAD/Source/OpenPLCv3/UTC_TO_LTIME.ST,ca4a6d06cfeca9317552e33537fea31f666382d9f9d5e061331173cf807083ef,,DST;DT_TO_DATE2;SET_DATE;SET_DT;UTC_TO_LTIME;YEAR_OF_DATE;_INT_TO_UDINT,instance0;program0,False,False,False,TN,explicit FUNCTION_BLOCK declaration in mapped Structured Text source,production: GEB-scoped dt_FB_; probe: ungated core_symbol_text contains dt_FB_,DERIVED_EVIDENCE,
openplcV3_V3_ABS,V3_ABS,OpenPLCv3,fold_0,UNIQUE,1,AICPS-PLCBEAD_PLCEmbed-c78a56f/PLC-BEAD/Source/OpenPLCv3/V3_ABS.ST,72b951296d5b3e15acd211589fdff86c331c84ac3fa76c2eef9d54ab01cc4b92,V3_ABS_Block,,instance0;program0,True,False,False,FN,explicit FUNCTION_BLOCK declaration in mapped Structured Text source,production: GEB-scoped dt_FB_; probe: ungated core_symbol_text contains dt_FB_,DERIVED_EVIDENCE,
openplcV3_V3_ADD,V3_ADD,OpenPLCv3,fold_1,UNIQUE,1,AICPS-PLCBEAD_PLCEmbed-c78a56f/PLC-BEAD/Source/OpenPLCv3/V3_ADD.ST,14753b21db6d4923fe9fa8d58deecd2baed031e5d49a8e6848e375960cc18938,V3_ADD_Block,,instance0;program0,True,False,False,FN,explicit FUNCTION_BLOCK declaration in mapped Structured Text source,production: GEB-scoped dt_FB_; probe: ungated core_symbol_text contains dt_FB_,DERIVED_EVIDENCE,
openplcV3_V3_ANG,V3_ANG,OpenPLCv3,fold_2,UNIQUE,1,AICPS-PLCBEAD_PLCEmbed-c78a56f/PLC-BEAD/Source/OpenPLCv3/V3_ANG.ST,1762f9de0071e4ccf55e1254c9d21aef83303ac48ee7112ea87c88c5fb81685a,V3_ABS_Block;V3_ANG_Block;V3_DPRO_Block,,instance0;program0,True,False,False,FN,explicit FUNCTION_BLOCK declaration in mapped Structured Text source,production: GEB-scoped dt_FB_; probe: ungated core_symbol_text contains dt_FB_,DERIVED_EVIDENCE,
openplcV3_V3_DPRO,V3_DPRO,OpenPLCv3,fold_3,UNIQUE,1,AICPS-PLCBEAD_PLCEmbed-c78a56f/PLC-BEAD/Source/OpenPLCv3/V3_DPRO.ST,14c45b38bd33a2e99e8e82c57eebee14d438cce9b405e94b6bbeade2e4551f29,V3_DPRO_Block,,instance0;program0,True,False,False,FN,explicit FUNCTION_BLOCK declaration in mapped Structured Text source,production: GEB-scoped dt_FB_; probe: ungated core_symbol_text contains dt_FB_,DERIVED_EVIDENCE,
openplcV3_V3_NORM,V3_NORM,OpenPLCv3,fold_4,UNIQUE,1,AICPS-PLCBEAD_PLCEmbed-c78a56f/PLC-BEAD/Source/OpenPLCv3/V3_NORM.ST,5c811e8b103253d7896d56ae0ddac6246b3dc1c0fa60d312b228dec7d3e0d364,V3_ABS_Block;V3_NORM_Block;V3_SMUL_Block,,instance0;program0,True,False,False,FN,explicit FUNCTION_BLOCK declaration in mapped Structured Text source,production: GEB-scoped dt_FB_; probe: ungated core_symbol_text contains dt_FB_,DERIVED_EVIDENCE,
openplcV3_V3_NUL,V3_NUL,OpenPLCv3,fold_5,UNIQUE,1,AICPS-PLCBEAD_PLCEmbed-c78a56f/PLC-BEAD/Source/OpenPLCv3/V3_NUL.ST,c358a282d52d0dbd73268e2059d1d9c0d34731697960e25e021e1cc256bc79d3,V3_NUL_Block,,instance0;program0,True,False,False,FN,explicit FUNCTION_BLOCK declaration in mapped Structured Text source,production: GEB-scoped dt_FB_; probe: ungated core_symbol_text contains dt_FB_,DERIVED_EVIDENCE,
openplcV3_V3_PAR,V3_PAR,OpenPLCv3,fold_6,UNIQUE,1,AICPS-PLCBEAD_PLCEmbed-c78a56f/PLC-BEAD/Source/OpenPLCv3/V3_PAR.ST,79832f882af1763162afeea657c6fdf1b675fd722e1da3a90b9677d4d2a3c452,V3_ABS_Block;V3_PAR_Block;V3_XPRO_Block,,instance0;program0,True,False,False,FN,explicit FUNCTION_BLOCK declaration in mapped Structured Text source,production: GEB-scoped dt_FB_; probe: ungated core_symbol_text contains dt_FB_,DERIVED_EVIDENCE,
openplcV3_V3_REV,V3_REV,OpenPLCv3,fold_7,UNIQUE,1,AICPS-PLCBEAD_PLCEmbed-c78a56f/PLC-BEAD/Source/OpenPLCv3/V3_REV.ST,fdd6b1ea91f6c2aca2a3dd823d204a878b605907e9310be1d1186010b21c5ba7,V3_REV_Block,,instance0;program0,True,False,False,FN,explicit FUNCTION_BLOCK declaration in mapped Structured Text source,production: GEB-scoped dt_FB_; probe: ungated core_symbol_text contains dt_FB_,DERIVED_EVIDENCE,
openplcV3_V3_SMUL,V3_SMUL,OpenPLCv3,fold_8,UNIQUE,1,AICPS-PLCBEAD_PLCEmbed-c78a56f/PLC-BEAD/Source/OpenPLCv3/V3_SMUL.ST,678ce07dd78e7de2fddac42309890d0e5641027166aa93ad544640e573516e8f,V3_SMUL_Block,,instance0;program0,True,False,False,FN,explicit FUNCTION_BLOCK declaration in mapped Structured Text source,production: GEB-scoped dt_FB_; probe: ungated core_symbol_text contains dt_FB_,DERIVED_EVIDENCE,
openplcV3_V3_SUB,V3_SUB,OpenPLCv3,fold_9,UNIQUE,1,AICPS-PLCBEAD_PLCEmbed-c78a56f/PLC-BEAD/Source/OpenPLCv3/V3_SUB.ST,3a14bc1c90123c95711f97d2353536e3c8f332a7756419212634d819f61de3e7,V3_SUB_Block,,instance0;program0,True,False,False,FN,explicit FUNCTION_BLOCK declaration in mapped Structured Text source,production: GEB-scoped dt_FB_; probe: ungated core_symbol_text contains dt_FB_,DERIVED_EVIDENCE,
openplcV3_V3_XANG,V3_XANG,OpenPLCv3,fold_0,UNIQUE,1,AICPS-PLCBEAD_PLCEmbed-c78a56f/PLC-BEAD/Source/OpenPLCv3/V3_XANG.ST,c9ed76b6ead5ce212b3c24522847319fe41f10de7c9d0591dfbb66f839754df4,V3_ABS_Block;V3_XANG_Block,,instance0;program0,True,False,False,FN,explicit FUNCTION_BLOCK declaration in mapped Structured Text source,production: GEB-scoped dt_FB_; probe: ungated core_symbol_text contains dt_FB_,DERIVED_EVIDENCE,
openplcV3_V3_XPRO,V3_XPRO,OpenPLCv3,fold_1,UNIQUE,1,AICPS-PLCBEAD_PLCEmbed-c78a56f/PLC-BEAD/Source/OpenPLCv3/V3_XPRO.ST,89c2bd2eec55d26b56df50dadfd3fca32376e566816b09fdcd0bfcd0fab1c633,V3_XPRO_Block,,instance0;program0,True,False,False,FN,explicit FUNCTION_BLOCK declaration in mapped Structured Text source,production: GEB-scoped dt_FB_; probe: ungated core_symbol_text contains dt_FB_,DERIVED_EVIDENCE,
openplcV3_V3_YANG,V3_YANG,OpenPLCv3,fold_2,UNIQUE,1,AICPS-PLCBEAD_PLCEmbed-c78a56f/PLC-BEAD/Source/OpenPLCv3/V3_YANG.ST,8e573b4ece37534e1f936935ac29a20268a5501ae430278cb38c07f941caceaf,V3_ABS_Block;V3_YANG_Block,,instance0;program0,True,False,False,FN,explicit FUNCTION_BLOCK declaration in mapped Structured Text source,production: GEB-scoped dt_FB_; probe: ungated core_symbol_text contains dt_FB_,DERIVED_EVIDENCE,
openplcV3_V3_ZANG,V3_ZANG,OpenPLCv3,fold_3,UNIQUE,1,AICPS-PLCBEAD_PLCEmbed-c78a56f/PLC-BEAD/Source/OpenPLCv3/V3_ZANG.ST,513131e4854d6a23cd9fed4fa451bc7291ea1121228fd001b986f94bda74e8ce,V3_ABS_Block;V3_ZANG_Block,,instance0;program0,True,False,False,FN,explicit FUNCTION_BLOCK declaration in mapped Structured Text source,production: GEB-scoped dt_FB_; probe: ungated core_symbol_text contains dt_FB_,DERIVED_EVIDENCE,
openplcV3_WATER_CP,WATER_CP,OpenPLCv3,fold_5,UNIQUE,1,AICPS-PLCBEAD_PLCEmbed-c78a56f/PLC-BEAD/Source/OpenPLCv3/WATER_CP.ST,8a4fc579f95e5917240c4cb3d2ca1adb1953384dc25b771358ee9e331eed5a6b,LINEAR_INT_Block;WATER_CP_Block,,instance0;program0,True,False,False,FN,explicit FUNCTION_BLOCK declaration in mapped Structured Text source,production: GEB-scoped dt_FB_; probe: ungated core_symbol_text contains dt_FB_,DERIVED_EVIDENCE,
openplcV3_WATER_DENSITY,WATER_DENSITY,OpenPLCv3,fold_6,UNIQUE,1,AICPS-PLCBEAD_PLCEmbed-c78a56f/PLC-BEAD/Source/OpenPLCv3/WATER_DENSITY.ST,a15a7c0a2de7dd8a706ec4524f7fbae2c489efd86aba770293f5860d7bbc9091,,WATER_DENSITY,instance0;program0,False,False,False,TN,explicit FUNCTION_BLOCK declaration in mapped Structured Text source,production: GEB-scoped dt_FB_; probe: ungated core_symbol_text contains dt_FB_,DERIVED_EVIDENCE,
openplcV3_WATER_ENTHALPY,WATER_ENTHALPY,OpenPLCv3,fold_7,UNIQUE,1,AICPS-PLCBEAD_PLCEmbed-c78a56f/PLC-BEAD/Source/OpenPLCv3/WATER_ENTHALPY.ST,94154d489dd53d7274dc9a74b0221b8de0622e3efda950e476973fa220731645,LINEAR_INT_Block;WATER_ENTHALPY_Block,,instance0;program0,True,False,False,FN,explicit FUNCTION_BLOCK declaration in mapped Structured Text source,production: GEB-scoped dt_FB_; probe: ungated core_symbol_text contains dt_FB_,DERIVED_EVIDENCE,
openplcV3_WCT,WCT,OpenPLCv3,fold_8,UNIQUE,1,AICPS-PLCBEAD_PLCEmbed-c78a56f/PLC-BEAD/Source/OpenPLCv3/WCT.ST,0166d216c31c1c1367b32f7f86ce1e8a9778ecbc8d4fd36edd91a6229b49a587,,WCT,instance0;program0,False,False,False,TN,explicit FUNCTION_BLOCK declaration in mapped Structured Text source,production: GEB-scoped dt_FB_; probe: ungated core_symbol_text contains dt_FB_,DERIVED_EVIDENCE,
openplcV3_WEEKDAY_TO_STRING,WEEKDAY_TO_STRING,OpenPLCv3,fold_1,UNIQUE,1,AICPS-PLCBEAD_PLCEmbed-c78a56f/PLC-BEAD/Source/OpenPLCv3/WEEKDAY_TO_STRING.ST,f61600c1c087938d2523dda573123a7b54cb5b10c371aa722dbce58deded57db,SETUP_HOLIDAY_FR_Block;SETUP_LANGUAGE_Block;SETUP_WEEKDAYS2_Block;SETUP_WEEKDAYS_Block;WEEKDAY_TO_STRING_Block,,instance0;program0,True,False,False,FN,explicit FUNCTION_BLOCK declaration in mapped Structured Text source,production: GEB-scoped dt_FB_; probe: ungated core_symbol_text contains dt_FB_,DERIVED_EVIDENCE,
openplcV3_WINDOW,WINDOW,OpenPLCv3,fold_6,UNIQUE,1,AICPS-PLCBEAD_PLCEmbed-c78a56f/PLC-BEAD/Source/OpenPLCv3/WINDOW.ST,97318004dfe905b9b6aae243828267ab35d8145e13be0d4507e177d62971e6b9,,WINDOW,instance0;program0,False,False,False,TN,explicit FUNCTION_BLOCK declaration in mapped Structured Text source,production: GEB-scoped dt_FB_; probe: ungated core_symbol_text contains dt_FB_,DERIVED_EVIDENCE,
openplcV3_WINDOW2,WINDOW2,OpenPLCv3,fold_7,UNIQUE,1,AICPS-PLCBEAD_PLCEmbed-c78a56f/PLC-BEAD/Source/OpenPLCv3/WINDOW2.ST,f41d9b77deb9e40c8cf16a206ddaf7d0587b936762ca540002e161160915effa,,WINDOW2,instance0;program0,False,False,False,TN,explicit FUNCTION_BLOCK declaration in mapped Structured Text source,production: GEB-scoped dt_FB_; probe: ungated core_symbol_text contains dt_FB_,DERIVED_EVIDENCE,
openplcV3_WORD_OF_BYTE,WORD_OF_BYTE,OpenPLCv3,fold_7,UNIQUE,1,AICPS-PLCBEAD_PLCEmbed-c78a56f/PLC-BEAD/Source/OpenPLCv3/WORD_OF_BYTE.ST,23a489b011bdf613a6b83c44828f6a2e750b4e0ec805e9b3b14bbaa4204fa946,,WORD_OF_BYTE,instance0;program0,False,False,False,TN,explicit FUNCTION_BLOCK declaration in mapped Structured Text source,production: GEB-scoped dt_FB_; probe: ungated core_symbol_text contains dt_FB_,DERIVED_EVIDENCE,
openplcV3_WORD_OF_DWORD,WORD_OF_DWORD,OpenPLCv3,fold_8,UNIQUE,1,AICPS-PLCBEAD_PLCEmbed-c78a56f/PLC-BEAD/Source/OpenPLCv3/WORD_OF_DWORD.ST,d3397880d6c5a75fa95aa94616f2a1fff5bfa19076271edf07e15033340e8ad2,,WORD_OF_DWORD;_BYTE_TO_INT,instance0;program0,False,False,False,TN,explicit FUNCTION_BLOCK declaration in mapped Structured Text source,production: GEB-scoped dt_FB_; probe: ungated core_symbol_text contains dt_FB_,DERIVED_EVIDENCE,
openplcV3_WORD_TO_RANGE,WORD_TO_RANGE,OpenPLCv3,fold_1,UNIQUE,1,AICPS-PLCBEAD_PLCEmbed-c78a56f/PLC-BEAD/Source/OpenPLCv3/WORD_TO_RANGE.ST,6ff2f4e5540183d91d246408f9a3f4d340eacaa8f90af8b8d2b0d247f0ef9c68,,WORD_TO_RANGE;_WORD_TO_REAL,instance0;program0,False,False,False,TN,explicit FUNCTION_BLOCK declaration in mapped Structured Text source,production: GEB-scoped dt_FB_; probe: ungated core_symbol_text contains dt_FB_,DERIVED_EVIDENCE,
openplcV3_WORK_WEEK,WORK_WEEK,OpenPLCv3,fold_2,UNIQUE,1,AICPS-PLCBEAD_PLCEmbed-c78a56f/PLC-BEAD/Source/OpenPLCv3/WORK_WEEK.ST,18e7f95a249570c88366740e423baa8da067ff81a5164342a20677572a4fae6a,,DAY_OF_WEEK;LEAP_YEAR;WORK_WEEK;YEAR_BEGIN;YEAR_OF_DATE;_INT_TO_UDINT,instance0;program0,False,False,False,TN,explicit FUNCTION_BLOCK declaration in mapped Structured Text source,production: GEB-scoped dt_FB_; probe: ungated core_symbol_text contains dt_FB_,DERIVED_EVIDENCE,
openplcV3_WORLD_WEATHER_DESC_GE,WORLD_WEATHER_DESC_GE,OpenPLCv3,fold_0,UNIQUE,1,AICPS-PLCBEAD_PLCEmbed-c78a56f/PLC-BEAD/Source/OpenPLCv3/WORLD_WEATHER_DESC_GE.ST,5ff5dfe04ff6480067a8f7eea67a20f73c491b74dd5f01fd86f2b13f6b39abdf,WORLD_WEATHER_DESC_GE_Block,,instance0;program0,True,False,False,FN,explicit FUNCTION_BLOCK declaration in mapped Structured Text source,production: GEB-scoped dt_FB_; probe: ungated core_symbol_text contains dt_FB_,DERIVED_EVIDENCE,
openplcV3_WORLD_WEATHER_ICON_OSCAT,WORLD_WEATHER_ICON_OSCAT,OpenPLCv3,fold_1,UNIQUE,1,AICPS-PLCBEAD_PLCEmbed-c78a56f/PLC-BEAD/Source/OpenPLCv3/WORLD_WEATHER_ICON_OSCAT.ST,5328dfdfcd2970850bd421555a11ee5d5914685d190cbeb52bb6594f45e17b3d,WORLD_WEATHER_ICON_OSCAT_Block,,instance0;program0,True,False,False,FN,explicit FUNCTION_BLOCK declaration in mapped Structured Text source,production: GEB-scoped dt_FB_; probe: ungated core_symbol_text contains dt_FB_,DERIVED_EVIDENCE,
openplcV3_YAHOO_WEATHER_DESC_GE,YAHOO_WEATHER_DESC_GE,OpenPLCv3,fold_2,UNIQUE,1,AICPS-PLCBEAD_PLCEmbed-c78a56f/PLC-BEAD/Source/OpenPLCv3/YAHOO_WEATHER_DESC_GE.ST,c1fd40f9f0454ee0526f5cf5c6836b93f51b6ebf8dcd1ed428dee40353589544,YAHOO_WEATHER_DESC_GE_Block,,instance0;program0,True,False,False,FN,explicit FUNCTION_BLOCK declaration in mapped Structured Text source,production: GEB-scoped dt_FB_; probe: ungated core_symbol_text contains dt_FB_,DERIVED_EVIDENCE,
openplcV3_YAHOO_WEATHER_ICON_OSCAT,YAHOO_WEATHER_ICON_OSCAT,OpenPLCv3,fold_3,UNIQUE,1,AICPS-PLCBEAD_PLCEmbed-c78a56f/PLC-BEAD/Source/OpenPLCv3/YAHOO_WEATHER_ICON_OSCAT.ST,ef825d1e086c09f9863a36a97508cddccccf4a74e6c96429b345ed3ab57c0a7f,YAHOO_WEATHER_ICON_OSCAT_Block,,instance0;program0,True,False,False,FN,explicit FUNCTION_BLOCK declaration in mapped Structured Text source,production: GEB-scoped dt_FB_; probe: ungated core_symbol_text contains dt_FB_,DERIVED_EVIDENCE,
openplcV3_YEAR_BEGIN,YEAR_BEGIN,OpenPLCv3,fold_3,UNIQUE,1,AICPS-PLCBEAD_PLCEmbed-c78a56f/PLC-BEAD/Source/OpenPLCv3/YEAR_BEGIN.ST,0057a3dda0a802eed62aa2d7d3eb20c0f86133a9dd0868429664a4ffe0ae7752,,YEAR_BEGIN;_INT_TO_UDINT,instance0;program0,False,False,False,TN,explicit FUNCTION_BLOCK declaration in mapped Structured Text source,production: GEB-scoped dt_FB_; probe: ungated core_symbol_text contains dt_FB_,DERIVED_EVIDENCE,
openplcV3_YEAR_END,YEAR_END,OpenPLCv3,fold_4,UNIQUE,1,AICPS-PLCBEAD_PLCEmbed-c78a56f/PLC-BEAD/Source/OpenPLCv3/YEAR_END.ST,c3a8285453a21f60c11e2ae78b4dbd4cad524a9304a9bd54e4ccbe4f7c9670b5,,YEAR_END,instance0;program0,False,False,False,TN,explicit FUNCTION_BLOCK declaration in mapped Structured Text source,production: GEB-scoped dt_FB_; probe: ungated core_symbol_text contains dt_FB_,DERIVED_EVIDENCE,
openplcV3_YEAR_OF_DATE,YEAR_OF_DATE,OpenPLCv3,fold_5,UNIQUE,1,AICPS-PLCBEAD_PLCEmbed-c78a56f/PLC-BEAD/Source/OpenPLCv3/YEAR_OF_DATE.ST,238b4813cdd299f0b49fe2af0e8332830ab1787010a49bd92235469b680c6837,,YEAR_OF_DATE,instance0;program0,False,False,False,TN,explicit FUNCTION_BLOCK declaration in mapped Structured Text source,production: GEB-scoped dt_FB_; probe: ungated core_symbol_text contains dt_FB_,DERIVED_EVIDENCE,
openplcV3__ARRAY_ABS,_ARRAY_ABS,OpenPLCv3,fold_0,UNIQUE,1,AICPS-PLCBEAD_PLCEmbed-c78a56f/PLC-BEAD/Source/OpenPLCv3/_ARRAY_ABS.ST,f9b6fa6d0badd3784a3f2c464259c3d59659c90afdb919157f688ece45035bf5,,_ARRAY_ABS,instance0;program0,False,False,False,TN,explicit FUNCTION_BLOCK declaration in mapped Structured Text source,production: GEB-scoped dt_FB_; probe: ungated core_symbol_text contains dt_FB_,DERIVED_EVIDENCE,
openplcV3__ARRAY_ADD,_ARRAY_ADD,OpenPLCv3,fold_1,UNIQUE,1,AICPS-PLCBEAD_PLCEmbed-c78a56f/PLC-BEAD/Source/OpenPLCv3/_ARRAY_ADD.ST,e078d6d82e61fa58843f523e9d0f79a51cf614867a5d0e06e7cea316dd80b747,,_ARRAY_ADD,instance0;program0,False,False,False,TN,explicit FUNCTION_BLOCK declaration in mapped Structured Text source,production: GEB-scoped dt_FB_; probe: ungated core_symbol_text contains dt_FB_,DERIVED_EVIDENCE,
openplcV3__ARRAY_INIT,_ARRAY_INIT,OpenPLCv3,fold_2,UNIQUE,1,AICPS-PLCBEAD_PLCEmbed-c78a56f/PLC-BEAD/Source/OpenPLCv3/_ARRAY_INIT.ST,55a71adbb463eac9eeafa71d2b8b2df52ecf4df95ca83d2298d046baa7c69f4f,_ARRAY_INIT2,,instance0;program0,True,False,False,FN,explicit FUNCTION_BLOCK declaration in mapped Structured Text source,production: GEB-scoped dt_FB_; probe: ungated core_symbol_text contains dt_FB_,DERIVED_EVIDENCE,
openplcV3__ARRAY_MUL,_ARRAY_MUL,OpenPLCv3,fold_3,UNIQUE,1,AICPS-PLCBEAD_PLCEmbed-c78a56f/PLC-BEAD/Source/OpenPLCv3/_ARRAY_MUL.ST,a81557f14c1359ecbf191f3b4f627cf9330cdf52e940ef3be1eaa4296b0f1849,_ARRAY_MUL2,,instance0;program0,True,False,False,FN,explicit FUNCTION_BLOCK declaration in mapped Structured Text source,production: GEB-scoped dt_FB_; probe: ungated core_symbol_text contains dt_FB_,DERIVED_EVIDENCE,
openplcV3__ARRAY_SHUFFLE,_ARRAY_SHUFFLE,OpenPLCv3,fold_4,UNIQUE,1,AICPS-PLCBEAD_PLCEmbed-c78a56f/PLC-BEAD/Source/OpenPLCv3/_ARRAY_SHUFFLE.ST,06ab729cf5ac9c5d3723d9c5a7d473beb1818ecfb668ab64d7308f2d4e3fe087,RDM22;RDM_block;T_PLC_MS_block;_ARRAY_SHUFFLE2,BIT_COUNT;BIT_LOAD_DW;BIT_OF_DWORD;D_TRUNC;FRACT;_DWORD_TO_REAL;_INT_TO_UDINT,instance0;program0,True,False,False,FN,explicit FUNCTION_BLOCK declaration in mapped Structured Text source,production: GEB-scoped dt_FB_; probe: ungated core_symbol_text contains dt_FB_,DERIVED_EVIDENCE,
openplcV3__ARRAY_SORT,_ARRAY_SORT,OpenPLCv3,fold_5,UNIQUE,1,AICPS-PLCBEAD_PLCEmbed-c78a56f/PLC-BEAD/Source/OpenPLCv3/_ARRAY_SORT.ST,0e851f0711423c5f0a1abaf175e91ed6e45efb598f1eefbaf0b9edb4e095664d,_ARRAY_SORT2,_INT_TO_UDINT,instance0;program0,True,False,False,FN,explicit FUNCTION_BLOCK declaration in mapped Structured Text source,production: GEB-scoped dt_FB_; probe: ungated core_symbol_text contains dt_FB_,DERIVED_EVIDENCE,
openplcV3__BUFFER_UPPERCASE_NW,_BUFFER_UPPERCASE_NW,OpenPLCv3,fold_6,UNIQUE,1,AICPS-PLCBEAD_PLCEmbed-c78a56f/PLC-BEAD/Source/OpenPLCv3/_BUFFER_UPPERCASE_NW.ST,a1072f7bda0e6d75e658899219c7bb2e4d196ddd7c84b33e7c628a7cc7fabd13,_BUFFER_UPPERCASE_NW,SETUP_EXTENDED_ASCII;TO_UPPER,instance0;program0,True,False,False,FN,explicit FUNCTION_BLOCK declaration in mapped Structured Text source,production: GEB-scoped dt_FB_; probe: ungated core_symbol_text contains dt_FB_,DERIVED_EVIDENCE,
openplcV3__BYTE_TO_DINT,_BYTE_TO_DINT,OpenPLCv3,fold_0,UNIQUE,1,AICPS-PLCBEAD_PLCEmbed-c78a56f/PLC-BEAD/Source/OpenPLCv3/_BYTE_TO_DINT.ST,780f748831304612c74392aab8382ca7683d012df3dd7153095f6252e2bcb2ae,,_BYTE_TO_DINT,instance0;program0,False,False,False,TN,explicit FUNCTION_BLOCK declaration in mapped Structured Text source,production: GEB-scoped dt_FB_; probe: ungated core_symbol_text contains dt_FB_,DERIVED_EVIDENCE,
openplcV3__BYTE_TO_INT,_BYTE_TO_INT,OpenPLCv3,fold_1,UNIQUE,1,AICPS-PLCBEAD_PLCEmbed-c78a56f/PLC-BEAD/Source/OpenPLCv3/_BYTE_TO_INT.ST,53e7c372ac45fb72a1f5f401fdc523569ce757f81520b53427c89573d6a45c9c,,_BYTE_TO_INT,instance0;program0,False,False,False,TN,explicit FUNCTION_BLOCK declaration in mapped Structured Text source,production: GEB-scoped dt_FB_; probe: ungated core_symbol_text contains dt_FB_,DERIVED_EVIDENCE,
openplcV3__BYTE_TO_REAL,_BYTE_TO_REAL,OpenPLCv3,fold_2,UNIQUE,1,AICPS-PLCBEAD_PLCEmbed-c78a56f/PLC-BEAD/Source/OpenPLCv3/_BYTE_TO_REAL.ST,3623628bcc401154d06dd529f25a3fa8f171fbd0863292ff8f2259bdc2246a28,,_BYTE_TO_REAL,instance0;program0,False,False,False,TN,explicit FUNCTION_BLOCK declaration in mapped Structured Text source,production: GEB-scoped dt_FB_; probe: ungated core_symbol_text contains dt_FB_,DERIVED_EVIDENCE,
openplcV3__DWORD_TO_REAL,_DWORD_TO_REAL,OpenPLCv3,fold_3,UNIQUE,1,AICPS-PLCBEAD_PLCEmbed-c78a56f/PLC-BEAD/Source/OpenPLCv3/_DWORD_TO_REAL.ST,37871a61bede1456613c6979b360772d264c019bf04ebc62b4d789329df379ac,,_DWORD_TO_REAL,instance0;program0,False,False,False,TN,explicit FUNCTION_BLOCK declaration in mapped Structured Text source,production: GEB-scoped dt_FB_; probe: ungated core_symbol_text contains dt_FB_,DERIVED_EVIDENCE,
openplcV3__INSERT80,_INSERT80,OpenPLCv3,fold_0,UNIQUE,1,AICPS-PLCBEAD_PLCEmbed-c78a56f/PLC-BEAD/Source/OpenPLCv3/_INSERT80.ST,44bf83c72e936dbcb4e0d3026cb36f3be6f0db0dc3c27025544e348c139da252,_INSERT80,,instance0;program0,True,False,False,FN,explicit FUNCTION_BLOCK declaration in mapped Structured Text source,production: GEB-scoped dt_FB_; probe: ungated core_symbol_text contains dt_FB_,DERIVED_EVIDENCE,
openplcV3__INT_TO_UDINT,_INT_TO_UDINT,OpenPLCv3,fold_4,UNIQUE,1,AICPS-PLCBEAD_PLCEmbed-c78a56f/PLC-BEAD/Source/OpenPLCv3/_INT_TO_UDINT.ST,96b80203e2cb0591df6803539029fbda7c8b19fff90c56eaa0cd6939619a01c5,,_INT_TO_UDINT,instance0;program0,False,False,False,TN,explicit FUNCTION_BLOCK declaration in mapped Structured Text source,production: GEB-scoped dt_FB_; probe: ungated core_symbol_text contains dt_FB_,DERIVED_EVIDENCE,
openplcV3__MOD_INT,_MOD_INT,OpenPLCv3,fold_0,UNIQUE,1,AICPS-PLCBEAD_PLCEmbed-c78a56f/PLC-BEAD/Source/OpenPLCv3/_MOD_INT.ST,efcf234b362aa476386f37010679cca23bfa456684961537e7c6610ed2a1519d,,_MOD_INT,instance0;program0,False,False,False,TN,explicit FUNCTION_BLOCK declaration in mapped Structured Text source,production: GEB-scoped dt_FB_; probe: ungated core_symbol_text contains dt_FB_,DERIVED_EVIDENCE,
openplcV3__REAL_TO_DINT,_REAL_TO_DINT,OpenPLCv3,fold_5,UNIQUE,1,AICPS-PLCBEAD_PLCEmbed-c78a56f/PLC-BEAD/Source/OpenPLCv3/_REAL_TO_DINT.ST,af417ac538e06ef7b590178bd9604a6c1286efedd85eb0c7d03ca7e71136493b,,_REAL_TO_DINT,instance0;program0,False,False,False,TN,explicit FUNCTION_BLOCK declaration in mapped Structured Text source,production: GEB-scoped dt_FB_; probe: ungated core_symbol_text contains dt_FB_,DERIVED_EVIDENCE,
openplcV3__REAL_TO_DWORD,_REAL_TO_DWORD,OpenPLCv3,fold_6,UNIQUE,1,AICPS-PLCBEAD_PLCEmbed-c78a56f/PLC-BEAD/Source/OpenPLCv3/_REAL_TO_DWORD.ST,7b3e8d8bf0167b597ebec88ee955001c400a5e12ee155c9641f08c77d04dab1c,,_REAL_TO_DWORD,instance0;program0,False,False,False,TN,explicit FUNCTION_BLOCK declaration in mapped Structured Text source,production: GEB-scoped dt_FB_; probe: ungated core_symbol_text contains dt_FB_,DERIVED_EVIDENCE,
openplcV3__REAL_TO_UDINT,_REAL_TO_UDINT,OpenPLCv3,fold_7,UNIQUE,1,AICPS-PLCBEAD_PLCEmbed-c78a56f/PLC-BEAD/Source/OpenPLCv3/_REAL_TO_UDINT.ST,21a8d56ca87a6f731fadbc01418cce1e542c80e77a79f9d8e403587c450ac937,,_REAL_TO_UDINT,instance0;program0,False,False,False,TN,explicit FUNCTION_BLOCK declaration in mapped Structured Text source,production: GEB-scoped dt_FB_; probe: ungated core_symbol_text contains dt_FB_,DERIVED_EVIDENCE,
openplcV3__RMP_B,_RMP_B,OpenPLCv3,fold_0,UNIQUE,1,AICPS-PLCBEAD_PLCEmbed-c78a56f/PLC-BEAD/Source/OpenPLCv3/_RMP_B.ST,b49e21359a8bcedb47e99e8e38ba9e9cb23cca335b71e44eed0f456be68dfaf5,T_PLC_MS_block;_RMP_B,FRMP_B;TIME_TO_UDINT2;UDINT_TO_TIME2,instance0;program0,True,False,False,FN,explicit FUNCTION_BLOCK declaration in mapped Structured Text source,production: GEB-scoped dt_FB_; probe: ungated core_symbol_text contains dt_FB_,DERIVED_EVIDENCE,
openplcV3__RMP_NEXT,_RMP_NEXT,OpenPLCv3,fold_1,UNIQUE,1,AICPS-PLCBEAD_PLCEmbed-c78a56f/PLC-BEAD/Source/OpenPLCv3/_RMP_NEXT.ST,a4f87edea87e65f56e59154a78376440301edc0594dbe940cb19d50fea0d467c,TREND_DW;T_PLC_MS_block;_RMP_B;_RMP_NEXT,FRMP_B;TIME_TO_UDINT2;UDINT_TO_TIME2,instance0;program0,True,False,False,FN,explicit FUNCTION_BLOCK declaration in mapped Structured Text source,production: GEB-scoped dt_FB_; probe: ungated core_symbol_text contains dt_FB_,DERIVED_EVIDENCE,
openplcV3__RMP_W,_RMP_W,OpenPLCv3,fold_2,UNIQUE,1,AICPS-PLCBEAD_PLCEmbed-c78a56f/PLC-BEAD/Source/OpenPLCv3/_RMP_W.ST,374955832176fa34bcd226352549f432012e996e416c8c848aaa53656f29b28d,T_PLC_MS_block;_RMP_W,TIME_TO_UDINT2;_WORD_TO_DINT,instance0;program0,True,False,False,FN,explicit FUNCTION_BLOCK declaration in mapped Structured Text source,production: GEB-scoped dt_FB_; probe: ungated core_symbol_text contains dt_FB_,DERIVED_EVIDENCE,
openplcV3__WORD_TO_DINT,_WORD_TO_DINT,OpenPLCv3,fold_8,UNIQUE,1,AICPS-PLCBEAD_PLCEmbed-c78a56f/PLC-BEAD/Source/OpenPLCv3/_WORD_TO_DINT.ST,2fccdca82c4ed52ba10e4d75214059aeea5c81b880f57201f7b0b1a8fd48e69f,,_WORD_TO_DINT,instance0;program0,False,False,False,TN,explicit FUNCTION_BLOCK declaration in mapped Structured Text source,production: GEB-scoped dt_FB_; probe: ungated core_symbol_text contains dt_FB_,DERIVED_EVIDENCE,
openplcV3__WORD_TO_REAL,_WORD_TO_REAL,OpenPLCv3,fold_9,UNIQUE,1,AICPS-PLCBEAD_PLCEmbed-c78a56f/PLC-BEAD/Source/OpenPLCv3/_WORD_TO_REAL.ST,56fe966e86abbd18f989f99e4629e8ea4e83f9041d4713d8d8ab96d8cc72d30d,,_WORD_TO_REAL,instance0;program0,False,False,False,TN,explicit FUNCTION_BLOCK declaration in mapped Structured Text source,production: GEB-scoped dt_FB_; probe: ungated core_symbol_text contains dt_FB_,DERIVED_EVIDENCE,
